UUID,Start Date,End Date,Type,Value,Source
43d342ae-ae0f-4b2e-8c2c-ed7795e1a576,2025-12-31T17:46:00Z,2026-01-01T01:34:00Z,In Bed,0,AutoSleep
79935668-c697-44d0-96ff-4b0cc3d91e8f,2025-12-31T17:46:00Z,2026-01-01T01:34:00Z,Asleep Unspecified,1,AutoSleep
a9ee7079-3a7d-4eb1-9f32-648c010280d0,2025-12-31T17:48:58Z,2025-12-31T20:56:28Z,Asleep Unspecified,1,马林康的Apple Watch
9a9d00d1-ffe0-47e2-bf2a-c6bb562098f2,2025-12-31T20:57:28Z,2025-12-31T20:59:28Z,Asleep Unspecified,1,马林康的Apple Watch
655afab1-dced-4243-b40b-539430699614,2025-12-31T21:02:58Z,2025-12-31T21:31:58Z,Asleep Unspecified,1,马林康的Apple Watch
d6d8a65d-0aa2-4bf3-bc5b-89e1d292ed8e,2025-12-31T21:32:58Z,2025-12-31T22:34:28Z,Asleep Unspecified,1,马林康的Apple Watch
d791b6df-406f-48db-afcd-b0584ba79114,2026-01-01T16:12:55Z,2026-01-01T16:54:25Z,Asleep Unspecified,1,马林康的Apple Watch
11877624-2c97-4607-801d-0f6aa30165a6,2026-01-01T16:17:00Z,2026-01-02T01:07:00Z,Asleep Unspecified,1,AutoSleep
223cd8fe-7e96-463b-a126-2510c4371c09,2026-01-01T16:17:00Z,2026-01-02T01:07:00Z,In Bed,0,AutoSleep
ffe84b14-ac0f-4bb2-8eba-2396eb15a124,2026-01-01T16:56:25Z,2026-01-01T18:56:25Z,Asleep Unspecified,1,马林康的Apple Watch
3d2a5d81-f31b-4a43-9470-7eb96ca4f459,2026-01-01T18:58:25Z,2026-01-01T19:13:25Z,Asleep Unspecified,1,马林康的Apple Watch
7439a8ca-6415-4996-a388-293f9e28dbe7,2026-01-01T19:29:55Z,2026-01-01T19:35:25Z,Asleep Unspecified,1,马林康的Apple Watch
b5c36465-8afe-41b6-a140-cf89eabfa2b5,2026-01-01T19:38:55Z,2026-01-01T21:26:55Z,Asleep Unspecified,1,马林康的Apple Watch
73d2a1b5-6ef5-4d8b-b438-fc72bae35dc2,2026-01-01T21:27:55Z,2026-01-01T21:41:55Z,Asleep Unspecified,1,马林康的Apple Watch
7f796cbd-f0f3-4418-a39e-750a2379116b,2026-01-01T21:47:55Z,2026-01-01T21:50:25Z,Asleep Unspecified,1,马林康的Apple Watch
07384248-c179-45a7-904b-5b39a53fd9c5,2026-01-01T21:58:25Z,2026-01-01T22:06:25Z,Asleep Unspecified,1,马林康的Apple Watch
deac3fd8-ba47-45de-9bbd-cb227bd14b62,2026-01-01T22:13:25Z,2026-01-01T22:19:25Z,Asleep Unspecified,1,马林康的Apple Watch
3f27e5d5-a3f5-4915-a5a2-bc3991de83f0,2026-01-01T22:24:55Z,2026-01-01T22:28:55Z,Asleep Unspecified,1,马林康的Apple Watch
6d882b3b-d18b-4e02-9b9a-1c1747b76c17,2026-01-01T22:29:55Z,2026-01-01T23:16:25Z,Asleep Unspecified,1,马林康的Apple Watch
3b3000aa-89bd-473d-815a-b66bdb667db1,2026-01-01T23:18:25Z,2026-01-01T23:19:55Z,Asleep Unspecified,1,马林康的Apple Watch
6be72342-709f-45fb-898e-7f5541c66cd8,2026-01-01T23:21:55Z,2026-01-01T23:28:55Z,Asleep Unspecified,1,马林康的Apple Watch
41520530-f8fc-4b31-a2bf-a500fbf0b791,2026-01-01T23:36:55Z,2026-01-01T23:57:25Z,Asleep Unspecified,1,马林康的Apple Watch
6c0a5d2a-e902-4d17-b4c4-fe85bdd19f16,2026-01-01T23:59:25Z,2026-01-02T00:53:55Z,Asleep Unspecified,1,马林康的Apple Watch
639f60ff-5347-4681-9858-4322ffe97522,2026-01-02T00:57:25Z,2026-01-02T00:58:25Z,Asleep Unspecified,1,马林康的Apple Watch
414abfe8-8694-4a77-8671-fab6a700f93b,2026-01-02T15:15:00Z,2026-01-03T02:15:00Z,In Bed,0,AutoSleep
f347d0c9-2f68-45cf-8549-3f5758b4bf2e,2026-01-02T15:15:00Z,2026-01-02T16:30:00Z,Asleep Unspecified,1,AutoSleep
0b113925-b996-4a21-b104-46fb47305a47,2026-01-02T17:30:00Z,2026-01-03T02:15:00Z,Asleep Unspecified,1,AutoSleep
bff7b1ea-dc77-4879-8b17-c28846e828d5,2026-01-02T17:37:44Z,2026-01-02T20:27:14Z,Asleep Unspecified,1,马林康的Apple Watch
a4892716-4b1b-4752-bc1e-684e6e4da446,2026-01-02T20:29:44Z,2026-01-02T22:28:14Z,Asleep Unspecified,1,马林康的Apple Watch
ed922fa3-9833-4186-b87e-4f76ffaefdf4,2026-01-04T16:15:00Z,2026-01-04T19:09:00Z,Asleep Unspecified,1,AutoSleep
fe4b0148-4dc5-485c-a281-ef73c2a07214,2026-01-04T16:15:00Z,2026-01-04T23:11:00Z,In Bed,0,AutoSleep
75d0ca68-e5e5-4c40-be0a-70c1b1cbd64d,2026-01-04T16:22:30Z,2026-01-04T16:26:00Z,Asleep Unspecified,1,马林康的Apple Watch
c430d771-5d42-42e2-ae90-9e904dc36bb4,2026-01-04T16:28:30Z,2026-01-04T19:04:30Z,Asleep Unspecified,1,马林康的Apple Watch
03370ba4-eebc-4668-8467-d5e9d46f6082,2026-01-04T19:07:30Z,2026-01-04T19:08:30Z,Asleep Unspecified,1,马林康的Apple Watch
99b9c758-8636-42d6-bacf-035a4125721e,2026-01-04T19:14:00Z,2026-01-04T21:04:00Z,Asleep Unspecified,1,AutoSleep
4cba6389-6263-479d-86a7-c68b07b037b3,2026-01-04T19:14:30Z,2026-01-04T19:20:00Z,Asleep Unspecified,1,马林康的Apple Watch
c36a8278-cd21-4f0a-895f-f6be1b155a82,2026-01-04T19:27:00Z,2026-01-04T20:07:30Z,Asleep Unspecified,1,马林康的Apple Watch
76872f90-1aea-4566-b53f-3f18330d4eeb,2026-01-04T20:08:30Z,2026-01-04T21:09:00Z,Asleep Unspecified,1,马林康的Apple Watch
ca4bfb13-81c7-4c39-bbfd-5ad12f5b7d8e,2026-01-04T21:10:30Z,2026-01-04T22:23:30Z,Asleep Unspecified,1,马林康的Apple Watch
1e8f9d7c-1fd4-43c0-8ae5-7cbdc50fdb8c,2026-01-04T21:15:00Z,2026-01-04T23:11:00Z,Asleep Unspecified,1,AutoSleep
4449c5a9-f327-45ff-9db3-7391b6504909,2026-01-05T16:56:00Z,2026-01-05T17:54:00Z,Asleep Unspecified,1,AutoSleep
8c73f976-b5d3-4687-9def-34e99be7f920,2026-01-05T16:56:00Z,2026-01-05T23:50:00Z,In Bed,0,AutoSleep
a13f1fda-3ca9-4a2c-b94b-8d6b7b861841,2026-01-05T16:56:46Z,2026-01-05T17:20:14Z,Core,3,马林康的Apple Watch
eba185a7-18b0-4a29-98fd-774fda71a872,2026-01-05T17:20:14Z,2026-01-05T17:25:14Z,Deep,4,马林康的Apple Watch
eb551962-c099-4423-88bf-f32a612aa357,2026-01-05T17:25:14Z,2026-01-05T17:28:44Z,Core,3,马林康的Apple Watch
ba227460-95e7-4454-b274-7780b3936e12,2026-01-05T17:28:44Z,2026-01-05T17:55:12Z,Deep,4,马林康的Apple Watch
61b60c56-c3b6-48fd-971e-75fdfceaa395,2026-01-05T17:55:12Z,2026-01-05T17:55:42Z,Awake,2,马林康的Apple Watch
31f3efc3-76ad-4f67-b54e-50c226ae2d89,2026-01-05T17:55:42Z,2026-01-05T17:57:42Z,Core,3,马林康的Apple Watch
103c3d7f-ca56-4ec0-a226-2fda64222752,2026-01-05T17:57:42Z,2026-01-05T18:02:42Z,REM,5,马林康的Apple Watch
8daf436a-7424-47b9-b4fc-e417c8b075b1,2026-01-05T18:02:42Z,2026-01-05T18:47:09Z,Core,3,马林康的Apple Watch
226983f8-41d9-489b-bcf0-8edab9943fef,2026-01-05T18:09:00Z,2026-01-05T23:50:00Z,Asleep Unspecified,1,AutoSleep
421a5a08-da75-495d-9ea5-d15693d82a81,2026-01-05T18:47:09Z,2026-01-05T19:25:37Z,Deep,4,马林康的Apple Watch
3bb6cf15-1a83-4679-ba8f-639d3865fdf8,2026-01-05T19:25:37Z,2026-01-05T19:29:36Z,Awake,2,马林康的Apple Watch
761785aa-d3e4-4b11-994b-64f8b34ce19c,2026-01-05T19:29:36Z,2026-01-05T19:31:36Z,Core,3,马林康的Apple Watch
b2ce3164-df59-4760-a869-1ca9c2e1980b,2026-01-05T19:31:36Z,2026-01-05T19:54:05Z,REM,5,马林康的Apple Watch
e72dc1cc-87f0-4bde-8c3d-47028f163799,2026-01-05T19:54:05Z,2026-01-05T20:38:32Z,Core,3,马林康的Apple Watch
c3bc34e6-cbb2-46eb-b4ab-b67176465c27,2026-01-05T20:38:32Z,2026-01-05T20:42:01Z,Awake,2,马林康的Apple Watch
9e416918-d34d-43be-ab6c-ea0296c1d2fd,2026-01-05T20:42:01Z,2026-01-05T20:51:01Z,Core,3,马林康的Apple Watch
dc8d76b2-579a-42c4-82b2-b12e240ab08c,2026-01-05T20:51:01Z,2026-01-05T21:00:00Z,REM,5,马林康的Apple Watch
f3e2ba16-25c5-4009-93f7-ca4e2e994112,2026-01-05T21:00:00Z,2026-01-05T21:03:00Z,Awake,2,马林康的Apple Watch
d92c697b-8ff3-491a-9491-f3b8bf21fa9e,2026-01-05T21:03:00Z,2026-01-05T21:48:57Z,Core,3,马林康的Apple Watch
91a81240-8724-4bc9-91dd-ee4de7312a49,2026-01-05T21:48:57Z,2026-01-05T22:21:25Z,REM,5,马林康的Apple Watch
916bf40a-d9ac-4152-a27e-26c09da7b552,2026-01-05T22:21:25Z,2026-01-05T22:29:24Z,Core,3,马林康的Apple Watch
5d3b5dfd-7e02-45c2-a62a-45d8d66956e3,2026-01-05T22:29:24Z,2026-01-05T22:33:54Z,Awake,2,马林康的Apple Watch
ef3e45e0-80b2-471e-bc6b-64ad688374eb,2026-01-05T22:33:54Z,2026-01-05T22:39:24Z,Core,3,马林康的Apple Watch
586704fa-b5ab-4978-8b1b-216540883e0b,2026-01-05T22:39:24Z,2026-01-05T22:42:53Z,Awake,2,马林康的Apple Watch
c096780c-b4ff-4afc-9f0d-118a5e6ddab7,2026-01-05T22:42:53Z,2026-01-05T22:49:23Z,Core,3,马林康的Apple Watch
dc3f2b8f-b587-4bcd-a5ac-93302913464a,2026-01-05T22:49:23Z,2026-01-05T22:50:23Z,Awake,2,马林康的Apple Watch
b305959e-1f8d-4ea1-b5e5-91f60ffc35b4,2026-01-05T22:50:23Z,2026-01-05T23:20:21Z,Core,3,马林康的Apple Watch
26aba5c3-de97-4730-b269-68ee763a5bf9,2026-01-06T17:51:48Z,2026-01-06T18:05:17Z,Core,3,马林康的Apple Watch
1210583d-57be-407d-a47f-b58bd2ca0191,2026-01-06T17:57:00Z,2026-01-06T22:57:00Z,Asleep Unspecified,1,AutoSleep
e9b8a3d3-05a9-411a-97f9-be7d4faf2991,2026-01-06T17:57:00Z,2026-01-06T22:57:00Z,In Bed,0,AutoSleep
39257aad-b6d5-4e6c-87c6-a34c66301cd1,2026-01-06T18:05:17Z,2026-01-06T18:27:45Z,Deep,4,马林康的Apple Watch
c64a0ff2-819d-4c38-860a-ccc4a7cc2a73,2026-01-06T18:27:45Z,2026-01-06T18:56:43Z,Core,3,马林康的Apple Watch
810e96b8-3c31-4a04-920a-6a7251656c66,2026-01-06T18:56:43Z,2026-01-06T19:10:43Z,Deep,4,马林康的Apple Watch
8c92e7ec-32b6-466f-ad3c-e2494460b6fa,2026-01-06T19:10:43Z,2026-01-06T19:11:42Z,Awake,2,马林康的Apple Watch
dbe3c010-752e-4e37-845e-4fc1429a4a40,2026-01-06T19:11:42Z,2026-01-06T19:30:11Z,Core,3,马林康的Apple Watch
424c7b1a-7fc0-4694-9597-9ca8cb9f41cd,2026-01-06T19:30:11Z,2026-01-06T19:31:11Z,Deep,4,马林康的Apple Watch
d5f894ee-134e-4fd8-85cb-9b3c51634ff3,2026-01-06T19:31:11Z,2026-01-06T19:35:41Z,Core,3,马林康的Apple Watch
bf457753-bcd9-4b72-807c-ca74aa617a2d,2026-01-06T19:35:41Z,2026-01-06T19:45:40Z,REM,5,马林康的Apple Watch
a12442d0-feb7-4ae2-8da8-9cacc7728b3d,2026-01-06T19:45:40Z,2026-01-06T19:49:40Z,Core,3,马林康的Apple Watch
6fc959ca-81b5-4f0e-817b-9b7e4fa0c01e,2026-01-06T19:49:40Z,2026-01-06T19:50:40Z,Awake,2,马林康的Apple Watch
c0979db5-3ab1-4702-bf82-a374cb03a74a,2026-01-06T19:50:40Z,2026-01-06T20:18:38Z,Core,3,马林康的Apple Watch
45ebc9fd-cbe2-4697-8eba-27486fd12fb2,2026-01-06T20:18:38Z,2026-01-06T20:22:08Z,Awake,2,马林康的Apple Watch
962898a0-e444-4970-b4d6-7964224ef776,2026-01-06T20:22:08Z,2026-01-06T21:00:05Z,Core,3,马林康的Apple Watch
2ffca3ec-747e-4f56-9e33-02defaa07912,2026-01-06T21:00:05Z,2026-01-06T21:22:04Z,REM,5,马林康的Apple Watch
4a241b2b-3d7b-4088-ba8d-d12ef1428696,2026-01-06T21:22:04Z,2026-01-06T21:25:04Z,Awake,2,马林康的Apple Watch
a18d5506-31b8-43da-b203-58ebbacedeb0,2026-01-06T21:25:04Z,2026-01-06T21:59:32Z,Core,3,马林康的Apple Watch
7e19d4d5-08e2-441d-bcbe-f2d07476eac9,2026-01-06T21:59:32Z,2026-01-06T22:04:31Z,Deep,4,马林康的Apple Watch
047c48ce-da20-42f5-8bc6-878e44660e64,2026-01-06T22:04:31Z,2026-01-06T22:05:31Z,Awake,2,马林康的Apple Watch
d44b9a85-e5ac-4c35-ad8c-78cbe6af3cd5,2026-01-06T22:05:31Z,2026-01-06T22:10:01Z,Core,3,马林康的Apple Watch
a61cf37f-1b87-4264-a08f-a946d87b73a2,2026-01-06T22:10:01Z,2026-01-06T22:17:31Z,REM,5,马林康的Apple Watch
d2daa2dc-6520-4896-bbbd-715b8593066d,2026-01-06T22:17:31Z,2026-01-06T22:19:01Z,Core,3,马林康的Apple Watch
30bb78c9-79f8-46e0-a777-211c69973859,2026-01-06T22:19:01Z,2026-01-06T22:21:30Z,Awake,2,马林康的Apple Watch
09341ffe-5efb-4fa1-9e76-e744ab2619a9,2026-01-06T22:21:30Z,2026-01-06T22:30:30Z,Core,3,马林康的Apple Watch
14851f91-7ec7-4483-aca6-71f49993a1d7,2026-01-07T16:59:56Z,2026-01-07T17:25:24Z,Core,3,马林康的Apple Watch
00736dfe-12c2-4575-a2e2-3675b129bb0f,2026-01-07T17:25:24Z,2026-01-07T17:35:23Z,Deep,4,马林康的Apple Watch
2916b9b5-a74a-4ebd-b529-73624ead7812,2026-01-07T17:35:23Z,2026-01-07T17:54:52Z,Core,3,马林康的Apple Watch
89499c9a-2847-4034-aeff-12a24e1f4224,2026-01-07T17:54:52Z,2026-01-07T17:57:52Z,REM,5,马林康的Apple Watch
6aadb886-090c-441b-856c-f0c1583e8170,2026-01-07T17:57:52Z,2026-01-07T17:59:22Z,Awake,2,马林康的Apple Watch
e2a8ce11-961b-4385-84a5-125941b35e47,2026-01-07T17:59:22Z,2026-01-07T18:27:50Z,Core,3,马林康的Apple Watch
33aa6126-7bc3-4312-bc6b-2c1de112e277,2026-01-07T18:27:50Z,2026-01-07T18:31:20Z,Deep,4,马林康的Apple Watch
c737c5fa-92f5-430f-8646-037ef0dc8d04,2026-01-07T18:31:20Z,2026-01-07T18:37:19Z,Core,3,马林康的Apple Watch
f44f945f-7b2a-4aa5-ba0e-bdfdf6c0c0c6,2026-01-07T18:37:19Z,2026-01-07T18:49:19Z,Deep,4,马林康的Apple Watch
fa046d09-f9c0-4eae-a62e-9340dbfbf35a,2026-01-07T18:49:19Z,2026-01-07T18:50:19Z,Awake,2,马林康的Apple Watch
7869cfc9-3c32-4a8f-9361-c7b75968ddba,2026-01-07T18:50:19Z,2026-01-07T19:03:48Z,Core,3,马林康的Apple Watch
837d1076-5106-4138-9d8a-5a1ce2b38258,2026-01-07T19:03:48Z,2026-01-07T19:23:47Z,Deep,4,马林康的Apple Watch
7821889f-f224-4d94-b2de-d28c16580d76,2026-01-07T19:23:47Z,2026-01-07T19:30:46Z,REM,5,马林康的Apple Watch
4394a85e-a245-4bcb-9a7e-cb2bb2714e70,2026-01-07T19:30:46Z,2026-01-07T19:31:16Z,Awake,2,马林康的Apple Watch
46e9d4bd-245f-4d6b-b883-c480c90a9d16,2026-01-07T19:31:16Z,2026-01-07T20:06:44Z,Core,3,马林康的Apple Watch
4d7a3006-ccfa-4248-8a72-9b80f8aea045,2026-01-07T20:06:44Z,2026-01-07T20:08:13Z,Awake,2,马林康的Apple Watch
71f4eba6-822e-4a2f-b6eb-ab0ae4b6b011,2026-01-07T20:08:13Z,2026-01-07T20:23:42Z,Core,3,马林康的Apple Watch
5c955d73-5b83-4288-a470-e9f45c765e0b,2026-01-07T20:23:42Z,2026-01-07T20:24:42Z,Awake,2,马林康的Apple Watch
fb578a67-38db-425c-bb73-3c5805e446a0,2026-01-07T20:24:42Z,2026-01-07T20:27:42Z,Core,3,马林康的Apple Watch
679efc81-3c4d-497a-a66d-cfb4a48cef94,2026-01-07T20:27:42Z,2026-01-07T21:41:07Z,Awake,2,马林康的Apple Watch
fb3d8f98-b4eb-4b3d-87d1-14f3b1d2cd4c,2026-01-07T21:41:07Z,2026-01-07T21:48:37Z,Core,3,马林康的Apple Watch
941a4102-cb4f-4a15-8461-c82657b5618d,2026-01-07T21:48:37Z,2026-01-07T22:05:36Z,Awake,2,马林康的Apple Watch
79dd8b3e-cb2f-443c-9cde-0b92fb2bad3e,2026-01-07T22:05:36Z,2026-01-07T22:07:05Z,REM,5,马林康的Apple Watch
c2174dab-a80c-4a31-9683-93052f333025,2026-01-07T22:07:05Z,2026-01-07T22:08:05Z,Awake,2,马林康的Apple Watch
89dd47d0-4ed1-46fe-b13e-f4bc4e23ba77,2026-01-07T22:08:05Z,2026-01-07T22:09:05Z,Core,3,马林康的Apple Watch
0918b936-2ae4-4ebd-a4a5-a98d1159fed9,2026-01-07T22:09:05Z,2026-01-07T22:21:05Z,REM,5,马林康的Apple Watch
6721272e-07c8-4d27-8f23-5f51f7e4eefd,2026-01-07T22:21:05Z,2026-01-07T23:02:02Z,Core,3,马林康的Apple Watch
2be84ad1-3ecc-4aa2-bcac-af9bfe0abf1a,2026-01-07T23:02:02Z,2026-01-07T23:09:31Z,Deep,4,马林康的Apple Watch
39e8b03c-1be6-4258-8de4-87e65850afee,2026-01-07T23:09:31Z,2026-01-07T23:40:29Z,Core,3,马林康的Apple Watch
4616cd03-502f-4038-bd36-282527e90938,2026-01-07T23:40:29Z,2026-01-07T23:40:59Z,Awake,2,马林康的Apple Watch
a3c9d105-b928-4069-837e-54a8ee0ab2ad,2026-01-07T23:40:59Z,2026-01-07T23:56:58Z,Core,3,马林康的Apple Watch
12bf236d-7d51-4270-b3c9-11d5796af4d9,2026-01-07T23:56:58Z,2026-01-07T23:59:28Z,Awake,2,马林康的Apple Watch
93286ea0-21dd-4413-9959-dc271253aec4,2026-01-07T23:59:28Z,2026-01-07T23:59:58Z,Core,3,马林康的Apple Watch
7c023917-c496-4ae5-9144-0a7de9c55a41,2026-01-07T23:59:58Z,2026-01-08T00:20:57Z,REM,5,马林康的Apple Watch
2b214217-b021-487b-92ed-d42cd8240e41,2026-01-08T00:20:57Z,2026-01-08T00:27:26Z,Awake,2,马林康的Apple Watch
7a11b371-b905-4f50-9768-06ba5c8c499b,2026-01-08T00:27:26Z,2026-01-08T00:59:24Z,Core,3,马林康的Apple Watch
4bf2fdff-79b5-4368-a502-2d7ee69044c0,2026-01-08T16:45:00Z,2026-01-08T23:06:00Z,In Bed,0,AutoSleep
9c483294-a820-4d8f-aa2d-b20d1874931f,2026-01-08T16:45:00Z,2026-01-08T23:06:00Z,Asleep Unspecified,1,AutoSleep
b39ebb42-e114-4535-8a55-b278720e0f5d,2026-01-08T16:55:20Z,2026-01-08T17:09:19Z,Core,3,马林康的Apple Watch
b72903c1-968c-4dad-8ce1-e1d688719253,2026-01-08T17:09:19Z,2026-01-08T17:48:16Z,Deep,4,马林康的Apple Watch
0836873e-85c5-4bb6-bb40-f10e30ac5527,2026-01-08T17:48:16Z,2026-01-08T17:49:46Z,Awake,2,马林康的Apple Watch
4d8010ff-14b7-492d-a916-e39dbd6ca438,2026-01-08T17:49:46Z,2026-01-08T17:56:16Z,Core,3,马林康的Apple Watch
e2c373b1-e770-4906-9d45-89b9b1a7b976,2026-01-08T17:56:16Z,2026-01-08T17:58:16Z,REM,5,马林康的Apple Watch
7728d1f8-c017-42ce-8f08-e9e3dc72b4f5,2026-01-08T17:58:16Z,2026-01-08T17:59:16Z,Awake,2,马林康的Apple Watch
3ae366e0-306c-4182-a59a-8ac8d65207cd,2026-01-08T17:59:16Z,2026-01-08T18:29:44Z,Core,3,马林康的Apple Watch
b44c21dd-0266-4465-8ad1-e9b64b8b1e4e,2026-01-08T18:29:44Z,2026-01-08T18:36:13Z,Deep,4,马林康的Apple Watch
6ad5eb4a-b775-40c9-a650-6a4a8d22f684,2026-01-08T18:36:13Z,2026-01-08T18:49:42Z,Core,3,马林康的Apple Watch
03417bfa-2523-4b52-97bb-9a68d1dac9f5,2026-01-08T18:49:42Z,2026-01-08T19:03:41Z,REM,5,马林康的Apple Watch
9e44eb11-90a2-4c14-9469-bafb8b088708,2026-01-08T19:03:41Z,2026-01-08T19:08:11Z,Awake,2,马林康的Apple Watch
37b0e8c5-34f0-4780-91a7-56e1567856b6,2026-01-08T19:08:11Z,2026-01-08T19:10:11Z,Core,3,马林康的Apple Watch
b62f2375-2de5-4bf7-a007-e6d740406031,2026-01-08T19:10:11Z,2026-01-08T19:12:11Z,Awake,2,马林康的Apple Watch
4a8232c2-9c46-47e3-afac-dd6844f4cf99,2026-01-08T19:12:11Z,2026-01-08T19:35:09Z,Core,3,马林康的Apple Watch
9ae41add-904f-4ea2-8604-7ed9d48088b1,2026-01-08T19:35:09Z,2026-01-08T19:49:38Z,Deep,4,马林康的Apple Watch
912d367e-5ed7-4f4f-a1e3-736ef46cedcf,2026-01-08T19:49:38Z,2026-01-08T19:50:38Z,Awake,2,马林康的Apple Watch
7926c5e8-b35e-47b3-be9d-2499c6f8d3ae,2026-01-08T19:50:38Z,2026-01-08T20:00:08Z,Core,3,马林康的Apple Watch
f9aa4535-508f-45c8-a59d-a020b193c735,2026-01-08T20:00:08Z,2026-01-08T20:01:07Z,Awake,2,马林康的Apple Watch
c8ecc3b3-9138-4e43-a826-db1e124b9ca1,2026-01-08T20:01:07Z,2026-01-08T20:22:36Z,Core,3,马林康的Apple Watch
70a558e0-c72d-4db5-a641-64382bc24bd8,2026-01-08T20:22:36Z,2026-01-08T20:59:34Z,REM,5,马林康的Apple Watch
c59ffe40-5bb8-483c-9b50-95d736d0125c,2026-01-08T20:59:34Z,2026-01-08T21:01:03Z,Awake,2,马林康的Apple Watch
bbf199f5-0936-4089-8312-02f7b529e8a9,2026-01-08T21:01:03Z,2026-01-08T21:31:31Z,Core,3,马林康的Apple Watch
f4e31432-2f01-46ae-9de9-d8a34bba76ef,2026-01-08T21:31:31Z,2026-01-08T21:45:01Z,Deep,4,马林康的Apple Watch
56f05c51-4b40-4b94-b56c-721952b47538,2026-01-08T21:45:01Z,2026-01-08T22:08:29Z,Core,3,马林康的Apple Watch
f487c07b-3f07-4171-aa9a-e61582cda009,2026-01-08T22:08:29Z,2026-01-08T22:11:59Z,Deep,4,马林康的Apple Watch
03b34127-9683-49a2-a19e-e76c699bf072,2026-01-08T22:11:59Z,2026-01-08T22:15:29Z,Core,3,马林康的Apple Watch
84aae95a-3186-4ceb-8dd3-f01e4e1fbc31,2026-01-08T22:15:29Z,2026-01-08T22:19:28Z,REM,5,马林康的Apple Watch
27fc4114-e895-481e-8f18-976ef1bcecb6,2026-01-08T22:19:28Z,2026-01-08T22:25:58Z,Awake,2,马林康的Apple Watch
84f787ea-978c-4326-ab0c-72f1e68bb480,2026-01-08T22:25:58Z,2026-01-08T22:30:28Z,Core,3,马林康的Apple Watch
ddc46587-0478-422b-9ad9-37505dcd8871,2026-01-08T22:30:28Z,2026-01-08T22:32:57Z,Awake,2,马林康的Apple Watch
2afdbf65-6127-4995-afc5-08cc6fa623e3,2026-01-08T22:32:57Z,2026-01-08T22:35:27Z,Core,3,马林康的Apple Watch
3306481f-5654-4a78-9a18-62f09935bb18,2026-01-09T17:13:42Z,2026-01-09T17:29:41Z,Core,3,马林康的Apple Watch
3325a17e-8bbb-4924-8e8b-9142b3949be5,2026-01-09T17:15:00Z,2026-01-10T01:53:00Z,In Bed,0,AutoSleep
6b62ea86-a8cd-41fd-bcc4-752cc4b7b2b7,2026-01-09T17:15:00Z,2026-01-09T20:00:00Z,Asleep Unspecified,1,AutoSleep
47e8e11d-a136-4fc7-b4b0-9d040dd56263,2026-01-09T17:29:41Z,2026-01-09T17:55:09Z,Deep,4,马林康的Apple Watch
f533aded-69fb-4094-827e-63ef215368d6,2026-01-09T17:55:09Z,2026-01-09T17:57:39Z,Awake,2,马林康的Apple Watch
6cec2c2c-75aa-4a60-ae7c-5951b6bbd810,2026-01-09T17:57:39Z,2026-01-09T18:08:08Z,Core,3,马林康的Apple Watch
e110fbeb-4cf5-487d-a6f7-7bf9916f6d23,2026-01-09T18:08:08Z,2026-01-09T18:22:37Z,Deep,4,马林康的Apple Watch
89bdf813-f69a-40e9-99af-60336dd328de,2026-01-09T18:22:37Z,2026-01-09T18:23:37Z,Awake,2,马林康的Apple Watch
58169147-1747-4a5b-a345-c279cc7f61dd,2026-01-09T18:23:37Z,2026-01-09T18:47:06Z,Core,3,马林康的Apple Watch
e953b82b-873a-42f0-a07d-51f3c0c6dd96,2026-01-09T18:47:06Z,2026-01-09T18:49:06Z,Deep,4,马林康的Apple Watch
dd61c8d4-1fcd-4d0c-bbe5-efa9b343aaf1,2026-01-09T18:49:06Z,2026-01-09T19:38:02Z,Core,3,马林康的Apple Watch
7bb84c79-96a6-4c7e-91c0-79fbbf9d3bdb,2026-01-09T19:38:02Z,2026-01-09T19:39:02Z,Deep,4,马林康的Apple Watch
bb19d160-872b-46c9-9e3a-bf77ef0e41d6,2026-01-09T19:39:02Z,2026-01-09T19:48:31Z,Core,3,马林康的Apple Watch
c7a0445a-5ab3-4f32-ba6f-9d141fcd3ec5,2026-01-09T19:48:31Z,2026-01-09T20:05:00Z,REM,5,马林康的Apple Watch
106bb201-24ba-462f-b79e-ff28e57ff4c1,2026-01-09T20:05:00Z,2026-01-09T20:06:30Z,Awake,2,马林康的Apple Watch
461fab6b-85fe-492b-bcaa-2f1e1a2d5ed7,2026-01-09T20:06:30Z,2026-01-09T20:08:30Z,REM,5,马林康的Apple Watch
8c9ffba8-2724-4977-862e-a0f3903f4d4a,2026-01-09T20:08:30Z,2026-01-09T20:16:29Z,Core,3,马林康的Apple Watch
1980d028-d7b8-4d04-8698-dd82a246d3f4,2026-01-09T20:11:00Z,2026-01-10T00:17:00Z,Asleep Unspecified,1,AutoSleep
ac4e1158-1b02-4a7b-a7f3-b592d0fac2ba,2026-01-09T20:16:29Z,2026-01-09T20:17:29Z,Awake,2,马林康的Apple Watch
5cfc6b34-fc9c-4f48-8d8a-a33637a8968f,2026-01-09T20:17:29Z,2026-01-09T21:20:55Z,Core,3,马林康的Apple Watch
f7f85a06-5176-4c95-942d-e048cc243fb9,2026-01-09T21:20:55Z,2026-01-09T21:21:55Z,Deep,4,马林康的Apple Watch
83634120-a1b5-4f38-8110-e974b1892b1b,2026-01-09T21:21:55Z,2026-01-09T21:22:25Z,Core,3,马林康的Apple Watch
e092f858-0a27-40e5-859a-dfbdce0568a1,2026-01-09T21:22:25Z,2026-01-09T21:22:55Z,Awake,2,马林康的Apple Watch
3790ef01-03a7-4fd5-be49-cd43e1d98a1a,2026-01-09T21:22:55Z,2026-01-09T21:32:54Z,Core,3,马林康的Apple Watch
21c469c2-f590-4d78-bb4d-b13b35ed97d0,2026-01-09T21:32:54Z,2026-01-09T21:50:23Z,REM,5,马林康的Apple Watch
64596e87-cfc8-453b-afa4-53042f81bf16,2026-01-09T21:50:23Z,2026-01-09T22:19:51Z,Core,3,马林康的Apple Watch
32f5fb02-94b8-40f1-b343-e97eee4a94cd,2026-01-09T22:19:51Z,2026-01-09T22:22:51Z,Awake,2,马林康的Apple Watch
b5cc4bbc-28ee-4256-a5d2-f0a84d439f4a,2026-01-09T22:22:51Z,2026-01-09T22:24:21Z,Core,3,马林康的Apple Watch
29af2de8-baa2-4f63-95e6-6a2e39a16bcf,2026-01-09T22:24:21Z,2026-01-09T22:25:21Z,Awake,2,马林康的Apple Watch
871190d8-fd80-4d29-bd07-5d99156892d4,2026-01-09T22:25:21Z,2026-01-09T22:30:50Z,Core,3,马林康的Apple Watch
27ec4b65-d4af-4882-ad62-5fc30a85c6f6,2026-01-09T22:30:50Z,2026-01-09T22:31:50Z,Awake,2,马林康的Apple Watch
8379e69a-a821-4cdd-b890-109acbb95b61,2026-01-09T22:31:50Z,2026-01-09T23:04:48Z,Core,3,马林康的Apple Watch
19271f9b-3d7b-4735-8c2e-2bc2f28e336f,2026-01-09T23:04:48Z,2026-01-09T23:48:15Z,REM,5,马林康的Apple Watch
320fafc1-0a89-4398-8397-aae1fd948652,2026-01-09T23:48:15Z,2026-01-10T00:31:13Z,Core,3,马林康的Apple Watch
046b3e20-6324-4eb3-9903-8d622a18b574,2026-01-10T00:31:13Z,2026-01-10T00:35:12Z,Awake,2,马林康的Apple Watch
0134d8aa-6e0a-4352-8d87-1e24dcb6a552,2026-01-10T00:35:12Z,2026-01-10T00:41:12Z,Core,3,马林康的Apple Watch
2ad3f52a-c8a7-46e8-bd23-81507bb18ff0,2026-01-10T00:41:12Z,2026-01-10T00:44:12Z,Awake,2,马林康的Apple Watch
44977ac6-9a22-4c8a-88ba-ea936c50096a,2026-01-10T00:44:12Z,2026-01-10T00:45:42Z,Core,3,马林康的Apple Watch
4d18995c-8e4b-4f6c-bc31-c6359362ae40,2026-01-10T00:45:42Z,2026-01-10T00:47:12Z,Awake,2,马林康的Apple Watch
ff95c928-0204-44f8-a601-17d494b84978,2026-01-10T00:47:12Z,2026-01-10T00:55:11Z,Core,3,马林康的Apple Watch
d6f25c42-b42b-4d77-ad19-a3cc724bd761,2026-01-10T00:55:11Z,2026-01-10T01:05:40Z,Awake,2,马林康的Apple Watch
3d08d81b-c8d3-41cc-8a01-35eaff215c8f,2026-01-10T01:05:40Z,2026-01-10T01:16:10Z,Core,3,马林康的Apple Watch
f3a7136c-d6f6-4aba-a078-60a15ef2bbd7,2026-01-10T01:09:00Z,2026-01-10T01:53:00Z,Asleep Unspecified,1,AutoSleep
e17e1a77-c623-43f2-acd8-330fe6370f62,2026-01-10T01:16:10Z,2026-01-10T01:19:09Z,Awake,2,马林康的Apple Watch
764ded5e-fcd2-4390-91a3-5b423fd43312,2026-01-10T01:19:09Z,2026-01-10T01:23:09Z,Core,3,马林康的Apple Watch
8a811da5-69cb-4f32-932c-8dffdeb1f0be,2026-01-10T01:23:09Z,2026-01-10T01:31:39Z,Awake,2,马林康的Apple Watch
28ce351a-60ac-4684-b2d4-4b75bb0f9f23,2026-01-10T01:31:39Z,2026-01-10T01:33:38Z,Core,3,马林康的Apple Watch
f073aa1b-fd3c-4b2b-8f92-e92d67282b15,2026-01-10T01:33:38Z,2026-01-10T01:38:08Z,Awake,2,马林康的Apple Watch
60ee472c-6780-4715-8fa9-6fad48a14771,2026-01-10T01:38:08Z,2026-01-10T01:52:07Z,Core,3,马林康的Apple Watch
15ef5434-ac7d-4740-9e2f-ba90a4bca3d4,2026-01-10T15:45:00Z,2026-01-10T23:46:00Z,In Bed,0,AutoSleep
33ca2c72-7f63-49e1-94b3-a4e78df94a7c,2026-01-10T15:45:00Z,2026-01-10T16:11:00Z,Asleep Unspecified,1,AutoSleep
e61f4c55-d153-4405-a9ee-f46476b5db30,2026-01-10T18:00:00Z,2026-01-10T23:46:00Z,Asleep Unspecified,1,AutoSleep
dbb61546-945d-4031-b052-4457458bbbb6,2026-01-10T18:12:43Z,2026-01-10T18:30:12Z,Core,3,马林康的Apple Watch
754faf7a-2317-43e3-a4e3-503d8260ae6a,2026-01-10T18:30:12Z,2026-01-10T18:38:11Z,Deep,4,马林康的Apple Watch
dac95577-976a-41b1-af61-f64386ec36c9,2026-01-10T18:38:11Z,2026-01-10T18:46:11Z,Core,3,马林康的Apple Watch
9c62ce9a-c626-470f-9134-6bd285919348,2026-01-10T18:46:11Z,2026-01-10T19:01:10Z,Deep,4,马林康的Apple Watch
6dbb6e3c-6be4-4375-a6de-1cb96324dfe0,2026-01-10T19:01:10Z,2026-01-10T19:02:40Z,Awake,2,马林康的Apple Watch
891ee7c6-be3f-45e0-be08-875915182f48,2026-01-10T19:02:40Z,2026-01-10T19:23:08Z,Core,3,马林康的Apple Watch
9c3cbaff-c993-485f-9279-97ee192f0b22,2026-01-10T19:23:08Z,2026-01-10T19:24:08Z,Awake,2,马林康的Apple Watch
3202faac-1af5-468e-a7c6-62c963df4d50,2026-01-10T19:24:08Z,2026-01-10T19:28:08Z,Core,3,马林康的Apple Watch
1a07484f-baa0-427f-843f-1450ac58222f,2026-01-10T19:28:08Z,2026-01-10T19:29:08Z,Awake,2,马林康的Apple Watch
c310f533-281a-4e71-ba3a-b2172f6ec9a7,2026-01-10T19:29:08Z,2026-01-10T19:50:07Z,Core,3,马林康的Apple Watch
e03e916e-05ac-40ac-a4de-23fcb8b97a9e,2026-01-10T19:50:07Z,2026-01-10T20:09:05Z,Deep,4,马林康的Apple Watch
94adcf56-93ee-4dba-98f4-15f88c678ef3,2026-01-10T20:09:05Z,2026-01-10T20:11:05Z,Core,3,马林康的Apple Watch
fa5e9fd4-4ce4-45af-9188-8dbdecc7de14,2026-01-10T20:11:05Z,2026-01-10T20:13:35Z,Awake,2,马林康的Apple Watch
7d89b031-2a00-43e0-8936-88aa16eece38,2026-01-10T20:13:35Z,2026-01-10T20:15:35Z,Core,3,马林康的Apple Watch
3debfa1f-8eba-4be9-9a27-df849e1ae4f5,2026-01-10T20:15:35Z,2026-01-10T21:01:32Z,REM,5,马林康的Apple Watch
71ddea0b-5959-416c-bdc7-62a63974ae88,2026-01-10T21:01:32Z,2026-01-10T21:28:30Z,Core,3,马林康的Apple Watch
1fae44a5-d573-43d1-829d-c4884439cec0,2026-01-10T21:28:30Z,2026-01-10T21:29:30Z,Deep,4,马林康的Apple Watch
f4ec9ff1-e478-480d-8afe-ac8aac1b3222,2026-01-10T21:29:30Z,2026-01-10T21:30:30Z,Core,3,马林康的Apple Watch
4678d39e-1946-4b0c-96d6-414b37d95ddc,2026-01-10T21:30:30Z,2026-01-10T21:34:00Z,Deep,4,马林康的Apple Watch
8cbdd34f-d841-4ef6-90d7-b2776ba729b4,2026-01-10T21:34:00Z,2026-01-10T21:40:59Z,Core,3,马林康的Apple Watch
218658f4-10b3-41e3-bc22-a663e5934295,2026-01-10T21:40:59Z,2026-01-10T21:42:29Z,Deep,4,马林康的Apple Watch
5365ddb4-0ab3-458b-8c3f-c47352a6f05d,2026-01-10T21:42:29Z,2026-01-10T22:00:58Z,Core,3,马林康的Apple Watch
3df58a55-4dee-4d74-812f-c304e745e520,2026-01-10T22:00:58Z,2026-01-10T22:10:57Z,Deep,4,马林康的Apple Watch
162ceecd-b9db-47a1-aa0b-487542b05189,2026-01-10T22:10:57Z,2026-01-10T22:20:27Z,Core,3,马林康的Apple Watch
ef33fa68-cc53-46b2-b72b-9e411602f531,2026-01-10T22:20:27Z,2026-01-10T22:22:27Z,REM,5,马林康的Apple Watch
24c2c1e2-2e42-4c07-9b9f-4d62791efcbb,2026-01-10T22:22:27Z,2026-01-10T22:22:57Z,Core,3,马林康的Apple Watch
db4aa942-8646-4652-b3be-6882f91a4306,2026-01-10T22:22:57Z,2026-01-10T22:23:56Z,Awake,2,马林康的Apple Watch
9c55ba5f-896f-4450-9511-7e85e0183e69,2026-01-10T22:23:56Z,2026-01-10T22:34:56Z,Core,3,马林康的Apple Watch
81e7e6cc-1636-40fe-a3be-3f0149a4112f,2026-01-10T22:34:56Z,2026-01-10T22:38:55Z,Awake,2,马林康的Apple Watch
cd8c04fa-de9a-441c-8ec1-2f4c1481e10d,2026-01-10T22:38:55Z,2026-01-10T23:22:23Z,Core,3,马林康的Apple Watch
51eab427-87f9-428b-9cd7-439410b7f494,2026-01-10T23:22:23Z,2026-01-10T23:45:51Z,REM,5,马林康的Apple Watch
1f2b3ecd-5844-46f8-8214-63d0e7ff974c,2026-01-12T14:51:00Z,2026-01-12T23:19:00Z,In Bed,0,AutoSleep
2ad14f23-7a1e-4c68-bc9a-73c1ff500006,2026-01-12T14:51:00Z,2026-01-12T15:11:00Z,Asleep Unspecified,1,AutoSleep
7c1858dc-1e11-44bb-8f27-343ed60be423,2026-01-12T16:26:00Z,2026-01-12T17:06:00Z,Asleep Unspecified,1,AutoSleep
311e2d85-6299-457d-b639-5388b836b9cb,2026-01-12T19:14:00Z,2026-01-12T22:30:00Z,Asleep Unspecified,1,AutoSleep
439ea575-5e06-4f23-9fcc-3fd22c1ebabc,2026-01-12T19:25:15Z,2026-01-12T19:40:44Z,Core,3,马林康的Apple Watch
cedfb0fe-5830-4862-a9c4-2e25ab5d97e3,2026-01-12T19:40:44Z,2026-01-12T20:13:42Z,Deep,4,马林康的Apple Watch
f53a5a0b-98c9-4691-a915-b8db40f4b13c,2026-01-12T20:13:42Z,2026-01-12T20:38:10Z,REM,5,马林康的Apple Watch
9acccd06-8b45-4ea0-bcad-c51358bb87c7,2026-01-12T20:38:10Z,2026-01-12T21:09:08Z,Core,3,马林康的Apple Watch
7fbc7bc7-c220-46ca-aaf0-98cfbaca98a3,2026-01-12T21:09:08Z,2026-01-12T21:34:36Z,Deep,4,马林康的Apple Watch
53c3e4a7-c6e8-46ab-abe4-45fa44c43e93,2026-01-12T21:34:36Z,2026-01-12T21:36:36Z,Awake,2,马林康的Apple Watch
5114a870-8943-477d-8655-5f31fe046d69,2026-01-12T21:36:36Z,2026-01-12T22:03:34Z,Core,3,马林康的Apple Watch
e4a5707b-9944-4f7a-b016-2cc0123075cd,2026-01-12T22:03:34Z,2026-01-12T22:10:34Z,REM,5,马林康的Apple Watch
73015611-1e21-4b11-b37a-6b92814ce186,2026-01-12T22:10:34Z,2026-01-12T22:23:33Z,Core,3,马林康的Apple Watch
dcfde3f8-ad04-4af5-bfa7-9b080f70546c,2026-01-12T22:23:33Z,2026-01-12T22:42:02Z,REM,5,马林康的Apple Watch
1fd936cb-c65a-43eb-b923-0d43435dfc73,2026-01-12T22:42:02Z,2026-01-12T22:45:01Z,Awake,2,马林康的Apple Watch
0c91ca18-8513-4421-8c56-bfbbec8c5adb,2026-01-12T22:45:00Z,2026-01-12T23:19:00Z,Asleep Unspecified,1,AutoSleep
780d76f0-187e-45e4-b095-d64c8722b0ae,2026-01-12T22:45:01Z,2026-01-12T22:52:31Z,Core,3,马林康的Apple Watch
b0c4d244-d463-4879-ab74-32f4a014041d,2026-01-12T22:52:31Z,2026-01-12T22:57:01Z,Awake,2,马林康的Apple Watch
5e3f2962-6ab0-4555-9adb-e9877a7bc1c6,2026-01-12T22:57:01Z,2026-01-12T23:13:00Z,Core,3,马林康的Apple Watch
143a800c-0df6-4303-bb2a-18915a548090,2026-01-12T23:13:00Z,2026-01-12T23:13:59Z,Awake,2,马林康的Apple Watch
aab40c24-2bf8-49ce-bdb8-0167d54c8691,2026-01-12T23:13:59Z,2026-01-12T23:17:59Z,Core,3,马林康的Apple Watch
2c357dad-82e4-4d07-8c16-6ccfc6841a78,2026-01-13T05:22:00Z,2026-01-13T06:00:00Z,Asleep Unspecified,1,AutoSleep
5c56b72a-9283-4f6e-84d5-f954013aff8d,2026-01-13T05:22:00Z,2026-01-13T06:00:00Z,In Bed,0,AutoSleep
1f948713-1896-402c-994d-cfe95eed8786,2026-01-13T15:37:00Z,2026-01-13T23:15:00Z,In Bed,0,AutoSleep
c2b94689-ac4b-4e55-a8de-c656662e964e,2026-01-13T15:37:00Z,2026-01-13T23:15:00Z,Asleep Unspecified,1,AutoSleep
e87ddfbd-47dd-4ae7-9b27-941dc0ba17f5,2026-01-13T15:42:56Z,2026-01-13T15:59:55Z,Core,3,马林康的Apple Watch
b9735f90-a0e7-4de9-8099-823d669097df,2026-01-13T15:59:55Z,2026-01-13T16:11:54Z,Deep,4,马林康的Apple Watch
777d0e27-3ee5-4a50-9764-017a20b88577,2026-01-13T16:11:54Z,2026-01-13T16:12:54Z,Awake,2,马林康的Apple Watch
7aaef114-cf90-4224-85f3-ab5954abae24,2026-01-13T16:12:54Z,2026-01-13T16:46:22Z,Core,3,马林康的Apple Watch
8e62d81f-2d28-4738-a6cc-06066061a920,2026-01-13T16:46:22Z,2026-01-13T16:51:21Z,Deep,4,马林康的Apple Watch
8828fab7-bca8-4875-acf5-27a1bdaf3fe4,2026-01-13T16:51:21Z,2026-01-13T16:59:21Z,Core,3,马林康的Apple Watch
ed57585a-0bff-4506-8e2f-99ed7cf30dc5,2026-01-13T16:59:21Z,2026-01-13T17:05:51Z,REM,5,马林康的Apple Watch
04c7a4da-2aa7-4267-b254-12d40c217e64,2026-01-13T17:05:51Z,2026-01-13T17:06:50Z,Awake,2,马林康的Apple Watch
84e99031-f6a3-4573-8489-9bbcc8a831e0,2026-01-13T17:06:50Z,2026-01-13T17:26:49Z,Core,3,马林康的Apple Watch
02529691-e210-4e35-901b-0cff9a1950bd,2026-01-13T17:26:49Z,2026-01-13T17:43:18Z,Deep,4,马林康的Apple Watch
fed90e72-229d-44ed-b3c3-b8b65deb904d,2026-01-13T17:43:18Z,2026-01-13T17:47:48Z,Core,3,马林康的Apple Watch
b7359450-56cd-47d7-93ae-ee196723d5f6,2026-01-13T17:47:48Z,2026-01-13T18:11:46Z,Deep,4,马林康的Apple Watch
feb5e031-a953-437e-a429-f37304216e39,2026-01-13T18:11:46Z,2026-01-13T18:12:46Z,Awake,2,马林康的Apple Watch
66ae85b4-db84-4e3f-9cea-1b1cbaa16db1,2026-01-13T18:12:46Z,2026-01-13T18:19:45Z,Core,3,马林康的Apple Watch
784315e7-5d9d-4a11-8f4d-bb886b3eb9bf,2026-01-13T18:19:45Z,2026-01-13T18:21:45Z,Awake,2,马林康的Apple Watch
505c140e-e2c7-41dc-b827-ad8019d64de8,2026-01-13T18:21:45Z,2026-01-13T18:57:13Z,Core,3,马林康的Apple Watch
b7eda59e-96de-4cfd-8fb4-b9e4813dc44d,2026-01-13T18:57:13Z,2026-01-13T19:01:12Z,Awake,2,马林康的Apple Watch
8bc756cd-ea75-43ba-8255-dd12b9992c21,2026-01-13T19:01:12Z,2026-01-13T19:03:12Z,Core,3,马林康的Apple Watch
bfc3c3f1-7979-4633-b987-a0705f147a25,2026-01-13T19:03:12Z,2026-01-13T19:06:12Z,REM,5,马林康的Apple Watch
d17c3a20-cd80-4207-9746-7580ad91cd18,2026-01-13T19:06:12Z,2026-01-13T19:09:42Z,Core,3,马林康的Apple Watch
fbf15c60-bf1f-4a65-af44-51ba64cae8cf,2026-01-13T19:09:42Z,2026-01-13T19:12:12Z,REM,5,马林康的Apple Watch
9c4f821b-5508-4e7a-a9e9-125e6e26c420,2026-01-13T19:12:12Z,2026-01-13T19:13:12Z,Core,3,马林康的Apple Watch
eb1fda4b-38b6-4879-8cae-1fae1dbfb7a1,2026-01-13T19:13:12Z,2026-01-13T19:13:42Z,Awake,2,马林康的Apple Watch
91d50612-9dc4-415f-97ad-3ed86b278bf0,2026-01-13T19:13:42Z,2026-01-13T19:19:41Z,Core,3,马林康的Apple Watch
91de33a2-80b5-4be4-9cb9-bb68fcf260dc,2026-01-13T19:19:41Z,2026-01-13T19:24:41Z,REM,5,马林康的Apple Watch
50a2bd47-48d1-4b8c-9267-e451b6b27e98,2026-01-13T19:24:41Z,2026-01-13T19:26:41Z,Awake,2,马林康的Apple Watch
162baa0f-5de4-4cfa-9c66-64f3ddffbd65,2026-01-13T19:26:41Z,2026-01-13T19:58:09Z,Core,3,马林康的Apple Watch
2e6e6b94-224b-4fa2-aca8-5845b1c6083e,2026-01-13T19:58:09Z,2026-01-13T20:05:08Z,Deep,4,马林康的Apple Watch
8538def2-bb99-4d56-8ca0-b2a4fb7bb3d5,2026-01-13T20:05:08Z,2026-01-13T20:17:07Z,Core,3,马林康的Apple Watch
2331ff44-68b4-4b5e-9de7-dd3b1608a93a,2026-01-13T20:17:07Z,2026-01-13T20:40:06Z,REM,5,马林康的Apple Watch
bdeaf2c1-57ea-477b-b6cd-d71e64c021e3,2026-01-13T20:40:06Z,2026-01-13T21:31:03Z,Core,3,马林康的Apple Watch
4f496692-1dcf-48b7-8185-a58833d57e5d,2026-01-13T21:31:03Z,2026-01-13T21:45:02Z,Deep,4,马林康的Apple Watch
fb7be69d-db86-4d21-b431-9ff147e8e29e,2026-01-13T21:45:02Z,2026-01-13T21:46:32Z,Awake,2,马林康的Apple Watch
de3698b7-a2ed-4e12-9174-b22a4aaaa55e,2026-01-13T21:46:32Z,2026-01-13T21:49:32Z,Core,3,马林康的Apple Watch
2f383c7e-685a-4859-92a4-f0d9e855acf5,2026-01-13T21:49:32Z,2026-01-13T22:07:00Z,REM,5,马林康的Apple Watch
43f79cdd-817d-40fc-92c6-9fe358364f05,2026-01-13T22:07:00Z,2026-01-13T22:10:00Z,Awake,2,马林康的Apple Watch
ae199a63-0af5-41dd-95a2-4d7fabb62355,2026-01-13T22:10:00Z,2026-01-13T22:10:30Z,Core,3,马林康的Apple Watch
5daa5a5f-5f80-4457-be43-f95eea564d8b,2026-01-13T22:10:30Z,2026-01-13T22:23:59Z,REM,5,马林康的Apple Watch
176c82fd-bed3-4220-b30c-cfc3df31ff09,2026-01-13T22:23:59Z,2026-01-13T22:40:28Z,Awake,2,马林康的Apple Watch
d1cfeef2-1ba7-45b9-94af-b2de1460ebbf,2026-01-13T22:40:28Z,2026-01-13T22:44:58Z,Core,3,马林康的Apple Watch
a3f82706-bd50-4851-ba96-aa0a4fe6be37,2026-01-13T22:44:58Z,2026-01-13T22:46:58Z,Awake,2,马林康的Apple Watch
bd705300-812d-4546-a2ae-e0af2dc38c83,2026-01-13T22:46:58Z,2026-01-13T22:47:58Z,Core,3,马林康的Apple Watch
04c0bf88-fa44-4936-84c5-c2a312888c04,2026-01-13T22:47:58Z,2026-01-13T22:51:28Z,Awake,2,马林康的Apple Watch
1c9e10dc-5521-4c30-b576-203fe5f195f6,2026-01-13T22:51:28Z,2026-01-13T22:53:27Z,Core,3,马林康的Apple Watch
0747bc7a-a0cc-4418-a22c-9e2c7b2d9c25,2026-01-14T04:59:00Z,2026-01-14T05:55:00Z,In Bed,0,AutoSleep
ffe127da-63a9-4186-9093-963507ac637e,2026-01-14T04:59:00Z,2026-01-14T05:55:00Z,Asleep Unspecified,1,AutoSleep
13b61667-1145-485e-a08f-47757e9f8b81,2026-01-14T15:45:00Z,2026-01-14T20:17:00Z,Asleep Unspecified,1,AutoSleep
c5c82b37-6870-48cc-a25f-416bc19bd495,2026-01-14T15:45:00Z,2026-01-14T23:01:00Z,In Bed,0,AutoSleep
b032c07b-a1e4-4acb-aff0-30a236f77c75,2026-01-14T15:56:56Z,2026-01-14T15:58:26Z,Core,3,马林康的Apple Watch
3947f3b1-8494-4623-9c9b-6b75e86481ab,2026-01-14T15:58:26Z,2026-01-14T15:59:56Z,Awake,2,马林康的Apple Watch
29fa3b9f-9733-4bd8-9e45-2fb1cfbc74a4,2026-01-14T15:59:56Z,2026-01-14T16:17:25Z,Core,3,马林康的Apple Watch
3c749d48-0e86-4b3e-ac5d-9370e3cb28f7,2026-01-14T16:17:25Z,2026-01-14T16:29:24Z,Deep,4,马林康的Apple Watch
29a01a54-d012-4cae-b3a3-bdfa9f96231f,2026-01-14T16:29:24Z,2026-01-14T16:29:54Z,Awake,2,马林康的Apple Watch
4413aadd-4648-45f2-884e-ee174ed1ada0,2026-01-14T16:29:54Z,2026-01-14T16:39:53Z,Core,3,马林康的Apple Watch
6496ba8c-5633-44c0-89b1-5c31908e449d,2026-01-14T16:39:53Z,2026-01-14T16:42:23Z,Deep,4,马林康的Apple Watch
c307f0b9-1e1f-4058-a259-64179d2ce0b6,2026-01-14T16:42:23Z,2026-01-14T16:43:23Z,Core,3,马林康的Apple Watch
a0e7d778-af3c-44d0-8344-9ac23f8776c9,2026-01-14T16:43:23Z,2026-01-14T16:45:53Z,Awake,2,马林康的Apple Watch
15f7ff4c-1074-41a0-83b9-29e28f1c8c73,2026-01-14T16:45:53Z,2026-01-14T17:03:21Z,Core,3,马林康的Apple Watch
a38c2291-c84c-40c2-8ffa-fa89d7d16e13,2026-01-14T17:03:21Z,2026-01-14T17:28:20Z,Deep,4,马林康的Apple Watch
cf06839b-6fd2-4113-9acd-623a22ffff39,2026-01-14T17:28:20Z,2026-01-14T17:34:19Z,Core,3,马林康的Apple Watch
bbfa5660-93db-4cb5-9948-93c161f6abe9,2026-01-14T17:34:19Z,2026-01-14T17:41:19Z,REM,5,马林康的Apple Watch
3d378736-496f-47a0-89af-698043735bd5,2026-01-14T17:41:19Z,2026-01-14T17:57:18Z,Core,3,马林康的Apple Watch
39f3584e-77ce-4956-9787-91b4a06eff42,2026-01-14T17:57:18Z,2026-01-14T17:58:48Z,Awake,2,马林康的Apple Watch
181f3583-a0b9-4042-954d-82e6fbfac630,2026-01-14T17:58:48Z,2026-01-14T18:27:46Z,Core,3,马林康的Apple Watch
a953dd90-624c-4926-adbb-c1db5e961759,2026-01-14T18:27:46Z,2026-01-14T18:39:45Z,Deep,4,马林康的Apple Watch
17448688-08e8-49fc-b379-69e6c803923d,2026-01-14T18:39:45Z,2026-01-14T18:41:45Z,Core,3,马林康的Apple Watch
5a906853-55f3-4f0f-91f7-eb6d04b13dcd,2026-01-14T18:41:45Z,2026-01-14T18:48:14Z,REM,5,马林康的Apple Watch
ef980e70-a303-4d15-aa6a-2a80e3c2e2d4,2026-01-14T18:48:14Z,2026-01-14T18:48:44Z,Awake,2,马林康的Apple Watch
59d6d881-3a1c-459e-9735-7638f7b2c546,2026-01-14T18:48:44Z,2026-01-14T18:50:44Z,REM,5,马林康的Apple Watch
a39c24a7-0da8-4abe-989f-13a0e223fc95,2026-01-14T18:50:44Z,2026-01-14T18:51:44Z,Awake,2,马林康的Apple Watch
b3ddb299-68f3-41c0-875e-578b3d4d7346,2026-01-14T18:51:44Z,2026-01-14T19:06:13Z,REM,5,马林康的Apple Watch
ccb33f6d-3257-40cb-85b9-a07eb7d0e2cb,2026-01-14T19:06:13Z,2026-01-14T19:07:43Z,Awake,2,马林康的Apple Watch
945ffb7d-1357-4630-a855-4f60755590af,2026-01-14T19:07:43Z,2026-01-14T19:15:12Z,Core,3,马林康的Apple Watch
50c6cbd0-8d6a-41dd-9b31-83112f18a744,2026-01-14T19:15:12Z,2026-01-14T19:16:12Z,Awake,2,马林康的Apple Watch
d58448fb-54dd-45fa-b667-299028543e5e,2026-01-14T19:16:12Z,2026-01-14T20:22:08Z,Core,3,马林康的Apple Watch
0b6a9d72-7131-4203-bd3c-ff77a7ebbfad,2026-01-14T20:22:08Z,2026-01-14T20:32:07Z,REM,5,马林康的Apple Watch
d3391c67-6e11-4b0c-9686-248da73d9c67,2026-01-14T20:32:07Z,2026-01-14T20:37:07Z,Awake,2,马林康的Apple Watch
be7db84e-5b55-4cf8-bd9f-3a64dfd04f68,2026-01-14T20:37:07Z,2026-01-14T20:38:07Z,Core,3,马林康的Apple Watch
f1976beb-52c9-43f6-8eca-02ec1bbf6b81,2026-01-14T20:38:07Z,2026-01-14T20:40:36Z,REM,5,马林康的Apple Watch
20eb2b9b-7530-4faa-8c05-54b454963257,2026-01-14T20:40:36Z,2026-01-14T20:42:06Z,Core,3,马林康的Apple Watch
e3f00f5c-1851-4451-9482-2b17a98a81df,2026-01-14T20:41:00Z,2026-01-14T22:11:00Z,Asleep Unspecified,1,AutoSleep
1fd66609-8aec-46ab-a549-8dad91cb0a42,2026-01-14T20:42:06Z,2026-01-14T20:54:36Z,REM,5,马林康的Apple Watch
0cc4fb4d-a1ee-4556-8117-e350c3429e85,2026-01-14T20:54:36Z,2026-01-14T20:55:35Z,Awake,2,马林康的Apple Watch
70dfc5d4-7b9c-434f-96c9-0d30e8d7022b,2026-01-14T20:55:35Z,2026-01-14T20:56:05Z,Core,3,马林康的Apple Watch
8abbabce-b97d-42d8-9f47-096fa5799a56,2026-01-14T20:56:05Z,2026-01-14T20:59:35Z,REM,5,马林康的Apple Watch
5b22702d-af2c-478d-8118-f0d3f0452d00,2026-01-14T20:59:35Z,2026-01-14T21:01:05Z,Core,3,马林康的Apple Watch
2dc2d0e0-1c53-4509-8e4b-5d8ab7a25754,2026-01-14T21:01:05Z,2026-01-14T21:03:05Z,Awake,2,马林康的Apple Watch
8cc293b1-9dae-483a-9e40-d82d5ba19b80,2026-01-14T21:03:05Z,2026-01-14T21:05:05Z,Core,3,马林康的Apple Watch
fb785e5c-1ca1-4ae9-8080-ab2bb20046c1,2026-01-14T21:05:05Z,2026-01-14T21:09:35Z,REM,5,马林康的Apple Watch
c2153dbc-8974-4c87-b04b-ecbe37f7c758,2026-01-14T21:09:35Z,2026-01-14T21:13:34Z,Awake,2,马林康的Apple Watch
f5c64af4-3ae4-4182-8181-f46f2846dfae,2026-01-14T21:13:34Z,2026-01-14T21:20:04Z,Core,3,马林康的Apple Watch
76d0992b-cbb0-4ad5-8f13-70b11ef284ee,2026-01-14T21:20:04Z,2026-01-14T21:23:04Z,Awake,2,马林康的Apple Watch
34b7e576-9d01-41b2-9ebd-90dba3c10e58,2026-01-14T21:23:04Z,2026-01-14T22:03:31Z,Core,3,马林康的Apple Watch
17ba0f30-36cd-44a4-a773-da38850a8d4f,2026-01-14T22:03:31Z,2026-01-14T22:10:31Z,Deep,4,马林康的Apple Watch
b378a3f8-8669-4060-964d-6a77bba2642a,2026-01-14T22:10:31Z,2026-01-14T22:14:30Z,Awake,2,马林康的Apple Watch
543371f3-f347-4863-ba9f-01cd09448765,2026-01-14T22:14:30Z,2026-01-14T22:16:30Z,Core,3,马林康的Apple Watch
a938a522-bc74-4c1b-9b19-3c9474570153,2026-01-14T22:26:00Z,2026-01-14T23:01:00Z,Asleep Unspecified,1,AutoSleep
9f21ead2-d8e0-48b7-95db-95df4777f83f,2026-01-15T16:11:00Z,2026-01-15T22:50:00Z,In Bed,0,AutoSleep
e4e59d5b-d3a2-4563-be52-0e77a0ad97b7,2026-01-15T16:11:00Z,2026-01-15T22:50:00Z,Asleep Unspecified,1,AutoSleep
3f519fd0-7d5e-424b-9654-09e3958018d6,2026-01-15T16:23:23Z,2026-01-15T16:24:53Z,Core,3,马林康的Apple Watch
3a8cdc61-734d-47e2-b3ab-aa9292d1fd8f,2026-01-15T16:24:53Z,2026-01-15T16:25:23Z,Awake,2,马林康的Apple Watch
5ba080a3-7d5b-41ab-ba79-f31a7f1a2727,2026-01-15T16:25:23Z,2026-01-15T16:40:22Z,Core,3,马林康的Apple Watch
0aaf8b70-549b-4dfe-a2f0-a90281056314,2026-01-15T16:40:22Z,2026-01-15T17:00:20Z,Deep,4,马林康的Apple Watch
c6a8066d-69e9-4851-8347-f3b2742d4f95,2026-01-15T17:00:20Z,2026-01-15T17:15:19Z,Core,3,马林康的Apple Watch
f6c30264-941a-435f-a609-1312c4e1048c,2026-01-15T17:15:19Z,2026-01-15T17:24:19Z,Deep,4,马林康的Apple Watch
2acbf1a9-9254-4332-88d4-dc838bea8ca3,2026-01-15T17:24:19Z,2026-01-15T18:11:16Z,Core,3,马林康的Apple Watch
b1067608-1556-4376-9720-62e2dbf9bada,2026-01-15T18:11:16Z,2026-01-15T18:53:13Z,Deep,4,马林康的Apple Watch
61b62b9b-db06-452f-9d5c-4e260368b87c,2026-01-15T18:53:13Z,2026-01-15T19:05:42Z,Core,3,马林康的Apple Watch
d6ff7b26-b428-4a67-bb84-9f0f31e3c94f,2026-01-15T19:05:42Z,2026-01-15T19:23:11Z,REM,5,马林康的Apple Watch
862202f2-d8c1-4fd5-8599-400a9ef48d2a,2026-01-15T19:23:11Z,2026-01-15T19:28:11Z,Awake,2,马林康的Apple Watch
2e453758-5264-4dd5-b3ba-b78769cf1ab2,2026-01-15T19:28:11Z,2026-01-15T20:44:36Z,Core,3,马林康的Apple Watch
61efb031-951b-4519-994d-3c4099e49cb9,2026-01-15T20:44:36Z,2026-01-15T21:24:03Z,REM,5,马林康的Apple Watch
8840744a-5d11-4120-afcd-f650c35437b1,2026-01-15T21:24:03Z,2026-01-15T21:24:33Z,Awake,2,马林康的Apple Watch
363e4ae0-6028-479b-8f77-7e6da006cbc6,2026-01-15T21:24:33Z,2026-01-15T22:16:30Z,Core,3,马林康的Apple Watch
5b06a833-1a2f-4b0f-89c6-099fd143a9fb,2026-01-15T22:16:30Z,2026-01-15T22:17:00Z,Awake,2,马林康的Apple Watch
be796acf-7f8b-4be5-94a2-6ad303eae020,2026-01-15T22:17:00Z,2026-01-15T22:28:59Z,Core,3,马林康的Apple Watch
bc6aa0a2-12e9-45f8-b7c8-a7b6a0584208,2026-01-15T22:28:59Z,2026-01-15T22:32:29Z,Awake,2,马林康的Apple Watch
4ea80452-5e27-4c10-a13e-1de0d0601296,2026-01-15T22:32:29Z,2026-01-15T22:36:59Z,Core,3,马林康的Apple Watch
1afbd407-dfc1-4fa9-a3f3-f56cf3606cd9,2026-01-16T05:30:00Z,2026-01-16T06:00:00Z,Asleep Unspecified,1,AutoSleep
e7c370fd-63a9-416b-a150-f6db5c7909df,2026-01-16T05:30:00Z,2026-01-16T06:00:00Z,In Bed,0,AutoSleep
46c3417d-f4ce-44c3-8f81-5e5fd93ed719,2026-01-16T15:15:00Z,2026-01-17T01:08:00Z,In Bed,0,AutoSleep
7a493390-4737-4cb3-b814-48fc9622bd5a,2026-01-16T15:15:00Z,2026-01-16T15:42:00Z,Asleep Unspecified,1,AutoSleep
d809840d-af6b-49e0-9f0c-840c42b490c7,2026-01-16T17:21:00Z,2026-01-16T23:01:00Z,Asleep Unspecified,1,AutoSleep
c163605f-03a6-4664-8424-f3d90f460355,2026-01-16T17:26:09Z,2026-01-16T17:28:08Z,Core,3,马林康的Apple Watch
a31ae9b9-fcfb-4167-958e-b1db0d0b053d,2026-01-16T17:28:08Z,2026-01-16T17:29:38Z,Awake,2,马林康的Apple Watch
0ef5522e-1da7-4c0d-af9a-e2693c96fc4a,2026-01-16T17:29:38Z,2026-01-16T17:43:07Z,Core,3,马林康的Apple Watch
b0c92a2b-fdca-4fd0-877e-a20a335ff70b,2026-01-16T17:43:07Z,2026-01-16T18:05:06Z,Deep,4,马林康的Apple Watch
a68fa376-abb8-4261-8f25-ef3fd7cfb7e1,2026-01-16T18:05:06Z,2026-01-16T18:05:36Z,Awake,2,马林康的Apple Watch
c76eba12-43f7-4fbb-9ddc-3d1c6cb3385a,2026-01-16T18:05:36Z,2026-01-16T18:14:35Z,Core,3,马林康的Apple Watch
c042f2ed-6185-41d4-8a1a-ae2c76185725,2026-01-16T18:14:35Z,2026-01-16T18:16:05Z,REM,5,马林康的Apple Watch
c11f81ec-b195-47c3-80d5-fab624f2f65e,2026-01-16T18:16:05Z,2026-01-16T18:16:35Z,Core,3,马林康的Apple Watch
4ccc2b91-fabd-465c-a207-51bf496c0790,2026-01-16T18:16:35Z,2026-01-16T18:19:35Z,Awake,2,马林康的Apple Watch
1c1c37ec-29cf-42dc-9e0c-a1f6aeb5f2c6,2026-01-16T18:19:35Z,2026-01-16T18:39:04Z,Core,3,马林康的Apple Watch
43bc1595-4768-48a5-9fd6-ff591b6ee9dd,2026-01-16T18:39:04Z,2026-01-16T19:02:32Z,Deep,4,马林康的Apple Watch
9123649a-ea0e-499e-9217-ab436fb38be0,2026-01-16T19:02:32Z,2026-01-16T19:06:02Z,Core,3,马林康的Apple Watch
781cbdfe-85ff-466d-ac58-940554834161,2026-01-16T19:06:02Z,2026-01-16T19:25:01Z,REM,5,马林康的Apple Watch
9a230be5-e4df-4cb0-831b-1eadedfc0dc4,2026-01-16T19:25:01Z,2026-01-16T19:54:29Z,Core,3,马林康的Apple Watch
183a7975-be7b-4bbc-858c-cc51f7494249,2026-01-16T19:54:29Z,2026-01-16T20:03:28Z,Deep,4,马林康的Apple Watch
b9751d77-d6f9-4d18-830c-f3e23f9fa9f4,2026-01-16T20:03:28Z,2026-01-16T20:19:27Z,Core,3,马林康的Apple Watch
f327335a-27b0-4db0-b9d5-50cbc9b00bec,2026-01-16T20:19:27Z,2026-01-16T20:19:57Z,Awake,2,马林康的Apple Watch
38f3ba5b-23c3-4129-a23b-97879b2712b8,2026-01-16T20:19:57Z,2026-01-16T20:23:57Z,Core,3,马林康的Apple Watch
e8c7541e-1532-4779-bdb4-7fed5d27f666,2026-01-16T20:23:57Z,2026-01-16T20:27:56Z,REM,5,马林康的Apple Watch
02d074a5-3892-468e-ac34-633d23344b05,2026-01-16T20:27:56Z,2026-01-16T20:28:26Z,Core,3,马林康的Apple Watch
cc075461-6800-486c-9dc8-22d617cc5223,2026-01-16T20:28:26Z,2026-01-16T20:49:25Z,REM,5,马林康的Apple Watch
d845da85-aa9b-45fa-9062-1ea6cdab7de7,2026-01-16T20:49:25Z,2026-01-16T20:52:25Z,Awake,2,马林康的Apple Watch
77b3f4ee-4142-4a7a-a1ae-330ad9fdc410,2026-01-16T20:52:25Z,2026-01-16T21:35:52Z,Core,3,马林康的Apple Watch
7e6642a6-147e-45cd-b15a-177c0c8e932a,2026-01-16T21:35:52Z,2026-01-16T21:37:22Z,Awake,2,马林康的Apple Watch
edb238a6-474b-42a0-b636-52d3e3f50bb2,2026-01-16T21:37:22Z,2026-01-16T21:42:51Z,Core,3,马林康的Apple Watch
c0d2ecfe-e88d-4cc3-bae1-1e7e6d205363,2026-01-16T21:42:51Z,2026-01-16T21:58:50Z,REM,5,马林康的Apple Watch
2ee6b0c1-cf8f-44ff-8c74-6eefa2ba8b4f,2026-01-16T21:58:50Z,2026-01-16T22:00:50Z,Awake,2,马林康的Apple Watch
83adebc2-e2ca-43fc-bb67-23b7497a52c4,2026-01-16T22:00:50Z,2026-01-16T22:36:18Z,Core,3,马林康的Apple Watch
4e004d9c-4948-4bc9-b89b-fc752628a850,2026-01-16T22:36:18Z,2026-01-16T22:37:18Z,Awake,2,马林康的Apple Watch
511ce680-2b26-429c-a836-44acf63b4cb5,2026-01-16T22:37:18Z,2026-01-16T22:50:47Z,Core,3,马林康的Apple Watch
dee75a3a-b7b1-4e7a-b4c4-769f2c1c3a88,2026-01-16T22:50:47Z,2026-01-16T22:51:47Z,Awake,2,马林康的Apple Watch
f0053409-b8a5-4464-8dca-a428c4628904,2026-01-16T22:51:47Z,2026-01-16T22:54:47Z,Core,3,马林康的Apple Watch
b932be5d-42d2-4c48-9779-201b86f8426e,2026-01-16T22:54:47Z,2026-01-16T23:01:16Z,REM,5,马林康的Apple Watch
45eaada3-3946-495a-9610-d3c2f9e8d94b,2026-01-16T23:01:16Z,2026-01-16T23:01:46Z,Core,3,马林康的Apple Watch
675430b6-499d-4a24-a77d-041d6945e2d9,2026-01-16T23:01:46Z,2026-01-16T23:02:16Z,Awake,2,马林康的Apple Watch
cadfe464-258a-4346-a549-428c0a510f53,2026-01-16T23:02:16Z,2026-01-16T23:09:46Z,REM,5,马林康的Apple Watch
6c007cec-38d4-48fc-8956-336716b9d439,2026-01-16T23:09:46Z,2026-01-16T23:14:15Z,Awake,2,马林康的Apple Watch
885ee35c-f09a-4093-8106-6adf474ff343,2026-01-16T23:14:15Z,2026-01-16T23:15:15Z,Core,3,马林康的Apple Watch
08af7913-4ac8-4e21-8e5e-9ed0a3a995db,2026-01-16T23:15:15Z,2026-01-16T23:16:15Z,Awake,2,马林康的Apple Watch
d721de3f-4fc8-4e59-a305-88fe13d9a250,2026-01-16T23:16:00Z,2026-01-17T01:08:00Z,Asleep Unspecified,1,AutoSleep
599dd909-1813-44c6-98a3-f2bc51bbc6b5,2026-01-16T23:16:15Z,2026-01-16T23:46:13Z,Core,3,马林康的Apple Watch
caa6e653-0d7d-4e9f-b034-13130f763483,2026-01-16T23:46:13Z,2026-01-16T23:49:43Z,Awake,2,马林康的Apple Watch
8b47dbe6-82c0-41ab-a5d0-54cc76cfd1cc,2026-01-16T23:49:43Z,2026-01-17T00:28:40Z,Core,3,马林康的Apple Watch
0ec64db5-5370-4249-b614-4bf72da83c7f,2026-01-17T00:28:40Z,2026-01-17T00:36:10Z,Awake,2,马林康的Apple Watch
68275aa9-c152-4227-b061-fd170531c72a,2026-01-17T00:36:10Z,2026-01-17T00:39:40Z,Core,3,马林康的Apple Watch
484fd8b7-8d7d-4f9f-8879-f920e43382f7,2026-01-17T00:39:40Z,2026-01-17T00:50:39Z,REM,5,马林康的Apple Watch
5e47144c-775b-41cd-b68a-9855bec02280,2026-01-17T00:50:39Z,2026-01-17T00:51:09Z,Awake,2,马林康的Apple Watch
d3cd26a3-b15a-40af-9e07-5b5093c1839b,2026-01-17T00:51:09Z,2026-01-17T01:05:38Z,Core,3,马林康的Apple Watch
2386ed7e-70fa-499e-a6ab-8e7bf6d56507,2026-01-17T16:35:00Z,2026-01-17T17:03:00Z,Asleep Unspecified,1,AutoSleep
f7ae85f1-e119-42e0-8dba-09951ef3a801,2026-01-17T16:35:00Z,2026-01-18T02:17:00Z,In Bed,0,AutoSleep
be1a2a8a-53b3-4a55-911a-0d2ba4826bfc,2026-01-17T18:00:00Z,2026-01-17T22:07:00Z,Asleep Unspecified,1,AutoSleep
80f789bb-088f-4668-8109-f0056db4d306,2026-01-17T18:11:32Z,2026-01-17T18:32:01Z,Core,3,马林康的Apple Watch
6c9878ec-bbd8-42f2-9019-d4f266d71dd5,2026-01-17T18:32:01Z,2026-01-17T19:07:59Z,Deep,4,马林康的Apple Watch
a8e9bf6a-3581-4ea7-8bc4-68249f87f630,2026-01-17T19:07:59Z,2026-01-17T19:09:59Z,Awake,2,马林康的Apple Watch
9fc06396-ce3d-4d75-bff1-9024f3f11462,2026-01-17T19:09:59Z,2026-01-17T19:44:26Z,Core,3,马林康的Apple Watch
54263432-1bf6-458e-a54a-8bcd9928e573,2026-01-17T19:44:26Z,2026-01-17T19:46:26Z,Awake,2,马林康的Apple Watch
14968e40-cce1-41d1-aa8d-496e96412a05,2026-01-17T19:46:26Z,2026-01-17T20:26:54Z,Core,3,马林康的Apple Watch
b9b1edba-f707-459b-a6a0-ab566a0aa2a3,2026-01-17T20:26:54Z,2026-01-17T20:35:23Z,REM,5,马林康的Apple Watch
7470abe5-e137-4cc3-8740-f3b7cdf00f02,2026-01-17T20:35:23Z,2026-01-17T20:36:53Z,Awake,2,马林康的Apple Watch
186811ca-a97a-4837-8fc1-e7d94c3ad274,2026-01-17T20:36:53Z,2026-01-17T21:13:50Z,Core,3,马林康的Apple Watch
0a8e8476-0fb9-4302-9aab-022226e3f420,2026-01-17T21:13:50Z,2026-01-17T21:29:19Z,Deep,4,马林康的Apple Watch
649c46ee-a946-4734-a036-8a6d306a2a4e,2026-01-17T21:29:19Z,2026-01-17T21:37:49Z,Core,3,马林康的Apple Watch
9feeebfc-5e7a-4390-8c56-a8334c361108,2026-01-17T21:37:49Z,2026-01-17T21:47:48Z,REM,5,马林康的Apple Watch
18c5c987-d17b-4d63-9b4d-8714720289dd,2026-01-17T21:47:48Z,2026-01-17T21:48:18Z,Awake,2,马林康的Apple Watch
04145e7e-9064-4d2c-b802-e4390117e00d,2026-01-17T21:48:18Z,2026-01-17T21:49:18Z,REM,5,马林康的Apple Watch
8a84340a-f222-4cdd-ac1a-d1ee2bb8ad72,2026-01-17T21:49:18Z,2026-01-17T21:51:18Z,Awake,2,马林康的Apple Watch
c79affdd-49e0-4930-b3b2-a45d9e1ea19e,2026-01-17T21:51:18Z,2026-01-17T22:07:17Z,REM,5,马林康的Apple Watch
9ac94cd7-c638-4930-9039-9c7a990112ff,2026-01-17T22:07:17Z,2026-01-17T22:13:16Z,Awake,2,马林康的Apple Watch
989d3a5d-bcb7-41c6-8264-0f8f58fc0b83,2026-01-17T22:13:16Z,2026-01-17T22:35:15Z,Core,3,马林康的Apple Watch
36b6a44b-dac2-40af-8594-5a623f56c7f1,2026-01-17T22:35:15Z,2026-01-17T22:36:15Z,Awake,2,马林康的Apple Watch
3baffb2a-69bb-42c6-85f0-33de074c7f31,2026-01-17T22:36:15Z,2026-01-17T22:37:15Z,Core,3,马林康的Apple Watch
098aa3d9-2514-4f05-ad17-c3f4360361dc,2026-01-17T22:37:15Z,2026-01-17T22:37:45Z,Awake,2,马林康的Apple Watch
06daf115-29c1-46a6-90ef-1b611a4b8ce7,2026-01-17T22:37:45Z,2026-01-17T22:39:45Z,Core,3,马林康的Apple Watch
9f8e6120-bac3-4fb5-beeb-80fcda72d5a8,2026-01-17T22:39:45Z,2026-01-17T22:41:14Z,Awake,2,马林康的Apple Watch
ee831462-469b-47b4-b220-98ec1106074a,2026-01-17T22:41:00Z,2026-01-18T00:01:00Z,Asleep Unspecified,1,AutoSleep
c6686e97-1f5d-4c25-8088-6c06025ed042,2026-01-17T22:41:14Z,2026-01-17T22:43:14Z,Core,3,马林康的Apple Watch
74e85236-425b-4874-8828-1ec0c45838b5,2026-01-17T22:43:14Z,2026-01-17T22:50:14Z,Awake,2,马林康的Apple Watch
9d273922-3c50-41f4-bfec-43775e157255,2026-01-17T22:50:14Z,2026-01-17T23:28:41Z,Core,3,马林康的Apple Watch
ac661017-ecdb-4954-b0ca-8631af5ed4f9,2026-01-17T23:28:41Z,2026-01-17T23:36:11Z,Awake,2,马林康的Apple Watch
b261a2b5-8146-4c3c-9445-4872679aae99,2026-01-17T23:36:11Z,2026-01-17T23:41:11Z,Core,3,马林康的Apple Watch
12de8f3d-6f89-48e2-8d12-201bd2904b90,2026-01-17T23:41:11Z,2026-01-17T23:44:41Z,REM,5,马林康的Apple Watch
be14438f-f86c-46da-9b14-1173f3c3e037,2026-01-17T23:44:41Z,2026-01-17T23:45:40Z,Core,3,马林康的Apple Watch
60972d38-da7b-4775-a546-46d96c7aee0c,2026-01-17T23:45:40Z,2026-01-17T23:46:10Z,REM,5,马林康的Apple Watch
da820b75-9fb0-4f48-bdf7-fe5f995a9cc9,2026-01-17T23:46:10Z,2026-01-17T23:47:40Z,Core,3,马林康的Apple Watch
86bd1700-6acf-43ce-8fb3-18891d77572f,2026-01-18T01:54:00Z,2026-01-18T02:17:00Z,Asleep Unspecified,1,AutoSleep
76643053-9410-42f8-bd04-4fd18846f015,2026-01-18T15:05:00Z,2026-01-18T15:15:00Z,Asleep Unspecified,1,AutoSleep
c2157b80-74e7-4d67-a4e8-86eb0026389b,2026-01-18T15:05:00Z,2026-01-18T22:50:00Z,In Bed,0,AutoSleep
4a2630c8-ea8b-4895-aca0-e2da95ef9e66,2026-01-18T15:33:00Z,2026-01-18T16:01:00Z,Asleep Unspecified,1,AutoSleep
cedbb70d-a23d-43de-9787-a567b9fd5f2e,2026-01-18T16:51:00Z,2026-01-18T22:50:00Z,Asleep Unspecified,1,AutoSleep
c8a946e6-b427-43b6-a3ed-54093c7092b1,2026-01-18T17:11:05Z,2026-01-18T17:31:03Z,Core,3,马林康的Apple Watch
75cc5f87-ae4c-42c2-bc3f-dc3516a8f3b3,2026-01-18T17:31:03Z,2026-01-18T17:59:31Z,Deep,4,马林康的Apple Watch
91789b7a-969f-4c13-9ac0-b3438476c306,2026-01-18T17:59:31Z,2026-01-18T18:21:30Z,Core,3,马林康的Apple Watch
ee574388-5d54-415c-af27-b12d515bb9b0,2026-01-18T18:21:30Z,2026-01-18T18:25:00Z,Deep,4,马林康的Apple Watch
6d416aea-6cd1-4ab8-9121-02991b18b8cb,2026-01-18T18:25:00Z,2026-01-18T18:27:00Z,Awake,2,马林康的Apple Watch
5a3be745-eda3-4d80-bd76-785eb85e299b,2026-01-18T18:27:00Z,2026-01-18T18:50:28Z,Core,3,马林康的Apple Watch
d8c91398-5c24-4407-91bd-d4d6648a716f,2026-01-18T18:50:28Z,2026-01-18T19:09:27Z,Deep,4,马林康的Apple Watch
dfb79ed2-e0a3-4a61-bc3f-616201390e11,2026-01-18T19:09:27Z,2026-01-18T19:33:25Z,Core,3,马林康的Apple Watch
4185f05c-a3ef-4ea4-97e7-d48166fe5263,2026-01-18T19:33:25Z,2026-01-18T19:39:55Z,REM,5,马林康的Apple Watch
04c8fffe-139d-4097-803f-c24cfd2fdef1,2026-01-18T19:39:55Z,2026-01-18T20:18:52Z,Core,3,马林康的Apple Watch
1a4173c6-4c6b-4aa5-ab55-865c667e5b79,2026-01-18T20:18:52Z,2026-01-18T20:22:52Z,Deep,4,马林康的Apple Watch
9385d303-a076-45b9-bdb1-f37f839cb517,2026-01-18T20:22:52Z,2026-01-18T20:45:20Z,Core,3,马林康的Apple Watch
74909566-91a9-4806-9f68-f2026addc0a8,2026-01-18T20:45:20Z,2026-01-18T20:47:20Z,Deep,4,马林康的Apple Watch
fa689a5b-a7f2-4fcf-a190-855c0f9e683d,2026-01-18T20:47:20Z,2026-01-18T20:51:50Z,Core,3,马林康的Apple Watch
d8f71bdd-0642-4eb3-9416-d910044c4edd,2026-01-18T20:51:50Z,2026-01-18T21:22:48Z,REM,5,马林康的Apple Watch
afec6a06-abc2-4a3a-a3c5-384678239fed,2026-01-18T21:22:48Z,2026-01-18T21:24:18Z,Awake,2,马林康的Apple Watch
aaba822c-d927-4cab-b9d5-fcce56f997f1,2026-01-18T21:24:18Z,2026-01-18T21:32:47Z,REM,5,马林康的Apple Watch
2cd9efc4-34f5-458b-9b09-8ee95020d507,2026-01-18T21:32:47Z,2026-01-18T22:26:13Z,Core,3,马林康的Apple Watch
5db498f8-365c-4d25-96bc-19f29645a94c,2026-01-19T05:29:00Z,2026-01-19T06:00:00Z,In Bed,0,AutoSleep
9c33a54b-4f59-4bf6-810d-25e2a24cfdea,2026-01-19T05:29:00Z,2026-01-19T06:00:00Z,Asleep Unspecified,1,AutoSleep
352a1154-1ab4-4ef6-94a0-998f62900042,2026-01-19T14:49:00Z,2026-01-19T17:58:00Z,Asleep Unspecified,1,AutoSleep
e7d7dd85-5002-44d8-beca-86a252065a87,2026-01-19T14:49:00Z,2026-01-19T22:08:00Z,In Bed,0,AutoSleep
74080c87-bb72-47a0-86c8-b4f552e763f9,2026-01-19T15:13:17Z,2026-01-19T15:25:46Z,Core,3,马林康的Apple Watch
3a431e4b-674e-486d-b614-0eaaec09ceda,2026-01-19T15:25:46Z,2026-01-19T15:27:16Z,Awake,2,马林康的Apple Watch
29850039-7c7e-46a3-8a89-6022e195f351,2026-01-19T15:27:16Z,2026-01-19T15:40:45Z,Core,3,马林康的Apple Watch
6097e71a-b367-4a56-a4b7-15a0ab4048c8,2026-01-19T15:40:45Z,2026-01-19T15:43:45Z,Deep,4,马林康的Apple Watch
4f29dcf9-79de-4310-8d6d-66155fe00fd2,2026-01-19T15:43:45Z,2026-01-19T15:44:15Z,Core,3,马林康的Apple Watch
208d19c9-7b64-4b58-9fa3-b07c5e193a1b,2026-01-19T15:44:15Z,2026-01-19T16:10:43Z,Deep,4,马林康的Apple Watch
5b907a90-b6bd-42bc-b33b-cfb778cbe465,2026-01-19T16:10:43Z,2026-01-19T16:11:13Z,Awake,2,马林康的Apple Watch
f9c442ec-628b-462b-b6c2-f7fd7ce941c7,2026-01-19T16:11:13Z,2026-01-19T16:31:11Z,Core,3,马林康的Apple Watch
72399b7e-a98e-4a34-81c0-ee65c35e8e25,2026-01-19T16:31:11Z,2026-01-19T16:33:41Z,Awake,2,马林康的Apple Watch
b9523c76-e001-4de6-8d36-b6bb07e8d496,2026-01-19T16:33:41Z,2026-01-19T16:57:09Z,Core,3,马林康的Apple Watch
bc59da5f-b5c2-4dc7-b8c8-fd1526c786d7,2026-01-19T16:57:09Z,2026-01-19T17:14:38Z,Deep,4,马林康的Apple Watch
79490e34-b288-4704-88e4-b46f56ed1608,2026-01-19T17:14:38Z,2026-01-19T17:33:37Z,Core,3,马林康的Apple Watch
27dc9676-5ba7-444e-a07e-b081c991c87f,2026-01-19T17:33:37Z,2026-01-19T17:56:05Z,REM,5,马林康的Apple Watch
2add07a7-15e1-4331-b665-80d829d5f22b,2026-01-19T17:56:05Z,2026-01-19T17:58:05Z,Core,3,马林康的Apple Watch
c8f82e88-958f-4da3-8a97-608c43c7bd9f,2026-01-19T17:58:05Z,2026-01-19T18:00:05Z,Awake,2,马林康的Apple Watch
412fdbd6-3fd3-4090-ac8d-ff396e218c92,2026-01-19T18:00:05Z,2026-01-19T18:09:04Z,Core,3,马林康的Apple Watch
79ebb409-b978-4496-a51d-8805811dd1de,2026-01-19T18:09:04Z,2026-01-19T18:10:34Z,Awake,2,马林康的Apple Watch
188bc544-78d9-427d-ad9e-280ab6be6056,2026-01-19T18:10:34Z,2026-01-19T19:06:31Z,Core,3,马林康的Apple Watch
a780de4f-0c42-421c-a502-d857c90f6632,2026-01-19T18:28:00Z,2026-01-19T22:08:00Z,Asleep Unspecified,1,AutoSleep
f20e9224-06ca-4251-90f4-e0ceaecded9f,2026-01-19T19:06:31Z,2026-01-19T19:07:30Z,Awake,2,马林康的Apple Watch
bf852773-9209-44d2-8142-5ae473154e5c,2026-01-19T19:07:30Z,2026-01-19T19:10:30Z,Core,3,马林康的Apple Watch
a40aab6b-80be-4192-b02c-c462332ed22b,2026-01-19T19:10:30Z,2026-01-19T19:23:29Z,REM,5,马林康的Apple Watch
15d1bccb-fcbd-4f9f-a03f-89bbeca419fd,2026-01-19T19:23:29Z,2026-01-19T19:27:59Z,Awake,2,马林康的Apple Watch
83fc6cae-58f6-4b7e-80df-1e74e45fceae,2026-01-19T19:27:59Z,2026-01-19T20:36:25Z,Core,3,马林康的Apple Watch
aaab9fc6-c1e5-4fc1-9f63-249ec8e2bee7,2026-01-19T20:36:25Z,2026-01-19T21:01:53Z,REM,5,马林康的Apple Watch
0dbfa8e4-fe7f-4ec2-941d-a4f74732c193,2026-01-19T21:01:53Z,2026-01-19T21:08:52Z,Awake,2,马林康的Apple Watch
0cdb76fb-0c48-4fc7-b9f7-b93ef52f797a,2026-01-19T21:08:52Z,2026-01-19T21:11:52Z,Core,3,马林康的Apple Watch
c99e2235-890a-4027-914c-340279fa0caf,2026-01-19T21:11:52Z,2026-01-19T21:17:22Z,REM,5,马林康的Apple Watch
3d02f133-0d8a-49cc-bce6-f029b860ebe3,2026-01-19T21:17:22Z,2026-01-19T21:18:52Z,Awake,2,马林康的Apple Watch
b73c4d4e-9338-432b-a08d-87a07876db66,2026-01-19T21:18:52Z,2026-01-19T21:19:52Z,Core,3,马林康的Apple Watch
2c0054a8-df26-42ec-a3e1-1ea91cfd9fca,2026-01-19T21:19:52Z,2026-01-19T21:21:21Z,REM,5,马林康的Apple Watch
690c1e65-a6fb-4276-a8b2-05d4d1009e76,2026-01-19T21:21:21Z,2026-01-19T21:21:51Z,Core,3,马林康的Apple Watch
1f89f632-1af4-4b47-b591-1b829dfef9af,2026-01-19T21:21:51Z,2026-01-19T21:23:21Z,Awake,2,马林康的Apple Watch
be2473b0-bb5b-4ccb-9ae0-b77adae6a1e7,2026-01-19T21:23:21Z,2026-01-19T21:29:51Z,Core,3,马林康的Apple Watch
f5d112dd-c9ef-4c2b-ad8f-28f07b183edc,2026-01-19T21:29:51Z,2026-01-19T21:31:51Z,Awake,2,马林康的Apple Watch
b3283a02-0493-4930-8c3e-6464bd8d6110,2026-01-19T21:31:51Z,2026-01-19T22:05:19Z,Core,3,马林康的Apple Watch
449b5da7-05e1-4dc5-a4a0-754847f1b580,2026-01-20T05:13:00Z,2026-01-20T05:55:00Z,In Bed,0,AutoSleep
c5f63a5c-bc71-46b0-9999-59668db31a14,2026-01-20T05:13:00Z,2026-01-20T05:55:00Z,Asleep Unspecified,1,AutoSleep
8e9d69e1-39ba-49e3-8026-e7cdc1ce79e1,2026-01-20T14:51:18Z,2026-01-20T14:52:18Z,REM,5,马林康的Apple Watch
725ce01e-f5ea-4d0b-8da7-99c335881d8c,2026-01-20T14:52:18Z,2026-01-20T14:56:18Z,Awake,2,马林康的Apple Watch
84c9d4d4-9cc1-4bd7-928b-4dbd6776f1bb,2026-01-20T14:56:18Z,2026-01-20T14:57:18Z,Core,3,马林康的Apple Watch
64ce8d14-bfeb-47ff-8d6a-58e0c959b6ff,2026-01-20T14:57:18Z,2026-01-20T14:57:48Z,Awake,2,马林康的Apple Watch
f1105921-29e3-4f00-9f6e-8f54ae528492,2026-01-20T14:57:48Z,2026-01-20T15:15:47Z,Core,3,马林康的Apple Watch
64bab1ab-3b5d-4ef0-9859-f213cdaa1fd8,2026-01-20T14:58:00Z,2026-01-20T22:01:00Z,Asleep Unspecified,1,AutoSleep
9b66009b-0846-41da-821a-a050ace02438,2026-01-20T14:58:00Z,2026-01-21T02:00:00Z,In Bed,0,AutoSleep
18e8f481-8964-4df1-b616-7e60fd907cd3,2026-01-20T15:15:47Z,2026-01-20T15:49:44Z,Deep,4,马林康的Apple Watch
d802d948-eb6d-4e21-a754-f9e33005424f,2026-01-20T15:49:44Z,2026-01-20T15:56:14Z,Core,3,马林康的Apple Watch
c7de2ec2-3700-48ee-8776-f8718c3c43f0,2026-01-20T15:56:14Z,2026-01-20T15:56:44Z,REM,5,马林康的Apple Watch
aa9fbee8-666d-4658-b40e-6a28cb2978bc,2026-01-20T15:56:44Z,2026-01-20T16:03:14Z,Core,3,马林康的Apple Watch
edead526-7dfd-47c2-9d46-124b8158bce8,2026-01-20T16:03:14Z,2026-01-20T16:04:43Z,Awake,2,马林康的Apple Watch
332ec986-fb57-46da-b36d-b7cae9a4b575,2026-01-20T16:04:43Z,2026-01-20T16:31:12Z,Core,3,马林康的Apple Watch
276d19d5-65f6-4fdd-b25c-56c0f5bdf540,2026-01-20T16:31:12Z,2026-01-20T16:35:11Z,Deep,4,马林康的Apple Watch
af35edcc-0e7f-4d4e-8193-2d987b13a0fd,2026-01-20T16:35:11Z,2026-01-20T16:55:40Z,Core,3,马林康的Apple Watch
508d3206-8df4-4ad7-a83d-9234695dcac5,2026-01-20T16:55:40Z,2026-01-20T16:59:40Z,Awake,2,马林康的Apple Watch
f5f084c4-4b4d-4551-881b-9f604979d9cb,2026-01-20T16:59:40Z,2026-01-20T17:09:09Z,Core,3,马林康的Apple Watch
9fedd676-668f-44cb-abc9-6fa3a96568f3,2026-01-20T17:09:09Z,2026-01-20T17:20:38Z,REM,5,马林康的Apple Watch
617363bf-1325-4836-92b7-b61d9111a6fb,2026-01-20T17:20:38Z,2026-01-20T17:23:08Z,Awake,2,马林康的Apple Watch
8bca3635-67a2-4019-9aa3-02e3f741e40a,2026-01-20T17:23:08Z,2026-01-20T18:01:06Z,Core,3,马林康的Apple Watch
7f116f20-9657-4f0a-b366-3abf2f9cbe59,2026-01-20T18:01:06Z,2026-01-20T18:04:35Z,Awake,2,马林康的Apple Watch
1710cf79-29b2-43e2-b405-3b3d2faa9503,2026-01-20T18:04:35Z,2026-01-20T18:33:03Z,Core,3,马林康的Apple Watch
9b8f8b5b-41e3-40d4-9075-e9d34e9db411,2026-01-20T18:33:03Z,2026-01-20T18:33:33Z,Awake,2,马林康的Apple Watch
4ae8b39c-0e12-48ab-89b0-3fdee17b2d27,2026-01-20T18:33:33Z,2026-01-20T18:40:33Z,Core,3,马林康的Apple Watch
26406a8b-27a7-47cb-9e2a-af6c1a740df1,2026-01-20T18:40:33Z,2026-01-20T18:55:32Z,REM,5,马林康的Apple Watch
e478704e-398b-402e-8185-41929fcc2ed0,2026-01-20T18:55:32Z,2026-01-20T18:57:02Z,Awake,2,马林康的Apple Watch
159473a2-e0f2-49ad-9903-9702c29f8d2f,2026-01-20T18:57:02Z,2026-01-20T19:49:58Z,Core,3,马林康的Apple Watch
a9c64182-cf76-4350-8364-f7da432c2140,2026-01-20T19:49:58Z,2026-01-20T19:57:57Z,Deep,4,马林康的Apple Watch
5484d405-4ab7-43f9-b927-8e56ba23d9f8,2026-01-20T19:57:57Z,2026-01-20T20:00:57Z,Awake,2,马林康的Apple Watch
aef39cf2-4fe0-42a9-8ec0-5b32fc846168,2026-01-20T20:00:57Z,2026-01-20T20:05:27Z,Core,3,马林康的Apple Watch
b425db03-cf83-4cdf-a092-205793cd12d5,2026-01-20T20:05:27Z,2026-01-20T20:21:56Z,REM,5,马林康的Apple Watch
bbf0b241-a50e-44da-85a6-306244c806f3,2026-01-20T20:21:56Z,2026-01-20T20:22:26Z,Awake,2,马林康的Apple Watch
fa558730-e65c-4e62-bbb0-dab939401999,2026-01-20T20:22:26Z,2026-01-20T21:20:22Z,Core,3,马林康的Apple Watch
738c06b6-6bb5-49ff-bd76-f2c4780e2c6a,2026-01-20T21:20:22Z,2026-01-20T21:22:52Z,Awake,2,马林康的Apple Watch
85d08817-b787-4c71-a941-01ac490b7fd3,2026-01-20T21:22:52Z,2026-01-20T21:25:52Z,Core,3,马林康的Apple Watch
5a45d998-afb3-4878-b67b-a2a085f789e9,2026-01-20T21:25:52Z,2026-01-20T22:00:49Z,REM,5,马林康的Apple Watch
de7c72a5-af6c-4c63-97cb-cab625611c32,2026-01-21T01:47:00Z,2026-01-21T02:00:00Z,Asleep Unspecified,1,AutoSleep
5ab6b72c-828b-4d8f-848b-ccc89c80aa8d,2026-01-21T16:09:00Z,2026-01-21T22:13:00Z,In Bed,0,AutoSleep
7600c701-4561-461d-9323-a8f36878440b,2026-01-21T16:09:00Z,2026-01-21T22:13:00Z,Asleep Unspecified,1,AutoSleep
7aa9ce6e-d128-46a6-92d6-5775f58e3557,2026-01-21T16:35:11Z,2026-01-21T16:48:10Z,Core,3,马林康的Apple Watch
b17c3582-ce76-4c7b-a06b-771416bd1d3f,2026-01-21T16:48:10Z,2026-01-21T16:52:10Z,Deep,4,马林康的Apple Watch
36bdd50c-fabb-4aa2-9009-26e4d86c07b2,2026-01-21T16:52:10Z,2026-01-21T16:53:10Z,Awake,2,马林康的Apple Watch
56682bb6-201a-4958-bfa1-2e38fa3079de,2026-01-21T16:53:10Z,2026-01-21T17:01:09Z,Core,3,马林康的Apple Watch
c2999179-21bf-49e1-94e3-c9e524d7c6b4,2026-01-21T17:01:09Z,2026-01-21T17:28:37Z,Deep,4,马林康的Apple Watch
edd9babb-6554-44ea-823f-6e131c02919a,2026-01-21T17:28:37Z,2026-01-21T17:29:37Z,Awake,2,马林康的Apple Watch
14aad344-b94d-473b-9fd5-d5a76d59d9bf,2026-01-21T17:29:37Z,2026-01-21T17:55:35Z,Core,3,马林康的Apple Watch
1c137c9b-7a12-4a38-87c1-edced847a207,2026-01-21T17:55:35Z,2026-01-21T18:23:34Z,Deep,4,马林康的Apple Watch
a8761296-adb1-48f1-ab97-69da88895434,2026-01-21T18:23:34Z,2026-01-21T18:24:04Z,Awake,2,马林康的Apple Watch
8349ee5e-7e24-462c-9e60-35f8cdf35279,2026-01-21T18:24:04Z,2026-01-21T18:26:03Z,Core,3,马林康的Apple Watch
34988b9a-59b0-462d-8175-dca0482a465e,2026-01-21T18:26:03Z,2026-01-21T18:27:03Z,Awake,2,马林康的Apple Watch
74638afd-2825-4dd9-9528-0f0175197a2c,2026-01-21T18:27:03Z,2026-01-21T18:31:03Z,Core,3,马林康的Apple Watch
f98687fc-5296-455b-9a31-cc3223d3b54d,2026-01-21T18:31:03Z,2026-01-21T18:34:03Z,Awake,2,马林康的Apple Watch
cbdadbbb-b283-47f1-97df-ead9e07f3743,2026-01-21T18:34:03Z,2026-01-21T18:35:33Z,Core,3,马林康的Apple Watch
c07c5808-cfe4-45ca-9d44-41b8bcac3c28,2026-01-21T18:35:33Z,2026-01-21T18:50:02Z,REM,5,马林康的Apple Watch
a20d3f54-1a34-45d7-a19d-07f30f71caad,2026-01-21T18:50:02Z,2026-01-21T18:52:32Z,Awake,2,马林康的Apple Watch
baf0974f-efe7-4226-a3e2-d03108d4bbef,2026-01-21T18:52:32Z,2026-01-21T19:59:27Z,Core,3,马林康的Apple Watch
8d7787cd-91e2-481c-afc1-2f2d13b3f15d,2026-01-21T19:59:27Z,2026-01-21T20:00:57Z,REM,5,马林康的Apple Watch
5a2cf082-eafd-4109-a21b-147b6ef0956d,2026-01-21T20:00:57Z,2026-01-21T20:03:27Z,Core,3,马林康的Apple Watch
95e41eb2-8cd6-4a01-bee8-e82775432327,2026-01-21T20:03:27Z,2026-01-21T20:10:27Z,REM,5,马林康的Apple Watch
dd77e8f1-efc5-4a53-b4e2-80255a187638,2026-01-21T20:10:27Z,2026-01-21T20:40:55Z,Core,3,马林康的Apple Watch
c307c7c7-f8ff-4a32-ad5c-d607776a8472,2026-01-21T20:40:55Z,2026-01-21T20:46:24Z,Deep,4,马林康的Apple Watch
bb3ca571-1bab-4309-9d75-f6ef8999a1ed,2026-01-21T20:46:24Z,2026-01-21T21:02:53Z,Core,3,马林康的Apple Watch
7270a6bd-1f7f-4d6b-9182-85f077c40293,2026-01-21T21:02:53Z,2026-01-21T21:10:23Z,REM,5,马林康的Apple Watch
5ca28d89-e8bd-42e5-9967-15df40e30806,2026-01-21T21:10:23Z,2026-01-21T21:10:53Z,Awake,2,马林康的Apple Watch
02b32df5-1bde-4a10-8d24-86b8345130d2,2026-01-21T21:10:53Z,2026-01-21T21:14:53Z,Core,3,马林康的Apple Watch
3c0eb5e3-f9e5-4ac8-930c-deb7b02953e1,2026-01-21T21:14:53Z,2026-01-21T21:22:22Z,Awake,2,马林康的Apple Watch
65a8bd29-60bf-4f92-97a4-c25e11071a6f,2026-01-21T21:22:22Z,2026-01-21T21:50:50Z,Core,3,马林康的Apple Watch
ff5c22c3-e462-486e-be2b-13009316c5be,2026-01-21T21:50:50Z,2026-01-21T21:55:20Z,Deep,4,马林康的Apple Watch
ab7d7dc4-f01e-494f-90a8-7efde8f87fba,2026-01-21T21:55:20Z,2026-01-21T22:05:19Z,Core,3,马林康的Apple Watch
6a7d8605-9c7e-4f8a-bdd9-56eb88b1be9e,2026-01-21T22:05:19Z,2026-01-21T22:13:49Z,REM,5,马林康的Apple Watch
1fb29d2c-f355-4038-a727-b8fe12ff96bc,2026-01-22T05:41:00Z,2026-01-22T06:04:00Z,Asleep Unspecified,1,AutoSleep
36f1c153-0c57-46a9-96c0-d200d4bd3980,2026-01-22T05:41:00Z,2026-01-22T06:04:00Z,In Bed,0,AutoSleep
87b233b7-bc56-4234-9341-41c57e889e0f,2026-01-22T15:39:00Z,2026-01-22T19:15:00Z,In Bed,0,AutoSleep
d334e7f7-bbfa-4eb4-bfb5-426a2e8b1a2f,2026-01-22T15:39:00Z,2026-01-22T19:15:00Z,Asleep Unspecified,1,AutoSleep
c45077d3-a926-4ea7-8975-bea33154afbe,2026-01-22T15:55:00Z,2026-01-22T16:59:26Z,Asleep Unspecified,1,马林康的Apple Watch
71f924e7-ad42-4fd1-b36a-5434833ab835,2026-01-22T16:59:26Z,2026-01-22T17:00:26Z,Awake,2,马林康的Apple Watch
01de149f-bd03-4f86-9dd0-686b42491811,2026-01-22T17:00:26Z,2026-01-22T17:42:54Z,Asleep Unspecified,1,马林康的Apple Watch
7056d9d9-75d9-46eb-b67c-19b3c02906b2,2026-01-22T17:42:54Z,2026-01-22T17:44:23Z,Awake,2,马林康的Apple Watch
ebec6447-febb-4452-a0dc-34191bb099df,2026-01-22T17:44:23Z,2026-01-22T18:05:52Z,Asleep Unspecified,1,马林康的Apple Watch
4626ee40-2c75-470d-aa5a-a81cd63da3f3,2026-01-22T18:05:52Z,2026-01-22T18:07:22Z,Awake,2,马林康的Apple Watch
3fbd6b8d-6669-4e7a-a098-95861f948055,2026-01-22T18:07:22Z,2026-01-22T18:28:50Z,Asleep Unspecified,1,马林康的Apple Watch
7bee9d09-44a1-42c5-8863-0d0dc644700e,2026-01-22T18:28:50Z,2026-01-22T18:30:50Z,Awake,2,马林康的Apple Watch
a589142f-b68b-4146-a6b6-ab44d96a67ac,2026-01-22T18:30:50Z,2026-01-22T18:35:50Z,Asleep Unspecified,1,马林康的Apple Watch
b7a97038-b28d-4857-9fc1-5498a541a95a,2026-01-22T18:35:50Z,2026-01-22T18:38:20Z,Awake,2,马林康的Apple Watch
dada966e-88ba-41fb-ac53-23b62e87aeaa,2026-01-22T18:38:20Z,2026-01-22T18:45:49Z,Asleep Unspecified,1,马林康的Apple Watch
acd783e5-743d-4ae6-ace2-0296935dfdff,2026-01-22T18:45:49Z,2026-01-22T18:47:19Z,Awake,2,马林康的Apple Watch
d922bcd0-9d23-48dc-b3b5-f68b011b13d5,2026-01-22T18:47:19Z,2026-01-22T18:52:49Z,Asleep Unspecified,1,马林康的Apple Watch
708bce62-af14-48c2-9993-57978dc3ec15,2026-01-22T18:52:49Z,2026-01-22T18:57:48Z,Awake,2,马林康的Apple Watch
b79167cf-06cc-4ad7-abf1-718927de2d31,2026-01-22T18:57:48Z,2026-01-22T19:06:18Z,Asleep Unspecified,1,马林康的Apple Watch
1189cc68-c8c1-4acd-b8eb-0604ef7cc234,2026-01-23T05:26:00Z,2026-01-23T06:00:00Z,In Bed,0,AutoSleep
ec54df10-fe77-454d-8806-01114e0ef064,2026-01-23T05:26:00Z,2026-01-23T06:00:00Z,Asleep Unspecified,1,AutoSleep
79b8a891-fbf9-44fc-807e-8f3cf68f01d0,2026-01-23T17:15:00Z,2026-01-23T22:16:00Z,Asleep Unspecified,1,AutoSleep
e5be8af2-4d28-415f-902a-4796263b2340,2026-01-23T17:15:00Z,2026-01-24T00:15:00Z,In Bed,0,AutoSleep
75783773-fa34-4a60-9206-b223f357f109,2026-01-23T17:21:10Z,2026-01-23T17:37:09Z,Core,3,马林康的Apple Watch
b4ffd59d-7048-41c6-8a6d-3c3c77849c77,2026-01-23T17:37:09Z,2026-01-23T17:44:38Z,Deep,4,马林康的Apple Watch
d1471617-6657-43c7-851e-5cf9965d12ef,2026-01-23T17:44:38Z,2026-01-23T17:51:38Z,Core,3,马林康的Apple Watch
3e4466ec-2dfb-49eb-a1bd-11209773f446,2026-01-23T17:51:38Z,2026-01-23T17:56:08Z,Deep,4,马林康的Apple Watch
0430cd8e-4ca0-4f9e-878d-2884e2f16c49,2026-01-23T17:56:08Z,2026-01-23T17:57:08Z,Awake,2,马林康的Apple Watch
67e9c431-d75b-4d0d-9802-74d9d8eccd3b,2026-01-23T17:57:08Z,2026-01-23T18:05:07Z,Core,3,马林康的Apple Watch
fa8659b1-5c02-4a0b-abb9-d291d18ded7d,2026-01-23T18:05:07Z,2026-01-23T18:29:36Z,Deep,4,马林康的Apple Watch
13e33d16-10dd-475e-aa82-2c0953dc261c,2026-01-23T18:29:36Z,2026-01-23T18:37:05Z,REM,5,马林康的Apple Watch
9faa5503-a782-4d36-b1fd-f8cd4a3bc70c,2026-01-23T18:37:05Z,2026-01-23T18:38:05Z,Awake,2,马林康的Apple Watch
44608f31-2f1c-4c3c-9b37-120c35db969c,2026-01-23T18:38:05Z,2026-01-23T19:10:03Z,Core,3,马林康的Apple Watch
368d1533-2649-4ea2-b0ff-a16c1e269a8f,2026-01-23T19:10:03Z,2026-01-23T19:37:31Z,Deep,4,马林康的Apple Watch
28377399-e10f-484e-b2b3-5e61078cabeb,2026-01-23T19:37:31Z,2026-01-23T19:38:01Z,Awake,2,马林康的Apple Watch
dab2fcf2-3570-4503-8f55-c01fdad9ca64,2026-01-23T19:38:01Z,2026-01-23T20:06:59Z,Core,3,马林康的Apple Watch
633c399b-de3b-431b-a58c-084cb28161ce,2026-01-23T20:06:59Z,2026-01-23T20:29:27Z,REM,5,马林康的Apple Watch
9a85f367-b578-4f53-9247-ae712a8b13b9,2026-01-23T20:29:27Z,2026-01-23T21:12:25Z,Core,3,马林康的Apple Watch
70211871-7bc0-4eec-a86a-2d2023be10c0,2026-01-23T21:12:25Z,2026-01-23T21:22:54Z,REM,5,马林康的Apple Watch
155d1e3f-c1b2-4953-81d2-1c1bb02f80dc,2026-01-23T21:22:54Z,2026-01-23T22:23:50Z,Core,3,马林康的Apple Watch
f7fc88ed-d346-4c19-a1ad-b2d4a53d5b39,2026-01-23T22:23:50Z,2026-01-23T22:30:19Z,REM,5,马林康的Apple Watch
fa37ffe9-a366-48db-ab21-8a8ef3cf1c07,2026-01-23T22:29:00Z,2026-01-24T00:15:00Z,Asleep Unspecified,1,AutoSleep
b22e9be9-0c77-467d-936f-59a445b49da5,2026-01-23T22:30:19Z,2026-01-23T22:32:49Z,Awake,2,马林康的Apple Watch
5c4a072d-7d8f-49b9-a749-479c3cb38f72,2026-01-23T22:32:49Z,2026-01-23T22:40:49Z,REM,5,马林康的Apple Watch
859f0546-2485-4a9b-bac3-04bdfde198ac,2026-01-23T22:40:49Z,2026-01-23T22:41:19Z,Core,3,马林康的Apple Watch
4a7915d5-a81c-4468-9480-cf14b1022976,2026-01-23T22:41:19Z,2026-01-23T22:44:49Z,REM,5,马林康的Apple Watch
c2299249-d93d-4b96-b165-fa2c67d48669,2026-01-23T22:44:49Z,2026-01-23T22:45:49Z,Core,3,马林康的Apple Watch
aa3a05dc-acc4-4977-b181-9bfe6f2e102a,2026-01-23T22:45:49Z,2026-01-23T23:09:47Z,REM,5,马林康的Apple Watch
3e49381b-1e2c-492b-9af0-cf74751ac75d,2026-01-23T23:09:47Z,2026-01-23T23:13:47Z,Core,3,马林康的Apple Watch
c42477d2-8757-4b64-9c68-56fa1e2a0a46,2026-01-23T23:13:47Z,2026-01-23T23:18:16Z,REM,5,马林康的Apple Watch
1500160f-f4f1-4de0-98f6-ebdda7fdce46,2026-01-23T23:18:16Z,2026-01-23T23:19:46Z,Core,3,马林康的Apple Watch
db3f91c3-c55f-4722-bf0e-5a18e1c9cab2,2026-01-23T23:19:46Z,2026-01-23T23:23:16Z,REM,5,马林康的Apple Watch
7b8c4cf1-c44f-4587-a203-df2ff17b6051,2026-01-23T23:23:16Z,2026-01-23T23:59:44Z,Core,3,马林康的Apple Watch
a9326b07-2dcc-48b3-9292-e74e6cc5e638,2026-01-23T23:59:44Z,2026-01-24T00:04:44Z,Awake,2,马林康的Apple Watch
baf39c8b-0c43-4da8-a5b7-2d9861b489fd,2026-01-24T00:04:44Z,2026-01-24T00:09:43Z,Core,3,马林康的Apple Watch
907419f4-7950-41a8-a9e4-37afc8a41343,2026-01-24T00:09:43Z,2026-01-24T00:14:13Z,Awake,2,马林康的Apple Watch
5bbf48a6-998e-4553-91aa-ab3a3f2d3855,2026-01-24T00:14:13Z,2026-01-24T00:17:43Z,Core,3,马林康的Apple Watch
120c87f7-9482-425f-8da5-1d251a3a1910,2026-01-24T00:17:43Z,2026-01-24T00:18:13Z,REM,5,马林康的Apple Watch
6be41b3c-f901-4c8a-91cd-d52f5d19e834,2026-01-24T00:18:13Z,2026-01-24T00:21:42Z,Awake,2,马林康的Apple Watch
8b3360bb-f81c-4b8d-bc89-e66ddf163cfa,2026-01-24T00:21:42Z,2026-01-24T00:22:42Z,Core,3,马林康的Apple Watch
b2f29ffe-e798-4584-b9ac-6c2d4a754253,2026-01-24T18:59:10Z,2026-01-24T19:24:39Z,Core,3,马林康的Apple Watch
d112b481-cce4-42ba-8de6-d2e77f5c9462,2026-01-24T19:24:39Z,2026-01-24T19:35:38Z,REM,5,马林康的Apple Watch
e2c385af-8083-4975-8219-c16d3beeb877,2026-01-24T19:35:38Z,2026-01-24T19:41:08Z,Core,3,马林康的Apple Watch
ae67d771-ea1a-49ca-ac0f-5cc8b5333a9b,2026-01-24T19:41:08Z,2026-01-24T19:42:08Z,Awake,2,马林康的Apple Watch
a6216edf-376e-4917-95fa-bf8dcd18c8ba,2026-01-24T19:42:08Z,2026-01-24T19:44:07Z,Core,3,马林康的Apple Watch
be25dbb4-fdcb-41b9-971d-af23338f925d,2026-01-24T19:44:07Z,2026-01-24T19:45:07Z,Awake,2,马林康的Apple Watch
4c5a5218-08cb-4c15-bed1-9b5a53829b1b,2026-01-24T19:45:07Z,2026-01-24T19:55:37Z,Core,3,马林康的Apple Watch
67ff5ba1-2ad5-4cf2-a6de-54ef04a7c502,2026-01-24T19:55:37Z,2026-01-24T19:56:37Z,Awake,2,马林康的Apple Watch
fd3d0400-396c-430f-9d9c-7d5cf95240c4,2026-01-24T19:56:37Z,2026-01-24T20:11:06Z,Core,3,马林康的Apple Watch
d8d712e1-12d3-4c8c-a042-d1369132a870,2026-01-24T20:11:06Z,2026-01-24T20:12:36Z,Awake,2,马林康的Apple Watch
aebfa082-df79-4a71-978d-f3fe8c99f5dc,2026-01-24T20:12:36Z,2026-01-24T20:25:05Z,Core,3,马林康的Apple Watch
bb9da1f6-641b-4000-898e-bb727e8245e5,2026-01-24T20:25:05Z,2026-01-24T20:30:04Z,Awake,2,马林康的Apple Watch
a2b61a61-b8ec-48e5-ad60-d72e250959a4,2026-01-24T20:30:04Z,2026-01-24T20:36:04Z,Core,3,马林康的Apple Watch
fed06dba-2513-4c93-9c1a-4337f86ce24a,2026-01-24T20:36:04Z,2026-01-24T20:36:34Z,Awake,2,马林康的Apple Watch
38fc2909-b366-414a-a352-b66f6481f205,2026-01-24T20:36:34Z,2026-01-24T20:46:03Z,Core,3,马林康的Apple Watch
512ba409-a671-4952-a897-1e9caaf4381e,2026-01-24T20:46:03Z,2026-01-24T20:59:02Z,Deep,4,马林康的Apple Watch
9615f5ec-9c05-4240-b689-a9cd06c75e09,2026-01-24T20:59:02Z,2026-01-24T21:01:02Z,Awake,2,马林康的Apple Watch
4159abf0-3838-4795-8228-90c9079712d1,2026-01-24T21:01:02Z,2026-01-24T21:09:32Z,Core,3,马林康的Apple Watch
1df3697d-f9ec-47be-baf5-59c4a98a8df9,2026-01-24T21:09:32Z,2026-01-24T21:17:01Z,Deep,4,马林康的Apple Watch
fdb21e99-4c79-4f1c-acbb-45825b854cc0,2026-01-24T21:17:01Z,2026-01-24T21:25:01Z,Core,3,马林康的Apple Watch
6a4a523c-e11a-46ef-bc5f-6e35f4f54e3c,2026-01-24T21:25:01Z,2026-01-24T21:32:30Z,Deep,4,马林康的Apple Watch
a2b1702e-5ec4-418b-8b52-6a819a8bb0de,2026-01-24T21:32:30Z,2026-01-24T21:43:00Z,Core,3,马林康的Apple Watch
d9452e66-2a8f-4c2b-a0ce-0adfc0f5e2e2,2026-01-24T21:43:00Z,2026-01-24T21:59:58Z,REM,5,马林康的Apple Watch
57fbfaa5-d6bc-4f50-915d-43bbf7d20631,2026-01-24T21:59:58Z,2026-01-24T22:29:26Z,Core,3,马林康的Apple Watch
946bfec3-3df8-4277-80f2-f53d2a726a12,2026-01-24T22:29:26Z,2026-01-24T22:38:56Z,Deep,4,马林康的Apple Watch
4f1dc6f5-4bba-4b18-86d8-7b23d7928e8f,2026-01-24T22:38:56Z,2026-01-24T22:39:56Z,Core,3,马林康的Apple Watch
1a148291-7d6a-4d59-86eb-70e26c6de176,2026-01-25T16:00:00Z,2026-01-25T23:03:00Z,In Bed,0,AutoSleep
c9555a0a-dab9-4ef3-9ce2-aaf6aa60f388,2026-01-25T16:00:00Z,2026-01-25T16:33:00Z,Asleep Unspecified,1,AutoSleep
831c40fb-52c9-47b8-802c-7fa42a656225,2026-01-25T17:06:00Z,2026-01-25T23:03:00Z,Asleep Unspecified,1,AutoSleep
edfe467f-f505-45a7-b051-5ab28c71e2a0,2026-01-25T17:15:39Z,2026-01-25T17:31:09Z,Core,3,马林康的Apple Watch
765d39d5-e447-49bd-8bc2-9f3c4cc9f192,2026-01-25T17:31:09Z,2026-01-25T18:08:08Z,Deep,4,马林康的Apple Watch
038b8531-43a9-4f8e-837f-413b51f9ca20,2026-01-25T18:08:08Z,2026-01-25T18:10:37Z,Core,3,马林康的Apple Watch
c6887a0b-0887-46e4-bf1a-9c845a5b3d3f,2026-01-25T18:10:37Z,2026-01-25T18:19:07Z,REM,5,马林康的Apple Watch
dcc94e4d-896a-4c9f-8042-20a01968c0d7,2026-01-25T18:19:07Z,2026-01-25T18:41:37Z,Core,3,马林康的Apple Watch
63c5a7fd-581e-460c-bf8c-b64f53be97ea,2026-01-25T18:41:37Z,2026-01-25T18:56:07Z,Deep,4,马林康的Apple Watch
976735a8-8442-4ead-aaa5-ef213e163596,2026-01-25T18:56:07Z,2026-01-25T19:00:07Z,Awake,2,马林康的Apple Watch
b40ef6b0-1270-437b-81d3-634d95df0805,2026-01-25T19:00:07Z,2026-01-25T19:57:06Z,Core,3,马林康的Apple Watch
0edd58f8-a33e-4f50-8c4b-09fc92ef83b9,2026-01-25T19:57:06Z,2026-01-25T19:58:06Z,Awake,2,马林康的Apple Watch
8d750ecd-fe51-46cb-b3ae-5a4faa980aa3,2026-01-25T19:58:06Z,2026-01-25T20:00:36Z,Core,3,马林康的Apple Watch
d034d0f5-fca4-4bb6-948c-69ad78d83da9,2026-01-25T20:00:36Z,2026-01-25T20:26:36Z,REM,5,马林康的Apple Watch
a72cae01-be05-4b30-a1fd-5bd40fcd963a,2026-01-25T20:26:36Z,2026-01-25T20:28:06Z,Awake,2,马林康的Apple Watch
a6196faa-da1d-4a79-a7db-f887049d59f2,2026-01-25T20:28:06Z,2026-01-25T21:38:05Z,Core,3,马林康的Apple Watch
a8423c16-5d68-4e7d-8816-5ea525402526,2026-01-25T21:38:05Z,2026-01-25T21:38:35Z,Awake,2,马林康的Apple Watch
e02c9c7d-abff-4492-ab53-b76e1c850af0,2026-01-25T21:38:35Z,2026-01-25T21:47:35Z,Core,3,马林康的Apple Watch
3cbf7cd0-bcdf-4c01-8b6a-0e40b7772075,2026-01-25T21:47:35Z,2026-01-25T21:49:35Z,REM,5,马林康的Apple Watch
50bccc55-4e25-49c7-a9be-eeaf43f2d5af,2026-01-25T21:49:35Z,2026-01-25T22:30:03Z,Core,3,马林康的Apple Watch
a72bb683-6850-41aa-a184-30b6aea01fb3,2026-01-25T22:30:03Z,2026-01-25T22:31:33Z,Awake,2,马林康的Apple Watch
78a9dfba-6f38-45f9-973d-07f3f9d72fc6,2026-01-25T22:31:33Z,2026-01-25T22:40:33Z,Core,3,马林康的Apple Watch
e273dfda-766f-4b86-8cab-1c10b12ac91a,2026-01-25T22:40:33Z,2026-01-25T22:41:03Z,Awake,2,马林康的Apple Watch
c1738bf3-f602-4bc6-b44f-73fccb43646f,2026-01-25T22:41:03Z,2026-01-25T22:44:02Z,Core,3,马林康的Apple Watch
10230210-35db-43c8-9279-f07b88fcc306,2026-01-25T22:44:02Z,2026-01-25T22:50:32Z,REM,5,马林康的Apple Watch
8b66c543-b1b2-4435-9976-248189039fc2,2026-01-26T05:26:00Z,2026-01-26T06:02:00Z,In Bed,0,AutoSleep
c8b5299c-3a53-47ae-94ca-629cdc28cf88,2026-01-26T05:26:00Z,2026-01-26T06:02:00Z,Asleep Unspecified,1,AutoSleep
a6fded0c-5ba2-4b3d-a8b5-412583767a8e,2026-01-26T15:30:00Z,2026-01-26T22:10:00Z,In Bed,0,AutoSleep
fe10d578-938b-4207-9294-187abde78b09,2026-01-26T15:30:00Z,2026-01-26T19:00:00Z,Asleep Unspecified,1,AutoSleep
2e9de55d-8c3a-4e93-94f0-51919c3323a8,2026-01-26T15:37:09Z,2026-01-26T15:40:39Z,Core,3,马林康的Apple Watch
3dc29828-49ff-48d6-bdf1-424ff2ca674e,2026-01-26T15:40:39Z,2026-01-26T15:41:39Z,Awake,2,马林康的Apple Watch
34db748e-44a0-4447-9738-074ded7d43e8,2026-01-26T15:41:39Z,2026-01-26T15:58:37Z,Core,3,马林康的Apple Watch
fefad028-4b56-4add-bd9c-c7ed718334b1,2026-01-26T15:58:37Z,2026-01-26T16:08:07Z,Deep,4,马林康的Apple Watch
e25aefed-cc09-4e2b-b660-0963a785e52a,2026-01-26T16:08:07Z,2026-01-26T16:09:07Z,Awake,2,马林康的Apple Watch
34b29cd2-1182-4ee9-ac3c-ed8281e5d2af,2026-01-26T16:09:07Z,2026-01-26T16:25:06Z,Core,3,马林康的Apple Watch
9420c553-f916-4a15-8503-ee52e87d277f,2026-01-26T16:25:06Z,2026-01-26T16:42:35Z,Deep,4,马林康的Apple Watch
103f6bb3-0036-423f-868d-66ba0299e31a,2026-01-26T16:42:35Z,2026-01-26T16:43:05Z,Core,3,马林康的Apple Watch
300b934c-fc1b-4c41-92b8-6144787e75b7,2026-01-26T16:43:05Z,2026-01-26T16:48:34Z,REM,5,马林康的Apple Watch
0701425c-da19-4678-90bd-c81666db094a,2026-01-26T16:48:34Z,2026-01-26T16:49:34Z,Awake,2,马林康的Apple Watch
c709c18a-fc76-4879-a5f3-3e303af87cf2,2026-01-26T16:49:34Z,2026-01-26T16:59:04Z,REM,5,马林康的Apple Watch
8ad249a9-990d-4244-b960-e3335efc2a57,2026-01-26T16:59:04Z,2026-01-26T17:00:33Z,Core,3,马林康的Apple Watch
f093772d-d6ff-4a49-8120-889fd468c990,2026-01-26T17:00:33Z,2026-01-26T17:02:33Z,REM,5,马林康的Apple Watch
adcc736f-22d7-4e66-a407-08528b7d755f,2026-01-26T17:02:33Z,2026-01-26T17:03:03Z,Core,3,马林康的Apple Watch
047771b0-f7c3-4f85-bc0c-6be539ebd89b,2026-01-26T17:03:03Z,2026-01-26T17:05:03Z,Awake,2,马林康的Apple Watch
6d1bdb46-0fa8-495e-8cce-05b554ed609e,2026-01-26T17:05:03Z,2026-01-26T17:36:31Z,Core,3,马林康的Apple Watch
54a8a2df-e5b5-49b8-a2bd-6c939377a67d,2026-01-26T17:36:31Z,2026-01-26T17:53:00Z,Deep,4,马林康的Apple Watch
2b2f0f5e-e518-44dc-a6af-57191208e0f8,2026-01-26T17:53:00Z,2026-01-26T17:56:00Z,Awake,2,马林康的Apple Watch
13850771-5c7d-4bd7-aacf-eabc5c821656,2026-01-26T17:56:00Z,2026-01-26T18:12:29Z,Core,3,马林康的Apple Watch
78891124-2c2b-45da-adf5-8ef2cadec9dc,2026-01-26T18:12:29Z,2026-01-26T18:13:58Z,Awake,2,马林康的Apple Watch
d6758e8f-45a9-4436-90e3-fc346e02e0ac,2026-01-26T18:13:58Z,2026-01-26T18:48:56Z,Core,3,马林康的Apple Watch
f453e944-6a2c-4bae-a146-324257087b1d,2026-01-26T18:48:56Z,2026-01-26T18:51:26Z,Awake,2,马林康的Apple Watch
d2288026-7d41-4901-8231-f4b7ce9a7792,2026-01-26T18:51:26Z,2026-01-26T18:54:26Z,Core,3,马林康的Apple Watch
5216141f-9874-4e73-8c0a-75bf9b81d5de,2026-01-26T18:54:26Z,2026-01-26T19:02:25Z,REM,5,马林康的Apple Watch
08e9e813-d15f-4646-aa06-2e0eb3ca50cf,2026-01-26T19:02:25Z,2026-01-26T19:10:55Z,Core,3,马林康的Apple Watch
44c37898-5e4c-47a8-ab27-5fa72efb317a,2026-01-26T19:10:55Z,2026-01-26T19:12:54Z,Awake,2,马林康的Apple Watch
992167cd-e3b9-496c-87d8-0d298e7a5571,2026-01-26T19:12:54Z,2026-01-26T20:13:20Z,Core,3,马林康的Apple Watch
5bb2b0bb-0738-4b53-8059-6d8cc0cff2be,2026-01-26T19:30:00Z,2026-01-26T22:10:00Z,Asleep Unspecified,1,AutoSleep
6a0f02db-4f0b-4694-908f-bf71fb3a3dbc,2026-01-26T20:13:20Z,2026-01-26T20:35:49Z,REM,5,马林康的Apple Watch
bca150cd-63e0-41e7-8b6c-21f1779d0b4d,2026-01-26T20:35:49Z,2026-01-26T21:31:15Z,Core,3,马林康的Apple Watch
fdbc5b07-9695-4718-be0e-4929f5d1b2ae,2026-01-26T21:31:15Z,2026-01-26T21:33:45Z,REM,5,马林康的Apple Watch
07946b10-7e77-4a3c-a210-1bbaf70cfdac,2026-01-26T21:33:45Z,2026-01-26T21:35:15Z,Awake,2,马林康的Apple Watch
71fecd2f-53c0-48bd-bd09-54790a824f49,2026-01-26T21:35:15Z,2026-01-26T21:36:45Z,Core,3,马林康的Apple Watch
cae5c129-5773-4a43-8ed7-d568236d428b,2026-01-26T21:36:45Z,2026-01-26T22:09:43Z,REM,5,马林康的Apple Watch
6b9fbdd3-165b-4398-b36f-4476442936b2,2026-01-27T05:40:00Z,2026-01-27T06:01:00Z,Asleep Unspecified,1,AutoSleep
fae9be00-918b-4a05-ba27-2ccb6dad2929,2026-01-27T05:40:00Z,2026-01-27T06:01:00Z,In Bed,0,AutoSleep
01207a23-0f55-4a0e-b143-a9b016fbe719,2026-01-27T14:54:00Z,2026-01-27T15:41:00Z,Asleep Unspecified,1,AutoSleep
3cefe160-5025-412a-ba3c-1c0bc3b40718,2026-01-27T14:54:00Z,2026-01-27T23:03:00Z,In Bed,0,AutoSleep
a5dbd95f-c855-48ee-bd72-0d6ec1f3e968,2026-01-27T15:52:00Z,2026-01-27T22:19:00Z,Asleep Unspecified,1,AutoSleep
1a8176f3-8a2f-4724-bdc4-fcedcc16520d,2026-01-27T16:09:47Z,2026-01-27T16:12:17Z,Core,3,马林康的Apple Watch
74146dc6-8192-4dd6-bf6f-931ded9c55c0,2026-01-27T16:12:17Z,2026-01-27T16:16:17Z,Awake,2,马林康的Apple Watch
da9a19be-8b55-4598-ad77-2218c70e7f08,2026-01-27T16:16:17Z,2026-01-27T16:29:46Z,Core,3,马林康的Apple Watch
15cf3bfd-d315-423d-9501-51d2d25cf01f,2026-01-27T16:29:46Z,2026-01-27T16:33:46Z,Deep,4,马林康的Apple Watch
8534aea5-2cd4-4220-979b-352cc4a8fe36,2026-01-27T16:33:46Z,2026-01-27T16:44:15Z,Core,3,马林康的Apple Watch
d0575bb4-6bc3-4bd2-82b1-1eb8888291e6,2026-01-27T16:44:15Z,2026-01-27T16:53:14Z,Deep,4,马林康的Apple Watch
01053597-38fa-45eb-add4-491afcee0969,2026-01-27T16:53:14Z,2026-01-27T16:57:44Z,Core,3,马林康的Apple Watch
49da63b3-5e30-4c64-a5ef-bf9c3cb28e23,2026-01-27T16:57:44Z,2026-01-27T17:16:13Z,Deep,4,马林康的Apple Watch
277b01c3-e22b-4eb9-9c70-0e4c0f3b7b94,2026-01-27T17:16:13Z,2026-01-27T17:17:13Z,Awake,2,马林康的Apple Watch
e73a79bf-6361-4448-bc34-9179212edc68,2026-01-27T17:17:13Z,2026-01-27T17:26:42Z,Core,3,马林康的Apple Watch
ac82439c-c92f-4500-8bdc-d19a124f70e7,2026-01-27T17:26:42Z,2026-01-27T17:32:12Z,Awake,2,马林康的Apple Watch
3485267e-8617-4ef5-a5bf-e3f3b1802ad0,2026-01-27T17:32:12Z,2026-01-27T18:03:10Z,Core,3,马林康的Apple Watch
b1683233-8c1f-4cbd-8168-97924cb2ed4f,2026-01-27T18:03:10Z,2026-01-27T18:21:08Z,Deep,4,马林康的Apple Watch
a24ec876-1261-4c00-89a9-b3539a837490,2026-01-27T18:21:08Z,2026-01-27T18:38:07Z,Core,3,马林康的Apple Watch
cc061226-278c-48e8-847d-26c6f42215c8,2026-01-27T18:38:07Z,2026-01-27T18:52:06Z,REM,5,马林康的Apple Watch
c090b3cc-c655-45be-b7d6-e4b34a9e37d1,2026-01-27T18:52:06Z,2026-01-27T20:02:01Z,Core,3,马林康的Apple Watch
950b38e4-a2b3-490e-b142-5b7b9dd9ceb2,2026-01-27T20:02:01Z,2026-01-27T20:41:59Z,REM,5,马林康的Apple Watch
d7dad201-9bec-4766-a97b-52cfac43032a,2026-01-27T20:41:59Z,2026-01-27T20:45:58Z,Awake,2,马林康的Apple Watch
fe2a1445-9cc3-4b5b-9372-4d85435b7fa5,2026-01-27T20:45:58Z,2026-01-27T21:50:24Z,Core,3,马林康的Apple Watch
e10013ba-55d6-4171-a14d-8a3a821c7cae,2026-01-27T21:50:24Z,2026-01-27T21:50:54Z,Awake,2,马林康的Apple Watch
b3289d94-01a3-4e6a-9836-7d9dc90200de,2026-01-27T21:50:54Z,2026-01-27T21:58:24Z,Core,3,马林康的Apple Watch
62a82794-6e8d-4163-947a-d8bf1c2d8e0a,2026-01-27T21:58:24Z,2026-01-27T21:59:24Z,Awake,2,马林康的Apple Watch
09c8221a-93be-4584-800a-c263055864a1,2026-01-27T21:59:24Z,2026-01-27T22:28:52Z,Core,3,马林康的Apple Watch
a8f8d4c2-7b5b-4437-954a-ab943434657e,2026-01-27T22:30:00Z,2026-01-27T23:03:00Z,Asleep Unspecified,1,AutoSleep
629ecb09-3a22-492c-b91a-b180070fc0e1,2026-01-28T15:25:00Z,2026-01-28T22:09:00Z,In Bed,0,AutoSleep
db894cc5-e8eb-411d-b984-61170fe46fc5,2026-01-28T15:25:00Z,2026-01-28T22:09:00Z,Asleep Unspecified,1,AutoSleep
72ff6836-1902-449f-86e6-87d82cc07099,2026-01-28T15:43:10Z,2026-01-28T16:00:08Z,Core,3,马林康的Apple Watch
752af398-0afb-48fb-a97f-314251af389e,2026-01-28T16:00:08Z,2026-01-28T16:11:08Z,Deep,4,马林康的Apple Watch
078439c7-ab1d-4fab-ac8c-f7e792043ecc,2026-01-28T16:11:08Z,2026-01-28T16:18:07Z,Core,3,马林康的Apple Watch
4490a591-089e-4b25-b98b-331f04596844,2026-01-28T16:18:07Z,2026-01-28T16:41:06Z,Deep,4,马林康的Apple Watch
ae5f9de2-3085-44ce-bc5f-b31d6cdbd7e5,2026-01-28T16:41:06Z,2026-01-28T16:41:36Z,Awake,2,马林康的Apple Watch
9d5752cb-0670-43ea-9081-fc0a7bf3a505,2026-01-28T16:41:36Z,2026-01-28T16:45:35Z,Core,3,马林康的Apple Watch
020c02b9-9c45-48f9-8a0b-8c6e34a4cd13,2026-01-28T16:45:35Z,2026-01-28T16:47:35Z,Awake,2,马林康的Apple Watch
6484682e-c66f-4d97-ac1d-16a4848cc47d,2026-01-28T16:47:35Z,2026-01-28T16:49:35Z,Core,3,马林康的Apple Watch
c2ba8237-c8a4-469e-bbad-05878de773af,2026-01-28T16:49:35Z,2026-01-28T16:50:35Z,Awake,2,马林康的Apple Watch
641793b4-0ae8-4c71-add6-feaa2460992b,2026-01-28T16:50:35Z,2026-01-28T16:53:35Z,Core,3,马林康的Apple Watch
aad4ea86-3ca2-4a4c-ac5c-e6a0c0e3dd0f,2026-01-28T16:53:35Z,2026-01-28T17:02:04Z,REM,5,马林康的Apple Watch
ec9a12e4-6905-4a4b-8e26-edb5070ffff3,2026-01-28T17:02:04Z,2026-01-28T17:30:02Z,Core,3,马林康的Apple Watch
ff503e22-04bc-4c55-b411-65b4bafcb1d9,2026-01-28T17:30:02Z,2026-01-28T17:50:31Z,Deep,4,马林康的Apple Watch
5a95c232-4421-4b0d-a128-ad5d725e58a1,2026-01-28T17:50:31Z,2026-01-28T18:08:00Z,Core,3,马林康的Apple Watch
e6509b42-933e-4514-976c-94a281bbf05b,2026-01-28T18:08:00Z,2026-01-28T18:17:29Z,REM,5,马林康的Apple Watch
522724c8-8f25-4182-84d0-89dd0206fb61,2026-01-28T18:17:29Z,2026-01-28T19:13:55Z,Core,3,马林康的Apple Watch
e18db857-f9e0-4d93-ac6c-9f1a395ea1eb,2026-01-28T19:13:55Z,2026-01-28T19:16:25Z,Awake,2,马林康的Apple Watch
047b8249-9ecd-47d6-9fc3-9300d182399b,2026-01-28T19:16:25Z,2026-01-28T19:25:24Z,Core,3,马林康的Apple Watch
9f71f294-ee1e-43de-9e40-b6eed92c43c8,2026-01-28T19:25:24Z,2026-01-28T19:29:54Z,REM,5,马林康的Apple Watch
9010636a-1a7c-43b2-97bf-16264a53c7be,2026-01-28T19:29:54Z,2026-01-28T19:31:24Z,Awake,2,马林康的Apple Watch
4787c830-1c33-4a3e-92df-a95f9ae92e18,2026-01-28T19:31:24Z,2026-01-28T19:33:24Z,Core,3,马林康的Apple Watch
4d6d9385-9078-4bfc-b2fd-3cb35b7bb3a0,2026-01-28T19:33:24Z,2026-01-28T19:46:53Z,REM,5,马林康的Apple Watch
53204cb9-3a03-4fd6-9cfc-73d81dcd230c,2026-01-28T19:46:53Z,2026-01-28T19:48:53Z,Awake,2,马林康的Apple Watch
de48ff86-e589-467d-b807-83bfe5d5a3a2,2026-01-28T19:48:53Z,2026-01-28T20:37:49Z,Core,3,马林康的Apple Watch
ab98fb62-4f76-4985-a9fe-e51131196f81,2026-01-28T20:37:49Z,2026-01-28T21:00:48Z,REM,5,马林康的Apple Watch
d327f0ae-b403-4b64-ab3e-93075cbeb17b,2026-01-28T21:00:48Z,2026-01-28T21:01:48Z,Awake,2,马林康的Apple Watch
ca56c7b7-8247-45c4-a204-dff3a308a611,2026-01-28T21:01:48Z,2026-01-28T21:02:48Z,Core,3,马林康的Apple Watch
1b96f75b-2d0a-4a12-a22f-9f91f317ec66,2026-01-28T21:02:48Z,2026-01-28T21:13:47Z,REM,5,马林康的Apple Watch
8f674c65-87c8-48a8-b6e3-bc00f97d8462,2026-01-28T21:13:47Z,2026-01-28T21:15:47Z,Awake,2,马林康的Apple Watch
f9b8678b-f559-476b-b87a-930a1dbeb5f8,2026-01-28T21:15:47Z,2026-01-28T21:44:15Z,Core,3,马林康的Apple Watch
cd66a91a-84b4-4bfd-b58b-47dd9fcb8c38,2026-01-28T21:44:15Z,2026-01-28T21:50:45Z,Awake,2,马林康的Apple Watch
a8f3dcf6-52c7-4e18-b005-2febb369b76b,2026-01-28T21:50:45Z,2026-01-28T21:58:44Z,Core,3,马林康的Apple Watch
3eea0267-a28b-4cb5-9958-82f94036e8d1,2026-01-28T21:58:44Z,2026-01-28T22:00:44Z,Awake,2,马林康的Apple Watch
441b632f-78db-47d2-adc4-5222d63937f1,2026-01-28T22:00:44Z,2026-01-28T22:04:14Z,Core,3,马林康的Apple Watch
d1a86d91-106d-413c-a411-34bf1f659a43,2026-01-30T19:02:06Z,2026-01-30T19:06:36Z,Core,3,马林康的Apple Watch
36655d4e-113a-4751-b7ad-2c37c554204f,2026-01-30T19:06:36Z,2026-01-30T19:07:36Z,Awake,2,马林康的Apple Watch
8e199cf5-3055-42bf-9d04-a2dd1bb2acc3,2026-01-30T19:07:36Z,2026-01-30T19:20:35Z,Core,3,马林康的Apple Watch
2bce8fc6-96bc-48c3-8add-d93eee5a4dae,2026-01-30T19:20:35Z,2026-01-30T19:45:34Z,Deep,4,马林康的Apple Watch
729f209a-680f-4042-bb50-61eef31e376a,2026-01-30T19:45:34Z,2026-01-30T20:07:02Z,Core,3,马林康的Apple Watch
650fe8ab-9ef4-4393-b667-3ceaec4125b4,2026-01-30T20:07:02Z,2026-01-30T20:08:32Z,Deep,4,马林康的Apple Watch
ffdab753-fcf1-4583-9782-469b83f168d1,2026-01-30T20:08:32Z,2026-01-30T20:22:31Z,Core,3,马林康的Apple Watch
4c8795ab-ff5b-4ea3-9e07-9eb2307896cd,2026-01-30T20:22:31Z,2026-01-30T20:47:30Z,REM,5,马林康的Apple Watch
8543024b-4812-47dd-a4ad-6129205afaa9,2026-01-30T20:47:30Z,2026-01-30T21:46:56Z,Core,3,马林康的Apple Watch
96a773cf-0d1f-4230-b309-be7cd65013ea,2026-01-30T21:46:56Z,2026-01-30T22:02:25Z,Deep,4,马林康的Apple Watch
8a18c3ba-310b-4911-837e-aa68dad822c7,2026-01-30T22:02:25Z,2026-01-30T22:06:55Z,Core,3,马林康的Apple Watch
a56732cb-63a3-499d-aee6-53e8286d4f2c,2026-01-30T22:06:55Z,2026-01-30T22:08:24Z,REM,5,马林康的Apple Watch
24aa3386-56db-4377-a64d-b87126189997,2026-01-30T22:08:24Z,2026-01-30T22:12:24Z,Awake,2,马林康的Apple Watch
5cfdefbb-ab0d-415b-bc6c-dc4af1ed8650,2026-01-30T22:12:24Z,2026-01-30T22:14:24Z,Core,3,马林康的Apple Watch
9d0b01d6-68b2-41c7-8dda-61b2edb0f46e,2026-01-30T22:14:24Z,2026-01-30T22:40:22Z,REM,5,马林康的Apple Watch
e94f1bde-115b-4b8d-bd96-c649e64bbe15,2026-01-30T22:40:22Z,2026-01-30T22:41:52Z,Awake,2,马林康的Apple Watch
ce4fd742-40a4-4d16-a34e-4f2bfb13bdee,2026-01-30T22:41:52Z,2026-01-30T22:43:52Z,Core,3,马林康的Apple Watch
fe1ef65e-47a2-4670-8638-6bb9f917431b,2026-01-30T22:43:52Z,2026-01-30T22:44:52Z,REM,5,马林康的Apple Watch
15940fdc-d201-4129-96ce-a3d3e1ce28f8,2026-01-30T22:44:52Z,2026-01-30T23:24:19Z,Core,3,马林康的Apple Watch
f6557e54-48e1-4709-8385-79dbf88adae2,2026-01-30T23:24:19Z,2026-01-30T23:31:49Z,Deep,4,马林康的Apple Watch
efa0b610-a9fa-438a-81b2-87966fd31d32,2026-01-30T23:31:49Z,2026-01-30T23:44:18Z,Core,3,马林康的Apple Watch
cdfe1bec-aa41-4bb8-817c-06f0be90cb1a,2026-01-30T23:44:18Z,2026-01-30T23:47:18Z,REM,5,马林康的Apple Watch
c3256c59-20fc-49cd-8bdb-6a4bc487415e,2026-01-30T23:47:18Z,2026-01-30T23:48:48Z,Awake,2,马林康的Apple Watch
49a7b822-8dbb-4e9d-a250-384766c283c3,2026-01-30T23:48:48Z,2026-01-31T00:21:46Z,Core,3,马林康的Apple Watch
ba09ba35-0574-411e-886f-571bcf498696,2026-01-31T00:21:46Z,2026-01-31T00:31:45Z,REM,5,马林康的Apple Watch
db0287cd-0e4c-4486-8bb0-9bfa608ce87d,2026-01-31T00:31:45Z,2026-01-31T00:38:45Z,Awake,2,马林康的Apple Watch
83691e10-87ba-463f-91aa-ba7ffebb7c43,2026-01-31T00:38:45Z,2026-01-31T00:39:44Z,Core,3,马林康的Apple Watch
6ffa3103-3aa5-48ed-875e-5251633598aa,2026-01-31T00:39:44Z,2026-01-31T00:49:14Z,REM,5,马林康的Apple Watch
1d86515a-ae27-4521-b57e-9631877f4e5f,2026-01-31T00:49:14Z,2026-01-31T01:00:13Z,Core,3,马林康的Apple Watch
8d2bedaf-1525-4942-8fdd-44006ab9805c,2026-01-31T01:00:13Z,2026-01-31T01:01:43Z,REM,5,马林康的Apple Watch
b0a83abb-e053-4d5b-a5f8-975022faa11c,2026-01-31T01:01:43Z,2026-01-31T01:09:13Z,Core,3,马林康的Apple Watch
1b5f6ca8-a942-41ae-82ca-4405f4b86f77,2026-02-01T17:19:00Z,2026-02-01T23:36:00Z,In Bed,0,AutoSleep
e69c02a1-a5ab-4a02-b3b3-c4043ab976de,2026-02-01T17:19:00Z,2026-02-01T21:44:00Z,Asleep Unspecified,1,AutoSleep
1d837d01-a985-427e-9581-ba6f00a6b771,2026-02-01T17:21:09Z,2026-02-01T17:23:08Z,Core,3,马林康的Apple Watch
a001f4d3-d5b8-42b4-830d-a2647d8faf48,2026-02-01T17:23:08Z,2026-02-01T17:25:08Z,Awake,2,马林康的Apple Watch
685be2df-3cac-444b-b607-d3d316bb21e2,2026-02-01T17:25:08Z,2026-02-01T17:27:08Z,Core,3,马林康的Apple Watch
c24b5497-29aa-4f28-9a2b-d1be3ef9ee93,2026-02-01T17:27:08Z,2026-02-01T17:28:08Z,Awake,2,马林康的Apple Watch
d3d33ae1-9e7b-421a-9018-ec6c9afc472a,2026-02-01T17:28:08Z,2026-02-01T17:44:07Z,Core,3,马林康的Apple Watch
05342769-8eef-4eb3-bac7-1ee27b37f885,2026-02-01T17:44:07Z,2026-02-01T17:47:37Z,Deep,4,马林康的Apple Watch
aebc2f79-6718-4f32-ae6c-3fee91c8041e,2026-02-01T17:47:37Z,2026-02-01T17:49:37Z,Core,3,马林康的Apple Watch
953fe015-118e-409f-b404-20e8883ef6a0,2026-02-01T17:49:37Z,2026-02-01T17:51:07Z,Awake,2,马林康的Apple Watch
631801de-e103-4229-b6f3-1abe3cc0b792,2026-02-01T17:51:07Z,2026-02-01T17:59:36Z,Core,3,马林康的Apple Watch
429ff272-f2e0-4bbe-aea7-f9e658aaa90a,2026-02-01T17:59:36Z,2026-02-01T18:02:06Z,Deep,4,马林康的Apple Watch
3d9ab0ef-f8f0-4d54-9f66-d3b9618614a3,2026-02-01T18:02:06Z,2026-02-01T18:19:05Z,Core,3,马林康的Apple Watch
3d33c942-7bec-4ef2-9afc-381b5e212821,2026-02-01T18:19:05Z,2026-02-01T18:20:35Z,Deep,4,马林康的Apple Watch
9e2fc917-b510-41a5-8af5-6949210c18fd,2026-02-01T18:20:35Z,2026-02-01T18:30:04Z,Core,3,马林康的Apple Watch
0fe39250-6a92-475b-a560-b261ed9583bc,2026-02-01T18:30:04Z,2026-02-01T18:42:33Z,REM,5,马林康的Apple Watch
fb8b98c0-f231-4b97-af1f-6fee9105ff98,2026-02-01T18:42:33Z,2026-02-01T18:57:32Z,Core,3,马林康的Apple Watch
036f08b0-6e94-4a1b-aa31-b5043eb9d210,2026-02-01T18:57:32Z,2026-02-01T19:12:01Z,Deep,4,马林康的Apple Watch
ea9b0c6d-b096-4e7f-8548-4a08aff2a455,2026-02-01T19:12:01Z,2026-02-01T19:17:31Z,Core,3,马林康的Apple Watch
2d324151-ed3f-492b-b21a-2869f979ce47,2026-02-01T19:17:31Z,2026-02-01T19:31:00Z,Deep,4,马林康的Apple Watch
5b48d331-2452-433c-8e51-487ebc167ca2,2026-02-01T19:31:00Z,2026-02-01T19:50:59Z,Core,3,马林康的Apple Watch
a31329ea-abdf-4162-ac72-ff91ca30ee6d,2026-02-01T19:50:59Z,2026-02-01T20:01:28Z,REM,5,马林康的Apple Watch
feb923a4-7510-4bc2-9b1d-86f9a0eeb474,2026-02-01T20:01:28Z,2026-02-01T20:09:58Z,Core,3,马林康的Apple Watch
6e6ab7a8-3f94-48b1-aafa-b59a62e6bcdc,2026-02-01T20:09:58Z,2026-02-01T20:22:27Z,REM,5,马林康的Apple Watch
b5ac7c86-f724-4fcb-ade6-6eec93dee000,2026-02-01T20:22:27Z,2026-02-01T20:24:57Z,Awake,2,马林康的Apple Watch
26ed85dd-5179-4693-806f-6a3a42c6ac49,2026-02-01T20:24:57Z,2026-02-01T20:26:57Z,Core,3,马林康的Apple Watch
892263a4-ee52-4f3c-9b49-b0196e51cdfb,2026-02-01T20:26:57Z,2026-02-01T20:29:56Z,REM,5,马林康的Apple Watch
46a72dd7-2a4e-4f0c-8c89-867f3d2a3cd8,2026-02-01T20:29:56Z,2026-02-01T20:38:56Z,Core,3,马林康的Apple Watch
bce05ff6-4651-44f7-a72d-8609629661d6,2026-02-01T20:38:56Z,2026-02-01T20:45:55Z,REM,5,马林康的Apple Watch
37e29de5-78f5-4060-bfcf-b95142dff8e6,2026-02-01T20:45:55Z,2026-02-01T21:10:24Z,Core,3,马林康的Apple Watch
004cf435-97a3-4900-8472-073b2252b47e,2026-02-01T21:10:24Z,2026-02-01T21:44:21Z,Deep,4,马林康的Apple Watch
eb6d5b17-b469-4240-a259-bb287d8a3270,2026-02-01T21:44:21Z,2026-02-01T21:49:21Z,Awake,2,马林康的Apple Watch
43c0b922-9513-4d62-a7b9-52190bf5058f,2026-02-01T21:49:21Z,2026-02-01T21:51:51Z,Core,3,马林康的Apple Watch
fbb2d900-00a4-43b7-bf87-42efdb35200f,2026-02-01T21:51:51Z,2026-02-01T21:53:21Z,Awake,2,马林康的Apple Watch
be49b86f-12d8-428e-a006-1b45eb816d09,2026-02-01T21:53:21Z,2026-02-01T21:58:50Z,Core,3,马林康的Apple Watch
1fa8cf3f-debc-4998-a246-fe0772964594,2026-02-01T21:58:50Z,2026-02-01T22:06:20Z,REM,5,马林康的Apple Watch
97125cf0-bc3c-43b8-83c4-242958150d19,2026-02-01T22:06:20Z,2026-02-01T22:13:49Z,Awake,2,马林康的Apple Watch
30da2fd4-f672-4329-95af-712d7e755754,2026-02-01T22:13:49Z,2026-02-01T22:19:19Z,Core,3,马林康的Apple Watch
cc522e68-4e51-45a0-8c65-55317ddb73dd,2026-02-01T22:17:00Z,2026-02-01T23:36:00Z,Asleep Unspecified,1,AutoSleep
c970e103-db7d-43ce-ad1b-e4bbea2ef8e0,2026-02-01T22:19:19Z,2026-02-01T22:22:19Z,Awake,2,马林康的Apple Watch
aef21842-13d2-4a8a-8c44-3236af783529,2026-02-01T22:22:19Z,2026-02-01T22:52:17Z,Core,3,马林康的Apple Watch
7121a7f1-9559-4c0d-9ae5-81bef1219fca,2026-02-01T22:52:17Z,2026-02-01T23:22:15Z,REM,5,马林康的Apple Watch
e3bf4f5f-d8ee-4c2f-958e-d5b545743365,2026-02-01T23:22:15Z,2026-02-01T23:26:15Z,Awake,2,马林康的Apple Watch
65b6cf2a-04e5-4ebf-909d-4e591d56a664,2026-02-01T23:26:15Z,2026-02-01T23:30:44Z,Core,3,马林康的Apple Watch
246e838c-0102-4134-ab27-e8d8b547f578,2026-02-03T15:20:00Z,2026-02-04T00:12:00Z,Asleep Unspecified,1,AutoSleep
8a1427af-94f5-4581-8f82-d08a1f0d17cd,2026-02-03T15:20:00Z,2026-02-04T00:12:00Z,In Bed,0,AutoSleep
210f849d-3435-4043-afbd-04154b9a2d78,2026-02-03T15:25:34Z,2026-02-03T15:39:34Z,Core,3,马林康的Apple Watch
f2cf63d4-59c2-419d-b93c-c121966e6182,2026-02-03T15:39:34Z,2026-02-03T15:59:32Z,Deep,4,马林康的Apple Watch
3bfedfdc-8742-4f02-9fbe-259727a54f15,2026-02-03T15:59:32Z,2026-02-03T16:01:32Z,Awake,2,马林康的Apple Watch
19629ea7-3deb-4970-a8e2-ce3082cf72aa,2026-02-03T16:01:32Z,2026-02-03T16:04:02Z,Core,3,马林康的Apple Watch
50797cd8-11a3-4ce6-bb07-7d3e6636c41e,2026-02-03T16:04:02Z,2026-02-03T16:06:02Z,Awake,2,马林康的Apple Watch
00584cd5-ea57-454f-abf1-2a4dc6d4102b,2026-02-03T16:06:02Z,2026-02-03T16:27:31Z,Core,3,马林康的Apple Watch
da85cf62-bf2e-49d0-897c-806562d055c7,2026-02-03T16:27:31Z,2026-02-03T16:28:01Z,Deep,4,马林康的Apple Watch
e0112f82-f6f7-4abf-8bcf-8b700b7761aa,2026-02-03T16:28:01Z,2026-02-03T16:31:30Z,Core,3,马林康的Apple Watch
34739e76-3e41-4964-a153-bf3040ef746b,2026-02-03T16:31:30Z,2026-02-03T16:38:00Z,REM,5,马林康的Apple Watch
7b17f9cc-77ce-49dc-82fc-3c2e29489694,2026-02-03T16:38:00Z,2026-02-03T16:40:30Z,Awake,2,马林康的Apple Watch
a9a45ebf-2563-44d9-8af1-f2e6c5669385,2026-02-03T16:40:30Z,2026-02-03T17:12:29Z,Core,3,马林康的Apple Watch
4ca60673-648e-480f-a30e-c70c61d3405c,2026-02-03T17:12:29Z,2026-02-03T17:20:29Z,Deep,4,马林康的Apple Watch
e17e8bb2-8d1b-4772-a2bc-f446df5219bd,2026-02-03T17:20:29Z,2026-02-03T17:22:59Z,Awake,2,马林康的Apple Watch
1d915f70-dd0c-4385-85fa-45e6a249a67f,2026-02-03T17:22:59Z,2026-02-03T17:29:29Z,Core,3,马林康的Apple Watch
f80c7dc1-b206-4b93-8969-3c808a8ec6f2,2026-02-03T17:29:29Z,2026-02-03T17:30:59Z,Awake,2,马林康的Apple Watch
62f70c80-74c7-4991-a202-dae96fcda4bd,2026-02-03T17:30:59Z,2026-02-03T17:52:29Z,Core,3,马林康的Apple Watch
408070f2-cdb6-4578-b9ae-a00b39929073,2026-02-03T17:52:29Z,2026-02-03T17:53:59Z,Awake,2,马林康的Apple Watch
7431f7f5-c9ba-4134-b2e3-0ddd0b4906c7,2026-02-03T17:53:59Z,2026-02-03T18:13:28Z,Core,3,马林康的Apple Watch
c7753b70-e5d7-4a1d-974e-77df562351c1,2026-02-03T18:13:28Z,2026-02-03T18:14:28Z,Awake,2,马林康的Apple Watch
0326816e-bfa7-455d-adb7-e6c98a3f24a6,2026-02-03T18:14:28Z,2026-02-03T18:15:28Z,Core,3,马林康的Apple Watch
6cc3a727-6155-4fe5-9ed1-b48fbb63c53b,2026-02-03T18:15:28Z,2026-02-03T18:34:57Z,REM,5,马林康的Apple Watch
5a845b78-431c-4cb6-bfcf-c5447f377ecc,2026-02-03T18:34:57Z,2026-02-03T19:01:57Z,Core,3,马林康的Apple Watch
e97b1056-ee9f-4647-9741-08913aaf3c45,2026-02-03T19:01:57Z,2026-02-03T19:25:58Z,Deep,4,马林康的Apple Watch
83c486c1-82f1-4d44-bd6a-cea6f92b9301,2026-02-03T19:25:58Z,2026-02-03T19:29:27Z,Core,3,马林康的Apple Watch
1a92621b-fc11-47c2-97c8-cb72a1bf8bd2,2026-02-03T19:29:27Z,2026-02-03T19:35:27Z,REM,5,马林康的Apple Watch
88bd7c6a-d784-4792-b273-385329ab4b89,2026-02-03T19:35:27Z,2026-02-03T19:36:57Z,Awake,2,马林康的Apple Watch
227c4731-e158-4639-adef-c07d2940f9df,2026-02-03T19:36:57Z,2026-02-03T20:07:55Z,Core,3,马林康的Apple Watch
7fcfea56-145d-48b9-9260-7f74c0b29fb7,2026-02-03T20:07:55Z,2026-02-03T20:09:25Z,Awake,2,马林康的Apple Watch
47c31720-5eed-4632-9d4e-5cbfaeec1414,2026-02-03T20:09:25Z,2026-02-03T20:12:55Z,Core,3,马林康的Apple Watch
37c83e72-991e-4599-9118-480766684d55,2026-02-03T20:12:55Z,2026-02-03T20:19:25Z,REM,5,马林康的Apple Watch
ec47c663-677c-444c-a99f-3d08036539c9,2026-02-03T20:19:25Z,2026-02-03T20:20:55Z,Awake,2,马林康的Apple Watch
92cb1efe-fe09-4e83-8f9c-40608497057d,2026-02-03T20:20:55Z,2026-02-03T20:21:55Z,Core,3,马林康的Apple Watch
d6e1efb8-6158-4de5-b7da-714d162bf330,2026-02-03T20:21:55Z,2026-02-03T20:53:54Z,REM,5,马林康的Apple Watch
7974da6c-f879-428a-b982-692963ffeaf3,2026-02-03T20:53:54Z,2026-02-03T21:25:53Z,Core,3,马林康的Apple Watch
d829a3df-e842-46ee-b395-53962bb6744f,2026-02-03T21:25:53Z,2026-02-03T21:26:53Z,Awake,2,马林康的Apple Watch
38422a1d-e865-48f0-be17-08f4500b29c7,2026-02-03T21:26:53Z,2026-02-03T21:56:23Z,Core,3,马林康的Apple Watch
bec5299f-7dbb-49fd-a641-498f5fc92117,2026-02-03T21:56:23Z,2026-02-03T21:57:23Z,Awake,2,马林康的Apple Watch
dfe1ad2d-f692-47c9-84ab-be82c0160197,2026-02-03T21:57:23Z,2026-02-03T22:10:23Z,Core,3,马林康的Apple Watch
97e22246-f6d2-4b46-b6cf-483c258fbedf,2026-02-03T22:10:23Z,2026-02-03T22:11:22Z,Awake,2,马林康的Apple Watch
b635110d-6ae5-449a-943d-f145af2df457,2026-02-03T22:11:22Z,2026-02-03T22:44:20Z,Core,3,马林康的Apple Watch
2e26ca24-28c2-401f-91f1-a7f665c1c782,2026-02-03T22:44:20Z,2026-02-03T22:45:20Z,REM,5,马林康的Apple Watch
6bcd658e-758f-40c2-8e03-371cc0d706d1,2026-02-03T22:45:20Z,2026-02-03T22:48:20Z,Core,3,马林康的Apple Watch
2f00995b-2c12-4e6e-904f-6931374f9928,2026-02-03T22:48:20Z,2026-02-03T23:06:49Z,REM,5,马林康的Apple Watch
2454730b-9f1f-43b2-b254-64d42ca0b316,2026-02-03T23:06:49Z,2026-02-03T23:13:48Z,Awake,2,马林康的Apple Watch
7fb2b3e9-34f9-41aa-849b-c81369ac2142,2026-02-03T23:13:48Z,2026-02-03T23:14:48Z,Core,3,马林康的Apple Watch
701f48a4-fc70-4698-b49e-3ceae2a51b60,2026-02-03T23:14:48Z,2026-02-03T23:16:48Z,REM,5,马林康的Apple Watch
ffc53d30-3835-4555-89e8-ad43d0b3e6ee,2026-02-03T23:16:48Z,2026-02-03T23:59:16Z,Core,3,马林康的Apple Watch
65f22ed5-6a44-4554-a299-a5fb22cf65ac,2026-02-04T18:52:23Z,2026-02-04T19:20:51Z,Core,3,马林康的Apple Watch
a8cc470c-4fd9-4340-a96c-ff785d2fb1cd,2026-02-04T19:20:51Z,2026-02-04T19:48:49Z,Deep,4,马林康的Apple Watch
3c5ba74f-2daa-4bbb-9d73-7ad1153bbad9,2026-02-04T19:48:49Z,2026-02-04T19:49:19Z,Awake,2,马林康的Apple Watch
7db47e4e-fc39-4f7f-b7ab-fdd9004a82ab,2026-02-04T19:49:19Z,2026-02-04T20:04:19Z,Core,3,马林康的Apple Watch
a3c87bfa-e1d1-472e-996d-0615c2599fe4,2026-02-04T20:04:19Z,2026-02-04T20:04:49Z,Awake,2,马林康的Apple Watch
50f5c1a4-a780-47f5-aba0-2f79b88b8eae,2026-02-04T20:04:49Z,2026-02-04T20:43:16Z,Core,3,马林康的Apple Watch
93ab18ab-2d91-4eec-9818-f11961521ea9,2026-02-04T20:43:16Z,2026-02-04T20:47:16Z,REM,5,马林康的Apple Watch
9ed7e547-2a90-4e1a-9b72-d8c2868e10af,2026-02-04T20:47:16Z,2026-02-04T20:48:46Z,Core,3,马林康的Apple Watch
09c3b4cd-810a-415a-b581-e3f30e57eb95,2026-02-04T20:48:46Z,2026-02-04T21:03:15Z,REM,5,马林康的Apple Watch
436d8d14-173b-4879-9d52-1ad425c6ec14,2026-02-04T21:03:15Z,2026-02-04T21:45:42Z,Core,3,马林康的Apple Watch
9c26fc56-dd14-452b-8d26-95a3149362da,2026-02-04T21:45:42Z,2026-02-04T21:59:11Z,Deep,4,马林康的Apple Watch
7e8dde86-c339-4102-8303-c43b10ef9724,2026-02-04T21:59:11Z,2026-02-04T21:59:41Z,Core,3,马林康的Apple Watch
28c8b649-c2be-43d1-8f9d-37be0b4848cf,2026-02-04T21:59:41Z,2026-02-04T22:00:41Z,Awake,2,马林康的Apple Watch
cbd6063a-1f57-426f-8b35-70c4fe525d7f,2026-02-04T22:00:41Z,2026-02-04T22:12:40Z,Core,3,马林康的Apple Watch
a2f8ca27-b2a2-4b1c-83d3-de58441a1a9b,2026-02-04T22:12:40Z,2026-02-04T22:13:40Z,Awake,2,马林康的Apple Watch
b0ede57b-b98e-4850-a609-170a8f8454e5,2026-02-04T22:13:40Z,2026-02-04T22:29:39Z,Core,3,马林康的Apple Watch
ad136ae7-fab4-4507-88dc-528865947eab,2026-02-04T22:29:39Z,2026-02-04T22:34:38Z,Awake,2,马林康的Apple Watch
874c8d06-1c74-4ee0-af09-c527aa2f70cd,2026-02-04T22:34:38Z,2026-02-04T22:56:07Z,Core,3,马林康的Apple Watch
b161e9d2-8ee6-465c-ab0e-ffabc92709aa,2026-02-04T22:56:07Z,2026-02-04T23:20:35Z,REM,5,马林康的Apple Watch
4767748b-86ab-4898-8a8f-4b292bae6e9a,2026-02-04T23:20:35Z,2026-02-04T23:22:35Z,Awake,2,马林康的Apple Watch
d3240a6b-a0aa-4f41-ab65-2ed7b2868957,2026-02-04T23:22:35Z,2026-02-04T23:24:35Z,Core,3,马林康的Apple Watch
85135e8d-8315-47de-ad3d-e8bfcfa62784,2026-02-04T23:24:35Z,2026-02-04T23:27:35Z,Awake,2,马林康的Apple Watch
beb1a667-25d2-4e1d-9814-f9901f26b769,2026-02-04T23:27:35Z,2026-02-05T00:04:02Z,Core,3,马林康的Apple Watch
b42f6f5f-76fc-4015-ba72-abfef8c04dc1,2026-02-05T16:24:04Z,2026-02-05T16:39:33Z,Core,3,马林康的Apple Watch
016331bd-4d22-4329-a3f2-6cf02cbcdc5a,2026-02-05T16:39:33Z,2026-02-05T16:54:32Z,Deep,4,马林康的Apple Watch
447c14d7-2ad1-4cfa-9ab4-f8386bc6cbbf,2026-02-05T16:54:32Z,2026-02-05T16:58:02Z,Core,3,马林康的Apple Watch
09bfe606-cbd1-4018-8c87-03c72c9562ee,2026-02-05T16:58:02Z,2026-02-05T17:02:02Z,Deep,4,马林康的Apple Watch
b9877f98-0075-434f-bf2b-5e0ba735ff62,2026-02-05T17:02:02Z,2026-02-05T17:12:01Z,Core,3,马林康的Apple Watch
ea2e0469-85b4-4892-a1ba-bd03fecb47ef,2026-02-05T17:12:01Z,2026-02-05T17:23:30Z,Deep,4,马林康的Apple Watch
611adbd5-731c-4281-9fea-dc4b24824749,2026-02-05T17:23:30Z,2026-02-05T17:26:30Z,Core,3,马林康的Apple Watch
206c03e2-44a6-462d-89a3-d7565d99d3c1,2026-02-05T17:26:30Z,2026-02-05T17:29:30Z,Deep,4,马林康的Apple Watch
79b2e0f3-6dd9-4f43-9f48-fbb89d503a28,2026-02-05T17:29:30Z,2026-02-05T17:34:00Z,Core,3,马林康的Apple Watch
9f687273-921b-497d-902d-01404f069d23,2026-02-05T17:34:00Z,2026-02-05T17:45:29Z,REM,5,马林康的Apple Watch
c046a56f-e47b-4ad1-821e-bba07dd5fa15,2026-02-05T17:45:29Z,2026-02-05T17:57:58Z,Core,3,马林康的Apple Watch
2c4144d9-dd7f-49db-a509-e0163ce3c341,2026-02-05T17:57:58Z,2026-02-05T17:59:28Z,Awake,2,马林康的Apple Watch
ff593970-63d3-4916-8686-dc2a36555cfd,2026-02-05T17:59:28Z,2026-02-05T18:30:26Z,Core,3,马林康的Apple Watch
b251c8ff-31e7-42c3-9c34-a31be9a70086,2026-02-05T18:30:26Z,2026-02-05T18:33:56Z,Deep,4,马林康的Apple Watch
42637628-a152-44ab-8142-2a7839eb6c59,2026-02-05T18:33:56Z,2026-02-05T18:59:24Z,Core,3,马林康的Apple Watch
8e13b3cb-de05-4449-a172-7fb645d3226d,2026-02-05T18:59:24Z,2026-02-05T18:59:54Z,Awake,2,马林康的Apple Watch
753c53f4-74cc-4087-9938-b371e59e0465,2026-02-05T18:59:54Z,2026-02-05T19:00:54Z,Core,3,马林康的Apple Watch
5a178240-5790-4ccd-8629-9a7b433569c1,2026-02-05T19:00:54Z,2026-02-05T19:01:54Z,Awake,2,马林康的Apple Watch
5db8b4dc-4bc7-44fa-882a-0b74514153d6,2026-02-05T19:01:54Z,2026-02-05T19:13:53Z,Core,3,马林康的Apple Watch
3e5deb6f-2015-4d24-87fc-cf6688c0fe72,2026-02-05T19:13:53Z,2026-02-05T19:29:22Z,REM,5,马林康的Apple Watch
ca3f2f48-9f83-4f7a-bc21-c1f342653ee3,2026-02-05T19:29:22Z,2026-02-05T19:30:22Z,Awake,2,马林康的Apple Watch
de9e95fc-a635-4869-a227-8e6cae686689,2026-02-05T19:30:22Z,2026-02-05T19:52:20Z,Core,3,马林康的Apple Watch
c3f32660-495e-4089-9c9b-b7753258e823,2026-02-05T19:52:20Z,2026-02-05T20:05:20Z,Deep,4,马林康的Apple Watch
0ca81236-928c-417e-84c4-60d30873aa26,2026-02-05T20:05:20Z,2026-02-05T20:20:49Z,Core,3,马林康的Apple Watch
cd2475af-09be-48da-97d9-4f61fbf97701,2026-02-05T20:20:49Z,2026-02-05T20:33:18Z,REM,5,马林康的Apple Watch
f45e3ed7-686b-48ef-986f-d24b1c047c81,2026-02-05T20:33:18Z,2026-02-05T20:37:18Z,Core,3,马林康的Apple Watch
e3a73e6e-7667-4a63-8a8b-0b32e912541c,2026-02-05T20:37:18Z,2026-02-05T20:42:47Z,REM,5,马林康的Apple Watch
e1ef000f-b5ba-4cb7-9748-28e2d453fa78,2026-02-05T20:42:47Z,2026-02-05T21:35:44Z,Core,3,马林康的Apple Watch
8c83b5dc-bc34-43c1-ade2-dbba70343b8d,2026-02-05T21:35:44Z,2026-02-05T21:56:42Z,REM,5,马林康的Apple Watch
c06d871e-480c-4b7f-9160-6c924722d1a3,2026-02-05T21:56:42Z,2026-02-05T21:59:12Z,Awake,2,马林康的Apple Watch
883ecb45-8e81-49c5-9190-7e396e86440d,2026-02-05T21:59:12Z,2026-02-05T23:00:08Z,Core,3,马林康的Apple Watch
af9b7404-2dbe-4ef6-a44f-25f6d4a5db0c,2026-02-05T23:00:08Z,2026-02-05T23:21:07Z,REM,5,马林康的Apple Watch
3f8e6f1e-ddff-4ebd-8b68-2a6f2a043552,2026-02-05T23:21:07Z,2026-02-05T23:24:07Z,Awake,2,马林康的Apple Watch
38981561-b021-49ea-b0f8-c091400625a1,2026-02-05T23:24:07Z,2026-02-05T23:37:36Z,Core,3,马林康的Apple Watch
e5e2ce4e-a75e-4bdf-9dc8-d66c52f2762f,2026-02-05T23:37:36Z,2026-02-05T23:47:05Z,REM,5,马林康的Apple Watch
73a2ad57-0c1b-41de-a68a-69215b6925fa,2026-02-05T23:47:05Z,2026-02-05T23:51:05Z,Core,3,马林康的Apple Watch
62defa17-ca82-4675-9612-4a1cd44dea7a,2026-02-05T23:51:05Z,2026-02-05T23:53:05Z,REM,5,马林康的Apple Watch
c01615d7-4130-48dd-b585-91798305ab75,2026-02-05T23:53:05Z,2026-02-05T23:54:05Z,Core,3,马林康的Apple Watch
ea66a458-6570-4199-9626-6edfaf75158c,2026-02-05T23:54:05Z,2026-02-05T23:55:05Z,Awake,2,马林康的Apple Watch
04a2c77d-3a87-450d-a715-442b166fb8bb,2026-02-05T23:55:05Z,2026-02-05T23:59:34Z,Core,3,马林康的Apple Watch
14ea2b46-5a5b-42ff-86db-483953420053,2026-02-05T23:59:34Z,2026-02-06T00:06:04Z,REM,5,马林康的Apple Watch
ccb8f51e-5081-4b4f-9b25-75180f428eab,2026-02-06T00:06:04Z,2026-02-06T00:11:34Z,Core,3,马林康的Apple Watch
a27cf263-56c7-4b25-90a3-c253c2a60f7f,2026-02-07T15:41:00Z,2026-02-08T00:33:00Z,Asleep Unspecified,1,AutoSleep
d1352b31-1a11-42d1-a4a3-ca0664a6bab0,2026-02-07T15:41:00Z,2026-02-08T00:33:00Z,In Bed,0,AutoSleep
2dc15d06-fbad-4195-bd1d-0c8e502063c1,2026-02-07T15:45:04Z,2026-02-07T16:06:33Z,Core,3,马林康的Apple Watch
daf59e88-b9b3-43d6-84e0-88ee83ae5541,2026-02-07T16:06:33Z,2026-02-07T16:48:00Z,Deep,4,马林康的Apple Watch
e5514801-fe76-4ebc-8b4f-f69a1f31c5d6,2026-02-07T16:48:00Z,2026-02-07T16:50:30Z,Core,3,马林康的Apple Watch
2730ed9a-4c64-4745-8a32-eb6cf8ba6312,2026-02-07T16:50:30Z,2026-02-07T16:53:30Z,REM,5,马林康的Apple Watch
9b797e94-b691-460a-b474-3352e2f32507,2026-02-07T16:53:30Z,2026-02-07T16:54:00Z,Core,3,马林康的Apple Watch
35ea858f-06ec-47e0-a10e-ce4e7f8e3492,2026-02-07T16:54:00Z,2026-02-07T16:59:00Z,REM,5,马林康的Apple Watch
a2e1c9ba-3628-4e52-a8f2-f2b00628497e,2026-02-07T16:59:00Z,2026-02-07T18:30:53Z,Core,3,马林康的Apple Watch
e12f3ecb-9112-458f-a858-3fbedb05a15e,2026-02-07T18:30:53Z,2026-02-07T18:37:53Z,REM,5,马林康的Apple Watch
2e11b954-1908-4843-ade8-76240d87c327,2026-02-07T18:37:53Z,2026-02-07T18:42:53Z,Awake,2,马林康的Apple Watch
6040d4cb-bbe7-492f-9f79-2a25defc89bc,2026-02-07T18:42:53Z,2026-02-07T18:53:22Z,Core,3,马林康的Apple Watch
8cad0a03-85a2-48dd-bb6b-b3ff271d3607,2026-02-07T18:53:22Z,2026-02-07T18:55:22Z,Awake,2,马林康的Apple Watch
5d6961fe-e053-4896-a703-809fa39118a2,2026-02-07T18:55:22Z,2026-02-07T19:30:49Z,Core,3,马林康的Apple Watch
609eb47c-b663-4733-85e6-abff65420a2d,2026-02-07T19:30:49Z,2026-02-07T19:31:49Z,Awake,2,马林康的Apple Watch
0f488abe-94b1-4746-8aa9-7d77ed6d11fd,2026-02-07T19:31:49Z,2026-02-07T19:36:19Z,Core,3,马林康的Apple Watch
57f13d61-70ba-4ac2-8d16-54207c4d5383,2026-02-07T19:36:19Z,2026-02-07T19:39:19Z,Awake,2,马林康的Apple Watch
44c529d5-adf6-45ff-85ae-76ddca80e84a,2026-02-07T19:39:19Z,2026-02-07T19:50:18Z,Core,3,马林康的Apple Watch
2a2e5382-718c-4156-9bc8-d84cf17de493,2026-02-07T19:50:18Z,2026-02-07T19:52:18Z,Awake,2,马林康的Apple Watch
17c480a8-2348-4cfc-8f90-3d8b2ddca79d,2026-02-07T19:52:18Z,2026-02-07T19:56:48Z,Core,3,马林康的Apple Watch
ad24c4e0-fd96-4489-a347-c6a6e60d6a1e,2026-02-07T19:56:48Z,2026-02-07T19:57:48Z,REM,5,马林康的Apple Watch
3b182d2c-ca49-4043-96de-baa9e599a63a,2026-02-07T19:57:48Z,2026-02-07T20:03:17Z,Core,3,马林康的Apple Watch
d51959dd-2052-4c5f-92f8-ba9f06825644,2026-02-07T20:03:17Z,2026-02-07T20:09:17Z,REM,5,马林康的Apple Watch
dd6ef2ad-5e97-4832-a86b-b27a2c69e8c9,2026-02-07T20:09:17Z,2026-02-07T20:11:17Z,Core,3,马林康的Apple Watch
a73fc375-7736-4d8b-b35c-3dac782e229e,2026-02-07T20:11:17Z,2026-02-07T20:22:46Z,REM,5,马林康的Apple Watch
ff8ed7a2-a1e5-4add-9fb1-6ccb3fe21036,2026-02-07T20:22:46Z,2026-02-07T21:04:13Z,Core,3,马林康的Apple Watch
7fd9d57d-646e-4d45-90c3-21b1f5d6eefe,2026-02-07T21:04:13Z,2026-02-07T21:05:43Z,Awake,2,马林康的Apple Watch
a387b6f3-620c-4480-9b84-3fa99ca5a646,2026-02-07T21:05:43Z,2026-02-07T22:34:37Z,Core,3,马林康的Apple Watch
5e5bfe2c-6b80-4d0d-b7ed-618818c4d5e2,2026-02-07T22:34:37Z,2026-02-07T23:22:34Z,REM,5,马林康的Apple Watch
fa33a2e2-4d7e-4fbd-bdb9-778f6519087a,2026-02-07T23:22:34Z,2026-02-07T23:23:34Z,Awake,2,马林康的Apple Watch
0f4b503e-8c87-493e-824e-382b960977d2,2026-02-07T23:23:34Z,2026-02-08T00:24:30Z,Core,3,马林康的Apple Watch
f8ef0042-58d7-4f3f-89f1-fecea0985ede,2026-02-08T00:24:30Z,2026-02-08T00:25:30Z,Awake,2,马林康的Apple Watch
14e893c3-9d26-4880-81ca-3259a99eb808,2026-02-08T00:25:30Z,2026-02-08T00:29:30Z,Core,3,马林康的Apple Watch
a81123b1-cf48-4999-8dee-c67041450fae,2026-02-08T15:55:00Z,2026-02-08T22:15:00Z,Asleep Unspecified,1,AutoSleep
d78a2bbf-b746-47c7-b3f7-21ce2a31155e,2026-02-08T15:55:00Z,2026-02-08T22:15:00Z,In Bed,0,AutoSleep
f8fb94cd-6929-43f0-b1ce-cfa0b9189b81,2026-02-08T16:27:24Z,2026-02-08T16:39:23Z,Core,3,马林康的Apple Watch
bd37c7b0-6f6d-4a9a-b5c3-de7d0267c059,2026-02-08T16:39:23Z,2026-02-08T16:41:53Z,Awake,2,马林康的Apple Watch
5b5966b3-6a54-4a6f-8f38-302ae0596f60,2026-02-08T16:41:53Z,2026-02-08T16:59:21Z,Core,3,马林康的Apple Watch
12c3cc0c-54e9-4bda-a976-733c9f56206b,2026-02-08T16:59:21Z,2026-02-08T17:00:21Z,Awake,2,马林康的Apple Watch
6c08048a-5dc2-425f-ad3e-ce3826d38420,2026-02-08T17:00:21Z,2026-02-08T17:18:20Z,Core,3,马林康的Apple Watch
d66c7e11-3aac-4ef9-8f01-bf392dc238f2,2026-02-08T17:18:20Z,2026-02-08T17:34:49Z,Deep,4,马林康的Apple Watch
cc362f8c-3e37-4dc0-a4f7-b5140efb4e51,2026-02-08T17:34:49Z,2026-02-08T17:38:19Z,REM,5,马林康的Apple Watch
30e2c9bb-62ae-4652-a203-f946c7c3f602,2026-02-08T17:38:19Z,2026-02-08T17:39:49Z,Core,3,马林康的Apple Watch
198b3fe0-c040-49f1-a23c-a9b954177e45,2026-02-08T17:39:49Z,2026-02-08T17:50:48Z,REM,5,马林康的Apple Watch
a09a3762-b455-42ab-8866-d52b047ccae4,2026-02-08T17:50:48Z,2026-02-08T18:11:47Z,Core,3,马林康的Apple Watch
ed70dfbf-f119-471b-9508-e7102085104b,2026-02-08T18:11:47Z,2026-02-08T18:27:45Z,Deep,4,马林康的Apple Watch
1a302937-cc95-4d30-9b29-64b1628c9bd0,2026-02-08T18:27:45Z,2026-02-08T18:48:44Z,Core,3,马林康的Apple Watch
f94fbe10-2d8d-40b9-93b4-a065ffc47d92,2026-02-08T18:48:44Z,2026-02-08T19:07:13Z,REM,5,马林康的Apple Watch
4edd8d09-50e8-49df-9dd0-d906f161314c,2026-02-08T19:07:13Z,2026-02-08T19:13:42Z,Awake,2,马林康的Apple Watch
f74b6212-e58f-4128-9edd-c9cf1c6e7047,2026-02-08T19:13:42Z,2026-02-08T19:24:11Z,Core,3,马林康的Apple Watch
13a7432c-90f9-4aab-8df2-c86d16b6b728,2026-02-08T19:24:11Z,2026-02-08T19:26:11Z,Awake,2,马林康的Apple Watch
a0ce5d67-4bfb-4eeb-a37b-06a5ea2fe52a,2026-02-08T19:26:11Z,2026-02-08T19:55:39Z,Core,3,马林康的Apple Watch
e0b82228-2f06-4771-b9cb-98fc0994a2c8,2026-02-08T19:55:39Z,2026-02-08T20:19:38Z,Deep,4,马林康的Apple Watch
326f8885-b07b-4471-bb08-567268bd841c,2026-02-08T20:19:38Z,2026-02-08T20:27:37Z,Core,3,马林康的Apple Watch
b8220f54-17a7-43fb-9c96-34bb46928cb5,2026-02-08T20:27:37Z,2026-02-08T20:31:07Z,REM,5,马林康的Apple Watch
f7cee9cc-2101-40a6-adc3-be8cf93a2400,2026-02-08T20:31:07Z,2026-02-08T20:33:37Z,Awake,2,马林康的Apple Watch
e6e6124d-1aef-4b6b-bdcd-c8a90db32fee,2026-02-08T20:33:37Z,2026-02-08T20:36:07Z,Core,3,马林康的Apple Watch
f0fd7483-b1df-4fde-b29a-d25bae8b1ea1,2026-02-08T20:36:07Z,2026-02-08T20:43:06Z,REM,5,马林康的Apple Watch
19bd10d1-8749-4398-ae9d-8dd4bb4e3102,2026-02-08T20:43:06Z,2026-02-08T20:45:06Z,Awake,2,马林康的Apple Watch
35957f1d-8a35-4378-bc19-352605214537,2026-02-08T20:45:06Z,2026-02-08T20:57:06Z,Core,3,马林康的Apple Watch
8d2e80a2-18b6-4cf7-aa71-ffed94417c03,2026-02-08T20:57:06Z,2026-02-08T20:58:35Z,Awake,2,马林康的Apple Watch
4c68b34d-3e35-4467-bd1e-c416a3e973f7,2026-02-08T20:58:35Z,2026-02-08T21:46:32Z,Core,3,马林康的Apple Watch
54b1482a-dd27-41a0-b10f-898c55bf0c24,2026-02-08T21:46:32Z,2026-02-08T21:56:32Z,REM,5,马林康的Apple Watch
e4d1cc96-097f-4c66-befb-1f8464919423,2026-02-08T21:56:32Z,2026-02-08T22:01:01Z,Core,3,马林康的Apple Watch
e1aa6936-a4b3-460e-b6e2-a2d2848c36e4,2026-02-08T22:01:01Z,2026-02-08T22:10:01Z,REM,5,马林康的Apple Watch
33715708-3721-4d70-b02f-901c244ed683,2026-02-10T16:41:00Z,2026-02-10T23:10:00Z,In Bed,0,AutoSleep
f282c952-b34c-4085-9a00-38e8f8186372,2026-02-10T16:41:00Z,2026-02-10T23:10:00Z,Asleep Unspecified,1,AutoSleep
d07c76f6-3847-4090-ab10-96aa0e172129,2026-02-10T16:49:12Z,2026-02-10T17:11:10Z,Core,3,马林康的Apple Watch
6b5c0e24-ae03-44c0-97dc-cbb73440fe38,2026-02-10T17:11:10Z,2026-02-10T17:36:39Z,Deep,4,马林康的Apple Watch
64abd853-0ef9-45aa-a937-277f29d43bc6,2026-02-10T17:36:39Z,2026-02-10T17:42:08Z,Core,3,马林康的Apple Watch
2d93b884-50f9-4ec7-946a-3ba9ec182bb8,2026-02-10T17:42:08Z,2026-02-10T17:52:08Z,REM,5,马林康的Apple Watch
b4d19668-30bd-452f-a217-59675fa248e4,2026-02-10T17:52:08Z,2026-02-10T18:18:36Z,Core,3,马林康的Apple Watch
f86219c8-938f-42f6-a49d-0e4741879728,2026-02-10T18:18:36Z,2026-02-10T18:36:35Z,Deep,4,马林康的Apple Watch
b86164d7-c68f-4c50-ae7c-c7df3cf45f8d,2026-02-10T18:36:35Z,2026-02-10T18:44:04Z,Core,3,马林康的Apple Watch
5c4e35ee-6697-42f9-8979-7f216751a453,2026-02-10T18:44:04Z,2026-02-10T18:45:04Z,REM,5,马林康的Apple Watch
bfe79bb3-3fa9-4b7d-a492-7432a377cd81,2026-02-10T18:45:04Z,2026-02-10T18:46:04Z,Core,3,马林康的Apple Watch
71c7eddb-5b6c-4242-8d6c-eb07064d7227,2026-02-10T18:46:04Z,2026-02-10T18:54:04Z,REM,5,马林康的Apple Watch
4ba45590-d670-4e3f-8024-8e7d50a868b0,2026-02-10T18:54:04Z,2026-02-10T18:55:04Z,Awake,2,马林康的Apple Watch
39a64405-4a28-41a2-a1eb-585197522b5e,2026-02-10T18:55:04Z,2026-02-10T18:57:04Z,Core,3,马林康的Apple Watch
a7f60cb0-0c7b-4fbf-9732-1820f6e1c22c,2026-02-10T18:57:04Z,2026-02-10T19:11:03Z,REM,5,马林康的Apple Watch
2529e78f-10df-48ea-89c6-ba74452ffba8,2026-02-10T19:11:03Z,2026-02-10T20:01:59Z,Core,3,马林康的Apple Watch
fa70f060-ae81-4c3b-93e4-9c6a8830d00b,2026-02-10T20:01:59Z,2026-02-10T20:03:29Z,Awake,2,马林康的Apple Watch
7a7a4e96-f751-48bd-baa1-a3695bd08dec,2026-02-10T20:03:29Z,2026-02-10T20:33:57Z,Core,3,马林康的Apple Watch
e37d0e2d-4d07-49b9-a99c-458814d71d4c,2026-02-10T20:33:57Z,2026-02-10T20:36:57Z,REM,5,马林康的Apple Watch
d0720084-8f4e-49a4-9124-318e40e60cbf,2026-02-10T20:36:57Z,2026-02-10T20:39:57Z,Awake,2,马林康的Apple Watch
ef7705a7-06d7-496a-b6ce-d30a05d6de07,2026-02-10T20:39:57Z,2026-02-10T20:54:26Z,Core,3,马林康的Apple Watch
c387b988-5174-4a89-bb64-c3878fd2896e,2026-02-10T20:54:26Z,2026-02-10T21:00:25Z,REM,5,马林康的Apple Watch
3afa075e-5f84-4612-a13e-b4135a67bfd0,2026-02-10T21:00:25Z,2026-02-10T21:03:25Z,Awake,2,马林康的Apple Watch
a2ac6970-ca20-402f-8dff-b68d59503c7c,2026-02-10T21:03:25Z,2026-02-10T21:54:22Z,Core,3,马林康的Apple Watch
507c9487-94bc-4359-8374-e708c6c7f2e5,2026-02-10T21:54:22Z,2026-02-10T22:11:20Z,REM,5,马林康的Apple Watch
d6067915-ec90-46d2-b62c-70e06df2e34c,2026-02-10T22:11:20Z,2026-02-10T22:15:50Z,Awake,2,马林康的Apple Watch
4ba57d68-9194-48c3-b175-819d71e91892,2026-02-10T22:15:50Z,2026-02-10T22:32:49Z,Core,3,马林康的Apple Watch
883a8313-038c-4457-8d8c-a273772f419d,2026-02-10T22:32:49Z,2026-02-10T22:34:19Z,Awake,2,马林康的Apple Watch
b343da5a-3bda-46ed-bf42-0b92e916b3eb,2026-02-10T22:34:19Z,2026-02-10T22:48:48Z,Core,3,马林康的Apple Watch
55f48b13-ead8-474f-828f-6b4dfc3ff662,2026-02-10T22:48:48Z,2026-02-10T22:50:18Z,Awake,2,马林康的Apple Watch
5aa5b7be-7910-4b6a-b8b5-501e2337f618,2026-02-10T22:50:18Z,2026-02-10T23:09:17Z,Core,3,马林康的Apple Watch
6106fb32-402d-4feb-8fb5-93507a0e23ed,2026-02-11T05:30:00Z,2026-02-11T06:03:00Z,Asleep Unspecified,1,AutoSleep
86876337-ab01-46bd-958a-b55d63142ce5,2026-02-11T05:30:00Z,2026-02-11T06:03:00Z,In Bed,0,AutoSleep
37a2338c-5af1-4122-863f-e6e7fd91bd10,2026-02-11T16:30:00Z,2026-02-11T17:00:00Z,Asleep Unspecified,1,AutoSleep
b61737da-bc7c-4d94-bc3f-615e2c185ee8,2026-02-11T16:30:00Z,2026-02-12T00:30:00Z,In Bed,0,AutoSleep
613c9da2-710b-47bc-b85f-4b5728e85d94,2026-02-11T18:08:00Z,2026-02-11T22:03:00Z,Asleep Unspecified,1,AutoSleep
ece1ca61-b5a2-4e87-926d-6b9a58c7c3d0,2026-02-11T18:20:12Z,2026-02-11T18:48:40Z,Core,3,马林康的Apple Watch
9a32bd8d-36f8-4254-9864-7b8a4e92b33c,2026-02-11T18:48:40Z,2026-02-11T19:05:39Z,Deep,4,马林康的Apple Watch
7664dc05-57c3-4fd5-a498-e0985950960d,2026-02-11T19:05:39Z,2026-02-11T19:19:38Z,Core,3,马林康的Apple Watch
76292b53-b2d2-42e4-b58e-0088f30628ab,2026-02-11T19:19:38Z,2026-02-11T19:28:38Z,REM,5,马林康的Apple Watch
8c57f63a-978c-4d64-8e94-f044f8f1ab85,2026-02-11T19:28:38Z,2026-02-11T19:29:08Z,Core,3,马林康的Apple Watch
e092d733-ef1e-42c2-8859-0789d1437de9,2026-02-11T19:29:08Z,2026-02-11T19:30:08Z,Awake,2,马林康的Apple Watch
47e54d58-4512-4c31-a0a1-d8581b687649,2026-02-11T19:30:08Z,2026-02-11T19:57:06Z,Core,3,马林康的Apple Watch
166a2239-912a-49c7-8fa1-2d924d541c43,2026-02-11T19:57:06Z,2026-02-11T20:13:05Z,Deep,4,马林康的Apple Watch
0a617a72-b86b-4e2c-8d8b-3cb58f164bee,2026-02-11T20:13:05Z,2026-02-11T20:30:04Z,Core,3,马林康的Apple Watch
7727f6ad-eb5a-4f5d-b0f4-8ce389556d08,2026-02-11T20:30:04Z,2026-02-11T21:06:01Z,REM,5,马林康的Apple Watch
80c06d6e-5b22-40e1-8b27-d8d622ad358c,2026-02-11T21:06:01Z,2026-02-11T22:01:27Z,Core,3,马林康的Apple Watch
d6d640a1-2072-4481-a69b-fe05a0c87445,2026-02-11T22:01:27Z,2026-02-11T22:04:57Z,Awake,2,马林康的Apple Watch
755bd1be-b2ef-4418-9e0e-4793fe5e8c36,2026-02-11T22:04:57Z,2026-02-11T22:23:56Z,Core,3,马林康的Apple Watch
bf788daa-f39b-4f70-997e-f9207c090c34,2026-02-11T22:23:56Z,2026-02-11T22:28:55Z,Awake,2,马林康的Apple Watch
daa31346-6b2d-4f48-b90e-71040051febb,2026-02-11T22:26:00Z,2026-02-11T23:14:00Z,Asleep Unspecified,1,AutoSleep
e597b3bd-2f96-4699-b603-de87411aecb0,2026-02-11T22:28:55Z,2026-02-11T23:01:23Z,Core,3,马林康的Apple Watch
aef8fae4-ee67-427f-9b34-97d586f1fc70,2026-02-11T23:01:23Z,2026-02-11T23:14:22Z,REM,5,马林康的Apple Watch
7e511050-e8d0-4e02-94cb-774c57c763e8,2026-02-11T23:14:22Z,2026-02-11T23:17:22Z,Awake,2,马林康的Apple Watch
7004aae3-0b41-4bf6-80f4-ffa0eefcb1cb,2026-02-11T23:17:22Z,2026-02-11T23:25:21Z,Core,3,马林康的Apple Watch
20c68440-a543-4fef-97ee-1a9509fa5768,2026-02-11T23:25:21Z,2026-02-11T23:38:50Z,Awake,2,马林康的Apple Watch
13f58bea-75b7-40ac-a5e0-4386a0520a81,2026-02-11T23:38:50Z,2026-02-12T00:22:18Z,Core,3,马林康的Apple Watch
671b6915-fc67-4fac-99ee-dd98259b7fe4,2026-02-11T23:43:00Z,2026-02-12T00:30:00Z,Asleep Unspecified,1,AutoSleep
43309422-83d8-4761-95bc-c70c48299904,2026-02-12T00:22:18Z,2026-02-12T00:24:48Z,Awake,2,马林康的Apple Watch
05913c98-a698-4504-8530-4b463da2d4bd,2026-02-12T00:24:48Z,2026-02-12T00:29:17Z,Core,3,马林康的Apple Watch
4a29b9f1-b6e3-420b-aa01-2047674b1f48,2026-02-12T17:50:00Z,2026-02-12T18:19:00Z,Asleep Unspecified,1,AutoSleep
fd6463be-d84a-456a-bae9-cd19e28d74b3,2026-02-12T17:50:00Z,2026-02-13T00:11:00Z,In Bed,0,AutoSleep
16b7c021-5b01-409b-b82f-9958e94c135b,2026-02-12T18:31:00Z,2026-02-13T00:11:00Z,Asleep Unspecified,1,AutoSleep
812782fb-9657-4f54-8812-0b584747ad61,2026-02-12T18:34:07Z,2026-02-12T18:51:06Z,Core,3,马林康的Apple Watch
adddc335-4a24-4ad5-b948-960e2fe624d6,2026-02-12T18:51:06Z,2026-02-12T18:54:36Z,Deep,4,马林康的Apple Watch
fecd146f-2670-4ce3-9c52-562c4d8ab951,2026-02-12T18:54:36Z,2026-02-12T18:57:36Z,Core,3,马林康的Apple Watch
df196634-c71d-4cc0-996a-d1777672a38d,2026-02-12T18:57:36Z,2026-02-12T19:04:05Z,Deep,4,马林康的Apple Watch
5445db72-cf0c-4f1a-8cf0-f57125fe57ca,2026-02-12T19:04:05Z,2026-02-12T19:13:05Z,Core,3,马林康的Apple Watch
70505de3-f327-41d7-b133-1781b94e1898,2026-02-12T19:13:05Z,2026-02-12T19:29:34Z,Deep,4,马林康的Apple Watch
97d78879-98f6-486c-871e-322b39ca1151,2026-02-12T19:29:34Z,2026-02-12T19:30:03Z,Awake,2,马林康的Apple Watch
975207eb-1ede-4dea-a5f1-4fc394096867,2026-02-12T19:30:03Z,2026-02-12T19:35:03Z,Core,3,马林康的Apple Watch
d2ea6cc9-9eed-4c38-a20f-024d5a595b99,2026-02-12T19:35:03Z,2026-02-12T19:43:03Z,REM,5,马林康的Apple Watch
2917e5df-d494-41ea-b11b-611aa2ad2b56,2026-02-12T19:43:03Z,2026-02-12T20:11:01Z,Core,3,马林康的Apple Watch
872e687c-99ec-4d29-8769-13ae0ef3f975,2026-02-12T20:11:01Z,2026-02-12T20:36:29Z,Deep,4,马林康的Apple Watch
788a4fdf-70bb-44c8-a179-9989a2251e94,2026-02-12T20:36:29Z,2026-02-12T20:41:59Z,Core,3,马林康的Apple Watch
f0e9af3e-87ff-449e-a8b2-bddd29156894,2026-02-12T20:41:59Z,2026-02-12T21:09:57Z,REM,5,马林康的Apple Watch
e56fd92a-5edd-4eba-bcb3-ffb4e7ff1fbf,2026-02-12T21:09:57Z,2026-02-12T21:38:25Z,Core,3,马林康的Apple Watch
a42943e7-b2d2-4de6-a9bd-0505b01e0258,2026-02-12T21:38:25Z,2026-02-12T21:52:24Z,Deep,4,马林康的Apple Watch
49baa326-df9c-48af-b1ac-16f71b66ae80,2026-02-12T21:52:24Z,2026-02-12T22:04:53Z,Core,3,马林康的Apple Watch
56e67e6b-c6a5-4ac6-8c40-6fb0cf007ed0,2026-02-12T22:04:53Z,2026-02-12T22:10:23Z,REM,5,马林康的Apple Watch
6d454b62-6db0-431b-b0cb-6cf9c49644e5,2026-02-12T22:10:23Z,2026-02-12T22:12:53Z,Awake,2,马林康的Apple Watch
4e3aa449-63d9-4ad5-ad4f-f2967060ce86,2026-02-12T22:12:53Z,2026-02-12T23:13:49Z,Core,3,马林康的Apple Watch
9add2eea-7347-4171-8356-a82599e01bb5,2026-02-12T23:13:49Z,2026-02-13T00:13:15Z,REM,5,马林康的Apple Watch
14368b0c-c904-4145-b7e5-fa2cd75ccdbe,2026-02-13T16:22:00Z,2026-02-14T00:32:00Z,In Bed,0,AutoSleep
e2c156a7-3b5a-436d-8bc4-b9a8b996da54,2026-02-13T16:22:00Z,2026-02-13T17:49:00Z,Asleep Unspecified,1,AutoSleep
e3e6d212-a12d-4aa1-a145-d743716d2d52,2026-02-13T16:26:56Z,2026-02-13T16:47:55Z,Core,3,马林康的Apple Watch
14f8262b-5dd0-42a4-8b15-4ffe8df8dec3,2026-02-13T16:47:55Z,2026-02-13T17:25:22Z,Deep,4,马林康的Apple Watch
58cfcd75-6a03-4ef4-ab13-8b4f1bb15b1d,2026-02-13T17:25:22Z,2026-02-13T17:27:52Z,REM,5,马林康的Apple Watch
dafd5c1b-9b4c-4fdd-9ca9-a8f3afc6d384,2026-02-13T17:27:52Z,2026-02-13T17:29:22Z,Core,3,马林康的Apple Watch
e865b62c-cc2d-4096-9341-abc6246265db,2026-02-13T17:29:22Z,2026-02-13T17:31:22Z,Awake,2,马林康的Apple Watch
1e66f2ec-3949-49d7-acfe-42fe5252bdc4,2026-02-13T17:31:22Z,2026-02-13T17:48:51Z,Core,3,马林康的Apple Watch
03e817d9-53bc-4465-84f0-8eda3a8fa35b,2026-02-13T17:48:51Z,2026-02-13T20:04:42Z,Awake,2,马林康的Apple Watch
fa1ec53e-55f5-4bb6-ab5d-91c4187911c3,2026-02-13T20:04:42Z,2026-02-13T20:08:41Z,Core,3,马林康的Apple Watch
f620881c-f647-4281-a7a1-dc7814f2b0d8,2026-02-13T20:08:41Z,2026-02-13T20:11:41Z,Awake,2,马林康的Apple Watch
46a4ea83-2386-4f48-9e1e-938cffe455ff,2026-02-13T20:10:00Z,2026-02-14T00:32:00Z,Asleep Unspecified,1,AutoSleep
3de0c048-d5d4-486e-8f5c-d0531dad80b9,2026-02-13T20:11:41Z,2026-02-13T20:35:10Z,Core,3,马林康的Apple Watch
7828210e-ce7a-43fe-9c82-8093ce639234,2026-02-13T20:35:10Z,2026-02-13T20:35:40Z,Deep,4,马林康的Apple Watch
6909bd98-f0ee-41e7-8fae-637944e0cf98,2026-02-13T20:35:40Z,2026-02-13T21:07:08Z,Core,3,马林康的Apple Watch
9fd119e5-1373-4966-b7ae-aeb2efdd07ca,2026-02-13T21:07:08Z,2026-02-13T21:12:37Z,REM,5,马林康的Apple Watch
1f497491-ecc1-43c3-83b5-bb8254904b12,2026-02-13T21:12:37Z,2026-02-13T22:03:04Z,Core,3,马林康的Apple Watch
f6f68bd4-85f0-45c4-9936-e9d0658a5c64,2026-02-13T22:03:04Z,2026-02-13T22:10:03Z,Deep,4,马林康的Apple Watch
96d53cfa-4b11-4073-aa1b-feb234d52092,2026-02-13T22:10:03Z,2026-02-13T22:12:33Z,Core,3,马林康的Apple Watch
61e752e5-1f73-4e2a-a91a-14930a05e545,2026-02-13T22:12:33Z,2026-02-13T22:13:03Z,Awake,2,马林康的Apple Watch
abd96cbf-e31c-416b-b1b1-fe3db119c5cd,2026-02-13T22:13:03Z,2026-02-13T22:16:03Z,Core,3,马林康的Apple Watch
cea72af6-9d81-40bb-8990-0371b1a13337,2026-02-13T22:16:03Z,2026-02-13T22:39:31Z,REM,5,马林康的Apple Watch
de5c86db-556b-4895-ab7a-880eb1184615,2026-02-13T22:39:31Z,2026-02-13T22:41:31Z,Awake,2,马林康的Apple Watch
5a484127-5f70-44a6-8b20-2f36a8cfa0b0,2026-02-13T22:41:31Z,2026-02-13T22:45:01Z,Core,3,马林康的Apple Watch
3fa55b9e-f666-4b35-a221-2d8ed9005719,2026-02-13T22:45:01Z,2026-02-13T22:45:31Z,Awake,2,马林康的Apple Watch
46ddca94-4f2d-49a9-83eb-097ee5b58b91,2026-02-13T22:45:31Z,2026-02-13T23:37:28Z,Core,3,马林康的Apple Watch
77e98ca2-9a1d-41ce-8980-fb9b444af166,2026-02-13T23:37:28Z,2026-02-13T23:39:27Z,REM,5,马林康的Apple Watch
3dae126e-ed34-4354-b34d-185e59fb8d4c,2026-02-13T23:39:27Z,2026-02-13T23:43:27Z,Core,3,马林康的Apple Watch
a068fbad-4c26-49bb-8e27-5d448dfddcd7,2026-02-13T23:43:27Z,2026-02-13T23:47:27Z,REM,5,马林康的Apple Watch
7259a001-198c-4a84-8cc6-3ad74cbb8f6a,2026-02-13T23:47:27Z,2026-02-13T23:48:57Z,Awake,2,马林康的Apple Watch
b9250bea-fbce-45ef-956b-5310edfd6d00,2026-02-13T23:48:57Z,2026-02-13T23:51:27Z,Core,3,马林康的Apple Watch
3493ffc8-8e9f-4344-afdd-b36cad826a3a,2026-02-13T23:51:27Z,2026-02-13T23:57:26Z,Awake,2,马林康的Apple Watch
af97acb7-1c60-4cdd-80ca-751c54fdba05,2026-02-13T23:57:26Z,2026-02-14T00:31:24Z,Core,3,马林康的Apple Watch
91f7f783-a793-4d62-a048-76fff6ed911c,2026-02-15T08:44:00Z,2026-02-15T11:13:00Z,Asleep Unspecified,1,AutoSleep
cf11529a-8048-463e-b804-ca1eb6543676,2026-02-15T08:44:00Z,2026-02-15T11:13:00Z,In Bed,0,AutoSleep
c14ce43b-96f4-44a3-aa18-04940a69f837,2026-02-15T08:49:32Z,2026-02-15T08:58:31Z,Asleep Unspecified,1,马林康的Apple Watch
e1b2373d-575d-43a7-bec3-5210ee7e2a38,2026-02-15T08:58:31Z,2026-02-15T09:03:01Z,Awake,2,马林康的Apple Watch
c8bea7ac-d15e-45a3-97f4-9ff4398506e9,2026-02-15T09:03:01Z,2026-02-15T10:14:56Z,Asleep Unspecified,1,马林康的Apple Watch
aa0dfcbb-d771-4eaf-9be4-344e3f46b6ed,2026-02-15T10:14:56Z,2026-02-15T10:18:26Z,Awake,2,马林康的Apple Watch
f657a06a-aa23-4357-a76a-c9fd6b536fe6,2026-02-15T10:18:26Z,2026-02-15T10:38:25Z,Asleep Unspecified,1,马林康的Apple Watch
1aea0a84-a749-48ea-83f5-962ed20c96c5,2026-02-15T10:38:25Z,2026-02-15T10:38:55Z,Awake,2,马林康的Apple Watch
e3244082-1b1a-4289-953e-9efcdc9ec27a,2026-02-15T10:38:55Z,2026-02-15T10:39:55Z,Asleep Unspecified,1,马林康的Apple Watch
eaeca7c5-3fe5-4e51-974d-10bcc14ee739,2026-02-15T10:39:55Z,2026-02-15T10:41:25Z,Awake,2,马林康的Apple Watch
bb08b3c3-0f92-460d-a1e3-f380fae2b672,2026-02-15T10:41:25Z,2026-02-15T11:08:23Z,Asleep Unspecified,1,马林康的Apple Watch
08e942fd-61bf-4ec3-b7f4-25f15800c2dc,2026-02-16T16:00:00Z,2026-02-16T22:16:00Z,Asleep Unspecified,1,AutoSleep
88421148-8ae2-455c-b5b6-0978c4802d7e,2026-02-16T16:00:00Z,2026-02-16T22:16:00Z,In Bed,0,AutoSleep
cd9c3af2-9b8f-4707-b624-55b637554552,2026-02-16T16:04:25Z,2026-02-16T16:22:54Z,Core,3,马林康的Apple Watch
35691e5e-ecf4-48c4-9fdb-1adb24bc1b3f,2026-02-16T16:22:54Z,2026-02-16T16:26:24Z,Awake,2,马林康的Apple Watch
d8a42511-6b95-4803-ab88-24234b88b566,2026-02-16T16:26:24Z,2026-02-16T16:42:23Z,Core,3,马林康的Apple Watch
8a8d7e41-123b-4d53-b765-87118710dfa6,2026-02-16T16:42:23Z,2026-02-16T16:59:52Z,Deep,4,马林康的Apple Watch
2925fbb2-47d0-4064-997e-c51c409d0888,2026-02-16T16:59:52Z,2026-02-16T17:00:52Z,Awake,2,马林康的Apple Watch
f91aa208-ea19-4125-ae2d-2cd496f84460,2026-02-16T17:00:52Z,2026-02-16T17:08:51Z,Core,3,马林康的Apple Watch
15bb8676-3dad-4bfa-9981-a75ebcf004a9,2026-02-16T17:08:51Z,2026-02-16T17:17:21Z,REM,5,马林康的Apple Watch
8a87e7b7-a705-4661-9eb8-e1f53ef4f296,2026-02-16T17:17:21Z,2026-02-16T17:18:21Z,Awake,2,马林康的Apple Watch
676cab7a-3fcc-4633-b646-6773d7e73726,2026-02-16T17:18:21Z,2026-02-16T17:40:19Z,Core,3,马林康的Apple Watch
541125ef-1e28-4a9d-8dec-773109527ed7,2026-02-16T17:40:19Z,2026-02-16T18:01:18Z,Deep,4,马林康的Apple Watch
d23e6b21-b25b-434f-bd10-ab4b4d045f1e,2026-02-16T18:01:18Z,2026-02-16T18:03:18Z,Awake,2,马林康的Apple Watch
3a35571f-a7ac-434d-988a-382a8976f41e,2026-02-16T18:03:18Z,2026-02-16T18:05:17Z,Core,3,马林康的Apple Watch
2955fa1b-df15-4944-96b7-cd5686556f9c,2026-02-16T18:05:17Z,2026-02-16T18:06:17Z,Awake,2,马林康的Apple Watch
ab6ef2ff-652a-4221-818c-00ab96015824,2026-02-16T18:06:17Z,2026-02-16T18:39:45Z,Core,3,马林康的Apple Watch
41f09a44-b54c-4c2d-8a29-7b80af4c05b2,2026-02-16T18:39:45Z,2026-02-16T18:40:15Z,Deep,4,马林康的Apple Watch
6ba562e3-8798-459c-9c29-b780be8e93ec,2026-02-16T18:40:15Z,2026-02-16T18:41:15Z,Core,3,马林康的Apple Watch
0690fd79-b72d-4d6e-b79c-25d6f69bd0b8,2026-02-16T18:41:15Z,2026-02-16T18:42:15Z,Awake,2,马林康的Apple Watch
c96c1d11-52dc-42c1-ad84-c46de47acaa7,2026-02-16T18:42:15Z,2026-02-16T18:59:14Z,Core,3,马林康的Apple Watch
0bc72097-1302-4c00-be08-01feb9cfcdc0,2026-02-16T18:59:14Z,2026-02-16T18:59:44Z,Awake,2,马林康的Apple Watch
47d809b9-d4da-45fe-825b-d8f946dac9bf,2026-02-16T18:59:44Z,2026-02-16T19:03:13Z,Core,3,马林康的Apple Watch
f01d27ab-8006-482f-9011-f5b7d220a2bb,2026-02-16T19:03:13Z,2026-02-16T19:19:42Z,REM,5,马林康的Apple Watch
2fcb9610-2cc7-4685-8fb8-57275aed14d3,2026-02-16T19:19:42Z,2026-02-16T19:22:12Z,Awake,2,马林康的Apple Watch
3a8d1ccb-e71b-4977-8dbc-12e0a231d015,2026-02-16T19:22:12Z,2026-02-16T19:58:39Z,Core,3,马林康的Apple Watch
3f384203-5377-4155-adef-47c76f440f06,2026-02-16T19:58:39Z,2026-02-16T19:59:09Z,Awake,2,马林康的Apple Watch
8bd679ef-b9f9-435d-a046-a0d8426c4ece,2026-02-16T19:59:09Z,2026-02-16T20:15:08Z,Core,3,马林康的Apple Watch
d3b9d1b4-309d-42bd-b7c4-ee011ff57f83,2026-02-16T20:15:08Z,2026-02-16T20:15:38Z,REM,5,马林康的Apple Watch
927ca2a7-0d9d-4935-87bb-1811fc21e17d,2026-02-16T20:15:38Z,2026-02-16T20:19:38Z,Awake,2,马林康的Apple Watch
1ef579a9-321d-4696-a469-45f0ecea0d12,2026-02-16T20:19:38Z,2026-02-16T20:58:35Z,Core,3,马林康的Apple Watch
88b638a3-586f-4fb8-b2c7-67af85cea7c4,2026-02-16T20:58:35Z,2026-02-16T21:13:04Z,REM,5,马林康的Apple Watch
53871e17-d18f-4fa8-bf28-63ffe07d5964,2026-02-16T21:13:04Z,2026-02-16T21:13:34Z,Awake,2,马林康的Apple Watch
41c84e8e-1e5d-43dd-b4c4-31ab66987d24,2026-02-16T21:13:34Z,2026-02-16T21:20:04Z,Core,3,马林康的Apple Watch
89321679-f41a-4315-8b4f-711cad842cd8,2026-02-16T21:20:04Z,2026-02-16T21:34:03Z,REM,5,马林康的Apple Watch
c219c086-1fa0-4497-b91b-f19d23bb679c,2026-02-16T21:34:03Z,2026-02-16T21:41:32Z,Awake,2,马林康的Apple Watch
61310786-6329-4fdb-abe3-1a18251f28f8,2026-02-16T21:41:32Z,2026-02-16T21:43:02Z,Core,3,马林康的Apple Watch
31c43b5f-cab3-4698-b629-91322d6ab83b,2026-02-16T21:43:02Z,2026-02-16T21:45:32Z,Awake,2,马林康的Apple Watch
331c72bf-3fab-4f6b-8876-376289820373,2026-02-16T21:45:32Z,2026-02-16T22:12:30Z,Core,3,马林康的Apple Watch
1ede31a2-ca05-4582-9e23-36195e435737,2026-02-17T14:52:00Z,2026-02-17T23:16:00Z,In Bed,0,AutoSleep
4c74decb-57e2-4696-84e5-9376b76e948f,2026-02-17T14:52:00Z,2026-02-17T17:00:00Z,Asleep Unspecified,1,AutoSleep
bde91e95-c0f4-4321-80dd-fa3a4ebd3b28,2026-02-17T15:14:24Z,2026-02-17T15:36:23Z,Core,3,马林康的Apple Watch
745d5172-0790-4cc0-b319-ed65851bf7b1,2026-02-17T15:36:23Z,2026-02-17T15:41:22Z,Awake,2,马林康的Apple Watch
3a06cbbb-4b62-40f4-b149-fe7868792568,2026-02-17T15:41:22Z,2026-02-17T15:57:21Z,Core,3,马林康的Apple Watch
90c67f1d-161b-4b60-8113-9b4cb5546e93,2026-02-17T15:57:21Z,2026-02-17T16:03:21Z,Deep,4,马林康的Apple Watch
eb7aa0a4-05c9-4ff1-a35e-edbc9e06f3f8,2026-02-17T16:03:21Z,2026-02-17T16:07:51Z,Core,3,马林康的Apple Watch
ea486465-f624-4274-9215-6b7a4daaa49d,2026-02-17T16:07:51Z,2026-02-17T16:24:20Z,Deep,4,马林康的Apple Watch
c7083b41-a40c-4e4a-ab35-440157a4b40b,2026-02-17T16:24:20Z,2026-02-17T16:25:49Z,Awake,2,马林康的Apple Watch
c063185c-edb1-4692-8681-360c9d760f34,2026-02-17T16:25:49Z,2026-02-17T16:32:19Z,Core,3,马林康的Apple Watch
dadb05f1-01bf-4084-adca-a911736e8e19,2026-02-17T16:32:19Z,2026-02-17T16:44:18Z,REM,5,马林康的Apple Watch
6c7eec99-ef9f-4822-8975-d2f0228f9bac,2026-02-17T16:44:18Z,2026-02-17T16:59:47Z,Core,3,马林康的Apple Watch
f375f36e-6642-4acc-8912-96ebb2550a4f,2026-02-17T16:59:47Z,2026-02-17T17:26:45Z,Awake,2,马林康的Apple Watch
f7e107dd-aa93-4263-b628-76c4dad40814,2026-02-17T17:15:00Z,2026-02-17T23:16:00Z,Asleep Unspecified,1,AutoSleep
067670b6-6cbd-4f79-b0ab-49d5bbc818e8,2026-02-17T17:26:45Z,2026-02-17T18:00:43Z,Core,3,马林康的Apple Watch
69e5f90e-b848-49a0-9997-15cebc9ca460,2026-02-17T18:00:43Z,2026-02-17T18:09:43Z,Deep,4,马林康的Apple Watch
13c15b6b-1fd3-42ef-8c91-c8b945a36e10,2026-02-17T18:09:43Z,2026-02-17T18:14:12Z,Core,3,马林康的Apple Watch
5e12f823-2e80-4082-8f07-89f97a92e731,2026-02-17T18:14:12Z,2026-02-17T18:24:42Z,REM,5,马林康的Apple Watch
63a2120e-eb68-4728-be3d-941372e126b5,2026-02-17T18:24:42Z,2026-02-17T18:25:42Z,Awake,2,马林康的Apple Watch
4a384153-f55d-4968-b6f1-a88365fb7ada,2026-02-17T18:25:42Z,2026-02-17T18:41:11Z,Core,3,马林康的Apple Watch
0936d98b-14ff-4ef1-bc7f-827ce711e570,2026-02-17T18:41:11Z,2026-02-17T18:45:10Z,Awake,2,马林康的Apple Watch
d4b596ce-aacc-4723-961e-402651452625,2026-02-17T18:45:10Z,2026-02-17T19:21:38Z,Core,3,马林康的Apple Watch
1821c3e8-b324-4cde-b9da-d33324794b52,2026-02-17T19:21:38Z,2026-02-17T19:27:07Z,Deep,4,马林康的Apple Watch
05d48c6f-782b-4154-8446-6a820c6f2215,2026-02-17T19:27:07Z,2026-02-17T19:30:37Z,Core,3,马林康的Apple Watch
5af55078-364a-45d7-b24b-f47f1fb2d110,2026-02-17T19:30:37Z,2026-02-17T19:52:06Z,REM,5,马林康的Apple Watch
3f160b91-9dda-486a-bbff-0453e9781258,2026-02-17T19:52:06Z,2026-02-17T19:56:35Z,Core,3,马林康的Apple Watch
84ec15fe-27af-401b-91e3-1be8ef516c0e,2026-02-17T19:56:35Z,2026-02-17T19:58:05Z,REM,5,马林康的Apple Watch
117e8620-2119-4873-a26d-a529a09a03cb,2026-02-17T19:58:05Z,2026-02-17T20:08:35Z,Core,3,马林康的Apple Watch
484e98f6-6dae-492b-b67c-21d87f091416,2026-02-17T20:08:35Z,2026-02-17T20:13:34Z,Awake,2,马林康的Apple Watch
bc7eb6f5-37f1-40c6-a600-2c25e0017e47,2026-02-17T20:13:34Z,2026-02-17T20:45:02Z,Core,3,马林康的Apple Watch
6636fdc4-f41c-48db-a47b-06563ebeb30f,2026-02-17T20:45:02Z,2026-02-17T20:49:32Z,Awake,2,马林康的Apple Watch
83b44eb5-0f21-42c9-b68a-7e7c8762b05d,2026-02-17T20:49:32Z,2026-02-17T21:03:31Z,Core,3,马林康的Apple Watch
b9fde15c-8c19-4a5f-8b9b-41d8477e2bb4,2026-02-17T21:03:31Z,2026-02-17T21:24:00Z,REM,5,马林康的Apple Watch
96b7cefe-bf18-4061-b665-dc3ca36fc4cf,2026-02-17T21:24:00Z,2026-02-17T21:32:29Z,Awake,2,马林康的Apple Watch
355cbf46-e4f8-420a-bda9-0e6fcda32475,2026-02-17T21:32:29Z,2026-02-17T21:35:29Z,Core,3,马林康的Apple Watch
fa527b93-df7b-4e26-8c18-7c4a1d3c3435,2026-02-17T21:35:29Z,2026-02-17T21:57:58Z,REM,5,马林康的Apple Watch
a1935870-0266-4079-b97a-1a1f7014eab2,2026-02-17T21:57:58Z,2026-02-17T21:58:58Z,Core,3,马林康的Apple Watch
02fa9431-06bf-4e33-9d14-8b75d26f15ce,2026-02-17T21:58:58Z,2026-02-17T22:18:26Z,REM,5,马林康的Apple Watch
2b1fd9fb-0e02-4116-9eb4-ad4d1dafb648,2026-02-17T22:18:26Z,2026-02-17T22:19:56Z,Core,3,马林康的Apple Watch
11c83941-85c3-4f3b-a396-1b5a813e0e25,2026-02-17T22:19:56Z,2026-02-17T22:20:56Z,Awake,2,马林康的Apple Watch
23f210f5-21f4-4353-9ba5-231c8d894936,2026-02-17T22:20:56Z,2026-02-17T22:40:25Z,Core,3,马林康的Apple Watch
1bc2350b-bf26-4e06-aaa9-1ca963570ab6,2026-02-17T22:40:25Z,2026-02-17T22:41:25Z,Awake,2,马林康的Apple Watch
366825bd-7132-499c-8a29-7039bcb5b38c,2026-02-17T22:41:25Z,2026-02-17T23:06:23Z,Core,3,马林康的Apple Watch
a892cac4-83b9-4a51-ac52-38df677ec71b,2026-02-17T23:06:23Z,2026-02-17T23:09:53Z,Awake,2,马林康的Apple Watch
0e1bead6-cb1e-4cf9-940e-612f79cfde51,2026-02-17T23:09:53Z,2026-02-17T23:16:23Z,Core,3,马林康的Apple Watch
5cf7aaec-745c-4cd7-887d-76cd6fcddefa,2026-02-19T15:15:00Z,2026-02-19T22:21:00Z,Asleep Unspecified,1,AutoSleep
7f62cea7-c56a-4b1c-a575-2a332ccce558,2026-02-19T15:15:00Z,2026-02-19T23:08:00Z,In Bed,0,AutoSleep
21497dad-10df-421c-ba4c-5f0e271a08c3,2026-02-19T15:21:52Z,2026-02-19T15:32:21Z,Core,3,马林康的Apple Watch
5c2f53d8-7023-426f-b6ff-ee322522ba47,2026-02-19T15:32:21Z,2026-02-19T15:37:21Z,Awake,2,马林康的Apple Watch
417bf513-d634-4ec6-a7e9-6cbee74e7942,2026-02-19T15:37:21Z,2026-02-19T15:49:20Z,Core,3,马林康的Apple Watch
91fccd07-6f95-4e3b-90d1-c8f7aeb5489a,2026-02-19T15:49:20Z,2026-02-19T16:21:18Z,Deep,4,马林康的Apple Watch
44b90588-ae22-4aa3-a5d8-86397f7963b6,2026-02-19T16:21:18Z,2026-02-19T16:22:48Z,Core,3,马林康的Apple Watch
5033649e-6ad1-4dd9-a19e-163ff4d20da0,2026-02-19T16:22:48Z,2026-02-19T16:25:18Z,Awake,2,马林康的Apple Watch
c70c5044-85b1-4954-9b8e-4b702a505a79,2026-02-19T16:25:18Z,2026-02-19T16:28:47Z,Core,3,马林康的Apple Watch
8b3bedeb-f1b9-4d27-9170-d93514076e0f,2026-02-19T16:28:47Z,2026-02-19T16:37:47Z,REM,5,马林康的Apple Watch
d109a243-2a91-47d7-8426-60c1b0531a0e,2026-02-19T16:37:47Z,2026-02-19T16:42:46Z,Awake,2,马林康的Apple Watch
516b3c67-ecde-4384-944f-67fb88d17272,2026-02-19T16:42:46Z,2026-02-19T17:10:44Z,Core,3,马林康的Apple Watch
338e3a8a-5fd3-4452-8ad9-42c125f0e299,2026-02-19T17:10:44Z,2026-02-19T17:11:44Z,Awake,2,马林康的Apple Watch
7b39c2c8-fb97-440f-b4fd-97e154122fce,2026-02-19T17:11:44Z,2026-02-19T17:27:43Z,Core,3,马林康的Apple Watch
712ae063-e0c2-44b5-8496-cf63eef8e50b,2026-02-19T17:27:43Z,2026-02-19T17:30:43Z,Awake,2,马林康的Apple Watch
626a8f73-26a5-4b84-86c6-1224fd221c1e,2026-02-19T17:30:43Z,2026-02-19T18:07:10Z,Core,3,马林康的Apple Watch
6d82a434-5309-4545-a641-1696be9a5b36,2026-02-19T18:07:10Z,2026-02-19T18:16:10Z,Deep,4,马林康的Apple Watch
b5fa8675-c89f-4633-b7d0-c6dd0d317556,2026-02-19T18:16:10Z,2026-02-19T18:17:40Z,Core,3,马林康的Apple Watch
34c3b71b-944b-4766-b065-c641d3aca3b4,2026-02-19T18:17:40Z,2026-02-19T18:42:38Z,Deep,4,马林康的Apple Watch
8200dab2-6c8e-41b0-9c6c-e04b3808135c,2026-02-19T18:42:38Z,2026-02-19T18:45:37Z,Awake,2,马林康的Apple Watch
8479be53-44eb-4e0f-8f0a-11d69eb12a66,2026-02-19T18:45:37Z,2026-02-19T18:50:07Z,Core,3,马林康的Apple Watch
33424239-b6bf-4928-8278-a96d79e5db27,2026-02-19T18:50:07Z,2026-02-19T19:01:36Z,REM,5,马林康的Apple Watch
0c189942-ef4f-46b0-bd55-bec9caa34f64,2026-02-19T19:01:36Z,2026-02-19T19:03:36Z,Core,3,马林康的Apple Watch
68073918-7439-41d5-95e1-dd01942eeba4,2026-02-19T19:03:36Z,2026-02-19T19:16:05Z,REM,5,马林康的Apple Watch
4707abd0-3cc5-451f-9b9f-085bebf3638d,2026-02-19T19:16:05Z,2026-02-19T19:16:35Z,Core,3,马林康的Apple Watch
3200c88e-0ef0-4758-b977-a10b8e160a2a,2026-02-19T19:16:35Z,2026-02-19T19:17:05Z,REM,5,马林康的Apple Watch
dcb11edf-7512-486a-a74e-40ef47312fc7,2026-02-19T19:17:05Z,2026-02-19T19:46:33Z,Core,3,马林康的Apple Watch
a851d816-7b7e-4793-8722-4292b15a1c55,2026-02-19T19:46:33Z,2026-02-19T19:49:03Z,Awake,2,马林康的Apple Watch
6a744c6b-6731-4c04-8ccd-68ee960e93fb,2026-02-19T19:49:03Z,2026-02-19T20:36:00Z,Core,3,马林康的Apple Watch
80f9d230-d8ed-4712-875c-2163281838e7,2026-02-19T20:36:00Z,2026-02-19T21:07:58Z,REM,5,马林康的Apple Watch
9bfb3252-5bec-4da0-abbe-f751857f5116,2026-02-19T21:07:58Z,2026-02-19T21:08:28Z,Awake,2,马林康的Apple Watch
1657f765-6cd0-47bc-ac59-f42fdca7e48d,2026-02-19T21:08:28Z,2026-02-19T21:53:25Z,Core,3,马林康的Apple Watch
5dcae843-4bed-4135-a2cf-6438368202ca,2026-02-19T21:53:25Z,2026-02-19T22:07:24Z,REM,5,马林康的Apple Watch
27e265b6-4be3-4775-ab84-50f07182078f,2026-02-19T22:07:24Z,2026-02-19T22:08:24Z,Awake,2,马林康的Apple Watch
d3b8faca-e9e6-47c6-b0a8-43d6ad3af335,2026-02-19T22:08:24Z,2026-02-19T22:09:24Z,REM,5,马林康的Apple Watch
b47fda53-c283-499c-9b3d-cbc4bf8c0d15,2026-02-19T22:09:24Z,2026-02-19T22:17:53Z,Awake,2,马林康的Apple Watch
385d35c0-b2d6-4c26-8f30-4f66a00ed055,2026-02-19T22:17:53Z,2026-02-19T22:20:53Z,Core,3,马林康的Apple Watch
2c08b70a-515e-4cf2-8479-e735ff0d94fa,2026-02-19T22:22:00Z,2026-02-19T23:08:00Z,Asleep Unspecified,1,AutoSleep
1e0a5ab3-ae04-40a5-94c2-92d1d5d9d7bc,2026-02-20T15:12:00Z,2026-02-20T21:31:00Z,Asleep Unspecified,1,AutoSleep
7168edc3-3ee4-4cfb-bb48-62e1194c736d,2026-02-20T15:12:00Z,2026-02-20T22:40:00Z,In Bed,0,AutoSleep
328ed9ad-a055-41b8-88f9-93a5ddd17d33,2026-02-20T15:24:20Z,2026-02-20T15:40:19Z,Core,3,马林康的Apple Watch
fb1354bc-6490-4232-aba1-2f273c3f8ccd,2026-02-20T15:40:19Z,2026-02-20T15:44:19Z,Deep,4,马林康的Apple Watch
1bdefbdf-edd6-4508-b9de-396a00eafb93,2026-02-20T15:44:19Z,2026-02-20T15:48:19Z,Awake,2,马林康的Apple Watch
a14c8550-1603-4d10-9acd-10eb795fa58d,2026-02-20T15:48:19Z,2026-02-20T16:11:17Z,Core,3,马林康的Apple Watch
ef4511ce-413b-48b9-af5a-da2edc97953e,2026-02-20T16:11:17Z,2026-02-20T16:22:46Z,Deep,4,马林康的Apple Watch
39745cd5-c709-4a0f-9d4d-3d5b65ce0ee8,2026-02-20T16:22:46Z,2026-02-20T16:23:46Z,Awake,2,马林康的Apple Watch
4000158f-fd67-4bdb-90c6-c32d897fa172,2026-02-20T16:23:46Z,2026-02-20T16:29:16Z,Core,3,马林康的Apple Watch
8d4c8639-d8ac-474c-8858-cf9f11e99afd,2026-02-20T16:29:16Z,2026-02-20T16:38:16Z,REM,5,马林康的Apple Watch
39eb6ab2-27f4-4db0-959e-77bf4fd686b2,2026-02-20T16:38:16Z,2026-02-20T17:04:14Z,Core,3,马林康的Apple Watch
140b8433-0a83-4981-822f-cd77c4825a56,2026-02-20T17:04:14Z,2026-02-20T17:26:13Z,Deep,4,马林康的Apple Watch
67af70b7-84d9-4ea3-9b70-d9bb70b0fb5b,2026-02-20T17:26:13Z,2026-02-20T17:27:42Z,Awake,2,马林康的Apple Watch
dec3ecd9-7ad0-4728-890a-6b0c7de46eb8,2026-02-20T17:27:42Z,2026-02-20T17:38:12Z,Core,3,马林康的Apple Watch
7a66185a-12c3-43d3-990c-c9c6ecac0dc1,2026-02-20T17:38:12Z,2026-02-20T17:41:42Z,Awake,2,马林康的Apple Watch
64e89336-ab19-4cc7-a8a5-65d6cf1472a1,2026-02-20T17:41:42Z,2026-02-20T17:48:41Z,Core,3,马林康的Apple Watch
b2e1f15a-a577-4b48-b52b-be404255b1e5,2026-02-20T17:48:41Z,2026-02-20T17:49:41Z,Awake,2,马林康的Apple Watch
3ea6aee2-fb06-4dd7-9a5e-b0950b05c711,2026-02-20T17:49:41Z,2026-02-20T18:06:10Z,Core,3,马林康的Apple Watch
0699f54f-3628-417e-b4e5-879697e809a8,2026-02-20T18:06:10Z,2026-02-20T18:29:38Z,REM,5,马林康的Apple Watch
df92f2c4-cf93-4145-b6b9-511847a4a05a,2026-02-20T18:29:38Z,2026-02-20T19:02:06Z,Core,3,马林康的Apple Watch
7a57df67-731d-4b58-8c09-60c3beb63654,2026-02-20T19:02:06Z,2026-02-20T19:04:06Z,Awake,2,马林康的Apple Watch
17946dea-775b-4abc-ba9e-da19338a74d3,2026-02-20T19:04:06Z,2026-02-20T19:36:34Z,Core,3,马林康的Apple Watch
e2f08f7e-af86-4e8d-b2bf-9ffaa7ce40bd,2026-02-20T19:36:34Z,2026-02-20T19:38:34Z,Awake,2,马林康的Apple Watch
1ac5ad35-422f-408f-a34a-4a060fa983cd,2026-02-20T19:38:34Z,2026-02-20T19:44:03Z,Core,3,马林康的Apple Watch
11fd2d19-66b0-45fb-9e5d-02f014e9b9e0,2026-02-20T19:44:03Z,2026-02-20T20:08:02Z,REM,5,马林康的Apple Watch
55dfc030-c523-46af-adb5-2c731a0d9e6b,2026-02-20T22:00:00Z,2026-02-20T22:40:00Z,Asleep Unspecified,1,AutoSleep
0dc32225-a8b2-490f-a433-6b153cf94cb8,2026-02-21T03:15:00Z,2026-02-21T04:46:00Z,In Bed,0,AutoSleep
edbe576b-0e70-4dec-aac5-5cc237840515,2026-02-21T03:15:00Z,2026-02-21T03:47:00Z,Asleep Unspecified,1,AutoSleep
1f3f18db-71cf-402e-8de5-94837afe3eeb,2026-02-21T04:15:00Z,2026-02-21T04:46:00Z,Asleep Unspecified,1,AutoSleep
3a666700-249c-429b-bffb-bbdb0de82f92,2026-02-21T14:57:00Z,2026-02-22T01:20:00Z,In Bed,0,AutoSleep
fed43407-efa4-4b60-9926-ce8ccce16852,2026-02-21T14:57:00Z,2026-02-21T22:41:00Z,Asleep Unspecified,1,AutoSleep
1237596a-95d2-484d-84c0-84cbec82a97d,2026-02-21T14:59:23Z,2026-02-21T14:59:53Z,REM,5,马林康的Apple Watch
bd4a8615-de98-4f18-a439-13b038a8facb,2026-02-21T14:59:53Z,2026-02-21T15:03:23Z,Awake,2,马林康的Apple Watch
76e902e7-aaed-48f1-90f1-7a7e9ba78819,2026-02-21T15:03:23Z,2026-02-21T15:18:22Z,Core,3,马林康的Apple Watch
93c559c5-758a-4a2f-8edd-83fd89fcb47b,2026-02-21T15:18:22Z,2026-02-21T15:22:21Z,Deep,4,马林康的Apple Watch
7f4439e1-f4de-47d2-b299-736ecbb6c657,2026-02-21T15:22:21Z,2026-02-21T15:24:51Z,Awake,2,马林康的Apple Watch
97446bab-bef3-45d8-9259-90d88409832a,2026-02-21T15:24:51Z,2026-02-21T15:38:50Z,Core,3,马林康的Apple Watch
2e5f4c83-0ce4-4bf8-8ff9-912f54baa188,2026-02-21T15:38:50Z,2026-02-21T15:59:19Z,Deep,4,马林康的Apple Watch
3f6af7d9-2353-4998-8bf6-6f30dfdf23fc,2026-02-21T15:59:19Z,2026-02-21T16:00:49Z,Awake,2,马林康的Apple Watch
bd6dbfaf-aeb5-48ee-9541-e4fa56ea93f5,2026-02-21T16:00:49Z,2026-02-21T16:18:48Z,Core,3,马林康的Apple Watch
ffd2d764-7aaa-4497-8d3b-a9e0374a1f54,2026-02-21T16:18:48Z,2026-02-21T16:22:18Z,REM,5,马林康的Apple Watch
78ac3146-8a90-4942-bbf1-c8f2347163be,2026-02-21T16:22:18Z,2026-02-21T17:26:14Z,Core,3,马林康的Apple Watch
7f96660c-109f-4176-be0e-11dc037ccb4d,2026-02-21T17:26:14Z,2026-02-21T17:28:13Z,Deep,4,马林康的Apple Watch
07bf4c6b-f89f-4bbd-9990-27c527b215f7,2026-02-21T17:28:13Z,2026-02-21T17:29:13Z,Core,3,马林康的Apple Watch
ffda28ac-b9a3-4d42-9f01-b680f815a5f3,2026-02-21T17:29:13Z,2026-02-21T17:30:43Z,Deep,4,马林康的Apple Watch
46627bbd-8c41-4614-9579-b60330fe184a,2026-02-21T17:30:43Z,2026-02-21T17:33:13Z,Core,3,马林康的Apple Watch
bcec8457-24cd-49af-b43e-7d825e3ba54f,2026-02-21T17:33:13Z,2026-02-21T17:34:43Z,REM,5,马林康的Apple Watch
d68c3e75-f5ec-47a5-b6c0-e2c8f756c402,2026-02-21T17:34:43Z,2026-02-21T17:35:43Z,Core,3,马林康的Apple Watch
e9fa8344-09c3-4596-bea7-c24cfffd3de9,2026-02-21T17:35:43Z,2026-02-21T17:38:43Z,Awake,2,马林康的Apple Watch
f5332e67-6d61-442c-8916-323d92a6cc52,2026-02-21T17:38:43Z,2026-02-21T17:39:13Z,Core,3,马林康的Apple Watch
6bc4e3df-2e7a-438f-b615-a4e651dcefd4,2026-02-21T17:39:13Z,2026-02-21T17:49:42Z,REM,5,马林康的Apple Watch
499e2a79-e5a9-4838-832b-159ad235b67d,2026-02-21T17:49:42Z,2026-02-21T18:56:08Z,Core,3,马林康的Apple Watch
a83f56bf-f66c-40a8-a780-96e68f8ed6ac,2026-02-21T18:56:08Z,2026-02-21T19:01:07Z,Awake,2,马林康的Apple Watch
11f88ad1-c9b7-460c-9c0c-ba5313a585a4,2026-02-21T19:01:07Z,2026-02-21T19:11:37Z,Core,3,马林康的Apple Watch
244fd64d-e7f5-41a8-9eb2-46fac3199a99,2026-02-21T19:11:37Z,2026-02-21T19:18:06Z,REM,5,马林康的Apple Watch
fd22668f-5e1c-4f2b-bbd8-5d8cc27ff15c,2026-02-21T19:18:06Z,2026-02-21T19:20:06Z,Awake,2,马林康的Apple Watch
f084ee54-c7d3-4eb0-a671-0350d3635e3c,2026-02-21T19:20:06Z,2026-02-21T19:56:04Z,Core,3,马林康的Apple Watch
b5584fce-8957-4389-bbfb-feed24cc5786,2026-02-21T19:56:04Z,2026-02-21T20:02:33Z,Awake,2,马林康的Apple Watch
17b5995f-c78f-439a-80c7-a1c758f10882,2026-02-21T20:02:33Z,2026-02-21T20:05:03Z,Core,3,马林康的Apple Watch
4554d5de-63bf-4d67-a47c-802127c0ac05,2026-02-21T20:05:03Z,2026-02-21T20:07:03Z,Awake,2,马林康的Apple Watch
992698bd-b0e6-454c-a310-c83b270cb9b3,2026-02-21T20:07:03Z,2026-02-21T20:08:33Z,Core,3,马林康的Apple Watch
1107f0c1-b970-417f-80c1-cace4fa21654,2026-02-21T20:08:33Z,2026-02-21T20:12:33Z,Awake,2,马林康的Apple Watch
2d934752-d2e0-46c2-ae59-3c4ad77ad813,2026-02-21T20:12:33Z,2026-02-21T20:34:31Z,Core,3,马林康的Apple Watch
f1890f7d-c7aa-4a17-9fa8-b8d09d826bfb,2026-02-21T20:34:31Z,2026-02-21T20:37:31Z,REM,5,马林康的Apple Watch
e653ee67-9294-4805-8aa7-c97ee4e31220,2026-02-21T20:37:31Z,2026-02-21T20:39:01Z,Core,3,马林康的Apple Watch
00894060-1ecc-41e6-9373-f8f55fe4775d,2026-02-21T20:39:01Z,2026-02-21T20:39:31Z,Awake,2,马林康的Apple Watch
fb3ee0dc-c56f-4660-8711-2b5f82acce12,2026-02-21T20:39:31Z,2026-02-21T20:47:01Z,Core,3,马林康的Apple Watch
ecd11ad6-07ef-406a-a260-7a793f0a8880,2026-02-21T20:47:01Z,2026-02-21T20:48:30Z,Awake,2,马林康的Apple Watch
6201171a-e830-4a90-b30c-d6df645bc6be,2026-02-21T20:48:30Z,2026-02-21T21:15:59Z,Core,3,马林康的Apple Watch
c2d7502f-bf6c-42a5-bad4-9aa5a9ae4bc9,2026-02-21T21:15:59Z,2026-02-21T21:17:59Z,Awake,2,马林康的Apple Watch
3601d029-930a-49ae-a168-34443df99f41,2026-02-21T21:17:59Z,2026-02-21T21:18:59Z,Core,3,马林康的Apple Watch
f3eae4bf-97ae-4717-afb1-4b53f4924c23,2026-02-21T21:18:59Z,2026-02-21T21:21:28Z,Awake,2,马林康的Apple Watch
be5e3869-e4e3-45ed-a21d-8fcc533a4166,2026-02-21T21:21:28Z,2026-02-21T21:24:28Z,Core,3,马林康的Apple Watch
830e22bb-f26e-4221-9e7e-7560e54f2ea2,2026-02-21T21:24:28Z,2026-02-21T21:28:28Z,Awake,2,马林康的Apple Watch
edd51866-124f-47d9-b708-14a113382bd7,2026-02-21T21:28:28Z,2026-02-21T21:31:28Z,Core,3,马林康的Apple Watch
304a491f-abad-4fce-8c2c-bd56f56b0fdd,2026-02-21T21:31:28Z,2026-02-21T21:33:28Z,Awake,2,马林康的Apple Watch
9e21ce23-280f-4c82-9883-e711277ac8a0,2026-02-21T21:33:28Z,2026-02-21T21:44:57Z,REM,5,马林康的Apple Watch
4a19cad9-e468-467a-b455-5973cfe8ef35,2026-02-21T21:44:57Z,2026-02-21T21:48:27Z,Core,3,马林康的Apple Watch
c200185c-e4e9-409b-9cef-a0317c6c9f97,2026-02-21T21:48:27Z,2026-02-21T21:59:56Z,REM,5,马林康的Apple Watch
b3f8bad2-b658-453f-8ef0-44fade345df3,2026-02-21T21:59:56Z,2026-02-21T22:07:55Z,Core,3,马林康的Apple Watch
881205c6-8523-4002-b811-58a4802e5145,2026-02-21T22:10:06Z,2026-02-21T22:40:04Z,Asleep Unspecified,1,马林康的Apple Watch
343813df-734e-4cf5-99c6-898a756b418c,2026-02-21T22:40:04Z,2026-02-21T23:40:01Z,Awake,2,马林康的Apple Watch
3b01e566-8579-43e9-9c7f-51fb461789b0,2026-02-21T22:52:00Z,2026-02-21T23:17:00Z,Asleep Unspecified,1,AutoSleep
0d8bdba8-059a-4b7c-b61f-08c13fbaa6f7,2026-02-21T23:30:00Z,2026-02-22T01:20:00Z,Asleep Unspecified,1,AutoSleep
a61fbda1-c72a-4831-a9c7-917a7ef7fca6,2026-02-21T23:40:01Z,2026-02-21T23:46:30Z,Asleep Unspecified,1,马林康的Apple Watch
b1bc79d1-de9e-4fde-a022-e563b7759132,2026-02-21T23:46:30Z,2026-02-21T23:51:30Z,Awake,2,马林康的Apple Watch
35875d22-63ce-4896-a557-01fdad44d1c1,2026-02-21T23:51:30Z,2026-02-21T23:54:30Z,Asleep Unspecified,1,马林康的Apple Watch
04738b7a-feef-45d4-b914-79022f622dce,2026-02-21T23:54:30Z,2026-02-22T00:11:58Z,Awake,2,马林康的Apple Watch
acb6cb2d-3376-4bfb-ade2-97fbda42ac69,2026-02-22T00:11:58Z,2026-02-22T00:13:58Z,Asleep Unspecified,1,马林康的Apple Watch
df092030-7169-4997-84d0-e8445167510f,2026-02-22T00:13:58Z,2026-02-22T00:15:58Z,Awake,2,马林康的Apple Watch
337e45c2-38b1-4e9b-a838-d30e30b87557,2026-02-22T00:15:58Z,2026-02-22T00:18:28Z,Asleep Unspecified,1,马林康的Apple Watch
8867916c-ae7e-498a-8e51-a0d05ba155a0,2026-02-22T00:18:28Z,2026-02-22T00:23:58Z,Awake,2,马林康的Apple Watch
e625777a-3bf8-43c1-9a5a-9f8a1952a6e6,2026-02-22T00:23:58Z,2026-02-22T00:26:28Z,Asleep Unspecified,1,马林康的Apple Watch
226e5836-bb33-4a31-b5cf-94ee07a3008a,2026-02-22T00:26:28Z,2026-02-22T00:28:57Z,Awake,2,马林康的Apple Watch
463f101a-178f-447d-8f23-66ecd702425e,2026-02-22T00:28:57Z,2026-02-22T00:38:57Z,Asleep Unspecified,1,马林康的Apple Watch
38634e46-41ce-4d09-b221-5736c37dc313,2026-02-22T00:38:57Z,2026-02-22T00:43:26Z,Awake,2,马林康的Apple Watch
f041f179-786f-47d2-b2ef-55d2a1454d91,2026-02-22T00:43:26Z,2026-02-22T01:05:25Z,Asleep Unspecified,1,马林康的Apple Watch
2b6bdfd7-206b-4de6-ba57-12d073d6a2f3,2026-02-22T11:45:00Z,2026-02-22T12:15:00Z,Asleep Unspecified,1,AutoSleep
dfdfc5ab-b16e-4458-aa41-7db88b60abee,2026-02-22T11:45:00Z,2026-02-22T12:15:00Z,In Bed,0,AutoSleep
f842edf6-9a30-404b-b1a5-63001d2f3067,2026-02-24T15:15:41Z,2026-02-24T15:20:11Z,Core,3,马林康的Apple Watch
82bdbe8e-a2d1-4454-a614-622729b84d95,2026-02-24T15:20:11Z,2026-02-24T15:23:40Z,Awake,2,马林康的Apple Watch
1f1d9bb9-51d1-4d1e-8bbd-6dacae18be00,2026-02-24T15:22:00Z,2026-02-25T03:00:00Z,In Bed,0,AutoSleep
44a862b4-4a7d-42fb-b3a8-4e0f253127a2,2026-02-24T15:22:00Z,2026-02-24T17:32:00Z,Asleep Unspecified,1,AutoSleep
71a51c78-4647-494f-ae74-af13d5f123d9,2026-02-24T15:23:40Z,2026-02-24T15:37:09Z,Core,3,马林康的Apple Watch
c1bf92bb-e4fa-4bb5-8e22-630c6d098cd9,2026-02-24T15:37:09Z,2026-02-24T15:49:39Z,Deep,4,马林康的Apple Watch
4e72baf2-3a17-4445-abc8-98ec17b5cbee,2026-02-24T15:49:39Z,2026-02-24T15:52:38Z,Awake,2,马林康的Apple Watch
80776556-668a-4f46-be0e-b93e4f8a78ce,2026-02-24T15:52:38Z,2026-02-24T16:08:37Z,Core,3,马林康的Apple Watch
8507cbb6-112d-4f76-84d3-3bfe7e0bbd42,2026-02-24T16:08:37Z,2026-02-24T16:14:37Z,Deep,4,马林康的Apple Watch
b5775508-8310-4ea1-b7c7-854cccf74d41,2026-02-24T16:14:37Z,2026-02-24T16:17:37Z,Core,3,马林康的Apple Watch
ccfe3db9-8a74-4df4-880a-9db441acea52,2026-02-24T16:17:37Z,2026-02-24T16:35:06Z,REM,5,马林康的Apple Watch
623672a7-9b80-442b-981c-c8310468f504,2026-02-24T16:35:06Z,2026-02-24T16:37:05Z,Awake,2,马林康的Apple Watch
bb1db473-7530-41ab-897c-33b6cc52b8dc,2026-02-24T16:37:05Z,2026-02-24T16:54:34Z,Core,3,马林康的Apple Watch
aee6a3bc-1d32-4a25-907e-09484fa3f3f4,2026-02-24T16:54:34Z,2026-02-24T17:16:03Z,Deep,4,马林康的Apple Watch
b144b83f-bfc9-475e-9861-52bc3632645f,2026-02-24T17:16:03Z,2026-02-24T17:20:33Z,Awake,2,马林康的Apple Watch
93e8920e-a304-44f7-87d7-09c12ed0e33a,2026-02-24T17:20:33Z,2026-02-24T17:33:02Z,Core,3,马林康的Apple Watch
50244c2c-740a-4354-88cc-7d2ff476e6d5,2026-02-24T17:33:02Z,2026-02-24T17:37:01Z,Awake,2,马林康的Apple Watch
2b13fe24-0f22-49c0-8a3a-35cdef538820,2026-02-24T17:37:01Z,2026-02-24T17:55:30Z,Core,3,马林康的Apple Watch
982b1229-fa3b-48d1-8b0b-7683c5ec56e2,2026-02-24T17:55:30Z,2026-02-24T17:57:00Z,Awake,2,马林康的Apple Watch
9d0d39c6-521c-41ad-8120-c4c57cdbe3b9,2026-02-24T17:56:00Z,2026-02-25T00:14:00Z,Asleep Unspecified,1,AutoSleep
8b6fda03-ffd5-4b3c-af25-ae27fac90bf0,2026-02-24T17:57:00Z,2026-02-24T18:33:58Z,Core,3,马林康的Apple Watch
f89c75a7-8f33-4b90-ac36-231a1dfd6587,2026-02-24T18:33:58Z,2026-02-24T18:48:57Z,Deep,4,马林康的Apple Watch
f883a83a-ed5f-4f1c-95eb-7fd17524945a,2026-02-24T18:48:57Z,2026-02-24T19:19:24Z,Core,3,马林康的Apple Watch
83ea6097-6d16-49f9-b95e-a2ac948d6f64,2026-02-24T19:19:24Z,2026-02-24T19:44:23Z,REM,5,马林康的Apple Watch
2aa6c3d3-2e9e-43f4-b9ef-92b5e75d772b,2026-02-24T19:44:23Z,2026-02-24T19:46:23Z,Awake,2,马林康的Apple Watch
cbc01f7c-7344-4731-8abf-4011ee58e410,2026-02-24T19:46:23Z,2026-02-24T20:00:22Z,Core,3,马林康的Apple Watch
ee7fb530-e59c-435a-a950-c65072970f28,2026-02-24T20:00:22Z,2026-02-24T20:02:22Z,Awake,2,马林康的Apple Watch
e0adc3ab-8993-48d3-b53e-1850ff17a2d6,2026-02-24T20:02:22Z,2026-02-24T20:51:48Z,Core,3,马林康的Apple Watch
ac8a0294-6847-421c-b980-eec37ac9cd82,2026-02-24T20:51:48Z,2026-02-24T20:52:48Z,Awake,2,马林康的Apple Watch
3f14d37d-36e5-4f7a-9e3d-676a24a122c1,2026-02-24T20:52:48Z,2026-02-24T20:57:18Z,Core,3,马林康的Apple Watch
8507da61-02b2-4cfa-8b6a-3b991bb7b7c2,2026-02-24T20:57:18Z,2026-02-24T21:21:16Z,REM,5,马林康的Apple Watch
5816ef68-5b53-40fb-8468-7f212fc2dca5,2026-02-24T21:21:16Z,2026-02-24T21:25:46Z,Awake,2,马林康的Apple Watch
f990daf4-8ea3-4e65-ba99-e1aa8475b8bb,2026-02-24T21:25:46Z,2026-02-24T21:26:46Z,Core,3,马林康的Apple Watch
2891ba0f-e2fa-40f3-a8aa-9ee597c1e602,2026-02-24T21:26:46Z,2026-02-24T21:27:46Z,Awake,2,马林康的Apple Watch
0a28952e-5bea-4fc4-bd6b-c6683858f836,2026-02-24T21:27:46Z,2026-02-24T22:11:13Z,Core,3,马林康的Apple Watch
ae9aaf4c-793e-468b-92b7-ed2298165a3b,2026-02-24T22:11:13Z,2026-02-24T22:43:41Z,REM,5,马林康的Apple Watch
1c78f0d7-8ef0-4892-98f7-071e65854f10,2026-02-24T22:43:41Z,2026-02-24T22:45:41Z,Awake,2,马林康的Apple Watch
d2021051-ee4c-4153-8da6-957658e9993d,2026-02-24T22:45:41Z,2026-02-24T23:00:40Z,REM,5,马林康的Apple Watch
84f55176-c916-489b-a541-1e4903883f17,2026-02-24T23:00:40Z,2026-02-24T23:02:40Z,Core,3,马林康的Apple Watch
769696cf-066a-43d0-baa6-f402673f3ee0,2026-02-24T23:02:40Z,2026-02-24T23:06:09Z,Awake,2,马林康的Apple Watch
03b89bbf-6a6f-4282-a6fd-408abb093d5a,2026-02-24T23:06:09Z,2026-02-25T00:08:05Z,Core,3,马林康的Apple Watch
4d753610-d195-4281-85cd-e20e620ffbad,2026-02-25T00:08:05Z,2026-02-25T00:15:05Z,REM,5,马林康的Apple Watch
e3e90d43-3408-4ee3-bab8-b6bf8f9ceadf,2026-02-25T02:38:00Z,2026-02-25T03:00:00Z,Asleep Unspecified,1,AutoSleep
e5f0c972-d15b-4b87-9c33-703ab1300e43,2026-02-25T07:38:00Z,2026-02-25T08:04:00Z,Asleep Unspecified,1,AutoSleep
ee93d7ab-54a2-46a5-9de6-efe45a97c659,2026-02-25T07:38:00Z,2026-02-25T08:04:00Z,In Bed,0,AutoSleep
ed1b33bf-1268-45e7-80ce-9abafef31f17,2026-02-25T16:20:51Z,2026-02-25T16:23:21Z,Core,3,马林康的Apple Watch
0bdb83c2-e7d2-4527-960b-828cb7ffc1e0,2026-02-25T16:23:21Z,2026-02-25T16:26:51Z,Awake,2,马林康的Apple Watch
f26315f7-a019-43c2-a8e6-e439b27137ef,2026-02-25T16:26:51Z,2026-02-25T16:46:50Z,Core,3,马林康的Apple Watch
09451758-53f4-46d3-9447-e4db6634d7ca,2026-02-25T16:46:50Z,2026-02-25T16:56:49Z,Deep,4,马林康的Apple Watch
007d65e2-0177-476f-a1ed-147b932bb6e8,2026-02-25T16:56:49Z,2026-02-25T17:04:19Z,Core,3,马林康的Apple Watch
21887a97-aa1f-4782-aab6-bdb5a8d9ab0e,2026-02-25T17:04:19Z,2026-02-25T17:05:48Z,Awake,2,马林康的Apple Watch
285239dd-84aa-4e45-a200-d22526c0c902,2026-02-25T17:05:48Z,2026-02-25T17:20:18Z,Core,3,马林康的Apple Watch
d41ac7a8-6c66-4021-8852-06b92905aa2f,2026-02-25T17:20:18Z,2026-02-25T17:21:17Z,Awake,2,马林康的Apple Watch
8b9ed9a2-5c06-4004-94ca-5f264adf475b,2026-02-25T17:21:17Z,2026-02-25T17:43:46Z,Core,3,马林康的Apple Watch
d9b8de98-75a4-4ec9-8050-71dca5662d68,2026-02-25T17:43:46Z,2026-02-25T17:44:46Z,Deep,4,马林康的Apple Watch
89a80e19-b023-4cb0-90a7-e0f33757fcf4,2026-02-25T17:44:46Z,2026-02-25T17:56:15Z,Core,3,马林康的Apple Watch
c6d1157a-aaca-4791-85e3-bfa9fce777d1,2026-02-25T17:56:15Z,2026-02-25T18:03:45Z,Deep,4,马林康的Apple Watch
08aff49d-7440-4be8-9075-c0bc19da1499,2026-02-25T18:03:45Z,2026-02-25T18:04:15Z,Awake,2,马林康的Apple Watch
a6009095-7570-4633-a1de-7835661e5b6d,2026-02-25T18:04:15Z,2026-02-25T18:05:14Z,Core,3,马林康的Apple Watch
153a23ca-8856-45c3-944d-c719b035cc71,2026-02-25T18:05:14Z,2026-02-25T18:06:14Z,Awake,2,马林康的Apple Watch
84446eed-6f64-424b-8bf9-696f5739acf7,2026-02-25T18:06:14Z,2026-02-25T18:07:44Z,Core,3,马林康的Apple Watch
6c0d54d7-84ef-44c2-83c8-8954e0f4ae94,2026-02-25T18:07:44Z,2026-02-25T18:08:44Z,Awake,2,马林康的Apple Watch
70f56fed-649d-4d75-8d63-47515886519b,2026-02-25T18:08:44Z,2026-02-25T18:15:44Z,Core,3,马林康的Apple Watch
c4ba33ff-9ee9-4274-9d6c-64576b2a581c,2026-02-25T18:15:44Z,2026-02-25T18:33:13Z,REM,5,马林康的Apple Watch
dff01bee-af63-4020-8dc5-3564f5e0569f,2026-02-25T18:33:13Z,2026-02-25T18:34:42Z,Awake,2,马林康的Apple Watch
fa008a14-3b8f-4385-bebf-7f05a9507886,2026-02-25T18:34:42Z,2026-02-25T18:36:12Z,REM,5,马林康的Apple Watch
9236e28e-72ba-47a7-b9d0-c4b46f8ebe2c,2026-02-25T18:36:12Z,2026-02-25T19:13:10Z,Core,3,马林康的Apple Watch
939204c7-e1e0-4ecb-ac3f-f6af700e7a40,2026-02-25T19:13:10Z,2026-02-25T19:26:09Z,Deep,4,马林康的Apple Watch
79b5460d-9a0e-49be-b444-0cac42f430b4,2026-02-25T19:26:09Z,2026-02-25T19:27:39Z,Awake,2,马林康的Apple Watch
712f8ce8-7b5c-4758-8581-3a2f7528d225,2026-02-25T19:27:39Z,2026-02-25T19:35:39Z,Core,3,马林康的Apple Watch
90d75328-21c4-4a5f-85b1-711afba4bc74,2026-02-25T19:35:39Z,2026-02-25T19:37:08Z,Awake,2,马林康的Apple Watch
0965d4f0-7a97-4e60-a28b-29dacbd0ad90,2026-02-25T19:37:08Z,2026-02-25T19:43:08Z,Core,3,马林康的Apple Watch
2007bad4-52e1-4d84-9a0a-e36b64fa0c44,2026-02-25T19:43:08Z,2026-02-25T19:52:07Z,REM,5,马林康的Apple Watch
33502536-6e60-47b9-952b-b41a6cea7c8c,2026-02-25T19:52:07Z,2026-02-25T19:54:07Z,Core,3,马林康的Apple Watch
92529a0d-7e88-48f1-bf16-207e0fa99af6,2026-02-25T19:54:07Z,2026-02-25T19:56:07Z,REM,5,马林康的Apple Watch
f5f4148c-0c13-423d-b3cd-57b0e3712a07,2026-02-25T19:56:07Z,2026-02-25T19:59:37Z,Core,3,马林康的Apple Watch
d9c6bad6-ffa7-4d03-8238-cab57a575019,2026-02-25T19:59:37Z,2026-02-25T20:01:37Z,Awake,2,马林康的Apple Watch
bf5e8715-c15b-4198-9daa-ca35c8904f6b,2026-02-25T20:01:37Z,2026-02-25T21:05:32Z,Core,3,马林康的Apple Watch
74fc043f-586d-4c5e-ab2c-8d48735446fe,2026-02-25T21:05:32Z,2026-02-25T21:37:30Z,REM,5,马林康的Apple Watch
cd93f4e7-6602-4717-8ab7-3e4d668c2990,2026-02-25T21:37:30Z,2026-02-25T22:55:25Z,Core,3,马林康的Apple Watch
49b2f000-0b1f-44ac-ad7b-6c3678943434,2026-02-25T22:55:25Z,2026-02-25T23:05:55Z,REM,5,马林康的Apple Watch
e326776c-d4fb-4ef3-8b11-7bc89288508c,2026-02-25T23:05:55Z,2026-02-25T23:21:24Z,Awake,2,马林康的Apple Watch
33f59b03-feb7-4df6-8b9d-44d4a819dcac,2026-02-25T23:21:24Z,2026-02-25T23:28:53Z,Core,3,马林康的Apple Watch
580b82cc-4009-4b83-b14f-2c3813da521f,2026-02-25T23:28:53Z,2026-02-25T23:32:23Z,Awake,2,马林康的Apple Watch
9fd5f057-b487-4d24-914b-a086287f3165,2026-02-25T23:32:23Z,2026-02-25T23:43:22Z,Core,3,马林康的Apple Watch
5f6d91da-0eef-408c-b4f6-a483704e5787,2026-02-26T15:42:24Z,2026-02-26T16:01:22Z,Core,3,马林康的Apple Watch
c005bc71-31ed-411f-afad-a7b2b931e449,2026-02-26T16:01:22Z,2026-02-26T16:02:22Z,Deep,4,马林康的Apple Watch
08709271-7c0c-449e-9e50-95c346376612,2026-02-26T16:02:22Z,2026-02-26T16:02:52Z,Core,3,马林康的Apple Watch
9d374377-2e06-4e2d-8e2b-e22321e32fc3,2026-02-26T16:02:52Z,2026-02-26T16:03:52Z,Awake,2,马林康的Apple Watch
e2c38097-4a43-43c7-b633-cfbdd76e7a77,2026-02-26T16:03:52Z,2026-02-26T16:10:52Z,Core,3,马林康的Apple Watch
76e3b1d3-666a-48f7-a6aa-e45537747dba,2026-02-26T16:10:52Z,2026-02-26T16:22:51Z,Deep,4,马林康的Apple Watch
c213f414-932e-43ce-9fa5-6cbfb596e6ee,2026-02-26T16:22:51Z,2026-02-26T16:27:51Z,Core,3,马林康的Apple Watch
030bd283-4cc3-424e-927d-dfcb651a2928,2026-02-26T16:27:51Z,2026-02-26T16:35:20Z,Deep,4,马林康的Apple Watch
86d7fe03-9ecc-4ffb-90e6-77ec29ceae5e,2026-02-26T16:35:20Z,2026-02-26T16:43:50Z,Core,3,马林康的Apple Watch
c979d0ed-3537-4105-a19c-cf5553298faa,2026-02-26T16:43:50Z,2026-02-26T16:53:19Z,Deep,4,马林康的Apple Watch
1e62ae4f-6cc0-4d5b-b962-9d5e0d7630dd,2026-02-26T16:53:19Z,2026-02-26T17:16:47Z,Core,3,马林康的Apple Watch
e8901ba7-85d7-43bf-8c43-bc20fdfec900,2026-02-26T17:16:47Z,2026-02-26T17:18:47Z,Deep,4,马林康的Apple Watch
caa071b5-50b5-4b14-b477-460b5aa5d14b,2026-02-26T17:18:47Z,2026-02-26T17:19:47Z,Awake,2,马林康的Apple Watch
465fd210-6899-4d1d-a6a8-b0d3117dba61,2026-02-26T17:19:47Z,2026-02-26T18:12:14Z,Core,3,马林康的Apple Watch
a65276a9-345a-468f-856e-51ea57a62690,2026-02-26T18:12:14Z,2026-02-26T18:40:12Z,Deep,4,马林康的Apple Watch
cebb3225-5570-4746-a0f8-7c3143fb7558,2026-02-26T18:40:12Z,2026-02-26T18:41:42Z,Awake,2,马林康的Apple Watch
a423a73b-149f-45e5-985c-1c8145d95ff8,2026-02-26T18:41:42Z,2026-02-26T18:43:41Z,Core,3,马林康的Apple Watch
567d12a7-abb1-4448-a0d7-0b93e9981117,2026-02-26T18:43:41Z,2026-02-26T19:05:10Z,REM,5,马林康的Apple Watch
18f4a7a1-e948-4acc-abec-f95c42d7b4a8,2026-02-26T19:05:10Z,2026-02-26T19:05:40Z,Core,3,马林康的Apple Watch
a8196f25-291a-4a9c-99b8-4d6f8e9a8801,2026-02-26T19:05:40Z,2026-02-26T19:07:40Z,REM,5,马林康的Apple Watch
191b8ef1-f566-4326-bfc6-8d4a1e7af53c,2026-02-26T19:07:40Z,2026-02-26T20:13:05Z,Core,3,马林康的Apple Watch
35859f2d-f4fa-44cd-b76f-2e91763a17bc,2026-02-26T20:13:05Z,2026-02-26T20:14:35Z,Deep,4,马林康的Apple Watch
4bbf97c7-6034-4ac8-ad90-0acdddb603ba,2026-02-26T20:14:35Z,2026-02-26T20:28:04Z,Core,3,马林康的Apple Watch
67eab998-4c4b-40e5-b202-e1480a11578a,2026-02-26T20:28:04Z,2026-02-26T20:32:04Z,REM,5,马林康的Apple Watch
cbccf65e-c2d6-47b9-80da-bdbabd494dc9,2026-02-26T20:32:04Z,2026-02-26T20:35:04Z,Awake,2,马林康的Apple Watch
63c1f602-1207-4c79-87f8-1b9eaa4d1c2f,2026-02-26T20:35:04Z,2026-02-26T20:37:33Z,Core,3,马林康的Apple Watch
a4c1b9c2-690f-4e4c-aaed-e51e5f986fd6,2026-02-26T20:37:33Z,2026-02-26T20:44:33Z,REM,5,马林康的Apple Watch
6dca12b5-9cae-4762-8895-be76cd753b24,2026-02-26T20:44:33Z,2026-02-26T21:58:28Z,Core,3,马林康的Apple Watch
e2f6d1bf-c3cd-4c5d-9d2d-a20a346a8b36,2026-02-26T21:58:28Z,2026-02-26T21:59:58Z,REM,5,马林康的Apple Watch
a02d7ed1-7b52-4c90-a7e1-867c34926a7c,2026-02-26T21:59:58Z,2026-02-26T22:01:58Z,Core,3,马林康的Apple Watch
efc86716-6702-4d57-8b38-babd7e765990,2026-02-26T22:01:58Z,2026-02-26T22:26:26Z,REM,5,马林康的Apple Watch
46f9ddfa-b9ff-44be-95c4-a3a97c08543d,2026-02-26T22:26:26Z,2026-02-26T22:29:26Z,Awake,2,马林康的Apple Watch
ce6afd18-d2e6-4c4e-996f-5fe71920deb0,2026-02-26T22:29:26Z,2026-02-26T22:34:26Z,Core,3,马林康的Apple Watch
3ff40805-caa0-46db-9342-5bb5bb7497bc,2026-02-26T22:34:26Z,2026-02-26T22:36:26Z,Awake,2,马林康的Apple Watch
4eae7c75-2c78-4201-97af-67235e6db47b,2026-02-26T22:36:26Z,2026-02-26T22:39:26Z,Core,3,马林康的Apple Watch
90c0bce4-2739-4ff8-83b3-6ab557cccc28,2026-02-26T22:39:26Z,2026-02-26T22:40:25Z,Awake,2,马林康的Apple Watch
bd238917-2699-4fed-b208-18ab15a953c9,2026-02-26T22:40:25Z,2026-02-26T22:49:25Z,Core,3,马林康的Apple Watch
87a51e6d-ff42-4727-9da3-ac25ca0f6cb6,2026-02-26T22:49:25Z,2026-02-26T22:50:25Z,Awake,2,马林康的Apple Watch
b009ac8a-776b-435b-a472-fcafaf069650,2026-02-26T22:50:25Z,2026-02-26T23:07:54Z,Core,3,马林康的Apple Watch
ff28099c-0e7b-4a37-ba84-23eba18d21a6,2026-02-26T23:07:54Z,2026-02-26T23:14:23Z,Awake,2,马林康的Apple Watch
7c9df286-54ce-4b51-96cd-1e0d30f1e635,2026-02-26T23:14:23Z,2026-02-26T23:24:53Z,Core,3,马林康的Apple Watch
a3ad3118-477e-40a5-bfa9-eeb2449d780b,2026-02-26T23:24:53Z,2026-02-26T23:35:22Z,REM,5,马林康的Apple Watch
2e6d08ff-0105-4454-8288-617ddc90fdf0,2026-02-27T18:38:54Z,2026-02-27T19:00:52Z,Core,3,马林康的Apple Watch
97f1819d-0706-4e32-950e-8c232d721afe,2026-02-27T19:00:52Z,2026-02-27T19:24:21Z,Deep,4,马林康的Apple Watch
d4f7d897-cb15-49c2-bb5d-ec6043256524,2026-02-27T19:24:21Z,2026-02-27T19:26:51Z,Awake,2,马林康的Apple Watch
33948bcf-1d45-462a-832b-7f8d29efe869,2026-02-27T19:26:51Z,2026-02-27T19:44:20Z,Core,3,马林康的Apple Watch
907b2678-d181-48b0-bea0-e24e7e111459,2026-02-27T19:44:20Z,2026-02-27T20:15:48Z,Deep,4,马林康的Apple Watch
62aa00e0-d7ae-4bc4-b5b3-901881e856ba,2026-02-27T20:15:48Z,2026-02-27T20:18:18Z,Awake,2,马林康的Apple Watch
ce2abf46-b35e-4c9f-8981-8412b4ee28ae,2026-02-27T20:18:18Z,2026-02-27T20:19:48Z,Core,3,马林康的Apple Watch
0546d105-9550-4045-b976-51f4f2a1ce34,2026-02-27T20:19:48Z,2026-02-27T20:29:17Z,REM,5,马林康的Apple Watch
128f3838-6a6c-40a1-9dae-07550c4b0ee9,2026-02-27T20:29:17Z,2026-02-27T20:30:17Z,Awake,2,马林康的Apple Watch
0a51a074-6591-465d-b3bd-13d7dca6c201,2026-02-27T20:30:17Z,2026-02-27T21:40:42Z,Core,3,马林康的Apple Watch
1f1d3032-8519-4610-9eb7-46e40f06085c,2026-02-27T21:40:42Z,2026-02-27T22:01:11Z,REM,5,马林康的Apple Watch
82b4b598-1fe9-4e75-9140-402b20902509,2026-02-27T22:01:11Z,2026-02-27T22:10:10Z,Core,3,马林康的Apple Watch
0d8b448b-d3c3-4b01-8c25-c1ced702a2fd,2026-02-27T22:10:10Z,2026-02-27T22:10:40Z,Awake,2,马林康的Apple Watch
3bef09fb-9bd4-43dc-a479-9a83b3adce4a,2026-02-27T22:10:40Z,2026-02-27T22:20:40Z,Core,3,马林康的Apple Watch
f70c2126-ad8a-4adf-8a62-89d37e2713fc,2026-02-27T22:20:40Z,2026-02-27T22:21:39Z,Awake,2,马林康的Apple Watch
a0752425-2349-4ca9-a6e2-ce9260f896c0,2026-02-27T22:21:39Z,2026-02-27T22:28:39Z,Core,3,马林康的Apple Watch
6f25b0a3-acea-4d02-b3e8-0a9a6ffac5bf,2026-02-27T22:28:39Z,2026-02-27T22:29:39Z,Awake,2,马林康的Apple Watch
00a8a906-7ae8-4f5c-8fdc-b5020216ef3f,2026-02-27T22:29:39Z,2026-02-27T22:56:07Z,Core,3,马林康的Apple Watch
d95025c6-bf7b-4eae-be11-0e4496668d12,2026-02-27T22:56:07Z,2026-02-27T23:02:07Z,Awake,2,马林康的Apple Watch
ce26f3c8-1649-4f01-920c-e63fc2d455a5,2026-02-27T23:02:07Z,2026-02-27T23:03:07Z,Core,3,马林康的Apple Watch
fa89427c-0124-4294-b4b6-890657690239,2026-02-27T23:03:07Z,2026-02-27T23:09:36Z,REM,5,马林康的Apple Watch
9a458abb-4f7f-49fc-b6a6-1ed1f416461f,2026-02-27T23:09:36Z,2026-02-27T23:11:06Z,Core,3,马林康的Apple Watch
67e5ac3c-f011-4f24-8f51-1973b5c72736,2026-02-27T23:11:06Z,2026-02-27T23:12:36Z,REM,5,马林康的Apple Watch
de122688-f63e-4a5a-b344-88eb49c499aa,2026-02-27T23:12:36Z,2026-02-27T23:21:06Z,Core,3,马林康的Apple Watch
2c3d1b63-68d8-41e2-9125-432c60d736df,2026-02-28T15:54:01Z,2026-02-28T16:13:30Z,Core,3,马林康的Apple Watch
aef01d3d-2073-4574-9756-4d194cbd6625,2026-02-28T16:13:30Z,2026-02-28T16:36:58Z,Deep,4,马林康的Apple Watch
3c902410-0359-47e5-9fba-b105fb3b8a0d,2026-02-28T16:36:58Z,2026-02-28T16:37:58Z,Core,3,马林康的Apple Watch
92eb5b25-5627-4235-bec9-776818381f09,2026-02-28T16:37:58Z,2026-02-28T16:38:28Z,Awake,2,马林康的Apple Watch
cf0cfdc4-0dbd-44d9-b2fb-2789f704b942,2026-02-28T16:38:28Z,2026-02-28T16:58:57Z,Core,3,马林康的Apple Watch
871dae7e-1215-4d27-b3d9-da76e132e928,2026-02-28T16:58:57Z,2026-02-28T16:59:27Z,Deep,4,马林康的Apple Watch
bc38d649-26eb-4bc3-9e96-56f693bdd91d,2026-02-28T16:59:27Z,2026-02-28T17:10:26Z,Core,3,马林康的Apple Watch
ef8a56ae-faa4-46db-92ed-08fb9e6cd7ca,2026-02-28T17:10:26Z,2026-02-28T17:32:25Z,Deep,4,马林康的Apple Watch
5b3f9a3b-e191-47a9-9012-f25742f3e0f7,2026-02-28T17:32:25Z,2026-02-28T17:34:25Z,Awake,2,马林康的Apple Watch
a1830b15-44c6-4ed9-95e8-a33d2c141255,2026-02-28T17:34:25Z,2026-02-28T17:38:24Z,Core,3,马林康的Apple Watch
6f76370c-d102-4b87-be30-95d688d26b25,2026-02-28T17:38:24Z,2026-02-28T18:07:22Z,REM,5,马林康的Apple Watch
95ccd62f-5cd1-4d16-962e-c4d5c4e79737,2026-02-28T18:07:22Z,2026-02-28T18:09:22Z,Awake,2,马林康的Apple Watch
face7d36-7bbe-4029-ba92-007fa3cbdaa0,2026-02-28T18:09:22Z,2026-02-28T18:44:49Z,Core,3,马林康的Apple Watch
e6cec57b-1197-41ce-ba04-97b6b9710458,2026-02-28T18:44:49Z,2026-02-28T19:05:18Z,Deep,4,马林康的Apple Watch
88b7cb38-d585-4304-ae5d-a8b683b2f7be,2026-02-28T19:05:18Z,2026-02-28T19:30:46Z,Core,3,马林康的Apple Watch
62eaba23-3593-4249-bcc4-0c9ba20c9811,2026-02-28T19:30:46Z,2026-02-28T19:39:15Z,REM,5,马林康的Apple Watch
1dc52e77-e556-47f3-b384-12b742076f80,2026-02-28T19:39:15Z,2026-02-28T19:49:45Z,Core,3,马林康的Apple Watch
b5c1bfa2-6bab-4569-a1b9-83e61b0b5253,2026-02-28T19:49:45Z,2026-02-28T19:52:45Z,REM,5,马林康的Apple Watch
86c1a27f-4bd3-4631-91c3-bcba7fc41315,2026-02-28T19:52:45Z,2026-02-28T19:53:44Z,Core,3,马林康的Apple Watch
4c8f9c67-3c9f-4a50-aa1f-137b3e9ffae3,2026-02-28T19:53:44Z,2026-02-28T20:01:14Z,REM,5,马林康的Apple Watch
6c7776c5-c7d1-4c92-a634-130c77dd0eef,2026-02-28T20:01:14Z,2026-02-28T20:38:11Z,Core,3,马林康的Apple Watch
8a2e8da3-81f4-4c90-9cbd-308699da290d,2026-02-28T20:38:11Z,2026-02-28T20:39:41Z,Awake,2,马林康的Apple Watch
9af26429-5674-4ca3-9419-08ab58df14fb,2026-02-28T20:39:41Z,2026-02-28T21:00:10Z,Core,3,马林康的Apple Watch
15667e1f-4148-432c-962b-5ad9c9ce9356,2026-02-28T21:00:10Z,2026-02-28T21:42:07Z,REM,5,马林康的Apple Watch
1e846791-b6c0-4568-b934-8d6baa786477,2026-02-28T21:42:07Z,2026-02-28T22:18:05Z,Core,3,马林康的Apple Watch
2f30a258-6873-4336-bf6f-5997884336f1,2026-02-28T22:18:05Z,2026-02-28T22:39:33Z,Deep,4,马林康的Apple Watch
5594c819-c89a-491c-92bc-9950bdc1f5eb,2026-02-28T22:39:33Z,2026-02-28T22:40:33Z,Awake,2,马林康的Apple Watch
db4b453c-4c0d-45ad-92bb-8b4829c3df3e,2026-02-28T22:40:33Z,2026-02-28T22:50:33Z,Core,3,马林康的Apple Watch
95b190a2-77d3-4824-b331-9e26991231d9,2026-02-28T22:50:33Z,2026-02-28T22:51:33Z,REM,5,马林康的Apple Watch
a3461a49-f265-4278-801f-58860080461d,2026-02-28T22:51:33Z,2026-02-28T22:52:32Z,Core,3,马林康的Apple Watch
3ee41200-56ec-49ef-a076-67e610a60c6d,2026-02-28T22:52:32Z,2026-02-28T23:00:02Z,REM,5,马林康的Apple Watch
9e8345e6-82e0-430e-b06d-185d960bb828,2026-02-28T23:00:02Z,2026-02-28T23:02:02Z,Awake,2,马林康的Apple Watch
00e217a1-e337-47fe-985b-e5b742886426,2026-02-28T23:02:02Z,2026-02-28T23:05:32Z,Core,3,马林康的Apple Watch
e619c6ef-c062-4cfb-9065-183f6d0fd963,2026-02-28T23:05:32Z,2026-02-28T23:07:01Z,Awake,2,马林康的Apple Watch
1ed9c169-4a8a-4147-93ee-2c3895bf64c0,2026-02-28T23:07:01Z,2026-02-28T23:25:30Z,Core,3,马林康的Apple Watch
977879bf-3322-452a-a3ec-cb25b70ae160,2026-02-28T23:25:30Z,2026-02-28T23:42:59Z,REM,5,马林康的Apple Watch
05964ca0-d2b9-4743-939d-20bca6aefbef,2026-02-28T23:42:59Z,2026-02-28T23:47:29Z,Awake,2,马林康的Apple Watch
d5c603f4-8667-42f5-8163-5146438f776f,2026-02-28T23:47:29Z,2026-02-28T23:53:28Z,Core,3,马林康的Apple Watch
d7a02dfe-bcc1-4bb8-a0c9-c0d4d571cd4d,2026-03-02T14:02:20Z,2026-03-02T22:17:00Z,In Bed,0,AutoSleep
0f62be77-8f11-4a23-82bd-c5df09a2a33e,2026-03-02T14:46:00Z,2026-03-02T22:17:00Z,Asleep Unspecified,1,AutoSleep
ad952239-21cb-49c8-a500-6ca4bea8a509,2026-03-02T14:47:47Z,2026-03-02T15:08:46Z,Core,3,马林康的Apple Watch
4e7fe74f-1421-4a50-966f-bce71fb0a336,2026-03-02T15:08:46Z,2026-03-02T15:37:14Z,Deep,4,马林康的Apple Watch
e28789cb-2078-417d-94b7-a35b48359292,2026-03-02T15:37:14Z,2026-03-02T15:50:43Z,Core,3,马林康的Apple Watch
95c7499e-8396-4fc8-bab9-867e9aeecb2c,2026-03-02T15:50:43Z,2026-03-02T15:55:13Z,REM,5,马林康的Apple Watch
3b1e8502-c688-4a6a-b04c-8fe76581fd4d,2026-03-02T15:55:13Z,2026-03-02T15:56:12Z,Core,3,马林康的Apple Watch
6814ac9c-63ba-42d1-94d2-01d283600e49,2026-03-02T15:56:12Z,2026-03-02T16:06:12Z,REM,5,马林康的Apple Watch
8a526668-2bd9-4afd-8d58-7bfb557c299f,2026-03-02T16:06:12Z,2026-03-02T16:21:11Z,Core,3,马林康的Apple Watch
74712183-c2f9-45db-bba4-fbc31470404d,2026-03-02T16:21:11Z,2026-03-02T16:21:41Z,Awake,2,马林康的Apple Watch
2f250d9b-47c6-4aad-ae14-51f356fdde3c,2026-03-02T16:21:41Z,2026-03-02T16:37:10Z,Core,3,马林康的Apple Watch
70bec650-7f60-4c05-babd-09bdba2e5e04,2026-03-02T16:37:10Z,2026-03-02T16:43:09Z,Deep,4,马林康的Apple Watch
56b9d55f-09cf-4a9e-a721-020fe353e257,2026-03-02T16:43:09Z,2026-03-02T16:58:38Z,Core,3,马林康的Apple Watch
fd7f673d-e3e4-4e25-8f66-2be830e78dee,2026-03-02T16:58:38Z,2026-03-02T17:08:38Z,Deep,4,马林康的Apple Watch
17768eba-d769-4453-ae5a-77d9c3c30c82,2026-03-02T17:08:38Z,2026-03-02T17:12:37Z,Core,3,马林康的Apple Watch
8fefb034-c84e-4d0d-a7d7-638a96a18e37,2026-03-02T17:12:37Z,2026-03-02T17:20:07Z,REM,5,马林康的Apple Watch
66438108-9bdf-49d1-87c8-f3910aada80e,2026-03-02T17:20:07Z,2026-03-02T17:21:07Z,Awake,2,马林康的Apple Watch
fe77dcce-7def-42db-95e5-279166f452dc,2026-03-02T17:21:07Z,2026-03-02T17:22:37Z,Core,3,马林康的Apple Watch
21d3b7cb-cc85-44bd-82c0-7992769b77cf,2026-03-02T17:22:37Z,2026-03-02T17:24:37Z,REM,5,马林康的Apple Watch
b060e385-b874-42aa-9b9b-be1312df184e,2026-03-02T17:24:37Z,2026-03-02T18:14:33Z,Core,3,马林康的Apple Watch
8ae57f2d-b4d1-4210-a47c-758b3ccfdf45,2026-03-02T18:14:33Z,2026-03-02T18:19:03Z,Awake,2,马林康的Apple Watch
063f2f9e-b57e-4ef2-9412-9d27a0afed83,2026-03-02T18:19:03Z,2026-03-02T18:23:33Z,Core,3,马林康的Apple Watch
5ac625f4-3700-4402-9419-38d455561c74,2026-03-02T18:23:33Z,2026-03-02T18:31:02Z,REM,5,马林康的Apple Watch
32c40f5a-59d2-4428-bdb4-f2018a794f53,2026-03-02T18:31:02Z,2026-03-02T18:39:02Z,Core,3,马林康的Apple Watch
88856304-02ad-44f5-abe0-a391a10ebdf2,2026-03-02T18:39:02Z,2026-03-02T18:43:01Z,Awake,2,马林康的Apple Watch
9eadf214-d2c3-4c79-8f5f-6861c8b96f79,2026-03-02T18:43:01Z,2026-03-02T19:34:28Z,Core,3,马林康的Apple Watch
b30c93c6-d6f7-47dc-b473-03c748f81a2b,2026-03-02T19:34:28Z,2026-03-02T19:40:57Z,REM,5,马林康的Apple Watch
6155cadc-1ad8-4444-af33-c26df1d51775,2026-03-02T19:40:57Z,2026-03-02T19:42:27Z,Awake,2,马林康的Apple Watch
fbf17c1f-e4b2-4cca-9932-d8ed153735fb,2026-03-02T19:42:27Z,2026-03-02T19:46:27Z,Core,3,马林康的Apple Watch
0c1b45d0-f456-4d76-a3e5-0ad30608d23c,2026-03-02T19:46:27Z,2026-03-02T20:14:55Z,REM,5,马林康的Apple Watch
583501ec-57bc-4d77-8611-07780bd0b1fc,2026-03-02T20:14:55Z,2026-03-02T20:16:25Z,Awake,2,马林康的Apple Watch
e9f1df35-e621-4266-8359-8a5a2ca84e58,2026-03-02T20:16:25Z,2026-03-02T21:19:21Z,Core,3,马林康的Apple Watch
7b230e53-8d4e-4327-bdb3-9563e9d018fe,2026-03-02T21:19:21Z,2026-03-02T21:36:20Z,REM,5,马林康的Apple Watch
7b96e132-dac0-41e7-bb59-c20e57386bff,2026-03-02T21:36:20Z,2026-03-02T21:40:19Z,Core,3,马林康的Apple Watch
3b3ac7a8-ca06-40ba-9db8-2bc25cf00aaa,2026-03-02T21:40:19Z,2026-03-02T21:47:49Z,Awake,2,马林康的Apple Watch
685f57b8-0bc7-40ec-9f73-991f1976f747,2026-03-02T21:47:49Z,2026-03-02T22:10:47Z,Core,3,马林康的Apple Watch
a9ab5217-f395-4e4d-a5f8-8022cfda7a17,2026-03-03T14:27:57Z,2026-03-03T14:36:27Z,Core,3,马林康的Apple Watch
f081ab7a-6b13-4643-bd90-0a7890e6422f,2026-03-03T14:36:27Z,2026-03-03T14:40:56Z,Awake,2,马林康的Apple Watch
6af6f824-de8a-4535-b23d-b1ba9347f809,2026-03-03T14:40:56Z,2026-03-03T14:55:55Z,Core,3,马林康的Apple Watch
242adf12-a65f-483b-9dba-5a3dd690fa7f,2026-03-03T14:55:55Z,2026-03-03T15:11:24Z,Deep,4,马林康的Apple Watch
9a78b9d8-e85e-43b5-849a-3ca6529a055a,2026-03-03T15:11:24Z,2026-03-03T15:38:53Z,Core,3,马林康的Apple Watch
e889128a-a30f-4372-8228-662aa50479ce,2026-03-03T15:38:53Z,2026-03-03T15:55:52Z,Deep,4,马林康的Apple Watch
8f5bb7f6-12d2-4105-99be-3114113c5ad2,2026-03-03T15:55:52Z,2026-03-03T16:08:21Z,Core,3,马林康的Apple Watch
104e2548-d6ef-43ba-bfd9-2022ba6d1642,2026-03-03T16:08:21Z,2026-03-03T16:20:20Z,REM,5,马林康的Apple Watch
d3740e1b-5039-4908-a419-10ee022ebde4,2026-03-03T16:20:20Z,2026-03-03T16:55:48Z,Core,3,马林康的Apple Watch
7faa862f-f7a8-4817-9014-7502b2c63bdd,2026-03-03T16:55:48Z,2026-03-03T17:02:47Z,Deep,4,马林康的Apple Watch
b766225d-8d7f-49cb-8994-4c20c541f195,2026-03-03T17:02:47Z,2026-03-03T17:04:47Z,Awake,2,马林康的Apple Watch
5aba30fe-13c2-4f3c-af58-4e8a60025ae1,2026-03-03T17:04:47Z,2026-03-03T17:30:15Z,Core,3,马林康的Apple Watch
853c6221-3d87-49a7-8dfa-cd4937a15030,2026-03-03T17:30:15Z,2026-03-03T17:41:15Z,REM,5,马林康的Apple Watch
1c41d6d2-0c81-431a-ba38-0505ab16abe1,2026-03-03T17:41:15Z,2026-03-03T17:42:14Z,Awake,2,马林康的Apple Watch
6a96722a-ae6f-41e8-8df6-17da9e5912f1,2026-03-03T17:42:14Z,2026-03-03T17:44:14Z,Core,3,马林康的Apple Watch
cdd3c7f4-03d1-459c-970a-d77844a63240,2026-03-03T17:44:14Z,2026-03-03T17:47:44Z,REM,5,马林康的Apple Watch
dfaf5369-3347-46d9-9344-c254f891c74f,2026-03-03T17:47:44Z,2026-03-03T17:48:14Z,Core,3,马林康的Apple Watch
4a413185-1ed0-4c2e-a7e3-d073799fd373,2026-03-03T17:48:14Z,2026-03-03T17:50:14Z,Awake,2,马林康的Apple Watch
b1a13c88-a40a-4c20-8251-07b5ca42e626,2026-03-03T17:50:14Z,2026-03-03T17:52:14Z,Core,3,马林康的Apple Watch
d6ea93fb-c996-4d8e-85ce-c5b073272813,2026-03-03T17:52:14Z,2026-03-03T18:03:13Z,REM,5,马林康的Apple Watch
e1ee4bb0-9bc8-4747-ab1d-b71ece2f4d2b,2026-03-03T18:03:13Z,2026-03-03T19:05:39Z,Core,3,马林康的Apple Watch
b5a5e608-1510-4737-8bc5-bcf2445d6cd0,2026-03-03T19:05:39Z,2026-03-03T19:17:08Z,REM,5,马林康的Apple Watch
19359192-7a3d-4b30-9b4a-27b52e5afc15,2026-03-03T19:17:08Z,2026-03-03T19:20:08Z,Core,3,马林康的Apple Watch
5e7d418c-7243-4699-8792-70d217c2b6c8,2026-03-03T19:20:08Z,2026-03-03T19:20:38Z,REM,5,马林康的Apple Watch
08a2b12f-ff0a-4e85-92c8-cecb3ebcef0a,2026-03-03T19:20:38Z,2026-03-03T19:22:08Z,Core,3,马林康的Apple Watch
9f4e71fe-70d4-4edb-b33f-e80587b46637,2026-03-03T19:22:08Z,2026-03-03T19:22:38Z,REM,5,马林康的Apple Watch
e3ebc15f-5596-42a6-b8d7-64491346737d,2026-03-03T19:22:38Z,2026-03-03T20:05:35Z,Core,3,马林康的Apple Watch
ac7610a9-679a-4c76-bb07-8f9536cfe6e5,2026-03-03T20:05:35Z,2026-03-03T20:10:05Z,Deep,4,马林康的Apple Watch
65029b4a-5e5f-4c1c-b091-ec3a5f806abb,2026-03-03T20:10:05Z,2026-03-03T20:11:35Z,Awake,2,马林康的Apple Watch
537e066a-6727-469a-90d5-fcf12baf988b,2026-03-03T20:11:35Z,2026-03-03T20:33:03Z,Core,3,马林康的Apple Watch
94477ed7-d8c5-41ab-840b-647794acb50a,2026-03-03T20:33:03Z,2026-03-03T20:59:02Z,REM,5,马林康的Apple Watch
d81f6348-3c62-4289-b811-bcd4648f8469,2026-03-03T20:59:02Z,2026-03-03T21:00:02Z,Awake,2,马林康的Apple Watch
f1d6097d-a053-4d1d-97fc-e02ae6249180,2026-03-03T21:00:02Z,2026-03-03T21:08:31Z,REM,5,马林康的Apple Watch
97174569-c057-44fa-81a4-19bac0c47faf,2026-03-03T21:08:31Z,2026-03-03T21:11:01Z,Awake,2,马林康的Apple Watch
2b82a5f8-219a-46f0-ad94-08680f0245ea,2026-03-03T21:11:01Z,2026-03-03T21:16:31Z,Core,3,马林康的Apple Watch
0e20f056-8058-4979-ac68-eed47e5f6d6e,2026-03-03T21:16:31Z,2026-03-03T21:22:30Z,REM,5,马林康的Apple Watch
7b80ae5f-c5d1-436e-943c-baa80cc3021c,2026-03-03T21:22:30Z,2026-03-03T21:24:00Z,Awake,2,马林康的Apple Watch
92cd7929-0eaa-45e6-80f1-9d309e437f7c,2026-03-03T21:24:00Z,2026-03-03T21:36:59Z,Core,3,马林康的Apple Watch
c694e8b7-eae2-47f9-af30-8830b7dc22e5,2026-03-03T21:36:59Z,2026-03-03T21:49:28Z,Awake,2,马林康的Apple Watch
a0ebb938-6f68-47c8-a06e-514e18295f42,2026-03-03T21:49:28Z,2026-03-03T22:08:27Z,Core,3,马林康的Apple Watch
33324b01-6a16-4323-89df-d299af7b8ffb,2026-03-03T22:08:27Z,2026-03-03T22:30:56Z,Awake,2,马林康的Apple Watch
8349b4ba-e50e-4a49-82cc-a3dc6a12ba53,2026-03-03T22:30:56Z,2026-03-03T22:32:56Z,Core,3,马林康的Apple Watch
25683c6e-2c67-47f3-bc5f-cb4d662052f8,2026-03-03T22:32:56Z,2026-03-03T22:34:26Z,REM,5,马林康的Apple Watch
8413a093-84f7-437d-ab8d-aa56bc40c706,2026-03-04T15:30:55Z,2026-03-04T15:48:24Z,Core,3,马林康的Apple Watch
3b2510c7-e240-4fdc-83d5-1af23d498a0f,2026-03-04T15:48:24Z,2026-03-04T15:53:54Z,Awake,2,马林康的Apple Watch
e15408ea-4d1c-4d6e-93f0-bab2dd7596fd,2026-03-04T15:53:54Z,2026-03-04T16:06:23Z,Core,3,马林康的Apple Watch
4150a034-1b80-4ede-8b2f-03e0d3e2c7e3,2026-03-04T16:06:23Z,2026-03-04T16:13:53Z,Deep,4,马林康的Apple Watch
1af3b0de-3158-4fdb-8fbe-05e62e1a4728,2026-03-04T16:13:53Z,2026-03-04T16:15:52Z,Core,3,马林康的Apple Watch
d4fde502-f706-40f6-9475-990d9c0de935,2026-03-04T16:15:52Z,2026-03-04T16:21:52Z,Deep,4,马林康的Apple Watch
d6751f72-27b0-4e8e-a6cf-240008c8358d,2026-03-04T16:21:52Z,2026-03-04T16:24:52Z,Core,3,马林康的Apple Watch
e4ef4115-28d2-4359-85d9-b7b8e0dbdb62,2026-03-04T16:24:52Z,2026-03-04T16:31:51Z,Deep,4,马林康的Apple Watch
fb3ba193-2305-4716-ab73-25aeba337ae0,2026-03-04T16:31:51Z,2026-03-04T16:37:21Z,Core,3,马林康的Apple Watch
79c9dcec-8339-4a1c-89ba-3da59c83b82b,2026-03-04T16:37:21Z,2026-03-04T16:44:51Z,Deep,4,马林康的Apple Watch
13ca9414-3e52-4dea-92df-ac872e2d5f68,2026-03-04T16:44:51Z,2026-03-04T16:52:20Z,Core,3,马林康的Apple Watch
0e709e70-9378-4e8f-b2c3-08a6e48fbf93,2026-03-04T16:52:20Z,2026-03-04T16:58:20Z,Deep,4,马林康的Apple Watch
9690f667-782a-4c5e-a0e8-8d97aec08266,2026-03-04T16:58:20Z,2026-03-04T17:05:49Z,Core,3,马林康的Apple Watch
96d4f999-0481-4911-8141-d3d9d8b3513b,2026-03-04T17:05:49Z,2026-03-04T17:07:49Z,REM,5,马林康的Apple Watch
a688c17e-aec9-4ae4-8468-b8582631e235,2026-03-04T17:07:49Z,2026-03-04T17:26:18Z,Core,3,马林康的Apple Watch
cb611544-539e-42ad-95a6-5c50a7978134,2026-03-04T17:26:18Z,2026-03-04T17:28:18Z,Deep,4,马林康的Apple Watch
61c8deb9-bc3c-4ed8-91dd-fb3b8b71f573,2026-03-04T17:28:18Z,2026-03-04T18:00:16Z,Core,3,马林康的Apple Watch
dfa6f0aa-48da-4e1f-97c0-85278c98bf64,2026-03-04T18:00:16Z,2026-03-04T18:03:46Z,Deep,4,马林康的Apple Watch
645ac32c-25df-4f05-8a0a-513dedd5ac31,2026-03-04T18:03:46Z,2026-03-04T18:08:45Z,Core,3,马林康的Apple Watch
cbfa7120-31dc-4221-8bd2-1c9307dcc0e2,2026-03-04T18:08:45Z,2026-03-04T18:29:44Z,REM,5,马林康的Apple Watch
82828ac0-cac4-4790-b56a-ca5dbaa95ac1,2026-03-04T18:29:44Z,2026-03-04T19:00:12Z,Core,3,马林康的Apple Watch
0d517d10-6143-41fc-87f7-2e956a1e3b74,2026-03-04T19:00:12Z,2026-03-04T19:11:41Z,Deep,4,马林康的Apple Watch
91413c52-0515-42c8-b187-c638ed90c683,2026-03-04T19:11:41Z,2026-03-04T19:19:10Z,Core,3,马林康的Apple Watch
ff5025d3-55f2-4bd0-b831-7dd4bb16856a,2026-03-04T19:19:10Z,2026-03-04T19:19:40Z,Awake,2,马林康的Apple Watch
bbcda70e-5094-4ab1-a902-e88df98c8af5,2026-03-04T19:19:40Z,2026-03-04T20:14:07Z,Core,3,马林康的Apple Watch
f12cfc7b-9917-49cd-b07e-b0121bc0c012,2026-03-04T20:14:07Z,2026-03-04T20:15:07Z,REM,5,马林康的Apple Watch
81dfc197-efe4-4332-a5cf-97bade87bb16,2026-03-04T20:15:07Z,2026-03-04T20:16:07Z,Core,3,马林康的Apple Watch
81ba295a-e85f-4a16-bc74-93a5ebe00605,2026-03-04T20:16:07Z,2026-03-04T20:33:05Z,REM,5,马林康的Apple Watch
3d1e4eb9-5703-4ca2-b41e-7eb74632271b,2026-03-04T20:33:05Z,2026-03-04T20:34:05Z,Core,3,马林康的Apple Watch
fc6563af-9d53-4f8c-a457-67a9450cb331,2026-03-04T20:34:05Z,2026-03-04T20:35:05Z,REM,5,马林康的Apple Watch
b44db625-8586-4e07-9ea9-3276908ce9a4,2026-03-04T20:35:05Z,2026-03-04T20:39:35Z,Core,3,马林康的Apple Watch
bd8ca161-4c64-40e0-9d57-526a34667a66,2026-03-04T20:39:35Z,2026-03-04T20:45:35Z,REM,5,马林康的Apple Watch
0c774a42-b5f4-418a-b97a-adc3681f1790,2026-03-04T20:45:35Z,2026-03-04T20:46:35Z,Awake,2,马林康的Apple Watch
70937527-7082-4714-ac07-48615cd2804e,2026-03-04T20:46:35Z,2026-03-04T21:35:01Z,Core,3,马林康的Apple Watch
c917bd9e-c5e6-42ae-b5d5-7a4d75ab12e2,2026-03-04T21:35:01Z,2026-03-04T21:48:01Z,REM,5,马林康的Apple Watch
811c07c3-e802-4f93-ae63-bc00d894c2d4,2026-03-04T21:48:01Z,2026-03-04T21:50:01Z,Awake,2,马林康的Apple Watch
877de42f-9216-4c3e-b7fd-60994ecf63d8,2026-03-04T21:50:01Z,2026-03-04T21:51:30Z,Core,3,马林康的Apple Watch
f1f1d652-460e-40fb-be73-e10aeb93261e,2026-03-04T21:51:30Z,2026-03-04T21:59:00Z,REM,5,马林康的Apple Watch
c29f2c93-c42c-4747-9aa9-1947444c483d,2026-03-04T21:59:00Z,2026-03-04T22:02:00Z,Awake,2,马林康的Apple Watch
5c2ab14f-ef6a-4345-be29-d19b738bc207,2026-03-04T22:02:00Z,2026-03-04T22:03:30Z,Core,3,马林康的Apple Watch
d623e579-be27-4720-88ef-76bb3d5ecfec,2026-03-04T22:03:30Z,2026-03-04T22:05:00Z,REM,5,马林康的Apple Watch
5c0e2239-a751-4e16-abe9-e0837f3e9869,2026-03-04T22:05:00Z,2026-03-04T22:08:59Z,Core,3,马林康的Apple Watch
14dc793c-14ae-46ee-b340-e28b1032d602,2026-03-04T22:08:59Z,2026-03-04T22:17:59Z,Awake,2,马林康的Apple Watch
7aad6ef5-5694-4de1-acbd-4bc3f8dce1a4,2026-03-04T22:17:59Z,2026-03-04T22:19:59Z,Core,3,马林康的Apple Watch
e328a324-2a91-4653-815b-c4a8baaa30b5,2026-03-04T22:19:59Z,2026-03-04T22:20:59Z,Awake,2,马林康的Apple Watch
316c0554-4660-45f7-8acd-e7f516fb3abf,2026-03-04T22:20:59Z,2026-03-04T22:34:28Z,Core,3,马林康的Apple Watch
1bed06dd-c954-4411-bb1d-a9d453864140,2026-03-05T15:53:42Z,2026-03-05T15:56:12Z,Core,3,马林康的Apple Watch
ad0d1910-69d0-426e-a8d3-ad25bbe42dcd,2026-03-05T15:56:12Z,2026-03-05T15:59:42Z,Awake,2,马林康的Apple Watch
90e95695-f8ba-4561-a7b4-364733dff0b5,2026-03-05T15:59:42Z,2026-03-05T16:18:11Z,Core,3,马林康的Apple Watch
4098a761-4efe-4f46-80a0-ebff37d22257,2026-03-05T16:18:11Z,2026-03-05T16:26:40Z,Deep,4,马林康的Apple Watch
0668bd91-b7c2-45e7-bc33-684fdafe238c,2026-03-05T16:26:40Z,2026-03-05T16:35:39Z,Core,3,马林康的Apple Watch
60283ea8-f785-4bcc-81ff-160724d3401a,2026-03-05T16:35:39Z,2026-03-05T16:46:09Z,Deep,4,马林康的Apple Watch
cc519f70-3cd5-4ba2-9865-af64a0b1adc9,2026-03-05T16:46:09Z,2026-03-05T16:47:39Z,Awake,2,马林康的Apple Watch
3a514733-8418-4ced-b11c-31337a489b07,2026-03-05T16:47:39Z,2026-03-05T17:11:37Z,Core,3,马林康的Apple Watch
58cd64dd-28d3-4008-b93b-647fd88cdf8a,2026-03-05T17:11:37Z,2026-03-05T17:23:36Z,REM,5,马林康的Apple Watch
da79f910-ee9d-44c8-ad4c-3b1ee0477e66,2026-03-05T17:23:36Z,2026-03-05T17:54:04Z,Core,3,马林康的Apple Watch
b1deef81-11f5-401a-a0c5-41070271f105,2026-03-05T17:54:04Z,2026-03-05T18:12:03Z,Deep,4,马林康的Apple Watch
5ccf6927-d9f4-4ef1-b3e3-133d0ef50a3d,2026-03-05T18:12:03Z,2026-03-05T18:14:03Z,Awake,2,马林康的Apple Watch
f0829666-321b-44ed-b347-0ffc256cc286,2026-03-05T18:14:03Z,2026-03-05T18:40:31Z,Core,3,马林康的Apple Watch
efbdfde5-5667-466f-98af-f4ee3e2e0228,2026-03-05T18:40:31Z,2026-03-05T18:42:31Z,Awake,2,马林康的Apple Watch
cac8b678-44f5-4c19-bb1b-62dd886b0903,2026-03-05T18:42:31Z,2026-03-05T18:49:01Z,Core,3,马林康的Apple Watch
e55a41ca-3764-4bc4-9219-476586b67539,2026-03-05T18:49:01Z,2026-03-05T19:00:30Z,REM,5,马林康的Apple Watch
8f21baab-2f03-4014-b5e9-fb5729cf2205,2026-03-05T19:00:30Z,2026-03-05T19:02:00Z,Awake,2,马林康的Apple Watch
20aeb004-b40a-4b10-a58c-4f7b84c4dafa,2026-03-05T19:02:00Z,2026-03-05T19:21:59Z,Core,3,马林康的Apple Watch
53afab6c-2291-49e8-b11a-42e8de4859da,2026-03-05T19:21:59Z,2026-03-05T19:25:58Z,Awake,2,马林康的Apple Watch
44c7e3b3-fbe9-4c31-b1da-d823e643f427,2026-03-05T19:25:58Z,2026-03-05T19:35:58Z,Core,3,马林康的Apple Watch
b53c05cf-0f85-40bc-a550-79ce6487819f,2026-03-05T19:35:58Z,2026-03-05T19:39:57Z,Awake,2,马林康的Apple Watch
cf09de5e-de99-4844-b0f4-58455002f377,2026-03-05T19:39:57Z,2026-03-05T19:42:57Z,Core,3,马林康的Apple Watch
5982b88d-7aad-4197-a2cf-c4a0aac754e3,2026-03-05T19:42:57Z,2026-03-05T19:49:27Z,Awake,2,马林康的Apple Watch
2d3c99a9-100d-4807-8adc-a684c5e33c09,2026-03-05T19:49:27Z,2026-03-05T20:33:24Z,Core,3,马林康的Apple Watch
f9970cf9-fd87-4b10-89ee-980c6b634c92,2026-03-05T20:33:24Z,2026-03-05T20:42:23Z,Deep,4,马林康的Apple Watch
7c916402-abcb-474b-b32e-02ed502b8e29,2026-03-05T20:42:23Z,2026-03-05T20:49:53Z,Core,3,马林康的Apple Watch
ea9862d3-7829-431b-aab8-aa6657c053a0,2026-03-05T20:49:53Z,2026-03-05T21:06:52Z,REM,5,马林康的Apple Watch
2dd6d553-29ad-4fcf-a537-910d54e2ff14,2026-03-05T21:06:52Z,2026-03-05T22:08:18Z,Core,3,马林康的Apple Watch
51549c2f-83eb-4f97-9743-47e5bf9dd1af,2026-03-05T22:08:18Z,2026-03-05T22:32:46Z,REM,5,马林康的Apple Watch
19714939-7227-42ef-ae29-2b015e574c6d,2026-03-06T18:49:36Z,2026-03-06T18:50:36Z,Core,3,马林康的Apple Watch
e6a1005f-62e9-4343-b9ed-21440e881a76,2026-03-06T18:50:36Z,2026-03-06T18:52:06Z,Awake,2,马林康的Apple Watch
db4e2cca-5e7d-4bad-a081-ee68e433d555,2026-03-06T18:52:06Z,2026-03-06T19:06:05Z,Core,3,马林康的Apple Watch
6f6596f8-26e4-444e-b59d-7d761280ba8d,2026-03-06T19:06:05Z,2026-03-06T19:07:05Z,Awake,2,马林康的Apple Watch
f2547b56-9b4e-47f3-a48d-a69cb3608fd9,2026-03-06T19:07:05Z,2026-03-06T19:14:35Z,Core,3,马林康的Apple Watch
fb2d288a-bdd7-4da1-8ada-f4ac834ce3b1,2026-03-06T19:14:35Z,2026-03-06T19:29:04Z,Deep,4,马林康的Apple Watch
cfa572f2-e681-4cee-9c0e-7b42025086d3,2026-03-06T19:29:04Z,2026-03-06T19:41:03Z,Core,3,马林康的Apple Watch
107004a0-0f07-472d-aa46-03421edb9280,2026-03-06T19:41:03Z,2026-03-06T19:54:32Z,Deep,4,马林康的Apple Watch
6077043c-bb0a-46a9-b7e8-6345fb8b5dc0,2026-03-06T19:54:32Z,2026-03-06T19:56:02Z,Core,3,马林康的Apple Watch
6fcd39e8-4725-49e8-a3a6-b5ab42ca6e30,2026-03-06T19:56:02Z,2026-03-06T20:11:31Z,REM,5,马林康的Apple Watch
76b6914f-2022-424d-bd3b-aa55ea1c22ad,2026-03-06T20:11:31Z,2026-03-06T20:24:31Z,Core,3,马林康的Apple Watch
5a1da33c-f37a-48df-b3ec-f89682da67e4,2026-03-06T20:24:31Z,2026-03-06T20:49:59Z,Deep,4,马林康的Apple Watch
05851bed-e1ff-46dd-b7de-c6b7ad4c8721,2026-03-06T20:49:59Z,2026-03-06T21:00:58Z,Core,3,马林康的Apple Watch
be49aae0-5184-423d-ae31-6a24d2838cb8,2026-03-06T21:00:58Z,2026-03-06T21:11:58Z,Deep,4,马林康的Apple Watch
6e3e4039-748d-4aad-9995-abafe9bf1a68,2026-03-06T21:11:58Z,2026-03-06T21:19:57Z,Core,3,马林康的Apple Watch
6bda3fc7-7233-4684-adc7-432bfb2ebf81,2026-03-06T21:19:57Z,2026-03-06T21:28:27Z,REM,5,马林康的Apple Watch
76407eb0-83d2-496a-80cb-929981aceb33,2026-03-06T21:28:27Z,2026-03-06T21:31:26Z,Core,3,马林康的Apple Watch
d95d88e6-b019-403e-91b1-fdbce9594ead,2026-03-06T21:31:26Z,2026-03-06T21:36:56Z,REM,5,马林康的Apple Watch
e337b3e5-8fc2-4eb0-aceb-1e442e4745e4,2026-03-06T21:36:56Z,2026-03-06T21:42:26Z,Core,3,马林康的Apple Watch
5774e3e3-b514-4326-9fe6-c999deabfc95,2026-03-06T21:42:26Z,2026-03-06T21:48:25Z,REM,5,马林康的Apple Watch
e6bd163b-b22d-4ed5-b1be-7336453a3374,2026-03-06T21:48:25Z,2026-03-06T21:48:55Z,Awake,2,马林康的Apple Watch
15ee0827-c75e-4ced-8020-cd3e1a6c6f09,2026-03-06T21:48:55Z,2026-03-06T22:55:51Z,Core,3,马林康的Apple Watch
d4a7fbe2-e48d-4d21-a106-1ea3b581ad38,2026-03-06T22:55:51Z,2026-03-06T23:37:18Z,REM,5,马林康的Apple Watch
1cb542c3-a5d4-48d3-a88f-db3c5ef9e453,2026-03-06T23:37:18Z,2026-03-07T00:26:15Z,Core,3,马林康的Apple Watch
e3c7949b-e400-4f55-811d-d54e69a98cb9,2026-03-07T17:09:14Z,2026-03-07T17:21:13Z,Core,3,马林康的Apple Watch
00ad24b5-d657-474d-bfc1-28a2ffe88189,2026-03-07T17:21:13Z,2026-03-07T17:41:12Z,Deep,4,马林康的Apple Watch
cbabe4cd-5975-4160-b479-3eda2a944bdd,2026-03-07T17:41:12Z,2026-03-07T17:42:42Z,Awake,2,马林康的Apple Watch
8b387937-5d82-47d8-aee1-fffbf11ed1ad,2026-03-07T17:42:42Z,2026-03-07T17:57:11Z,Core,3,马林康的Apple Watch
4c402592-d973-4026-94ab-c835769b2dc3,2026-03-07T17:57:11Z,2026-03-07T18:01:40Z,Deep,4,马林康的Apple Watch
28799e83-36d0-401e-8306-6b349ab3d3d9,2026-03-07T18:01:40Z,2026-03-07T18:03:10Z,Core,3,马林康的Apple Watch
2d52f1ee-addf-4990-89a3-1b286ba2d4d3,2026-03-07T18:03:10Z,2026-03-07T18:23:09Z,Deep,4,马林康的Apple Watch
078585f1-70ee-46ef-b770-8a59b26e71c5,2026-03-07T18:23:09Z,2026-03-07T18:26:39Z,Core,3,马林康的Apple Watch
3297c10f-e71d-465e-acb7-eadf28f05321,2026-03-07T18:26:39Z,2026-03-07T18:35:08Z,REM,5,马林康的Apple Watch
7dae19f2-95eb-4786-8d81-37bac9a937e1,2026-03-07T18:35:08Z,2026-03-07T18:37:38Z,Awake,2,马林康的Apple Watch
f6781f18-ee63-49e3-8e71-6730a60d5781,2026-03-07T18:37:38Z,2026-03-07T19:19:35Z,Core,3,马林康的Apple Watch
c2d685fd-94c1-4c92-ac8d-71bfa5276f7b,2026-03-07T19:19:35Z,2026-03-07T19:32:04Z,Deep,4,马林康的Apple Watch
2c221426-bd74-43c3-87ef-0372ceb00197,2026-03-07T19:32:04Z,2026-03-07T19:34:34Z,Core,3,马林康的Apple Watch
1d71c9e3-7a14-4533-b0a9-7948e7833de6,2026-03-07T19:34:34Z,2026-03-07T19:35:04Z,Deep,4,马林康的Apple Watch
145c7db2-f0ac-418b-9201-37bda7f38a77,2026-03-07T19:35:04Z,2026-03-07T19:58:03Z,Core,3,马林康的Apple Watch
c06e53b9-d9a4-4d02-80ed-222986000632,2026-03-07T19:58:03Z,2026-03-07T20:03:02Z,REM,5,马林康的Apple Watch
b546fc10-edd1-497e-a773-2b7410957c08,2026-03-07T20:03:02Z,2026-03-07T20:04:02Z,Awake,2,马林康的Apple Watch
2a36998d-8636-4ba7-84e2-f67d4ca7d49a,2026-03-07T20:04:02Z,2026-03-07T20:05:32Z,Core,3,马林康的Apple Watch
b7e3b341-420b-4f60-929b-4a4177ad5993,2026-03-07T20:05:32Z,2026-03-07T20:10:02Z,REM,5,马林康的Apple Watch
7c9d6731-2643-4ffd-a20b-1b451167fc9a,2026-03-07T20:10:02Z,2026-03-07T20:52:29Z,Core,3,马林康的Apple Watch
a3f51314-bed0-4b98-a625-679e2f87eae4,2026-03-07T20:52:29Z,2026-03-07T20:52:59Z,Awake,2,马林康的Apple Watch
c533feed-5e89-49b3-9b14-f2df219c3fc0,2026-03-07T20:52:59Z,2026-03-07T21:18:57Z,Core,3,马林康的Apple Watch
1e3e424c-3871-4168-85e5-e6342db665dc,2026-03-07T21:18:57Z,2026-03-07T21:46:25Z,REM,5,马林康的Apple Watch
d0af9e5c-8ed6-40e5-a8b2-54e9ac0a5900,2026-03-07T21:46:25Z,2026-03-07T22:27:52Z,Core,3,马林康的Apple Watch
98d24678-1ad3-4931-b703-2f57ce990432,2026-03-07T22:27:52Z,2026-03-07T22:31:22Z,Awake,2,马林康的Apple Watch
5a519719-3750-4e68-bae6-da150df10802,2026-03-07T22:31:22Z,2026-03-07T22:56:50Z,Core,3,马林康的Apple Watch
0991010f-2ec6-4412-9266-a508db839e39,2026-03-07T22:56:50Z,2026-03-07T22:58:50Z,Awake,2,马林康的Apple Watch
00abb854-e0b1-42f1-b3cb-1a97b2b86a4a,2026-03-07T22:58:50Z,2026-03-07T23:42:17Z,Core,3,马林康的Apple Watch
fa6b8e67-4d87-4f47-9641-a834fd106165,2026-03-07T23:42:17Z,2026-03-07T23:42:47Z,Awake,2,马林康的Apple Watch
d52bd245-7ba3-49dd-b561-5e8cfebffc80,2026-03-07T23:42:47Z,2026-03-07T23:43:47Z,Core,3,马林康的Apple Watch
273178df-4c9c-4cbf-9920-9f48b95073e0,2026-03-07T23:43:47Z,2026-03-07T23:44:17Z,Awake,2,马林康的Apple Watch
c67b8ce0-abf1-44a6-862e-847eb5386f2c,2026-03-07T23:44:17Z,2026-03-07T23:54:46Z,Core,3,马林康的Apple Watch
00f07d70-da3e-4e0f-bfca-d21f89217795,2026-03-09T16:54:43Z,2026-03-09T16:55:43Z,Core,3,马林康的Apple Watch
28e2fbba-4db9-4162-83aa-3dd672322dbf,2026-03-09T16:55:43Z,2026-03-09T16:56:43Z,Awake,2,马林康的Apple Watch
6c39e750-68db-4e63-8d8b-c5f430e32e3f,2026-03-09T16:56:43Z,2026-03-09T17:11:12Z,Core,3,马林康的Apple Watch
ec498e23-3959-4adb-84aa-75589dfab939,2026-03-09T17:11:12Z,2026-03-09T17:13:12Z,Awake,2,马林康的Apple Watch
48238401-3e36-461c-8ff1-181b906151db,2026-03-09T17:13:12Z,2026-03-09T17:23:41Z,Core,3,马林康的Apple Watch
67c2e135-8d37-486e-837d-0b52f739f888,2026-03-09T17:23:41Z,2026-03-09T17:47:09Z,Deep,4,马林康的Apple Watch
c5595c7d-465f-41e9-bc67-1743401e7a31,2026-03-09T17:47:09Z,2026-03-09T17:48:09Z,Awake,2,马林康的Apple Watch
d1752251-1009-4d47-9074-a9492d0fbf1d,2026-03-09T17:48:09Z,2026-03-09T17:57:39Z,Core,3,马林康的Apple Watch
ad039af4-70a7-4b39-950d-1759baaca391,2026-03-09T17:57:39Z,2026-03-09T17:58:09Z,Awake,2,马林康的Apple Watch
6f8fc01a-4011-430a-8aaf-9bc32fe6024d,2026-03-09T17:58:09Z,2026-03-09T18:32:37Z,Core,3,马林康的Apple Watch
d7a09f7a-3662-4a6a-9e04-7f08d875f3b9,2026-03-09T18:32:37Z,2026-03-09T18:48:06Z,Deep,4,马林康的Apple Watch
aab1766b-06ca-416a-8a12-7a7e14649b65,2026-03-09T18:48:06Z,2026-03-09T18:48:36Z,Awake,2,马林康的Apple Watch
b9ed0d4f-430e-4b93-aa80-064234e3dc50,2026-03-09T18:48:36Z,2026-03-09T18:56:35Z,Core,3,马林康的Apple Watch
9d42a89d-624b-4d50-bf26-3ed3f55b6734,2026-03-09T18:56:35Z,2026-03-09T19:15:34Z,REM,5,马林康的Apple Watch
72515cb4-18f7-4642-a788-1295ec4b1a27,2026-03-09T19:15:34Z,2026-03-09T19:17:34Z,Awake,2,马林康的Apple Watch
06b0b6a0-0526-459a-b753-a8e0f886749e,2026-03-09T19:17:34Z,2026-03-09T20:00:31Z,Core,3,马林康的Apple Watch
05ff8924-b232-4258-bfa1-5dea642e5415,2026-03-09T20:00:31Z,2026-03-09T20:05:00Z,Awake,2,马林康的Apple Watch
eb9ef1b4-840b-4f6e-a103-7059f6343b13,2026-03-09T20:05:00Z,2026-03-09T20:15:30Z,Core,3,马林康的Apple Watch
140e6afc-a9bf-4449-816f-6a35a06cfe75,2026-03-09T20:15:30Z,2026-03-09T20:18:59Z,REM,5,马林康的Apple Watch
c3027943-7828-4957-bfd3-9057849d61f2,2026-03-09T20:18:59Z,2026-03-09T20:19:59Z,Awake,2,马林康的Apple Watch
0e93ca25-b580-407a-ae7e-e2cfc21d5b2d,2026-03-09T20:19:59Z,2026-03-09T20:32:58Z,Core,3,马林康的Apple Watch
81108742-a236-4218-93aa-d46a21e01c9a,2026-03-09T20:32:58Z,2026-03-09T20:47:27Z,REM,5,马林康的Apple Watch
d75733ba-afee-4975-b996-e51c9abd965e,2026-03-09T20:47:27Z,2026-03-09T21:28:25Z,Core,3,马林康的Apple Watch
880e7e84-0517-4141-b7ad-fa9546502e0f,2026-03-09T21:28:25Z,2026-03-09T21:47:24Z,REM,5,马林康的Apple Watch
33ccd920-84ab-48b1-b1dd-43178e0e2334,2026-03-09T21:47:24Z,2026-03-09T21:59:23Z,Awake,2,马林康的Apple Watch
f01bfeee-9851-47af-be55-7a0f472072b2,2026-03-09T21:59:23Z,2026-03-09T22:04:22Z,Core,3,马林康的Apple Watch
d950610a-2e60-4dce-9872-7208095a4007,2026-03-09T22:04:22Z,2026-03-09T22:05:22Z,Awake,2,马林康的Apple Watch
33442825-da68-4477-a4a2-d2225bb93211,2026-03-09T22:05:22Z,2026-03-09T22:11:22Z,Core,3,马林康的Apple Watch
4aa01a6d-28c9-4e64-a167-7d1483a4657d,2026-03-09T22:11:22Z,2026-03-09T22:11:52Z,Awake,2,马林康的Apple Watch
0c289579-e77c-4513-b7d0-d5fcf45787aa,2026-03-09T22:11:52Z,2026-03-09T22:39:20Z,Core,3,马林康的Apple Watch
0f03e2d5-1d4b-4d21-8d0e-5a49b24c2938,2026-03-09T22:39:20Z,2026-03-09T22:48:20Z,Awake,2,马林康的Apple Watch
89808c90-4815-4fa9-9354-905a4bd4e5dd,2026-03-09T22:48:20Z,2026-03-09T22:50:50Z,Core,3,马林康的Apple Watch
5c283588-d9e3-4644-9e70-ed86a8bd9f72,2026-03-09T22:50:50Z,2026-03-09T22:52:19Z,Awake,2,马林康的Apple Watch
b730f7ba-331b-4b84-83e4-a23650c93a33,2026-03-09T22:52:19Z,2026-03-09T22:58:19Z,Core,3,马林康的Apple Watch
3ee4b563-4088-43e5-b6c0-83be71698db1,2026-03-09T22:58:19Z,2026-03-09T23:44:46Z,Awake,2,马林康的Apple Watch
506e3e1d-7df6-46d1-863e-aa2cbb613b90,2026-03-09T23:44:46Z,2026-03-09T23:49:16Z,Core,3,马林康的Apple Watch
6714e276-bb1e-4bbb-a317-0e5699b7f42a,2026-03-09T23:49:16Z,2026-03-10T00:34:43Z,REM,5,马林康的Apple Watch
a770a3e2-26e7-40d4-b88c-6686bfbaa830,2026-03-10T00:34:43Z,2026-03-10T00:35:43Z,Core,3,马林康的Apple Watch
bbab6889-a7d3-4f53-926b-6b1525aba30d,2026-03-10T00:35:43Z,2026-03-10T00:36:42Z,REM,5,马林康的Apple Watch
a551578f-860f-4e58-9640-7e053e596213,2026-03-10T00:36:42Z,2026-03-10T01:00:41Z,Core,3,马林康的Apple Watch
3bf148b1-418e-4de7-ade5-4d62dae83c12,2026-03-10T01:00:41Z,2026-03-10T01:01:11Z,Awake,2,马林康的Apple Watch
f87c2ece-300e-476e-b458-7c15ef1deb40,2026-03-10T01:01:11Z,2026-03-10T01:43:08Z,Core,3,马林康的Apple Watch
c19c53ed-ee98-4de9-b7b6-37bb2b9dadb5,2026-03-10T01:43:08Z,2026-03-10T01:49:38Z,REM,5,马林康的Apple Watch
3c2d8e97-9e5d-4832-9981-bc07e7711849,2026-03-10T01:49:38Z,2026-03-10T01:52:08Z,Awake,2,马林康的Apple Watch
a1bd33c7-b5a4-41d3-b79f-2c342b8e54c4,2026-03-10T01:52:08Z,2026-03-10T01:56:37Z,REM,5,马林康的Apple Watch
dad0a1e4-a2dc-4e51-9842-c586f8ffc84e,2026-03-10T15:02:59Z,2026-03-10T15:11:28Z,Core,3,马林康的Apple Watch
63eba526-0c0d-44e7-8d85-a04554580487,2026-03-10T15:11:28Z,2026-03-10T15:12:28Z,Awake,2,马林康的Apple Watch
dbb8138f-cc5b-4cd5-b087-d055a6be4f65,2026-03-10T15:12:28Z,2026-03-10T15:14:58Z,Core,3,马林康的Apple Watch
31b9f1fd-a545-4d66-9802-80cfb4a3477d,2026-03-10T15:14:58Z,2026-03-10T15:15:28Z,Awake,2,马林康的Apple Watch
bf071e48-b6b2-48e1-8617-ad9a39331876,2026-03-10T15:15:28Z,2026-03-10T15:19:58Z,Core,3,马林康的Apple Watch
dc798c8c-55b0-4f8c-b379-2b3f644ef09d,2026-03-10T15:19:58Z,2026-03-10T15:23:58Z,Awake,2,马林康的Apple Watch
5f54b4cb-41c2-4b72-9d60-9755bfda4ccd,2026-03-10T15:23:58Z,2026-03-10T15:44:56Z,Core,3,马林康的Apple Watch
4805f905-d036-4961-825a-e130dec1cd79,2026-03-10T15:44:56Z,2026-03-10T15:50:26Z,Deep,4,马林康的Apple Watch
ef597c32-3ddb-442a-bb75-80e949422832,2026-03-10T15:50:26Z,2026-03-10T15:53:26Z,Core,3,马林康的Apple Watch
f6ebc10c-9700-4fcb-82df-774f1bd48a5b,2026-03-10T15:53:26Z,2026-03-10T16:01:25Z,Deep,4,马林康的Apple Watch
3ba0bd3a-5d5c-456d-8236-325f91656f4c,2026-03-10T16:01:25Z,2026-03-10T16:02:55Z,Awake,2,马林康的Apple Watch
b4ccb9f8-f0b8-470b-a3c5-b648a6f31756,2026-03-10T16:02:55Z,2026-03-10T16:11:54Z,Core,3,马林康的Apple Watch
783159a6-6ce0-4e14-9f9d-0771aebd323c,2026-03-10T16:11:54Z,2026-03-10T16:24:53Z,REM,5,马林康的Apple Watch
6f4b777c-12d6-4165-96c1-6d2f9f245f6b,2026-03-10T16:24:53Z,2026-03-10T16:27:23Z,Awake,2,马林康的Apple Watch
2c8922b9-97dd-4970-a8d8-0ad5754a8f8f,2026-03-10T16:27:23Z,2026-03-10T16:43:22Z,Core,3,马林康的Apple Watch
1fefb8b5-bf71-473f-9c8a-c49e48001a9c,2026-03-10T16:43:22Z,2026-03-10T16:59:21Z,Deep,4,马林康的Apple Watch
6a770326-3a77-487a-84da-f3614bece177,2026-03-10T16:59:21Z,2026-03-10T16:59:51Z,Awake,2,马林康的Apple Watch
195ade2a-9718-465e-a2e0-18b897007f73,2026-03-10T16:59:51Z,2026-03-10T17:06:51Z,Core,3,马林康的Apple Watch
cc4b8d68-80cf-46ef-9a69-757984e26978,2026-03-10T17:06:51Z,2026-03-10T17:07:51Z,Awake,2,马林康的Apple Watch
b94f7c2b-3a4d-4525-8991-d327171420c2,2026-03-10T17:07:51Z,2026-03-10T17:56:17Z,Core,3,马林康的Apple Watch
f79c7690-85d2-485a-baa1-4fb56a29b1f9,2026-03-10T17:56:17Z,2026-03-10T17:56:47Z,Awake,2,马林康的Apple Watch
356f2fba-7e12-4396-b252-254b37cdb98d,2026-03-10T17:56:47Z,2026-03-10T18:17:46Z,Core,3,马林康的Apple Watch
901e816b-8d50-4a49-9f6d-c4265a28c3ba,2026-03-10T18:17:46Z,2026-03-10T18:22:16Z,REM,5,马林康的Apple Watch
94829f64-e19b-435a-8c90-f3cef8c125fa,2026-03-10T18:22:16Z,2026-03-10T18:23:16Z,Awake,2,马林康的Apple Watch
092ca961-60b1-4493-b4c3-4b014e8158e7,2026-03-10T18:23:16Z,2026-03-10T18:24:45Z,REM,5,马林康的Apple Watch
7575c5ea-1716-4d78-8dd4-525a117ccc2b,2026-03-10T18:24:45Z,2026-03-10T18:25:45Z,Awake,2,马林康的Apple Watch
2d3af404-7ac4-4e1b-b9c5-5d9ca92c18a9,2026-03-10T18:25:45Z,2026-03-10T18:45:14Z,REM,5,马林康的Apple Watch
ca221ec0-895f-4c9d-81e9-5bff6ba9a3e0,2026-03-10T18:45:14Z,2026-03-10T18:48:44Z,Awake,2,马林康的Apple Watch
388309b6-62d9-4cd9-9cf3-63c18e3d6587,2026-03-10T18:48:44Z,2026-03-10T18:57:13Z,Core,3,马林康的Apple Watch
539fcbee-6286-4e35-a8d7-1c044bf259fb,2026-03-10T18:57:13Z,2026-03-10T18:58:43Z,Awake,2,马林康的Apple Watch
38ef396b-964f-463d-a6b1-969c5d8358fb,2026-03-10T18:58:43Z,2026-03-10T20:02:09Z,Core,3,马林康的Apple Watch
f5bc6f54-b18a-472e-9ae7-cdf5d71738d0,2026-03-10T20:02:09Z,2026-03-10T20:30:37Z,REM,5,马林康的Apple Watch
8d662c7c-7413-4b82-81da-710acb04f018,2026-03-10T20:30:37Z,2026-03-10T20:33:07Z,Core,3,马林康的Apple Watch
f89e566d-2715-4509-9352-b869dc9a7ee1,2026-03-10T20:33:07Z,2026-03-10T20:39:07Z,REM,5,马林康的Apple Watch
866d177b-ea24-45d6-b2dd-53152dd3bbbc,2026-03-10T20:39:07Z,2026-03-10T21:36:03Z,Core,3,马林康的Apple Watch
373fe9a0-201e-4177-aab7-18902063c284,2026-03-10T21:36:03Z,2026-03-10T21:38:33Z,Deep,4,马林康的Apple Watch
9e5ef0d2-95d5-4f71-8eec-e25f7eeabd18,2026-03-10T21:38:33Z,2026-03-10T21:51:32Z,Core,3,马林康的Apple Watch
187b5cc6-bf7b-40f8-8465-ecaa54670a41,2026-03-10T21:51:32Z,2026-03-10T22:14:01Z,REM,5,马林康的Apple Watch
00ecac86-0414-4187-8a75-2015ba25a73d,2026-03-10T22:14:01Z,2026-03-10T22:15:01Z,Awake,2,马林康的Apple Watch
e6308519-2b2a-43e1-aed4-e1c2ac40c20b,2026-03-10T22:15:01Z,2026-03-10T22:33:59Z,Core,3,马林康的Apple Watch
e71981dc-0104-4ba7-8da9-fa1760caff81,2026-03-12T15:29:49Z,2026-03-12T15:44:18Z,Core,3,马林康的Apple Watch
2a0816ed-bb59-4283-af8c-f6582bc1b08a,2026-03-12T15:44:18Z,2026-03-12T15:49:18Z,Awake,2,马林康的Apple Watch
7e032ecb-e74a-45f3-a06c-e196e9018c84,2026-03-12T15:49:18Z,2026-03-12T16:04:47Z,Core,3,马林康的Apple Watch
ca3bff57-d010-4d23-949a-d881fbd37757,2026-03-12T16:04:47Z,2026-03-12T16:30:45Z,Deep,4,马林康的Apple Watch
13f5f44b-09ae-4ff9-9cf1-937b4aade24b,2026-03-12T16:30:45Z,2026-03-12T16:38:15Z,Awake,2,马林康的Apple Watch
c20b22a3-8732-44a1-947d-989fe7f923fe,2026-03-12T16:38:15Z,2026-03-12T17:06:43Z,Core,3,马林康的Apple Watch
37958212-0342-4ac5-a474-5dfed59b168c,2026-03-12T17:06:43Z,2026-03-12T17:08:13Z,Awake,2,马林康的Apple Watch
80ab9ea7-f7ad-4fdc-ae95-00bb865aff23,2026-03-12T17:08:13Z,2026-03-12T17:36:41Z,Core,3,马林康的Apple Watch
1ac108b6-238e-47e2-8846-dc8302ed00c1,2026-03-12T17:36:41Z,2026-03-12T17:46:10Z,Deep,4,马林康的Apple Watch
9bf25bf8-5aec-4ed5-abf2-5033058e9bfb,2026-03-12T17:46:10Z,2026-03-12T17:50:10Z,Awake,2,马林康的Apple Watch
0bb3ee59-d0f2-4991-a8d0-f546c4318d88,2026-03-12T17:50:10Z,2026-03-12T17:56:09Z,Core,3,马林康的Apple Watch
e236fe89-07cf-49b6-814b-3df1ad0fc9cb,2026-03-12T17:56:09Z,2026-03-12T18:11:38Z,REM,5,马林康的Apple Watch
6a0c704a-310b-46fc-a6d3-3b1e96ab6332,2026-03-12T18:11:38Z,2026-03-12T18:12:08Z,Awake,2,马林康的Apple Watch
e1de00d0-7681-4e96-bad7-4fb6975da77b,2026-03-12T18:12:08Z,2026-03-12T18:52:05Z,Core,3,马林康的Apple Watch
a19b6054-af9f-4f5c-86df-2ccd60366b1d,2026-03-12T18:52:05Z,2026-03-12T18:54:05Z,Awake,2,马林康的Apple Watch
da3310c8-f1de-4ecc-b91a-c39b2107239d,2026-03-12T18:54:05Z,2026-03-12T19:04:05Z,Core,3,马林康的Apple Watch
04a94e2c-ad9b-45da-a2ae-776ffe8d1e58,2026-03-12T19:04:05Z,2026-03-12T19:21:04Z,REM,5,马林康的Apple Watch
d1bf6f04-12d5-4766-80ac-228ac0c847d6,2026-03-12T19:21:04Z,2026-03-12T19:24:03Z,Awake,2,马林康的Apple Watch
75ef0bb6-4122-4795-baad-1811ec8e562b,2026-03-12T19:24:03Z,2026-03-12T19:25:03Z,Core,3,马林康的Apple Watch
d965af77-db47-4eee-99cf-304c4cfc874a,2026-03-12T19:25:03Z,2026-03-12T19:28:03Z,REM,5,马林康的Apple Watch
20e3d3f8-4b93-43de-b940-b7e98d2e0ce4,2026-03-12T19:28:03Z,2026-03-12T19:36:32Z,Core,3,马林康的Apple Watch
75628c51-0e53-420c-a31c-24de33af0585,2026-03-12T19:36:32Z,2026-03-12T19:43:32Z,Awake,2,马林康的Apple Watch
187439f9-d43e-4fef-810d-49924721bab0,2026-03-12T19:43:32Z,2026-03-12T20:21:30Z,Core,3,马林康的Apple Watch
fcfe975b-42fb-4e41-93bf-291108eb3c2c,2026-03-12T20:21:30Z,2026-03-12T20:23:29Z,Awake,2,马林康的Apple Watch
48f34279-bac1-4df5-ac25-eea565357f9f,2026-03-12T20:23:29Z,2026-03-12T20:35:59Z,Core,3,马林康的Apple Watch
6135676e-676b-4f90-b7cf-496389fd8d56,2026-03-12T20:35:59Z,2026-03-12T20:39:28Z,REM,5,马林康的Apple Watch
7f65aff1-df7d-477b-8c52-9a2655942cc1,2026-03-12T20:39:28Z,2026-03-12T20:40:28Z,Core,3,马林康的Apple Watch
094e2bc9-78d5-4bc9-bc18-e27ca9af1116,2026-03-12T20:40:28Z,2026-03-12T20:40:58Z,Awake,2,马林康的Apple Watch
8619e81e-9215-4270-8139-33fe0ed8d259,2026-03-12T20:40:58Z,2026-03-12T20:44:28Z,Core,3,马林康的Apple Watch
5873f5cc-f3bf-4d6f-8b3b-cadf641f3ba8,2026-03-12T20:44:28Z,2026-03-12T20:55:27Z,REM,5,马林康的Apple Watch
6c04ec01-fe84-4b9d-93cf-456268219762,2026-03-12T20:55:27Z,2026-03-12T20:55:57Z,Awake,2,马林康的Apple Watch
d8b13427-8911-42c8-943e-a05704fabd04,2026-03-12T20:55:57Z,2026-03-12T21:35:55Z,Core,3,马林康的Apple Watch
554328d9-bb9a-442a-b9e4-7b46f3ad4bfe,2026-03-12T21:35:55Z,2026-03-12T21:40:25Z,Awake,2,马林康的Apple Watch
a4f8a2e7-b5ad-4562-89f6-72ba75d44eb3,2026-03-12T21:40:25Z,2026-03-12T21:45:54Z,Core,3,马林康的Apple Watch
dc2f5e35-23cb-4cc6-b836-571cc21c124c,2026-03-12T21:45:54Z,2026-03-12T22:09:23Z,REM,5,马林康的Apple Watch
1ebc0ecd-997e-47b4-bd52-b762eb3d8a87,2026-03-12T22:09:23Z,2026-03-12T22:12:52Z,Awake,2,马林康的Apple Watch
c34b558e-33e3-4ec1-bbb1-00c30c5ac173,2026-03-12T22:12:52Z,2026-03-12T22:29:21Z,Core,3,马林康的Apple Watch
cc9062d3-f234-4e29-8196-80cf9c860df2,2026-03-12T22:29:21Z,2026-03-12T22:30:51Z,Awake,2,马林康的Apple Watch
6c58f6ca-ea9c-42b3-98ba-98c6988e935f,2026-03-12T22:30:51Z,2026-03-12T23:34:17Z,Core,3,马林康的Apple Watch
0997fa58-42c5-4486-9a07-96a7c218299e,2026-03-12T23:34:17Z,2026-03-13T00:18:44Z,REM,5,马林康的Apple Watch
1d062f8d-60a5-4ae8-9db4-35a6e1191dc3,2026-03-13T00:18:44Z,2026-03-13T00:24:14Z,Core,3,马林康的Apple Watch
45eb32b3-cbf5-455b-9058-80e8882d70cf,2026-03-13T00:24:14Z,2026-03-13T00:26:13Z,REM,5,马林康的Apple Watch
f53260cd-5ef6-4977-8c1b-9950cbf94423,2026-03-13T00:26:13Z,2026-03-13T00:27:43Z,Core,3,马林康的Apple Watch
73d9ef77-5e7c-4622-9e1d-0e0bc5fde333,2026-03-13T00:27:43Z,2026-03-13T00:30:43Z,REM,5,马林康的Apple Watch
f7e8ee06-3b92-4d1d-b712-a2505285138a,2026-03-13T00:30:43Z,2026-03-13T00:50:42Z,Core,3,马林康的Apple Watch
092eb757-5879-49a3-9532-39d65fbd0519,2026-03-13T00:50:42Z,2026-03-13T00:52:42Z,Awake,2,马林康的Apple Watch
1c111c7f-06ec-4712-9bd8-0628babb1f06,2026-03-13T00:52:42Z,2026-03-13T00:55:12Z,Core,3,马林康的Apple Watch
694fcd7e-6362-49ee-930b-451f3f276df8,2026-03-13T19:21:50Z,2026-03-13T19:45:49Z,Asleep Unspecified,1,马林康的Apple Watch
47b3cb27-f204-48cc-9b18-4f03cfdbf949,2026-03-13T19:45:49Z,2026-03-13T19:48:48Z,Awake,2,马林康的Apple Watch
f57ed409-f29f-4cdc-b2c3-220389e3af02,2026-03-13T19:48:48Z,2026-03-13T22:10:09Z,Asleep Unspecified,1,马林康的Apple Watch
ae2dc5a6-adf6-4475-8b55-93155135ec59,2026-03-13T22:10:24Z,2026-03-13T23:38:18Z,Asleep Unspecified,1,马林康的Apple Watch
289e316a-1bf9-4d15-a43f-1a8e967bb5b9,2026-03-13T23:38:18Z,2026-03-13T23:40:18Z,Awake,2,马林康的Apple Watch
7c737a83-15df-402c-ab9c-1d9416b8167e,2026-03-13T23:40:18Z,2026-03-13T23:45:18Z,Asleep Unspecified,1,马林康的Apple Watch
eaf94b59-6475-4166-bf48-b25985a42a2f,2026-03-15T06:20:34Z,2026-03-15T06:55:02Z,Asleep Unspecified,1,马林康的Apple Watch
f3806de9-1871-471d-ab78-c74fb7080336,2026-03-15T06:55:02Z,2026-03-15T06:56:02Z,Awake,2,马林康的Apple Watch
0ec556e4-e618-4542-8b31-fdde7aaf414c,2026-03-15T06:56:02Z,2026-03-15T07:19:30Z,Asleep Unspecified,1,马林康的Apple Watch
02a024d2-4eba-4ef6-a3dc-b96a91c58bb6,2026-03-15T07:19:30Z,2026-03-15T07:20:00Z,Awake,2,马林康的Apple Watch
5a788e4d-5ff7-451b-997e-241145a65e65,2026-03-15T07:20:00Z,2026-03-15T07:23:30Z,Asleep Unspecified,1,马林康的Apple Watch
d0c59fd9-ddba-421e-b62a-81b71dd32516,2026-03-15T07:23:30Z,2026-03-15T07:24:00Z,Awake,2,马林康的Apple Watch
d6cd103f-248c-47bd-b49a-713cbc0a44d1,2026-03-15T07:24:00Z,2026-03-15T07:51:28Z,Asleep Unspecified,1,马林康的Apple Watch
04f95b6a-1050-4d10-8581-13ce05266295,2026-03-15T07:51:28Z,2026-03-15T07:51:58Z,Awake,2,马林康的Apple Watch
a1c18c64-4b87-4912-9359-e92a35a3d1e8,2026-03-15T07:51:58Z,2026-03-15T08:16:57Z,Asleep Unspecified,1,马林康的Apple Watch
d490aef6-8a7f-4706-9868-3d910cf9b75d,2026-03-15T19:29:34Z,2026-03-15T19:53:32Z,Core,3,马林康的Apple Watch
49e8710c-32bb-4a1a-842c-c0750f776551,2026-03-15T19:53:32Z,2026-03-15T20:13:31Z,Deep,4,马林康的Apple Watch
209338fc-32fd-4c49-bc05-deec13cea148,2026-03-15T20:13:31Z,2026-03-15T20:18:01Z,Core,3,马林康的Apple Watch
a20f6a3b-767b-4f13-8016-5e5c602ee0b2,2026-03-15T20:18:01Z,2026-03-15T20:25:30Z,Deep,4,马林康的Apple Watch
e187b187-942d-478f-8581-1aae95e751ef,2026-03-15T20:25:30Z,2026-03-15T20:40:59Z,Core,3,马林康的Apple Watch
cd2e9fb5-2d84-4933-b00c-7d0582709e9f,2026-03-15T20:40:59Z,2026-03-15T20:45:29Z,REM,5,马林康的Apple Watch
dac49c82-8708-4099-bb55-fc81c7bb408a,2026-03-15T20:45:29Z,2026-03-15T21:05:27Z,Core,3,马林康的Apple Watch
9572980b-8838-4f52-9f46-493cc6513a50,2026-03-15T21:05:27Z,2026-03-15T21:13:27Z,Deep,4,马林康的Apple Watch
39432afc-0eec-41c1-b495-4f1097e13633,2026-03-15T21:13:27Z,2026-03-15T21:53:24Z,Core,3,马林康的Apple Watch
8131a675-b071-4b42-ba06-ba7111befd5e,2026-03-15T21:53:24Z,2026-03-15T21:56:24Z,Awake,2,马林康的Apple Watch
0ee7a890-e5ee-4e1b-8ccf-9097c6568366,2026-03-15T21:56:24Z,2026-03-15T22:03:24Z,Core,3,马林康的Apple Watch
230b510b-84ec-4ea0-a605-b6b4f6ee2bcf,2026-03-15T22:03:24Z,2026-03-15T22:23:22Z,REM,5,马林康的Apple Watch
c5e1e67b-ff68-4181-902d-10e05a9bec5c,2026-03-15T22:23:22Z,2026-03-15T22:26:52Z,Awake,2,马林康的Apple Watch
30dcd451-3f8c-4415-a87d-458cdb8cff2e,2026-03-15T22:26:52Z,2026-03-15T22:39:51Z,Core,3,马林康的Apple Watch
d4829e10-1bb9-444d-8c17-7be208c937d6,2026-03-15T22:39:51Z,2026-03-15T22:40:51Z,Awake,2,马林康的Apple Watch
577c5771-3d0c-441b-ae4d-e18126f7b16c,2026-03-15T22:40:51Z,2026-03-15T23:01:20Z,Core,3,马林康的Apple Watch
29996c19-116f-443e-8520-65ff13622674,2026-03-15T23:01:20Z,2026-03-15T23:13:49Z,Awake,2,马林康的Apple Watch
db41d76d-d798-4087-9449-062171be07a9,2026-03-15T23:13:49Z,2026-03-15T23:14:49Z,Core,3,马林康的Apple Watch
d15571c9-2494-439b-9cc8-c10c0e180e31,2026-03-15T23:14:49Z,2026-03-15T23:15:19Z,Awake,2,马林康的Apple Watch
1fd9ce2d-fb3c-4d7a-9294-7520074226d6,2026-03-15T23:15:19Z,2026-03-15T23:32:48Z,Core,3,马林康的Apple Watch
c3ce9db1-2240-4e00-a9de-327994a2dbd0,2026-03-15T23:32:48Z,2026-03-15T23:35:18Z,Awake,2,马林康的Apple Watch
a204d171-3363-4140-a090-6f8d9e057640,2026-03-15T23:35:18Z,2026-03-15T23:51:46Z,Core,3,马林康的Apple Watch
40928b2a-f35a-4955-bf79-12b63bf3f6f1,2026-03-15T23:51:46Z,2026-03-16T00:08:45Z,REM,5,马林康的Apple Watch
3e25c794-187b-41db-adb3-c051b4467826,2026-03-16T00:08:45Z,2026-03-16T00:45:43Z,Core,3,马林康的Apple Watch
4ba63902-bac6-4d66-8cd7-9494649a7147,2026-03-16T14:30:00Z,2026-03-16T21:00:00Z,In Bed,0,AutoSleep
514b75b6-5875-49f3-bb33-ff7c8e277461,2026-03-16T14:30:00Z,2026-03-16T21:00:00Z,Asleep Unspecified,1,AutoSleep
7d0a7fe6-4e39-4724-9229-793ba638fe35,2026-03-16T14:35:29Z,2026-03-16T14:49:28Z,Core,3,马林康的Apple Watch
3e19911f-75a1-4c6c-b1c1-277a7f085857,2026-03-16T14:49:28Z,2026-03-16T14:55:58Z,Deep,4,马林康的Apple Watch
c9ac3bda-31c0-4b7c-ae2a-7d5d6ce6f973,2026-03-16T14:55:58Z,2026-03-16T14:57:28Z,Awake,2,马林康的Apple Watch
814ec3c3-6dd6-4115-976b-12bf089ee2cd,2026-03-16T14:57:28Z,2026-03-16T15:06:57Z,Core,3,马林康的Apple Watch
ee705dc7-eeee-42e6-8005-c8e6ce5013db,2026-03-16T15:06:57Z,2026-03-16T15:32:26Z,Deep,4,马林康的Apple Watch
e10a5053-6edf-41b9-b6e8-7250ba0479ca,2026-03-16T15:32:26Z,2026-03-16T15:33:56Z,Awake,2,马林康的Apple Watch
d5d1ddf4-1927-4508-aa28-82ecd05c07b3,2026-03-16T15:33:56Z,2026-03-16T15:46:55Z,Core,3,马林康的Apple Watch
353454e2-ec92-4dd6-9db9-44841029a2eb,2026-03-16T15:46:55Z,2026-03-16T15:50:25Z,REM,5,马林康的Apple Watch
6865f7e6-7a42-4e6e-a906-5462302f4e94,2026-03-16T15:50:25Z,2026-03-16T15:51:25Z,Awake,2,马林康的Apple Watch
bb81c364-9545-44cf-acbf-15b27b4efa11,2026-03-16T15:51:25Z,2026-03-16T16:49:51Z,Core,3,马林康的Apple Watch
c95680f5-1c54-4963-898e-713485ee3c34,2026-03-16T16:49:51Z,2026-03-16T17:05:20Z,REM,5,马林康的Apple Watch
f12515a5-1cb0-4022-b2ab-67afbce2a278,2026-03-16T17:05:20Z,2026-03-16T17:06:50Z,Awake,2,马林康的Apple Watch
f6f03c48-fab8-4597-9868-2ab4138d331d,2026-03-16T17:06:50Z,2026-03-16T17:45:47Z,Core,3,马林康的Apple Watch
fd1e5983-f882-4e2f-b96e-a7ae446031a0,2026-03-16T17:45:47Z,2026-03-16T17:50:47Z,Deep,4,马林康的Apple Watch
03dc533b-8736-4219-b4fc-6970a28ba306,2026-03-16T17:50:47Z,2026-03-16T17:51:47Z,Awake,2,马林康的Apple Watch
95ced25c-d38d-422c-95d3-4e86ced38882,2026-03-16T17:51:47Z,2026-03-16T18:12:45Z,Core,3,马林康的Apple Watch
c5c7ec81-f6b3-404f-9636-cf5eee75466b,2026-03-16T18:12:45Z,2026-03-16T18:18:45Z,REM,5,马林康的Apple Watch
800b44d1-14cf-479c-a149-3322a37205a7,2026-03-16T18:18:45Z,2026-03-16T19:17:41Z,Core,3,马林康的Apple Watch
b91710d9-7c70-4852-9f60-384085ce2d45,2026-03-16T19:17:41Z,2026-03-16T19:21:40Z,REM,5,马林康的Apple Watch
afb38436-0dfc-455a-879b-dcbc9d87a756,2026-03-16T19:21:40Z,2026-03-16T19:24:40Z,Core,3,马林康的Apple Watch
49e446a9-5b08-478e-8783-805033c2c149,2026-03-16T19:24:40Z,2026-03-16T19:56:08Z,REM,5,马林康的Apple Watch
333e2d6c-3cab-45af-8a8b-220ed4067616,2026-03-16T19:56:08Z,2026-03-16T20:22:06Z,Core,3,马林康的Apple Watch
8336f087-a48c-4e17-9ed9-ba909a479672,2026-03-16T20:22:06Z,2026-03-16T20:24:36Z,Awake,2,马林康的Apple Watch
bf15598a-8870-4351-bd99-51f413efe35a,2026-03-16T20:24:36Z,2026-03-16T21:15:03Z,Core,3,马林康的Apple Watch
a88b6381-5370-44ba-9dd0-f139ec607c6a,2026-03-16T21:15:03Z,2026-03-16T21:21:02Z,REM,5,马林康的Apple Watch
67eb64f3-2ddb-4a1a-a79c-2e915ce81e22,2026-03-17T15:44:27Z,2026-03-17T16:00:56Z,Core,3,马林康的Apple Watch
560963f0-246d-4aba-8aca-7a0a4a0552cf,2026-03-17T16:00:56Z,2026-03-17T16:05:25Z,Awake,2,马林康的Apple Watch
a7eb2e4e-43aa-4cd9-ae68-9259508fb8c8,2026-03-17T16:05:25Z,2026-03-17T16:20:54Z,Core,3,马林康的Apple Watch
9977a7f7-74a9-4204-aa37-21c775b8cc02,2026-03-17T16:20:54Z,2026-03-17T16:21:54Z,Deep,4,马林康的Apple Watch
f4ee557f-0fc2-4a8a-b94a-795956434157,2026-03-17T16:21:54Z,2026-03-17T16:22:54Z,Core,3,马林康的Apple Watch
57b75a37-9213-4cda-b1b4-2af78abbd34a,2026-03-17T16:22:54Z,2026-03-17T16:24:54Z,Awake,2,马林康的Apple Watch
30b92d60-88be-412a-8d81-8375c4fb9cd4,2026-03-17T16:24:54Z,2026-03-17T16:34:24Z,Core,3,马林康的Apple Watch
1037d50a-59f5-4c33-a5ca-354fefe02593,2026-03-17T16:34:24Z,2026-03-17T16:42:53Z,Deep,4,马林康的Apple Watch
7b78ac76-b710-4df8-a293-4644eef7bd4d,2026-03-17T16:42:53Z,2026-03-17T16:56:22Z,Core,3,马林康的Apple Watch
c800aa04-0885-4c73-8a46-426212f29d0a,2026-03-17T16:56:22Z,2026-03-17T16:57:52Z,Awake,2,马林康的Apple Watch
9d93e1da-0c21-49e0-82b2-8625ad7b7c6b,2026-03-17T16:57:52Z,2026-03-17T17:19:51Z,Core,3,马林康的Apple Watch
a9862291-0b58-46fa-ab03-99aa570ddc1d,2026-03-17T17:19:51Z,2026-03-17T17:30:50Z,Deep,4,马林康的Apple Watch
b1eafe1c-a053-4e1b-90d3-946f3adeb41f,2026-03-17T17:30:50Z,2026-03-17T17:35:50Z,Core,3,马林康的Apple Watch
dbc5b083-65de-4f77-9999-ea3eda00b20d,2026-03-17T17:35:50Z,2026-03-17T17:36:19Z,Awake,2,马林康的Apple Watch
8fb1438a-a67e-4ecf-829b-d1a26db8e565,2026-03-17T17:36:19Z,2026-03-17T17:40:19Z,Core,3,马林康的Apple Watch
62ffe152-670b-49e2-9851-171be6cf05d2,2026-03-17T17:40:19Z,2026-03-17T17:41:49Z,Awake,2,马林康的Apple Watch
d6912942-8425-4c13-b39d-86bea7a0317c,2026-03-17T17:41:49Z,2026-03-17T18:23:16Z,Core,3,马林康的Apple Watch
7b7296f9-bf65-4ea2-8ee6-33839e1877e2,2026-03-17T18:23:16Z,2026-03-17T18:24:16Z,REM,5,马林康的Apple Watch
3ba9b32a-f402-4491-b001-c070fd58f86f,2026-03-17T18:24:16Z,2026-03-17T18:25:16Z,Awake,2,马林康的Apple Watch
4ec29e2f-fbbc-4663-8687-5267fb06856b,2026-03-17T18:25:16Z,2026-03-17T18:26:46Z,Core,3,马林康的Apple Watch
33607aba-56b9-41a6-989b-483036450285,2026-03-17T18:26:46Z,2026-03-17T18:32:16Z,Awake,2,马林康的Apple Watch
621733f1-beeb-4d94-8fa0-6ca730c6d672,2026-03-17T18:32:16Z,2026-03-17T18:36:45Z,Core,3,马林康的Apple Watch
7bd4d7d0-c608-4e15-b216-5eaa9b93c320,2026-03-17T18:36:45Z,2026-03-17T18:39:45Z,REM,5,马林康的Apple Watch
02fef769-a5c9-4d0e-8543-9d1bcf12b235,2026-03-17T18:39:45Z,2026-03-17T18:41:15Z,Core,3,马林康的Apple Watch
b09c3309-a15a-4581-b3f1-e47f8b32906a,2026-03-17T18:41:15Z,2026-03-17T18:52:14Z,REM,5,马林康的Apple Watch
e455afda-45a6-40e9-9a43-beb97b309e97,2026-03-17T18:52:14Z,2026-03-17T18:56:14Z,Awake,2,马林康的Apple Watch
d56762ef-abb6-4705-9215-952a8fe4b69d,2026-03-17T18:56:14Z,2026-03-17T19:53:10Z,Core,3,马林康的Apple Watch
6560bf7d-8115-40c2-ab3d-28ab8d0728b1,2026-03-17T19:53:10Z,2026-03-17T19:58:10Z,Deep,4,马林康的Apple Watch
946c819c-16f9-4491-9d84-0419aab9e298,2026-03-17T19:58:10Z,2026-03-17T20:02:10Z,Awake,2,马林康的Apple Watch
d9b1e4bb-18c8-4cef-88bb-7278331f8895,2026-03-17T20:02:10Z,2026-03-17T20:04:10Z,Core,3,马林康的Apple Watch
61d6b2c4-37a5-4aab-be14-9dc1611b1cc3,2026-03-17T20:04:10Z,2026-03-17T20:33:08Z,REM,5,马林康的Apple Watch
cbf1d8d9-c509-4863-86e0-5d898424f911,2026-03-17T20:33:08Z,2026-03-17T21:19:35Z,Core,3,马林康的Apple Watch
36929fdd-6314-40ef-8647-97c418c41aac,2026-03-17T21:19:35Z,2026-03-17T21:29:34Z,Deep,4,马林康的Apple Watch
f16f7673-bda0-40e6-9012-4fd72faac47d,2026-03-17T21:29:34Z,2026-03-17T21:30:04Z,Core,3,马林康的Apple Watch
bea4f06b-861f-4434-a657-8f48a1ea0fb8,2026-03-17T21:30:04Z,2026-03-17T21:31:04Z,Awake,2,马林康的Apple Watch
7ed8a10b-944f-48c5-9d7e-ce8293e062ad,2026-03-17T21:31:04Z,2026-03-17T21:36:33Z,Core,3,马林康的Apple Watch
9c732ef2-80cb-40ff-a0e5-e24476554874,2026-03-17T21:36:33Z,2026-03-17T21:37:03Z,Awake,2,马林康的Apple Watch
8af6667e-3381-4ceb-9670-b35f097afdad,2026-03-17T21:37:03Z,2026-03-17T21:43:33Z,Core,3,马林康的Apple Watch
c7971829-d392-47ff-aa6e-ca93a90794b2,2026-03-17T21:43:33Z,2026-03-17T21:45:03Z,Awake,2,马林康的Apple Watch
4dcf68c5-edfd-4bb6-93f0-c09ec99c0ddd,2026-03-17T21:45:03Z,2026-03-17T21:47:03Z,Core,3,马林康的Apple Watch
6c673f37-0a5a-4030-88a4-4fc768a6e939,2026-03-17T21:47:03Z,2026-03-17T21:55:02Z,Awake,2,马林康的Apple Watch
cd1a65d6-b48e-4c6d-a9d8-26bb8ec14a69,2026-03-17T21:55:02Z,2026-03-17T21:58:32Z,REM,5,马林康的Apple Watch
0f3a6e0a-a0cf-4dac-8996-cbbad3fb99d2,2026-03-17T21:58:32Z,2026-03-17T22:03:02Z,Awake,2,马林康的Apple Watch
30008243-d9e4-4d32-8cab-02af1d0be558,2026-03-17T22:03:02Z,2026-03-17T22:04:02Z,REM,5,马林康的Apple Watch
43c7c705-9b40-4a52-b1d0-25664e7358f4,2026-03-17T22:04:02Z,2026-03-17T22:23:00Z,Awake,2,马林康的Apple Watch
1f1878b5-346a-4433-b8f1-be50ec942416,2026-03-17T22:23:00Z,2026-03-17T22:26:30Z,Core,3,马林康的Apple Watch
5a6c58ef-98c9-44fa-a7aa-357c84f1076c,2026-03-18T14:56:36Z,2026-03-18T15:25:33Z,Core,3,马林康的Apple Watch
042e736d-f9b7-452a-ade5-4f58d16def58,2026-03-18T15:25:33Z,2026-03-18T15:34:03Z,Deep,4,马林康的Apple Watch
0f55f8ac-15c9-4569-b75e-9ac2317e9e5a,2026-03-18T15:34:03Z,2026-03-18T15:35:33Z,Awake,2,马林康的Apple Watch
0eb222a6-c023-4932-b4f0-e8002b49b14c,2026-03-18T15:35:33Z,2026-03-18T15:40:32Z,Core,3,马林康的Apple Watch
67c214ec-6b39-4fe0-ab2e-dede6cbb728b,2026-03-18T15:40:32Z,2026-03-18T15:44:02Z,Awake,2,马林康的Apple Watch
2c760575-75fe-4e7d-b076-9f0e380b49a7,2026-03-18T15:44:02Z,2026-03-18T16:09:30Z,Core,3,马林康的Apple Watch
f6e47651-3dc4-460c-b549-f0ae49087558,2026-03-18T16:09:30Z,2026-03-18T16:19:30Z,Deep,4,马林康的Apple Watch
f259cc30-f9d9-4849-916d-a4f2c50f78f2,2026-03-18T16:19:30Z,2026-03-18T16:39:28Z,Core,3,马林康的Apple Watch
f33090e4-7aa4-47ba-a663-11715def0316,2026-03-18T16:39:28Z,2026-03-18T16:44:28Z,REM,5,马林康的Apple Watch
0a519c72-7c36-4473-a7c9-477b70fc4c01,2026-03-18T16:44:28Z,2026-03-18T16:50:58Z,Core,3,马林康的Apple Watch
b3f033d0-f1ee-411c-9b5e-07fb51a898ec,2026-03-18T16:50:58Z,2026-03-18T17:09:56Z,REM,5,马林康的Apple Watch
9d724ebb-38bb-4c95-9fc9-e5abc9d45d03,2026-03-18T17:09:56Z,2026-03-18T17:10:26Z,Core,3,马林康的Apple Watch
3357fa68-d64b-4d93-b63d-4bdd16e15e45,2026-03-18T17:10:26Z,2026-03-18T17:19:56Z,Awake,2,马林康的Apple Watch
78139ab2-7d5d-42b0-ab2b-7dcd0e850ab1,2026-03-18T17:19:56Z,2026-03-18T17:51:24Z,Core,3,马林康的Apple Watch
6f437ca9-9f79-4b86-a504-8d4e183d5b82,2026-03-18T17:51:24Z,2026-03-18T18:02:53Z,Deep,4,马林康的Apple Watch
1115b231-2297-4127-b6bb-05c75186d7cc,2026-03-18T18:02:53Z,2026-03-18T18:04:53Z,Awake,2,马林康的Apple Watch
4fa9b837-5a35-4ca3-9263-c9dd2628d266,2026-03-18T18:04:53Z,2026-03-18T18:21:52Z,Core,3,马林康的Apple Watch
77f9340c-bc61-46b5-8661-478228deab73,2026-03-18T18:21:52Z,2026-03-18T18:25:51Z,REM,5,马林康的Apple Watch
d56b9d84-c0ff-4f15-8bc3-a54488fd7339,2026-03-18T18:25:51Z,2026-03-18T18:28:21Z,Core,3,马林康的Apple Watch
55f61a4d-2c7b-4b61-bf41-236d45b195d4,2026-03-18T18:28:21Z,2026-03-18T18:32:21Z,REM,5,马林康的Apple Watch
c15ebc8c-826c-407d-9592-e17eec030f30,2026-03-18T18:32:21Z,2026-03-18T18:36:51Z,Core,3,马林康的Apple Watch
9b23bec3-5f57-4cdc-b0d2-9496d182a5c8,2026-03-18T18:36:51Z,2026-03-18T18:39:20Z,Awake,2,马林康的Apple Watch
cae621dd-1477-41ae-84c8-2170c31e139e,2026-03-18T18:39:20Z,2026-03-18T19:46:46Z,Core,3,马林康的Apple Watch
bc75f273-f4e6-4705-8852-4a4b72588d80,2026-03-18T19:46:46Z,2026-03-18T19:47:46Z,Awake,2,马林康的Apple Watch
27194798-cec3-45c7-9c94-60fbf750653e,2026-03-18T19:47:46Z,2026-03-18T19:50:46Z,Core,3,马林康的Apple Watch
2438e6b9-4da8-4345-8d53-3cf9a40fa839,2026-03-18T19:50:46Z,2026-03-18T20:08:45Z,REM,5,马林康的Apple Watch
c67f5013-12ea-4aa8-8d33-d1a6578d0394,2026-03-18T20:08:45Z,2026-03-18T20:25:13Z,Core,3,马林康的Apple Watch
8115180f-21c1-4f5e-b656-1767b3bda6d6,2026-03-18T20:25:13Z,2026-03-18T20:32:13Z,REM,5,马林康的Apple Watch
5e7c4984-59e8-48db-82cd-5fc01acd1c6b,2026-03-18T20:32:13Z,2026-03-18T20:42:12Z,Awake,2,马林康的Apple Watch
209ec997-b069-4675-8299-fa141c36a2c9,2026-03-18T20:42:12Z,2026-03-18T21:32:09Z,Core,3,马林康的Apple Watch
a367ba09-ad46-407d-9021-7dd23905588f,2026-03-18T21:32:09Z,2026-03-18T21:55:08Z,REM,5,马林康的Apple Watch
54abf177-e52a-4c87-9051-888389bb4e0f,2026-03-18T21:55:08Z,2026-03-18T21:57:07Z,Core,3,马林康的Apple Watch
0544f7c2-9a1b-4013-ad05-f26d9d6a3297,2026-03-18T21:57:07Z,2026-03-18T22:16:06Z,REM,5,马林康的Apple Watch
3d617bd1-4d14-4d29-8010-e45a85475f93,2026-03-18T22:16:06Z,2026-03-18T22:33:05Z,Core,3,马林康的Apple Watch
33c96611-5fb9-4201-869b-711b37abb12e,2026-03-19T15:13:06Z,2026-03-19T15:39:34Z,Core,3,马林康的Apple Watch
57419466-d4c3-4972-8f19-a6a1cf992378,2026-03-19T15:39:34Z,2026-03-19T15:53:33Z,Deep,4,马林康的Apple Watch
14f730e9-bbd0-434f-80fa-84855258100a,2026-03-19T15:53:33Z,2026-03-19T15:54:33Z,Awake,2,马林康的Apple Watch
596fe427-e76a-43ac-906a-4fb9bd588e65,2026-03-19T15:54:33Z,2026-03-19T16:34:00Z,Core,3,马林康的Apple Watch
3c155735-3571-480a-ba83-4cbee23c2c0c,2026-03-19T16:34:00Z,2026-03-19T16:35:00Z,Awake,2,马林康的Apple Watch
a187d693-7b50-4b7d-85bb-b25f07ec779c,2026-03-19T16:35:00Z,2026-03-19T16:52:29Z,Core,3,马林康的Apple Watch
c44fe9bc-425a-4387-9bb4-45ea8a4a8ff5,2026-03-19T16:52:29Z,2026-03-19T16:56:59Z,Deep,4,马林康的Apple Watch
7c1a539d-6d25-4a07-8f5d-34bb0718f347,2026-03-19T16:56:59Z,2026-03-19T17:12:57Z,Core,3,马林康的Apple Watch
44b139e3-44d9-40f9-97c1-b6c628e1d2d7,2026-03-19T17:12:57Z,2026-03-19T17:15:27Z,Deep,4,马林康的Apple Watch
457130a2-cff1-4d6f-9004-8e4c5ac4187d,2026-03-19T17:15:27Z,2026-03-19T17:15:57Z,Core,3,马林康的Apple Watch
4a5e367e-298a-4677-b1da-6ea793d6b602,2026-03-19T17:15:57Z,2026-03-19T17:17:27Z,Awake,2,马林康的Apple Watch
372dcd3e-fbc2-4d53-b928-0e60622b953d,2026-03-19T17:17:27Z,2026-03-19T17:37:26Z,Core,3,马林康的Apple Watch
61f886f2-149c-4266-b387-f88308092375,2026-03-19T17:37:26Z,2026-03-19T18:00:24Z,REM,5,马林康的Apple Watch
fccb2e23-4c93-4b4a-97e4-d45fb1a72798,2026-03-19T18:00:24Z,2026-03-19T18:47:51Z,Core,3,马林康的Apple Watch
02bd1185-7b84-49e9-8eea-f3161bbb47b4,2026-03-19T18:47:51Z,2026-03-19T19:02:20Z,Deep,4,马林康的Apple Watch
af09aa57-ed8b-4f57-a398-224767d9e83b,2026-03-19T19:02:20Z,2026-03-19T19:34:48Z,Core,3,马林康的Apple Watch
31ea43b8-eebc-460b-86b7-117b0c4b7aa3,2026-03-19T19:34:48Z,2026-03-19T20:06:16Z,REM,5,马林康的Apple Watch
3c5f048b-4296-4c1e-aa59-4be40554eca3,2026-03-19T20:06:16Z,2026-03-19T20:07:46Z,Awake,2,马林康的Apple Watch
f22aca34-c9cf-40d8-a512-f82bb2310797,2026-03-19T20:07:46Z,2026-03-19T20:50:43Z,Core,3,马林康的Apple Watch
bb49b8d9-1e96-4cf0-9a00-013523cd731b,2026-03-19T20:50:43Z,2026-03-19T20:53:13Z,Awake,2,马林康的Apple Watch
8d449717-7361-4d72-b080-b856472bd626,2026-03-19T20:53:13Z,2026-03-19T21:32:10Z,Core,3,马林康的Apple Watch
dfa4f3de-1850-4d82-8a58-3b4dac86e804,2026-03-19T21:32:10Z,2026-03-19T21:43:39Z,REM,5,马林康的Apple Watch
0a9f2f6f-726a-4fe5-8790-6b08aaa0eacb,2026-03-19T21:43:39Z,2026-03-19T21:46:09Z,Awake,2,马林康的Apple Watch
1c99f5cc-86ee-4047-adc2-497a9744d893,2026-03-19T21:46:09Z,2026-03-19T21:53:09Z,REM,5,马林康的Apple Watch
121943df-c994-4821-a499-d5ccc48305e1,2026-03-19T21:53:09Z,2026-03-19T22:02:08Z,Awake,2,马林康的Apple Watch
e8824971-4d79-4d3b-b590-c5b76009d879,2026-03-19T22:02:08Z,2026-03-19T22:05:08Z,Core,3,马林康的Apple Watch
b1ed70fd-6196-42f0-bf7a-d2ea895df007,2026-03-19T22:05:08Z,2026-03-19T22:07:08Z,Awake,2,马林康的Apple Watch
f1ba4d23-71be-4713-8d74-bb8f35a406e8,2026-03-19T22:07:08Z,2026-03-19T22:39:36Z,Core,3,马林康的Apple Watch
5198b3bc-560a-43c8-87d2-c69242f0c797,2026-03-22T07:01:24Z,2026-03-22T07:43:21Z,Asleep Unspecified,1,马林康的Apple Watch
f1109d3b-a1d0-4ed8-a21a-ac4c005aa67f,2026-03-22T07:43:21Z,2026-03-22T07:43:51Z,Awake,2,马林康的Apple Watch
0d527b62-ee26-4a58-ad98-23acc2201e1d,2026-03-22T07:43:51Z,2026-03-22T08:12:20Z,Asleep Unspecified,1,马林康的Apple Watch
22c57969-3513-4d43-ab4c-da6d7fcd8c82,2026-03-22T08:12:20Z,2026-03-22T08:12:49Z,Awake,2,马林康的Apple Watch
3b701238-6323-41ad-80ef-9d7cc9f9f006,2026-03-22T08:12:49Z,2026-03-22T08:38:48Z,Asleep Unspecified,1,马林康的Apple Watch
805ba79c-6100-406d-948c-4d6cc6b4bb8d,2026-03-22T08:38:48Z,2026-03-22T08:39:48Z,Awake,2,马林康的Apple Watch
ee113223-5ab5-476a-9cd5-cb2ee3985efe,2026-03-22T08:39:48Z,2026-03-22T09:38:44Z,Asleep Unspecified,1,马林康的Apple Watch
68e4b92c-9e94-46d9-86d3-6111c6e972ac,2026-03-22T16:01:23Z,2026-03-22T16:03:52Z,Core,3,马林康的Apple Watch
a3b9bcfa-82e6-4f93-bcfc-2360b8c6f3d2,2026-03-22T16:03:52Z,2026-03-22T16:07:22Z,Awake,2,马林康的Apple Watch
97f5a794-c97d-4893-9abd-13cd57440de4,2026-03-22T16:07:22Z,2026-03-22T16:21:51Z,Core,3,马林康的Apple Watch
65fae2e2-9de3-4d3d-adb6-878b483e426c,2026-03-22T16:21:51Z,2026-03-22T17:02:49Z,Deep,4,马林康的Apple Watch
091cf0b6-e410-4838-8c02-55d4ed5bf136,2026-03-22T17:02:49Z,2026-03-22T17:06:18Z,Awake,2,马林康的Apple Watch
d0797347-3500-49e3-973f-645a2c3c856f,2026-03-22T17:06:18Z,2026-03-22T18:05:14Z,Core,3,马林康的Apple Watch
7fe3dea0-01fe-46c4-91ce-d6ec5dfa5eb5,2026-03-22T18:05:14Z,2026-03-22T18:23:43Z,Deep,4,马林康的Apple Watch
29b425b4-ef0a-4f20-92b5-a478dfa1e1c7,2026-03-22T18:23:43Z,2026-03-22T18:26:43Z,Core,3,马林康的Apple Watch
7fae5016-404b-4228-85cb-8a022d010e39,2026-03-22T18:26:43Z,2026-03-22T18:28:13Z,Deep,4,马林康的Apple Watch
0a99e400-a635-445c-9241-5b1ece6e1185,2026-03-22T18:28:13Z,2026-03-22T18:28:43Z,Core,3,马林康的Apple Watch
27e788c8-f61f-44b0-b72d-921bce993e7f,2026-03-22T18:28:43Z,2026-03-22T18:31:42Z,Awake,2,马林康的Apple Watch
e96054d6-8700-4d4e-a14d-39770061359d,2026-03-22T18:31:42Z,2026-03-22T18:37:12Z,Core,3,马林康的Apple Watch
15b20c00-6fdc-4331-93bd-bfa0f1eca2fc,2026-03-22T18:37:12Z,2026-03-22T18:37:42Z,Awake,2,马林康的Apple Watch
69e012bc-b5b3-4dfc-86f9-0948f50f0209,2026-03-22T18:37:42Z,2026-03-22T18:44:12Z,Core,3,马林康的Apple Watch
04a8b10f-fb7e-4242-b8ab-b202109997c0,2026-03-22T18:44:12Z,2026-03-22T18:45:42Z,REM,5,马林康的Apple Watch
03d49d68-a2f1-40af-956f-8708e2105892,2026-03-22T18:45:42Z,2026-03-22T18:46:41Z,Core,3,马林康的Apple Watch
12dcd42f-8bbe-461b-9ae4-455a5087a651,2026-03-22T18:46:41Z,2026-03-22T18:47:41Z,Awake,2,马林康的Apple Watch
80c616fe-a339-4ddd-b2fe-dbfed62bb08a,2026-03-22T18:47:41Z,2026-03-22T18:48:41Z,Core,3,马林康的Apple Watch
38120808-0cb9-4245-8889-89061c5e9f50,2026-03-22T18:48:41Z,2026-03-22T19:03:10Z,REM,5,马林康的Apple Watch
1ec78d8a-8678-46ff-92dc-e6a2d94c02d4,2026-03-22T19:03:10Z,2026-03-22T19:44:37Z,Core,3,马林康的Apple Watch
0db6b899-5889-44ac-b5ce-367d75a293de,2026-03-22T19:44:37Z,2026-03-22T19:47:07Z,Awake,2,马林康的Apple Watch
0468179d-0603-4ddf-a8d3-81054bb6a8f7,2026-03-22T19:47:07Z,2026-03-22T19:53:37Z,Core,3,马林康的Apple Watch
76bad428-5440-46b2-9523-63fd2e2a917a,2026-03-22T19:53:37Z,2026-03-22T19:54:37Z,Awake,2,马林康的Apple Watch
27168b7d-3cb4-4da1-8a30-83e1af1cc855,2026-03-22T19:54:37Z,2026-03-22T20:22:05Z,Core,3,马林康的Apple Watch
82b19d1c-ae5c-4d08-8b32-57b6409a7f8d,2026-03-22T20:22:05Z,2026-03-22T20:23:35Z,REM,5,马林康的Apple Watch
48201df6-f3a9-4f05-93a8-860a33633e3c,2026-03-22T20:23:35Z,2026-03-22T20:30:04Z,Core,3,马林康的Apple Watch
0829f487-7bd3-4fbb-8ebd-690d84552061,2026-03-22T20:30:04Z,2026-03-22T20:43:34Z,REM,5,马林康的Apple Watch
b5eded63-d37a-4594-b3e3-cd4581fe661c,2026-03-22T20:43:34Z,2026-03-22T20:46:03Z,Awake,2,马林康的Apple Watch
961d23b7-b8e4-4aa5-ae0c-7919b4ac523d,2026-03-22T20:46:03Z,2026-03-22T21:14:31Z,Core,3,马林康的Apple Watch
f324d8d9-d0f3-4c74-9a0d-826adfe2c819,2026-03-22T21:14:31Z,2026-03-22T21:15:31Z,Awake,2,马林康的Apple Watch
04a25dbc-e257-4a66-bbaf-d69955c2e588,2026-03-22T21:15:31Z,2026-03-22T21:23:01Z,Core,3,马林康的Apple Watch
e23993d9-24c3-4a19-bc51-360b0e0638d7,2026-03-22T21:23:01Z,2026-03-22T21:44:59Z,REM,5,马林康的Apple Watch
9354a369-0ecd-4cb7-8ef0-d42e29c6f762,2026-03-22T21:44:59Z,2026-03-22T21:45:59Z,Awake,2,马林康的Apple Watch
61c73383-598f-4527-b71b-8ba9267c6309,2026-03-22T21:45:59Z,2026-03-22T22:29:26Z,Core,3,马林康的Apple Watch
31298e84-ed4d-4c82-94be-e522300c41f7,2026-03-22T22:29:26Z,2026-03-22T23:22:53Z,REM,5,马林康的Apple Watch
479406b1-8dea-4e56-be93-7c46b3b6abf8,2026-03-23T16:19:47Z,2026-03-23T16:37:16Z,Core,3,马林康的Apple Watch
8052181e-0312-44fb-8bbb-0f6c501d2252,2026-03-23T16:37:16Z,2026-03-23T16:55:15Z,Deep,4,马林康的Apple Watch
27571054-601f-449d-b466-ee6f4b85f96c,2026-03-23T16:55:15Z,2026-03-23T16:58:15Z,Awake,2,马林康的Apple Watch
740d91a4-a728-4d8c-b94a-7326ec9eaad9,2026-03-23T16:58:15Z,2026-03-23T17:00:15Z,Core,3,马林康的Apple Watch
9a2addfe-0fd9-4c1c-8fc8-826adeff7d60,2026-03-23T17:00:15Z,2026-03-23T17:01:15Z,Awake,2,马林康的Apple Watch
74ec0652-a10b-49e4-8450-3448818c90c4,2026-03-23T17:01:15Z,2026-03-23T17:03:15Z,Core,3,马林康的Apple Watch
3e7241e2-39dc-4605-b5f4-0a14cac86da4,2026-03-23T17:03:15Z,2026-03-23T17:04:15Z,Awake,2,马林康的Apple Watch
c81c0232-f028-46e9-9445-e02bffe2983a,2026-03-23T17:04:15Z,2026-03-23T17:28:43Z,Core,3,马林康的Apple Watch
6d54764b-0efb-4df0-9c5c-d5b7056dc22c,2026-03-23T17:28:43Z,2026-03-23T17:29:13Z,Awake,2,马林康的Apple Watch
6eaf93b7-bd37-469c-b8b0-2e7713ac7189,2026-03-23T17:29:13Z,2026-03-23T17:53:11Z,Core,3,马林康的Apple Watch
cc980116-26fd-4e75-8eb8-04305f17ded7,2026-03-23T17:53:11Z,2026-03-23T17:56:11Z,REM,5,马林康的Apple Watch
bf67b385-022b-4745-b136-2c1cc06833a7,2026-03-23T17:56:11Z,2026-03-23T18:17:10Z,Core,3,马林康的Apple Watch
c94f3ace-a880-4643-a2ff-abb2c6b232bf,2026-03-23T18:17:10Z,2026-03-23T18:33:09Z,Deep,4,马林康的Apple Watch
a68e4ad2-ccdf-41af-91a0-72e19fc277f0,2026-03-23T18:33:09Z,2026-03-23T18:35:08Z,Awake,2,马林康的Apple Watch
2e29a144-7e54-43d4-9962-07b32ec2e4fc,2026-03-23T18:35:08Z,2026-03-23T18:49:07Z,Core,3,马林康的Apple Watch
55260ec2-fb62-485d-9964-6bc5d079839a,2026-03-23T18:49:07Z,2026-03-23T18:51:07Z,Awake,2,马林康的Apple Watch
f7640d5f-f42d-4802-ae46-64015074b736,2026-03-23T18:51:07Z,2026-03-23T19:03:36Z,Core,3,马林康的Apple Watch
e730121c-0a2e-44d0-9af3-dc7a1d4a9c4c,2026-03-23T19:03:36Z,2026-03-23T19:06:06Z,Awake,2,马林康的Apple Watch
296a319f-942d-4840-9fbc-2b17f934f082,2026-03-23T19:06:06Z,2026-03-23T19:18:05Z,Core,3,马林康的Apple Watch
0a9d1ceb-dad6-4900-8873-027aa8207753,2026-03-23T19:18:05Z,2026-03-23T19:46:04Z,REM,5,马林康的Apple Watch
1886af53-65f0-40b1-ba32-179994620085,2026-03-23T19:46:04Z,2026-03-23T20:10:02Z,Core,3,马林康的Apple Watch
0514fadd-eb81-42c3-bf35-d0bf8f7853d0,2026-03-23T20:10:02Z,2026-03-23T20:11:02Z,Awake,2,马林康的Apple Watch
0bae9e7d-87af-43b6-84ad-0a5ab39ec685,2026-03-23T20:11:02Z,2026-03-23T20:41:00Z,Core,3,马林康的Apple Watch
b8d83855-3527-4cec-a2f8-f0309e96a062,2026-03-23T20:41:00Z,2026-03-23T20:54:29Z,Deep,4,马林康的Apple Watch
c5f2481b-aa62-4b2e-9dce-9fcbdc5112d0,2026-03-23T20:54:29Z,2026-03-23T20:56:59Z,Core,3,马林康的Apple Watch
7a77455c-80ac-4dd1-acdb-d41acd214706,2026-03-23T20:56:59Z,2026-03-23T21:08:28Z,REM,5,马林康的Apple Watch
3a960b81-c30a-4cc6-a541-43936766f38e,2026-03-23T21:08:28Z,2026-03-23T21:10:28Z,Awake,2,马林康的Apple Watch
b2f1c7a4-a8c2-40c8-85a3-72c72cc8f093,2026-03-23T21:10:28Z,2026-03-23T21:56:55Z,Core,3,马林康的Apple Watch
baf5af2c-7d5f-4841-a7f3-8d9286bc518b,2026-03-23T21:56:55Z,2026-03-23T22:23:53Z,REM,5,马林康的Apple Watch
ba56ba2e-9020-4e71-ab32-0d56a589ce5f,2026-03-23T22:23:53Z,2026-03-23T22:24:53Z,Awake,2,马林康的Apple Watch
ffedb071-af06-489a-9544-451fd89f7030,2026-03-23T22:24:53Z,2026-03-23T22:29:23Z,Core,3,马林康的Apple Watch
576fc8d4-ea03-4917-9021-0b25297a3596,2026-03-24T18:09:00Z,2026-03-24T22:58:00Z,In Bed,0,AutoSleep
8bd2d585-dac3-4ae6-847d-35c8a954b788,2026-03-24T18:09:00Z,2026-03-24T22:58:00Z,Asleep Unspecified,1,AutoSleep
83a61497-114f-468e-96a3-a8b58fafd311,2026-03-24T18:15:40Z,2026-03-24T18:30:09Z,Core,3,马林康的Apple Watch
82b259be-29b7-48ab-8d34-e0f3431f65da,2026-03-24T18:30:09Z,2026-03-24T18:39:39Z,Deep,4,马林康的Apple Watch
dccf6b84-6fcb-469d-a8bd-6eaae7fa439c,2026-03-24T18:39:39Z,2026-03-24T18:47:08Z,Core,3,马林康的Apple Watch
fcc088ee-9ccc-4436-9360-af7ca44a0db4,2026-03-24T18:47:08Z,2026-03-24T19:04:37Z,Deep,4,马林康的Apple Watch
dce26418-fe55-4309-8e02-25a9fe687250,2026-03-24T19:04:37Z,2026-03-24T19:12:36Z,Core,3,马林康的Apple Watch
200a1e64-d433-4e1f-af57-4cf5d27b8a8d,2026-03-24T19:12:36Z,2026-03-24T19:31:35Z,REM,5,马林康的Apple Watch
6e8ac4e3-3b46-48e3-a018-f019e30894ff,2026-03-24T19:31:35Z,2026-03-24T19:43:34Z,Core,3,马林康的Apple Watch
ec2be341-e54b-4658-93c4-f9fa59fd9000,2026-03-24T19:43:34Z,2026-03-24T20:00:33Z,Deep,4,马林康的Apple Watch
37750c72-37ff-4cdb-ba64-e08768ed33dd,2026-03-24T20:00:33Z,2026-03-24T20:31:31Z,Core,3,马林康的Apple Watch
9f9091ae-4bbd-492e-99f0-d966f4fe9065,2026-03-24T20:31:31Z,2026-03-24T20:35:01Z,Deep,4,马林康的Apple Watch
a49039de-72eb-4a25-919a-19d861299c87,2026-03-24T20:35:01Z,2026-03-24T20:42:31Z,Core,3,马林康的Apple Watch
c7300bcb-325a-482e-bb9a-6f0a04500ef9,2026-03-24T20:42:31Z,2026-03-24T20:58:30Z,REM,5,马林康的Apple Watch
853da8ad-b479-4c02-831d-9d38da291210,2026-03-24T20:58:30Z,2026-03-24T21:46:27Z,Core,3,马林康的Apple Watch
185c24c8-12d6-48aa-82c7-ee0ce43a82c1,2026-03-24T21:46:27Z,2026-03-24T21:59:26Z,REM,5,马林康的Apple Watch
a63a6dc8-ff2a-4b3c-9a46-b41c29181182,2026-03-24T21:59:26Z,2026-03-24T22:00:26Z,Awake,2,马林康的Apple Watch
d3229a33-a164-4130-991d-a46f1456310f,2026-03-24T22:00:26Z,2026-03-24T22:21:24Z,REM,5,马林康的Apple Watch
77e7e364-63a2-4d75-a1c8-be0ac80530cd,2026-03-24T22:21:24Z,2026-03-24T22:22:24Z,Core,3,马林康的Apple Watch
7639728f-b8fd-4388-ba83-a87ad03e4ed4,2026-03-24T22:22:24Z,2026-03-24T22:24:54Z,Awake,2,马林康的Apple Watch
06cb7f15-88c9-4bac-965f-379aa4494a62,2026-03-24T22:24:54Z,2026-03-24T22:34:23Z,Core,3,马林康的Apple Watch
59e41260-6476-4ffe-8eb4-fa252208fbfa,2026-03-25T05:23:00Z,2026-03-25T05:53:00Z,Asleep Unspecified,1,AutoSleep
cdb0412f-6907-46d8-9234-95844768265b,2026-03-25T05:23:00Z,2026-03-25T05:53:00Z,In Bed,0,AutoSleep
ad9d0349-a603-4267-8660-9ca74cf16b43,2026-03-25T15:07:00Z,2026-03-25T18:29:00Z,Asleep Unspecified,1,AutoSleep
c6a7055c-0e99-4d5a-b9e5-a126f859dccf,2026-03-25T15:07:00Z,2026-03-25T22:50:00Z,In Bed,0,AutoSleep
76d5d4b8-dab0-4147-82d2-752e9aeec03b,2026-03-25T15:10:18Z,2026-03-25T15:28:47Z,Core,3,马林康的Apple Watch
8ec2c74a-dbd8-4c11-9565-a164c7daed76,2026-03-25T15:28:47Z,2026-03-25T15:33:46Z,Deep,4,马林康的Apple Watch
e0c9b196-fd0e-404d-bbc6-f3a60d4d0a54,2026-03-25T15:33:46Z,2026-03-25T15:34:46Z,Awake,2,马林康的Apple Watch
8124f8b1-de88-4ef0-bb05-4fe0ca1675d7,2026-03-25T15:34:46Z,2026-03-25T15:52:45Z,Core,3,马林康的Apple Watch
8946ab76-4a71-43a5-b991-88be208f6724,2026-03-25T15:52:45Z,2026-03-25T16:00:15Z,Deep,4,马林康的Apple Watch
6dfbce4c-3d08-4276-9b4c-86a07a44bec0,2026-03-25T16:00:15Z,2026-03-25T16:07:14Z,Core,3,马林康的Apple Watch
f6eb5fee-8412-4ed2-8e3f-ae8f5647e473,2026-03-25T16:07:14Z,2026-03-25T16:34:42Z,Deep,4,马林康的Apple Watch
fc2e637d-26c0-48a9-aa3a-35624b98f6e8,2026-03-25T16:34:42Z,2026-03-25T16:35:42Z,Core,3,马林康的Apple Watch
43b42720-0569-4408-b493-ac5c8314f3aa,2026-03-25T16:35:42Z,2026-03-25T16:42:42Z,REM,5,马林康的Apple Watch
6bd9b925-8d6e-486a-ac0d-9b3eee0ee25e,2026-03-25T16:42:42Z,2026-03-25T16:47:12Z,Awake,2,马林康的Apple Watch
54d8dba4-f95d-47c3-a268-c4630ed90835,2026-03-25T16:47:12Z,2026-03-25T16:53:41Z,Core,3,马林康的Apple Watch
dc8d3d3f-f260-4f6d-8ca4-1a77c12ab46e,2026-03-25T16:53:41Z,2026-03-25T16:54:41Z,REM,5,马林康的Apple Watch
9d8f99ba-3713-4bf8-984a-702427bd512a,2026-03-25T16:54:41Z,2026-03-25T16:58:41Z,Core,3,马林康的Apple Watch
ca58de4d-c004-4802-a483-0a7d69478169,2026-03-25T16:58:41Z,2026-03-25T17:01:41Z,Awake,2,马林康的Apple Watch
095d96b1-01fb-40a4-9406-f933dd2d8743,2026-03-25T17:01:41Z,2026-03-25T17:35:09Z,Core,3,马林康的Apple Watch
ddde6206-6459-4a88-a9bb-e9f4e20ab60e,2026-03-25T17:35:09Z,2026-03-25T17:35:39Z,Deep,4,马林康的Apple Watch
4e2114d3-b390-4658-b446-b3d236f86c14,2026-03-25T17:35:39Z,2026-03-25T17:58:37Z,Core,3,马林康的Apple Watch
cf5590cf-3054-45b6-a46d-adb28dda7dd6,2026-03-25T17:58:37Z,2026-03-25T17:59:37Z,Deep,4,马林康的Apple Watch
d741c8b7-a729-43ed-816b-706b111d2554,2026-03-25T17:59:37Z,2026-03-25T18:05:37Z,Core,3,马林康的Apple Watch
28ecf567-a46f-40e5-8c34-ea6828eb9820,2026-03-25T18:05:37Z,2026-03-25T18:28:35Z,REM,5,马林康的Apple Watch
0bbd94f3-a657-4db2-aa3e-be9b1898da5b,2026-03-25T18:28:35Z,2026-03-25T18:35:05Z,Awake,2,马林康的Apple Watch
d38a1575-1e24-481e-bf1a-155e5a60c07e,2026-03-25T18:30:00Z,2026-03-25T22:50:00Z,Asleep Unspecified,1,AutoSleep
add4f917-0641-4043-aca1-38aa1789f67f,2026-03-25T18:35:05Z,2026-03-25T19:51:00Z,Core,3,马林康的Apple Watch
e71bca54-3d25-47e3-a861-5797c9948ee9,2026-03-25T19:51:00Z,2026-03-25T19:52:00Z,Awake,2,马林康的Apple Watch
44085623-5daa-4d0e-a899-91a44b47a819,2026-03-25T19:52:00Z,2026-03-25T19:55:29Z,Core,3,马林康的Apple Watch
e5bf3ad3-8c4e-4a25-97df-93af667a2593,2026-03-25T19:55:29Z,2026-03-25T20:27:57Z,REM,5,马林康的Apple Watch
41e20302-8a0d-4332-b841-9803c73bd3ee,2026-03-25T20:27:57Z,2026-03-25T20:28:57Z,Awake,2,马林康的Apple Watch
40f3dd4c-f96c-4fba-bdc3-eac7627814fa,2026-03-25T20:28:57Z,2026-03-25T21:24:53Z,Core,3,马林康的Apple Watch
09430ea9-42d0-42ed-b0d6-1e4175ccea22,2026-03-25T21:24:53Z,2026-03-25T22:09:21Z,REM,5,马林康的Apple Watch
b7fae782-f16f-41df-8df3-8cfb555a2516,2026-03-25T22:09:21Z,2026-03-25T22:30:19Z,Core,3,马林康的Apple Watch
52198212-35f6-40c8-af0d-0d421c15d1b8,2026-03-26T14:55:00Z,2026-03-26T22:35:00Z,In Bed,0,AutoSleep
e4390a05-3a79-4c4b-a5f8-c1429c361a31,2026-03-26T14:55:00Z,2026-03-26T22:35:00Z,Asleep Unspecified,1,AutoSleep
e9267c40-e10e-4cdc-be23-0dc165133928,2026-03-26T15:01:15Z,2026-03-26T15:23:13Z,Core,3,马林康的Apple Watch
36144edb-2b9c-4bb1-b088-d12f187adedb,2026-03-26T15:23:13Z,2026-03-26T15:39:42Z,Deep,4,马林康的Apple Watch
decd2f05-77db-4719-ae96-1af26ff4b55d,2026-03-26T15:39:42Z,2026-03-26T15:50:11Z,Core,3,马林康的Apple Watch
a5e49d77-ae9b-48dc-91b3-b6e4f72c8562,2026-03-26T15:50:11Z,2026-03-26T15:58:41Z,Deep,4,马林康的Apple Watch
66579371-1546-4aaf-ae82-351e72b7513d,2026-03-26T15:58:41Z,2026-03-26T16:11:40Z,Core,3,马林康的Apple Watch
24193107-fcb5-41b4-bd6a-40c43341c021,2026-03-26T16:11:40Z,2026-03-26T16:23:09Z,REM,5,马林康的Apple Watch
23a64005-48fa-476a-ae16-0bee3c7c6d5c,2026-03-26T16:23:09Z,2026-03-26T16:57:37Z,Core,3,马林康的Apple Watch
7f6de59e-ded2-4890-bde5-e849464ca3ac,2026-03-26T16:57:37Z,2026-03-26T16:59:07Z,Awake,2,马林康的Apple Watch
aeecb1e5-b3b5-4528-a2e9-ac8f1573a4b3,2026-03-26T16:59:07Z,2026-03-26T17:30:35Z,Core,3,马林康的Apple Watch
46613fe6-43c3-478c-9b1b-1e818f65a332,2026-03-26T17:30:35Z,2026-03-26T17:44:34Z,Deep,4,马林康的Apple Watch
a07620be-3c37-4318-af9f-0a9ad11b57b3,2026-03-26T17:44:34Z,2026-03-26T18:11:32Z,Core,3,马林康的Apple Watch
42fa5838-0a22-4b5b-b2b8-030af214f1b4,2026-03-26T18:11:32Z,2026-03-26T18:17:02Z,REM,5,马林康的Apple Watch
f4615dd4-ec12-4cd9-a92f-6236d38cd7a5,2026-03-26T18:17:02Z,2026-03-26T18:18:02Z,Awake,2,马林康的Apple Watch
fbda2608-5421-41c1-952c-19dd79d1d70c,2026-03-26T18:18:02Z,2026-03-26T18:20:01Z,Core,3,马林康的Apple Watch
541ca461-2dce-447f-ade0-c55a6bb01351,2026-03-26T18:20:01Z,2026-03-26T18:24:31Z,Awake,2,马林康的Apple Watch
6b092b02-4291-4793-a20b-36e2df2a583c,2026-03-26T18:24:31Z,2026-03-26T18:29:31Z,Core,3,马林康的Apple Watch
d7cc98fd-7616-41da-9b73-01f6546e4029,2026-03-26T18:29:31Z,2026-03-26T18:32:31Z,Awake,2,马林康的Apple Watch
0a2f8088-9522-464b-abaf-a82d1eeac2cb,2026-03-26T18:32:31Z,2026-03-26T19:27:57Z,Core,3,马林康的Apple Watch
7bfc4f2f-8da9-489a-8987-2f157142f56b,2026-03-26T19:27:57Z,2026-03-26T19:28:27Z,Awake,2,马林康的Apple Watch
2060f404-52b1-4686-8b99-77d2c4e2b4d6,2026-03-26T19:28:27Z,2026-03-26T19:31:27Z,Core,3,马林康的Apple Watch
cbd90531-e987-4a5e-b1ae-833fae227d73,2026-03-26T19:31:27Z,2026-03-26T20:14:54Z,REM,5,马林康的Apple Watch
14808ac2-b28d-4388-8871-30e165e8ae0d,2026-03-26T20:14:54Z,2026-03-26T21:20:19Z,Core,3,马林康的Apple Watch
4580fd84-a1ce-4ae8-8d96-4ce201f31fbe,2026-03-26T21:20:19Z,2026-03-26T21:35:48Z,REM,5,马林康的Apple Watch
e480e09d-fa0a-4129-a0a2-7737601620d1,2026-03-26T21:35:48Z,2026-03-26T22:16:45Z,Core,3,马林康的Apple Watch
efcd1d9a-7402-4085-8e8b-f70eb5754311,2026-03-26T22:16:45Z,2026-03-26T22:18:45Z,Awake,2,马林康的Apple Watch
e48466cf-6f1c-4504-a8c0-5ebae470152c,2026-03-26T22:18:45Z,2026-03-26T22:22:15Z,Core,3,马林康的Apple Watch
36a550aa-8fe4-461d-9a16-a0d556530c8b,2026-03-26T22:22:15Z,2026-03-26T22:24:15Z,Awake,2,马林康的Apple Watch
bf6dc97d-6b35-4127-8b95-401243ad06e9,2026-03-26T22:24:15Z,2026-03-26T22:27:15Z,Core,3,马林康的Apple Watch
06519e1e-b0d4-4915-96fe-916e4330a54a,2026-03-26T22:27:15Z,2026-03-26T22:30:15Z,REM,5,马林康的Apple Watch
28f12366-d771-46ba-8a6d-ddefb023160e,2026-03-27T15:38:00Z,2026-03-27T16:46:00Z,Asleep Unspecified,1,AutoSleep
5e8848a2-2a65-4ba6-872b-7be6bb278994,2026-03-27T15:38:00Z,2026-03-27T23:32:00Z,In Bed,0,AutoSleep
66abe6fd-824d-4fbe-aedf-f33d857bd689,2026-03-27T15:46:15Z,2026-03-27T15:52:14Z,Core,3,马林康的Apple Watch
5856f4dd-c7f2-409b-8435-aec31c5ecbf5,2026-03-27T15:52:14Z,2026-03-27T15:57:14Z,Awake,2,马林康的Apple Watch
561bb006-a33d-4639-9185-099b838cfc05,2026-03-27T15:57:14Z,2026-03-27T16:24:12Z,Core,3,马林康的Apple Watch
93a5dd99-0be7-49f7-9b31-14a92847317c,2026-03-27T16:24:12Z,2026-03-27T16:45:41Z,Deep,4,马林康的Apple Watch
7204ca2c-fc25-4b31-bc1c-81d87dc17475,2026-03-27T16:45:41Z,2026-03-27T16:46:41Z,Awake,2,马林康的Apple Watch
0cf5af64-7be8-43e6-9545-b2b35d2ecf6d,2026-03-27T16:46:41Z,2026-03-27T17:08:09Z,Core,3,马林康的Apple Watch
1dcbb69b-06b6-426f-8f40-28b2ab5fb0a9,2026-03-27T17:00:00Z,2026-03-27T23:32:00Z,Asleep Unspecified,1,AutoSleep
f8e69f8c-0f5c-4dc7-a26d-cafc44292de7,2026-03-27T17:08:09Z,2026-03-27T17:09:09Z,Awake,2,马林康的Apple Watch
e86e530c-c130-4c82-a1a6-cfa05183a0c0,2026-03-27T17:09:09Z,2026-03-27T17:23:08Z,Core,3,马林康的Apple Watch
5bd4c883-4458-4438-9f31-4f28433f4ec9,2026-03-27T17:23:08Z,2026-03-27T17:28:08Z,REM,5,马林康的Apple Watch
96905a32-496d-4793-9827-ba708590cdb4,2026-03-27T17:28:08Z,2026-03-27T17:32:08Z,Awake,2,马林康的Apple Watch
d95e06a9-245a-4add-bdd7-0eb3a181a5bf,2026-03-27T17:32:08Z,2026-03-27T17:54:36Z,Core,3,马林康的Apple Watch
851ab6e6-1814-4c2f-9cb4-a5d97c23677f,2026-03-27T17:54:36Z,2026-03-27T17:56:06Z,Deep,4,马林康的Apple Watch
edf02571-6621-4dd6-8e99-2db51df489a7,2026-03-27T17:56:06Z,2026-03-27T18:16:35Z,Core,3,马林康的Apple Watch
2cc1b125-019d-451f-90e0-ee9f104141e4,2026-03-27T18:16:35Z,2026-03-27T18:20:34Z,Deep,4,马林康的Apple Watch
3d8b2be4-c96f-41d3-9271-16ab6c0b0e00,2026-03-27T18:20:34Z,2026-03-27T18:43:03Z,Core,3,马林康的Apple Watch
0ef8f083-acbb-4eef-9136-b9b43df46248,2026-03-27T18:43:03Z,2026-03-27T18:45:03Z,Awake,2,马林康的Apple Watch
d8e8b68a-d686-4f17-9988-ac49e9240d95,2026-03-27T18:45:03Z,2026-03-27T19:22:30Z,Core,3,马林康的Apple Watch
7735ef79-b465-4175-956f-6af185221746,2026-03-27T19:22:30Z,2026-03-27T19:31:29Z,REM,5,马林康的Apple Watch
2999e745-4f24-4000-9150-be87701803e5,2026-03-27T19:31:29Z,2026-03-27T19:50:28Z,Core,3,马林康的Apple Watch
198b5c68-8d2e-45ee-8c7c-796091c922e1,2026-03-27T19:50:28Z,2026-03-27T19:51:28Z,Awake,2,马林康的Apple Watch
4de31a64-fa06-493f-a211-3bf8fe409bd9,2026-03-27T19:51:28Z,2026-03-27T20:49:54Z,Core,3,马林康的Apple Watch
af779cff-b167-46d9-a692-3a78ea4d4388,2026-03-27T20:49:54Z,2026-03-27T20:55:54Z,REM,5,马林康的Apple Watch
199cb62c-20d8-4914-ad4e-56294e42aef9,2026-03-27T20:55:54Z,2026-03-27T20:58:54Z,Awake,2,马林康的Apple Watch
a5067201-c50d-4c96-a39e-7c270fd7a3bb,2026-03-27T20:58:54Z,2026-03-27T21:21:22Z,REM,5,马林康的Apple Watch
bc6e9afb-db82-4071-81ea-2ebdb0c8b200,2026-03-27T21:21:22Z,2026-03-27T21:28:22Z,Awake,2,马林康的Apple Watch
411f3d51-becf-49ce-ab0f-02562cf7a307,2026-03-27T21:28:22Z,2026-03-27T21:30:22Z,Core,3,马林康的Apple Watch
f8de677e-b855-4042-a66b-e5d2d2eea65f,2026-03-27T21:30:22Z,2026-03-27T21:34:21Z,REM,5,马林康的Apple Watch
944ef9d3-3676-4686-945c-bf117ebbb854,2026-03-27T21:34:21Z,2026-03-27T22:43:17Z,Core,3,马林康的Apple Watch
db7e9ac1-b9d3-474b-bc6e-698d07848730,2026-03-27T22:43:17Z,2026-03-27T22:56:16Z,REM,5,马林康的Apple Watch
48664fbd-e0d9-4d62-a30b-a6874dc051b1,2026-03-28T17:54:13Z,2026-03-28T18:13:12Z,Core,3,马林康的Apple Watch
13fae0da-e28f-4e00-ab18-d17ba373beaa,2026-03-28T17:57:00Z,2026-03-28T20:01:00Z,Asleep Unspecified,1,AutoSleep
854b8255-d789-4f4d-a4c2-30fc8001162e,2026-03-28T17:57:00Z,2026-03-29T00:06:00Z,In Bed,0,AutoSleep
829b7e17-5e0d-48f8-bc3d-b9ee2a165ecc,2026-03-28T18:13:12Z,2026-03-28T18:41:40Z,Deep,4,马林康的Apple Watch
c14d7df1-50b0-43eb-a07c-9a890f601f1f,2026-03-28T18:41:40Z,2026-03-28T18:44:10Z,Awake,2,马林康的Apple Watch
e1738b0b-df58-4fa3-83e5-bba8e0a25b96,2026-03-28T18:44:10Z,2026-03-28T19:27:37Z,Core,3,马林康的Apple Watch
fa5b5ebe-9951-44ae-9747-6c280ddbdec7,2026-03-28T19:27:37Z,2026-03-28T19:49:36Z,REM,5,马林康的Apple Watch
b2f8f261-2e7e-47d9-ae5e-eb7da511912d,2026-03-28T19:49:36Z,2026-03-28T19:51:36Z,Awake,2,马林康的Apple Watch
3f429878-4e31-4905-b2a6-e6e924cc55b4,2026-03-28T19:51:36Z,2026-03-28T20:01:35Z,Core,3,马林康的Apple Watch
c2ae0544-510d-4967-a069-98aa99b9a77e,2026-03-28T20:01:35Z,2026-03-28T20:26:03Z,Awake,2,马林康的Apple Watch
bba54b83-79d4-49a0-96f6-909cde4ef32b,2026-03-28T20:15:00Z,2026-03-29T00:06:00Z,Asleep Unspecified,1,AutoSleep
d3ed89c1-392a-4107-9ef8-332a53d18cac,2026-03-28T20:26:03Z,2026-03-28T21:38:29Z,Core,3,马林康的Apple Watch
1c0d7643-4305-49d7-8f93-319cd4d3324b,2026-03-28T21:38:29Z,2026-03-28T22:12:26Z,REM,5,马林康的Apple Watch
f5bb5f33-932d-4f5d-9173-12c3e1864e8c,2026-03-28T22:12:26Z,2026-03-28T22:41:24Z,Core,3,马林康的Apple Watch
4d7b80a3-7204-48af-8f92-95adc4f22e41,2026-03-28T22:41:24Z,2026-03-28T22:42:54Z,Awake,2,马林康的Apple Watch
7f0db84d-5df7-4250-93b7-36c092dc9374,2026-03-28T22:42:54Z,2026-03-28T22:54:54Z,Core,3,马林康的Apple Watch
ce263efb-354c-4037-a251-6ba2dcf22e22,2026-03-28T22:54:54Z,2026-03-28T22:57:23Z,REM,5,马林康的Apple Watch
0384333c-f514-430c-84b1-422cccf7d3fa,2026-03-28T22:57:23Z,2026-03-28T22:58:23Z,Awake,2,马林康的Apple Watch
8b06f026-fc23-435a-ac79-f679872383e0,2026-03-28T22:58:23Z,2026-03-28T23:19:52Z,Core,3,马林康的Apple Watch
1d3bf336-598d-4497-802a-f8bc77a3a41b,2026-03-28T23:19:52Z,2026-03-28T23:21:22Z,Awake,2,马林康的Apple Watch
dba3bb9f-5c70-491d-bcdc-c65a17441281,2026-03-28T23:21:22Z,2026-03-28T23:45:20Z,Core,3,马林康的Apple Watch
6f09d2c6-0aee-4cd9-ae05-a9f0fe33233a,2026-03-29T18:16:00Z,2026-03-29T20:53:00Z,Asleep Unspecified,1,AutoSleep
c3f40ed4-46b9-42c5-bf3f-12011c133568,2026-03-29T18:16:00Z,2026-03-29T23:36:00Z,In Bed,0,AutoSleep
dd3c9502-7c32-4b46-8b5f-0a14647ab46e,2026-03-29T18:23:13Z,2026-03-29T18:37:12Z,Core,3,马林康的Apple Watch
ed23d781-f1a2-451c-ba05-19fff8fcb4c9,2026-03-29T18:37:12Z,2026-03-29T19:11:39Z,Deep,4,马林康的Apple Watch
bbb206f8-e3d3-4917-96b7-1475091816d3,2026-03-29T19:11:39Z,2026-03-29T19:38:07Z,Core,3,马林康的Apple Watch
6062abe1-7438-43bb-99a3-854e9ff96f7d,2026-03-29T19:38:07Z,2026-03-29T19:41:07Z,REM,5,马林康的Apple Watch
6ddf5f0b-56d4-4ad9-bad6-41fd81d975a2,2026-03-29T19:41:07Z,2026-03-29T19:45:07Z,Core,3,马林康的Apple Watch
85fd9e06-d334-471a-98fb-23e07dbe6ebf,2026-03-29T19:45:07Z,2026-03-29T20:12:05Z,REM,5,马林康的Apple Watch
6dddc1df-0de5-4190-80a8-7d70005252e0,2026-03-29T20:12:05Z,2026-03-29T20:36:34Z,Core,3,马林康的Apple Watch
b40cb73c-c7a4-41f0-a1b2-97bc0a5be87f,2026-03-29T20:36:34Z,2026-03-29T20:38:33Z,Deep,4,马林康的Apple Watch
37e5b85c-4fda-47f0-b381-fc7c2dd2e5dc,2026-03-29T20:38:33Z,2026-03-29T20:39:03Z,Core,3,马林康的Apple Watch
4260854d-cbff-4b8c-87f5-a3e4237ae8de,2026-03-29T20:39:03Z,2026-03-29T20:39:33Z,Awake,2,马林康的Apple Watch
0421f9a8-9e42-46fa-b286-cbb18eb80d18,2026-03-29T20:39:33Z,2026-03-29T21:02:02Z,Core,3,马林康的Apple Watch
c038d481-7005-4b85-94f0-ce4b82315437,2026-03-29T21:00:00Z,2026-03-29T23:36:00Z,Asleep Unspecified,1,AutoSleep
29eb5d97-b96c-45f0-9d3c-71488bdd02e8,2026-03-29T21:02:02Z,2026-03-29T21:05:32Z,Awake,2,马林康的Apple Watch
117c6f7c-f33a-43d4-952e-865d59b73941,2026-03-29T21:05:32Z,2026-03-29T21:28:00Z,Core,3,马林康的Apple Watch
18baf7bf-3a3d-4d87-aee0-6d0fb5dcda09,2026-03-29T21:28:00Z,2026-03-29T21:47:29Z,Deep,4,马林康的Apple Watch
47fce98a-6392-4171-a8fe-943f2637217c,2026-03-29T21:47:29Z,2026-03-29T21:48:29Z,Awake,2,马林康的Apple Watch
81d9143b-e2e1-4785-b503-cc39aaf2f16b,2026-03-29T21:48:29Z,2026-03-29T22:03:28Z,Core,3,马林康的Apple Watch
7b916ac5-edc5-4fb9-b218-e0cfd3ed363b,2026-03-29T22:03:28Z,2026-03-29T22:06:28Z,Awake,2,马林康的Apple Watch
24c84b0e-adb2-40c2-99cb-b2de1d933a01,2026-03-29T22:06:28Z,2026-03-29T22:20:27Z,Core,3,马林康的Apple Watch
fd206be0-5b71-4d29-83f4-6d9afca1201e,2026-03-29T22:20:27Z,2026-03-29T22:20:57Z,Awake,2,马林康的Apple Watch
dff45e89-0268-4b14-bbe5-adddd3351bbb,2026-03-29T22:20:57Z,2026-03-29T22:55:24Z,Core,3,马林康的Apple Watch
f0efb33d-f918-456d-9c3e-d71118b7ad2f,2026-03-29T22:55:24Z,2026-03-29T23:25:52Z,REM,5,马林康的Apple Watch
f2971de8-2c4e-4eed-a908-fa4ab620d645,2026-03-29T23:25:52Z,2026-03-29T23:28:52Z,Awake,2,马林康的Apple Watch
1262cf47-1ca7-42ba-a5ce-7dbd57aeabf2,2026-03-29T23:28:52Z,2026-03-29T23:34:22Z,Core,3,马林康的Apple Watch
2f418f6c-51d7-44a1-9d31-e21082999f78,2026-03-30T05:35:00Z,2026-03-30T06:02:00Z,Asleep Unspecified,1,AutoSleep
b9ffa3f3-bdd4-4fc7-86ab-254f8cb4516d,2026-03-30T05:35:00Z,2026-03-30T06:02:00Z,In Bed,0,AutoSleep
9a81302a-14f4-43ea-8637-34d61ada228f,2026-03-30T14:45:00Z,2026-03-30T23:00:00Z,In Bed,0,AutoSleep
9b06768f-3351-4803-abc9-e71cc2084f58,2026-03-30T14:45:00Z,2026-03-30T22:16:00Z,Asleep Unspecified,1,AutoSleep
7f075259-ab32-4b4b-8033-71e48f6083f9,2026-03-30T14:56:14Z,2026-03-30T15:05:43Z,Core,3,马林康的Apple Watch
d3298a51-62d5-4724-a846-a6fcc34b2305,2026-03-30T15:05:43Z,2026-03-30T15:40:11Z,Deep,4,马林康的Apple Watch
27812f8d-0568-4503-bc33-bb0340cf9a3d,2026-03-30T15:40:11Z,2026-03-30T16:05:39Z,Core,3,马林康的Apple Watch
2e75d048-d0c6-4e42-87a9-a3b2763bfe58,2026-03-30T16:05:39Z,2026-03-30T16:10:39Z,Deep,4,马林康的Apple Watch
72f2421f-f97e-4c4f-82ed-e4244ae99854,2026-03-30T16:10:39Z,2026-03-30T16:12:09Z,Core,3,马林康的Apple Watch
e00c1caf-5e24-4cb5-b38b-563e15c3ca3a,2026-03-30T16:12:09Z,2026-03-30T16:13:09Z,Awake,2,马林康的Apple Watch
b69391ef-e0db-4879-be79-fcc3a02c7e7e,2026-03-30T16:13:09Z,2026-03-30T16:17:09Z,Core,3,马林康的Apple Watch
0f905fc1-0b94-4755-a2e7-393305a85817,2026-03-30T16:17:09Z,2026-03-30T16:30:38Z,REM,5,马林康的Apple Watch
9f11bbb0-5f48-4575-8fa8-4a018f7dbd54,2026-03-30T16:30:38Z,2026-03-30T16:31:08Z,Awake,2,马林康的Apple Watch
ef334c3a-46ee-4004-97ca-69381adb0c7a,2026-03-30T16:31:08Z,2026-03-30T17:01:06Z,Core,3,马林康的Apple Watch
b3296058-3c89-4464-9187-220ef3d95ed9,2026-03-30T17:01:06Z,2026-03-30T17:22:04Z,Deep,4,马林康的Apple Watch
e3574f60-ac3c-4d71-b5cd-b064d667b44b,2026-03-30T17:22:04Z,2026-03-30T17:23:34Z,Awake,2,马林康的Apple Watch
067344b0-5c6e-4f97-a4f5-2188f9800e47,2026-03-30T17:23:34Z,2026-03-30T17:58:32Z,Core,3,马林康的Apple Watch
a5b48d9a-bc5e-474a-9112-be42b4a01789,2026-03-30T17:58:32Z,2026-03-30T18:23:00Z,REM,5,马林康的Apple Watch
cfafb0d2-1a7f-48db-a636-ac7998b36b23,2026-03-30T18:23:00Z,2026-03-30T18:26:00Z,Awake,2,马林康的Apple Watch
a7fba91b-84f1-41ff-83c3-d17b0ffb7095,2026-03-30T18:26:00Z,2026-03-30T19:29:56Z,Core,3,马林康的Apple Watch
4ded5880-4647-4bec-b60d-17d59ce42c3d,2026-03-30T19:29:56Z,2026-03-30T19:32:56Z,Deep,4,马林康的Apple Watch
aab0d879-2b72-45e3-b61b-8547874e4b22,2026-03-30T19:32:56Z,2026-03-30T19:37:25Z,Core,3,马林康的Apple Watch
290c3771-ca8a-4e95-bb3a-6cfd4b8fa0d8,2026-03-30T19:37:25Z,2026-03-30T19:40:25Z,Awake,2,马林康的Apple Watch
5853b60d-2d89-4fd4-831f-a81c6651caaa,2026-03-30T19:40:25Z,2026-03-30T19:47:25Z,Core,3,马林康的Apple Watch
b8d4cbf0-3990-458f-8c10-5341622d4e4d,2026-03-30T19:47:25Z,2026-03-30T20:00:24Z,REM,5,马林康的Apple Watch
7ea944f1-ab3d-4eec-9084-472d0542ccd8,2026-03-30T20:00:24Z,2026-03-30T20:01:24Z,Awake,2,马林康的Apple Watch
58f16ba4-d3cb-482c-89f3-be5ac23f7778,2026-03-30T20:01:24Z,2026-03-30T20:12:23Z,Core,3,马林康的Apple Watch
68b5f25c-26d6-4e00-b5be-6a3d36fe3d6c,2026-03-30T20:12:23Z,2026-03-30T20:14:23Z,Awake,2,马林康的Apple Watch
b2c19dd1-26e0-494e-80d2-3e99c807e0d0,2026-03-30T20:14:23Z,2026-03-30T21:13:19Z,Core,3,马林康的Apple Watch
18fd6d30-2b41-432e-88f4-de0b0db9a4fc,2026-03-30T21:13:19Z,2026-03-30T21:15:49Z,Awake,2,马林康的Apple Watch
a308c85d-eb23-46c5-8232-9cd806d5ff1c,2026-03-30T21:15:49Z,2026-03-30T21:17:49Z,Core,3,马林康的Apple Watch
1a9c3a8b-0f2b-41e9-b621-b05535137436,2026-03-30T21:17:49Z,2026-03-30T21:40:17Z,REM,5,马林康的Apple Watch
80c7914b-b7b1-4cd6-a874-4c95ba2d48b5,2026-03-30T21:40:17Z,2026-03-30T21:41:47Z,Awake,2,马林康的Apple Watch
e15ffd42-2224-42bc-aadd-e93357c6975c,2026-03-30T21:41:47Z,2026-03-30T21:45:17Z,Core,3,马林康的Apple Watch
8b607d39-ce50-4a10-a3c3-6504a5eac28c,2026-03-30T21:45:17Z,2026-03-30T22:01:46Z,REM,5,马林康的Apple Watch
bf8ac331-0311-4da7-90e1-0166f26e63c9,2026-03-30T22:01:46Z,2026-03-30T22:13:45Z,Core,3,马林康的Apple Watch
29b55a1e-dd20-43a1-8ade-cc0a808ae453,2026-03-30T22:13:45Z,2026-03-30T22:23:45Z,Awake,2,马林康的Apple Watch
633113e0-b389-499f-8cd1-3d7ec3b6644f,2026-03-30T22:23:45Z,2026-03-30T22:29:44Z,Core,3,马林康的Apple Watch
d54d0d92-d1bf-492c-a278-abf1c234a5ca,2026-03-30T22:30:00Z,2026-03-30T23:00:00Z,Asleep Unspecified,1,AutoSleep
17fad72c-d073-49fe-9bae-3ae57572f032,2026-03-31T14:58:15Z,2026-03-31T14:59:15Z,REM,5,马林康的Apple Watch
c7b44942-31b1-4aac-8de0-e98b42fb54a6,2026-03-31T14:59:15Z,2026-03-31T15:01:45Z,Awake,2,马林康的Apple Watch
d05e403c-350b-4406-ab34-4d31ec242637,2026-03-31T15:00:00Z,2026-03-31T19:56:00Z,Asleep Unspecified,1,AutoSleep
d19dc181-4c86-4bf4-94a3-d450809fcdde,2026-03-31T15:00:00Z,2026-03-31T22:50:00Z,In Bed,0,AutoSleep
9964f8b9-f757-4d65-ac0d-312de8c3ccba,2026-03-31T15:01:45Z,2026-03-31T15:25:13Z,Core,3,马林康的Apple Watch
331d3bc5-6cec-4545-a4e3-f19a238c9c4e,2026-03-31T15:25:13Z,2026-03-31T15:36:42Z,Deep,4,马林康的Apple Watch
72e4dc2f-300c-4f19-89c9-47e53be9ae76,2026-03-31T15:36:42Z,2026-03-31T15:37:12Z,Awake,2,马林康的Apple Watch
42e9d03e-88be-4b4f-b32a-edbcd5f05c16,2026-03-31T15:37:12Z,2026-03-31T16:00:11Z,Core,3,马林康的Apple Watch
fc769249-32c0-42c3-af6c-0af6d72bb2c6,2026-03-31T16:00:11Z,2026-03-31T16:12:10Z,Deep,4,马林康的Apple Watch
42dbde6b-31f3-4f36-8011-3ce892dc40a1,2026-03-31T16:12:10Z,2026-03-31T16:25:39Z,Core,3,马林康的Apple Watch
caa2f4ed-8ce8-45a2-bd16-fd4bd089cd87,2026-03-31T16:25:39Z,2026-03-31T16:34:09Z,Deep,4,马林康的Apple Watch
51120f78-b2f5-428b-8a1b-bfeed4da5be9,2026-03-31T16:34:09Z,2026-03-31T16:35:39Z,Awake,2,马林康的Apple Watch
2cdf6458-733b-433e-8a99-fd143b4588a3,2026-03-31T16:35:39Z,2026-03-31T16:37:38Z,Core,3,马林康的Apple Watch
9ec8522b-0240-46ea-bd20-edce84f50c51,2026-03-31T16:37:38Z,2026-03-31T16:46:08Z,REM,5,马林康的Apple Watch
ce93dd1d-e2d2-4d60-8c47-2a64a8fdfccb,2026-03-31T16:46:08Z,2026-03-31T16:47:08Z,Awake,2,马林康的Apple Watch
7e720c83-6a8e-4a2e-8e8f-2ada0602603e,2026-03-31T16:47:08Z,2026-03-31T16:50:37Z,Core,3,马林康的Apple Watch
c829e791-cc9b-4e2e-9a1b-cd6c73b73093,2026-03-31T16:50:37Z,2026-03-31T16:54:37Z,REM,5,马林康的Apple Watch
2c7847b3-5a73-4774-8cfa-f6a979fd6542,2026-03-31T16:54:37Z,2026-03-31T16:56:07Z,Awake,2,马林康的Apple Watch
4e0cea99-aaa2-42a5-b40a-d04a5cc13103,2026-03-31T16:56:07Z,2026-03-31T17:24:35Z,Core,3,马林康的Apple Watch
612b0c58-9608-46f5-9f00-5802763eeb36,2026-03-31T17:24:35Z,2026-03-31T17:25:05Z,Awake,2,马林康的Apple Watch
9eabc7fd-fc08-4c65-af09-28a2b85062b2,2026-03-31T17:25:05Z,2026-03-31T17:26:05Z,Core,3,马林康的Apple Watch
7d09f54d-3229-4c11-939a-e1f5034e1441,2026-03-31T17:26:05Z,2026-03-31T17:26:35Z,Awake,2,马林康的Apple Watch
f6c67d20-a9c4-4595-850d-44e98a47f7bd,2026-03-31T17:26:35Z,2026-03-31T18:06:03Z,Core,3,马林康的Apple Watch
2b487bb8-07bc-46d1-8cd8-0f51c498f277,2026-03-31T18:06:03Z,2026-03-31T18:07:32Z,REM,5,马林康的Apple Watch
ea9dc674-8898-4133-881b-75dc3054d949,2026-03-31T18:07:32Z,2026-03-31T18:08:32Z,Core,3,马林康的Apple Watch
d3e5fae8-41e2-4fc5-bf4b-ca09fb2b4650,2026-03-31T18:08:32Z,2026-03-31T18:13:32Z,REM,5,马林康的Apple Watch
fd8ac4ad-f3db-4661-8a6b-4dd520b08f13,2026-03-31T18:13:32Z,2026-03-31T18:14:02Z,Awake,2,马林康的Apple Watch
d8c2ff91-0e56-49b5-b98b-028f3245bccc,2026-03-31T18:14:02Z,2026-03-31T18:25:01Z,REM,5,马林康的Apple Watch
2f034e6c-7bbe-4f70-882e-dab63223b397,2026-03-31T18:25:01Z,2026-03-31T18:40:00Z,Core,3,马林康的Apple Watch
d5864e1a-0ac0-4327-acb0-f1b118167336,2026-03-31T18:40:00Z,2026-03-31T18:43:00Z,Awake,2,马林康的Apple Watch
26eb1ea6-d707-46a5-aed6-0cd83cbe77cd,2026-03-31T18:43:00Z,2026-03-31T19:06:59Z,Core,3,马林康的Apple Watch
5915582d-7b9c-43f1-adb3-c8145d73703f,2026-03-31T19:06:59Z,2026-03-31T19:08:29Z,Awake,2,马林康的Apple Watch
9d07047c-4336-4853-afb5-c0eac2f7a63c,2026-03-31T19:08:29Z,2026-03-31T19:44:56Z,Core,3,马林康的Apple Watch
9e9fb93e-b178-41c0-a772-c3727d2d1109,2026-03-31T19:44:56Z,2026-03-31T19:56:26Z,REM,5,马林康的Apple Watch
3618c3ef-b3d9-46f7-ad6f-223aff46a5dc,2026-03-31T19:56:26Z,2026-03-31T20:03:25Z,Awake,2,马林康的Apple Watch
af7107b1-0be8-44f5-85f1-114e447d5f36,2026-03-31T20:03:25Z,2026-03-31T20:04:25Z,Core,3,马林康的Apple Watch
33293341-00ab-46c8-951d-254f14bf8f55,2026-03-31T20:04:25Z,2026-03-31T20:08:55Z,Awake,2,马林康的Apple Watch
4bef905f-7bcb-4967-a6d2-ea75f7e18fca,2026-03-31T20:07:00Z,2026-03-31T22:50:00Z,Asleep Unspecified,1,AutoSleep
eb325013-ec3a-482e-abde-36f0fe03a926,2026-03-31T20:08:55Z,2026-03-31T21:05:21Z,Core,3,马林康的Apple Watch
86f76b55-f4de-4140-83e8-a32a3e076c54,2026-03-31T21:05:21Z,2026-03-31T21:42:18Z,REM,5,马林康的Apple Watch
f0aa7d48-7a23-4523-b2a5-acc7dbdc2250,2026-03-31T21:42:18Z,2026-03-31T21:44:18Z,Awake,2,马林康的Apple Watch
8d2abe59-1815-48f1-a44e-99b82b7e31ea,2026-03-31T21:44:18Z,2026-03-31T21:46:48Z,Core,3,马林康的Apple Watch
24de83c1-4b52-42d5-bbbc-ef5f88c81cc2,2026-03-31T21:46:48Z,2026-03-31T21:51:48Z,REM,5,马林康的Apple Watch
b97c1be8-4e7b-4d81-9971-f88beee167e0,2026-03-31T21:51:48Z,2026-03-31T21:52:48Z,Core,3,马林康的Apple Watch
370e5608-b4f3-4e71-91db-23691e836ba7,2026-03-31T21:52:48Z,2026-03-31T21:57:47Z,REM,5,马林康的Apple Watch
be78241b-e64c-46ce-af75-ebc1682564d6,2026-03-31T21:57:47Z,2026-03-31T22:37:15Z,Core,3,马林康的Apple Watch
2d010fd9-2320-41ff-afcc-c15c7991b622,2026-04-01T15:15:00Z,2026-04-01T19:54:00Z,Asleep Unspecified,1,AutoSleep
adde5b98-9c67-44d9-80d4-aeb962bbc539,2026-04-01T15:15:00Z,2026-04-01T22:33:00Z,In Bed,0,AutoSleep
69c6b797-d5f8-4f88-9c56-b6028d753878,2026-04-01T15:18:19Z,2026-04-01T15:35:18Z,Core,3,马林康的Apple Watch
a11534ac-7995-4346-8c26-5349bff8522d,2026-04-01T15:35:18Z,2026-04-01T15:37:48Z,Deep,4,马林康的Apple Watch
09f23554-501e-4f5b-9d8e-e83cc5dc74c6,2026-04-01T15:37:48Z,2026-04-01T15:49:17Z,Core,3,马林康的Apple Watch
4c1bd1d1-3a60-4335-aa0e-631ceaf07ce5,2026-04-01T15:49:17Z,2026-04-01T16:10:46Z,Deep,4,马林康的Apple Watch
53645135-28de-4875-ab46-b45ffcb3e691,2026-04-01T16:10:46Z,2026-04-01T16:13:45Z,Core,3,马林康的Apple Watch
aa5a9e5d-aced-4919-804d-add6c212d95e,2026-04-01T16:13:45Z,2026-04-01T16:26:45Z,REM,5,马林康的Apple Watch
7162ac1f-5577-4338-abe1-d0e42df65567,2026-04-01T16:26:45Z,2026-04-01T16:29:14Z,Core,3,马林康的Apple Watch
16c94693-ca65-49c7-9253-87d4642b45c2,2026-04-01T16:29:14Z,2026-04-01T16:37:14Z,Awake,2,马林康的Apple Watch
80fb9c9b-ce76-4399-b6ea-042a4f1bbc01,2026-04-01T16:37:14Z,2026-04-01T16:49:13Z,Core,3,马林康的Apple Watch
f2b4be32-5606-48b6-afe5-27807b599495,2026-04-01T16:49:13Z,2026-04-01T16:49:43Z,Awake,2,马林康的Apple Watch
0e1300ae-6777-4030-b8d4-a5b398123147,2026-04-01T16:49:43Z,2026-04-01T16:52:13Z,Core,3,马林康的Apple Watch
2a88b594-a9d1-49e8-8810-ff91d480dfea,2026-04-01T16:52:13Z,2026-04-01T16:55:13Z,Awake,2,马林康的Apple Watch
1db7d2e8-b7f8-4bc7-bd81-685d768da9c1,2026-04-01T16:55:13Z,2026-04-01T17:24:11Z,Core,3,马林康的Apple Watch
1935b54a-9cc5-4071-9936-f3a535826dd2,2026-04-01T17:24:11Z,2026-04-01T17:26:41Z,Awake,2,马林康的Apple Watch
acddb923-9bb9-454e-bd38-99d3ca2e3ab8,2026-04-01T17:26:41Z,2026-04-01T17:43:09Z,Core,3,马林康的Apple Watch
2732fe72-5dca-4492-a7db-1b4308604f8b,2026-04-01T17:43:09Z,2026-04-01T17:53:09Z,REM,5,马林康的Apple Watch
93945f59-bdff-4c0a-bd55-b397d6b49e95,2026-04-01T17:53:09Z,2026-04-01T18:19:07Z,Core,3,马林康的Apple Watch
c4916746-d027-4b42-a35e-97e11c8b9fd4,2026-04-01T18:19:07Z,2026-04-01T18:39:36Z,Deep,4,马林康的Apple Watch
d920b087-d47e-4eb1-9009-12b3231e9216,2026-04-01T18:39:36Z,2026-04-01T18:41:06Z,Awake,2,马林康的Apple Watch
d5e0be9e-0c28-4864-b48f-ff9c699079e1,2026-04-01T18:41:06Z,2026-04-01T19:20:03Z,Core,3,马林康的Apple Watch
92767d06-0230-4ac8-a2d6-29501f287d32,2026-04-01T19:20:03Z,2026-04-01T19:21:33Z,Deep,4,马林康的Apple Watch
f5b21563-285f-4556-a7b9-ea842c722a72,2026-04-01T19:21:33Z,2026-04-01T19:34:32Z,Core,3,马林康的Apple Watch
ab135586-f4f3-40fb-8602-23d442c5f12b,2026-04-01T19:34:32Z,2026-04-01T20:01:00Z,REM,5,马林康的Apple Watch
46034d4e-d4a8-46f6-9a76-3fa291f77563,2026-04-01T19:55:00Z,2026-04-01T22:33:00Z,Asleep Unspecified,1,AutoSleep
4a0ab8b9-ed01-4fd8-a78b-4dc533db7dcd,2026-04-01T20:01:00Z,2026-04-01T20:07:00Z,Core,3,马林康的Apple Watch
ee176973-64c4-40f9-9d8c-1c18d413bbff,2026-04-01T20:07:00Z,2026-04-01T20:18:29Z,REM,5,马林康的Apple Watch
aa71cd54-01ed-4f33-af61-d4f18474ff4e,2026-04-01T20:18:29Z,2026-04-01T20:19:29Z,Awake,2,马林康的Apple Watch
fef8ba67-4b8c-43a8-92e7-6ec6625d571b,2026-04-01T20:19:29Z,2026-04-01T20:50:27Z,Core,3,马林康的Apple Watch
2a1479e3-d9da-4c47-88f8-c1ba62000393,2026-04-01T20:50:27Z,2026-04-01T20:58:56Z,Deep,4,马林康的Apple Watch
7433ac0e-ac7b-4203-9d60-13a2bd5136fb,2026-04-01T20:58:56Z,2026-04-01T21:01:56Z,Core,3,马林康的Apple Watch
35b6b95d-deca-467f-aa78-cec3351d3705,2026-04-01T21:01:56Z,2026-04-01T21:03:56Z,Awake,2,马林康的Apple Watch
ac003d18-3a31-4366-a986-a68a79f5928d,2026-04-01T21:03:56Z,2026-04-01T21:58:22Z,Core,3,马林康的Apple Watch
b6cc2dfd-6d64-4b23-80e4-071ec7f4c7b6,2026-04-01T21:58:22Z,2026-04-01T22:11:22Z,REM,5,马林康的Apple Watch
7dd9984a-2bc3-44aa-a246-c5b29f140ad0,2026-04-01T22:11:22Z,2026-04-01T22:19:21Z,Awake,2,马林康的Apple Watch
75f7a73b-83a7-4b14-94c3-2b4da9947586,2026-04-01T22:19:21Z,2026-04-01T22:20:21Z,Core,3,马林康的Apple Watch
5d992f90-f1a1-481f-9c3a-55aca9e697f2,2026-04-01T22:20:21Z,2026-04-01T22:22:21Z,REM,5,马林康的Apple Watch
b4a48f92-6f92-4ac6-87df-6a0bd6a40e13,2026-04-01T22:22:21Z,2026-04-01T22:23:21Z,Awake,2,马林康的Apple Watch
8ee03040-c9be-4e10-ae9c-6d96ad39ca19,2026-04-01T22:23:21Z,2026-04-01T22:28:20Z,Core,3,马林康的Apple Watch
78790ed4-7671-4157-afbb-50f0a69c3a2e,2026-04-02T15:44:00Z,2026-04-02T22:49:00Z,In Bed,0,AutoSleep
83f46743-e838-4fec-9c32-3d267649662a,2026-04-02T15:44:00Z,2026-04-02T22:49:00Z,Asleep Unspecified,1,AutoSleep
b13bbebe-ad8d-475a-b0da-aa1ec05c69bc,2026-04-02T16:24:48Z,2026-04-02T17:02:46Z,Core,3,马林康的Apple Watch
42915e39-b3ed-4303-9f76-82d4ce356660,2026-04-02T17:02:46Z,2026-04-02T17:03:46Z,Awake,2,马林康的Apple Watch
dfd6082e-821d-4934-81fd-2e52ece3e7c2,2026-04-02T17:03:46Z,2026-04-02T17:14:45Z,Core,3,马林康的Apple Watch
3e54ee18-5ed3-492b-ba22-51168efa0034,2026-04-02T17:14:45Z,2026-04-02T17:18:45Z,Awake,2,马林康的Apple Watch
653bacdf-296e-4ada-9694-16d818894199,2026-04-02T17:18:45Z,2026-04-02T17:32:44Z,Core,3,马林康的Apple Watch
ec30f34f-ff15-4feb-9fdd-7972347d0302,2026-04-02T17:32:44Z,2026-04-02T17:44:13Z,Deep,4,马林康的Apple Watch
b74644bc-924a-4b2d-8340-f111e87e70c7,2026-04-02T17:44:13Z,2026-04-02T17:54:12Z,Core,3,马林康的Apple Watch
652bfe3c-7acc-47cc-9f8e-01d23d390dd9,2026-04-02T17:54:12Z,2026-04-02T17:58:12Z,REM,5,马林康的Apple Watch
e19c59c7-7d9f-4bdc-8063-71d27657b9c0,2026-04-02T17:58:12Z,2026-04-02T18:00:12Z,Awake,2,马林康的Apple Watch
5f3b603b-a44e-4118-b1ce-d38fa7c6ba51,2026-04-02T18:00:12Z,2026-04-02T18:01:12Z,Core,3,马林康的Apple Watch
1747680c-6ded-4a1c-a18c-a25f1fa155f1,2026-04-02T18:01:12Z,2026-04-02T18:14:41Z,REM,5,马林康的Apple Watch
99cbea85-dd3e-4160-98e7-bf418050b9ed,2026-04-02T18:14:41Z,2026-04-02T18:42:09Z,Core,3,马林康的Apple Watch
bb19267f-e42d-4636-9392-25a08d39eca6,2026-04-02T18:42:09Z,2026-04-02T18:46:39Z,Deep,4,马林康的Apple Watch
87cb8e2d-ae5a-4798-8df8-bb3101e64595,2026-04-02T18:46:39Z,2026-04-02T19:11:37Z,Core,3,马林康的Apple Watch
94fb04d5-7dab-4fba-8924-67a1d453d4b5,2026-04-02T19:11:37Z,2026-04-02T19:25:06Z,REM,5,马林康的Apple Watch
17a79ed0-125e-4a51-862d-8a24799dc54f,2026-04-02T19:25:06Z,2026-04-02T19:27:06Z,Awake,2,马林康的Apple Watch
dd94b7ff-5d90-4960-9ebb-7968f88026cc,2026-04-02T19:27:06Z,2026-04-02T19:46:05Z,Core,3,马林康的Apple Watch
8ad8726e-0327-4b5c-a501-ee3c377ef611,2026-04-02T19:46:05Z,2026-04-02T19:47:35Z,Awake,2,马林康的Apple Watch
aae4c3ae-1642-480d-ab5a-63c1368fe058,2026-04-02T19:47:35Z,2026-04-02T20:10:33Z,Core,3,马林康的Apple Watch
79c14b22-522a-4e26-83b9-af4c8064b240,2026-04-02T20:10:33Z,2026-04-02T20:33:02Z,Deep,4,马林康的Apple Watch
0985a1c4-315a-45f9-9447-dced33cd127b,2026-04-02T20:33:02Z,2026-04-02T20:34:32Z,Awake,2,马林康的Apple Watch
5575acb3-0d36-4e44-a2f1-1a1b378bb79e,2026-04-02T20:34:32Z,2026-04-02T20:39:31Z,Core,3,马林康的Apple Watch
52fdaa72-b198-4e95-8388-01c6497da802,2026-04-02T20:39:31Z,2026-04-02T20:40:31Z,REM,5,马林康的Apple Watch
95598e24-7ae0-44a8-b6b2-0218eb47e0cc,2026-04-02T20:40:31Z,2026-04-02T20:55:00Z,Core,3,马林康的Apple Watch
b9d70d24-194d-4cbd-8399-1fad525db4be,2026-04-02T20:55:00Z,2026-04-02T21:03:30Z,REM,5,马林康的Apple Watch
9351a974-b41e-4d87-a58e-b5a3fe51ba83,2026-04-02T21:03:30Z,2026-04-02T21:07:59Z,Awake,2,马林康的Apple Watch
70be6b90-30d2-4d48-8808-1fac585a625f,2026-04-02T21:07:59Z,2026-04-02T21:54:26Z,Core,3,马林康的Apple Watch
956bd620-b737-4189-9833-d200c04a690a,2026-04-02T21:54:26Z,2026-04-02T22:31:54Z,REM,5,马林康的Apple Watch
664e3ba1-7af6-46d1-a628-ac92b45864e6,2026-04-02T22:31:54Z,2026-04-02T22:33:24Z,Awake,2,马林康的Apple Watch
243b2ce6-cca6-47dd-85c4-535cec542a28,2026-04-02T22:33:24Z,2026-04-02T22:34:53Z,Core,3,马林康的Apple Watch
20c68333-3d70-41b1-b01d-bb4e07f31d23,2026-04-02T22:34:53Z,2026-04-02T22:46:23Z,REM,5,马林康的Apple Watch
44abf0d2-6845-46a7-b2f4-b2dbc67026cc,2026-04-02T22:46:23Z,2026-04-02T22:56:22Z,Awake,2,马林康的Apple Watch
ffaa0d9b-a0ae-4dca-9eed-edd9aecc1902,2026-04-02T22:56:22Z,2026-04-02T22:58:52Z,Core,3,马林康的Apple Watch
417f59c2-9baa-4410-b002-fb55a7203263,2026-04-03T19:26:00Z,2026-04-04T00:08:00Z,Asleep Unspecified,1,AutoSleep
efa99f9c-4698-4b93-b338-8473a4944976,2026-04-03T19:26:00Z,2026-04-04T01:35:00Z,In Bed,0,AutoSleep
e17653ad-e5ae-4285-87d4-1b1eb9116a90,2026-04-03T19:38:00Z,2026-04-03T20:06:58Z,Core,3,马林康的Apple Watch
f436de81-7c07-4a64-94a8-9d626f0c07f9,2026-04-03T20:06:58Z,2026-04-03T20:16:28Z,Deep,4,马林康的Apple Watch
1a3fe5a8-d8dc-44bb-b337-15ab7a9aa102,2026-04-03T20:16:28Z,2026-04-03T20:29:27Z,Core,3,马林康的Apple Watch
42621f6b-2d4e-4d64-bd46-fb1af724ae4c,2026-04-03T20:29:27Z,2026-04-03T20:48:56Z,Deep,4,马林康的Apple Watch
4a9a9f7f-f80d-4074-a4e9-1fd071222cbb,2026-04-03T20:48:56Z,2026-04-03T20:49:26Z,Awake,2,马林康的Apple Watch
306f9e99-8b36-46a8-968c-85686d1013dd,2026-04-03T20:49:26Z,2026-04-03T21:49:22Z,Core,3,马林康的Apple Watch
8071d556-747f-46af-97a6-160c5240ae74,2026-04-03T21:49:22Z,2026-04-03T21:51:22Z,Deep,4,马林康的Apple Watch
0d10f3b7-3372-4894-947c-ea02baa0fb0d,2026-04-03T21:51:22Z,2026-04-03T22:07:50Z,Core,3,马林康的Apple Watch
0ef89f78-12f2-495b-9c4f-11824fab0519,2026-04-03T22:07:50Z,2026-04-03T22:20:20Z,REM,5,马林康的Apple Watch
935931cd-ba33-4cbd-97c1-db175a1c1e86,2026-04-03T22:20:20Z,2026-04-03T22:21:50Z,Awake,2,马林康的Apple Watch
0e3983c9-85b2-4fcf-9b31-6d05d9701467,2026-04-03T22:21:50Z,2026-04-03T22:30:19Z,Core,3,马林康的Apple Watch
fb99a3fc-4c69-4d71-b804-6bcaee1ac0a1,2026-04-03T22:30:19Z,2026-04-03T22:32:49Z,Awake,2,马林康的Apple Watch
9f49644f-056e-402a-a9f7-0381b08bc331,2026-04-03T22:32:49Z,2026-04-03T22:38:48Z,Core,3,马林康的Apple Watch
a7aab39e-cd5c-45bb-8a6a-729765a11ac6,2026-04-03T22:38:48Z,2026-04-03T22:42:48Z,Awake,2,马林康的Apple Watch
882a5abc-00cd-4cb4-8a5c-38a8c5b88d3b,2026-04-03T22:42:48Z,2026-04-03T23:25:45Z,Core,3,马林康的Apple Watch
56c5b834-f798-401f-a536-4ced2014b6b2,2026-04-03T23:25:45Z,2026-04-03T23:34:45Z,REM,5,马林康的Apple Watch
5bc9e497-f5c1-486a-a85f-80b5813a04f7,2026-04-03T23:34:45Z,2026-04-03T23:37:15Z,Awake,2,马林康的Apple Watch
0910d667-1c7b-4926-957a-504c533566c9,2026-04-03T23:37:15Z,2026-04-04T00:06:13Z,Core,3,马林康的Apple Watch
9f416dce-b067-4759-8741-41ec057a36ab,2026-04-04T00:06:13Z,2026-04-04T00:44:40Z,Awake,2,马林康的Apple Watch
b42ac98d-d040-4f9b-8d93-da33aab4e321,2026-04-04T00:15:00Z,2026-04-04T01:35:00Z,Asleep Unspecified,1,AutoSleep
68965c86-b847-4e6c-8d0c-50f6db929134,2026-04-04T00:44:40Z,2026-04-04T00:46:40Z,Core,3,马林康的Apple Watch
d5ddcfb3-cc7e-415f-9734-07aba722e9e2,2026-04-04T06:22:00Z,2026-04-04T06:45:00Z,In Bed,0,AutoSleep
d60cd4d5-62f6-4fcb-aecf-d838c108b534,2026-04-04T06:22:00Z,2026-04-04T06:45:00Z,Asleep Unspecified,1,AutoSleep
3b61496b-e460-43aa-b111-ad9ab929ad0f,2026-04-04T18:33:00Z,2026-04-04T23:30:00Z,Asleep Unspecified,1,AutoSleep
68432006-77f2-47cf-9813-cc0a85d5829f,2026-04-04T18:33:00Z,2026-04-04T23:30:00Z,In Bed,0,AutoSleep
f8d15c14-b92d-4b58-a55e-ee2b05089c0a,2026-04-04T18:44:01Z,2026-04-04T18:59:00Z,Core,3,马林康的Apple Watch
4a4f19cb-5021-49f5-bb8a-5f5bd531b312,2026-04-04T18:59:00Z,2026-04-04T19:18:59Z,Deep,4,马林康的Apple Watch
d51d3ddd-1d43-4b4f-87cf-ba5a035107fa,2026-04-04T19:18:59Z,2026-04-04T19:26:29Z,Core,3,马林康的Apple Watch
91753498-0b02-4650-abce-655f70cd9b42,2026-04-04T19:26:29Z,2026-04-04T19:27:59Z,Deep,4,马林康的Apple Watch
1dae9c75-5ae7-461e-9ab4-0cd0c8fd68ba,2026-04-04T19:27:59Z,2026-04-04T19:41:28Z,Core,3,马林康的Apple Watch
55621c27-f9c5-46cd-9346-4414274b636f,2026-04-04T19:41:28Z,2026-04-04T19:54:27Z,Deep,4,马林康的Apple Watch
e8fa6cdf-6d92-457f-bd13-9786bfa9e9f8,2026-04-04T19:54:27Z,2026-04-04T19:56:57Z,Core,3,马林康的Apple Watch
e9c52628-e27b-43e6-b349-11b91d83f801,2026-04-04T19:56:57Z,2026-04-04T20:07:26Z,REM,5,马林康的Apple Watch
43cc1e0f-7333-4f11-a94f-f5718ac2dcd6,2026-04-04T20:07:26Z,2026-04-04T20:07:56Z,Awake,2,马林康的Apple Watch
63760a4a-1445-485f-ae06-d720abb0a669,2026-04-04T20:07:56Z,2026-04-04T21:10:52Z,Core,3,马林康的Apple Watch
72f23e18-7b7a-4ef8-a68c-371f52ddd5c6,2026-04-04T21:10:52Z,2026-04-04T21:36:50Z,REM,5,马林康的Apple Watch
48155f71-fb1a-4d6d-802e-b638dceb5caf,2026-04-04T21:36:50Z,2026-04-04T22:58:45Z,Core,3,马林康的Apple Watch
69df6151-f05e-4e57-b583-a1d24bdaa787,2026-04-04T22:58:45Z,2026-04-04T23:04:14Z,REM,5,马林康的Apple Watch
cdf6677a-a187-4b83-b947-197eb6e581bf,2026-04-04T23:04:14Z,2026-04-04T23:30:13Z,Core,3,马林康的Apple Watch
dd029738-a097-4024-8ddc-b5b3fa319f48,2026-04-04T23:30:13Z,2026-04-04T23:32:42Z,Awake,2,马林康的Apple Watch
53f585c4-ad57-425c-9d01-5b74b4914b69,2026-04-04T23:32:42Z,2026-04-04T23:41:42Z,Core,3,马林康的Apple Watch
7dadd191-0113-428e-9b9e-ccd087aeb46d,2026-04-05T15:28:00Z,2026-04-06T00:06:00Z,Asleep Unspecified,1,AutoSleep
906f82fe-7412-4582-b780-718ee8108fbc,2026-04-05T15:28:00Z,2026-04-06T00:06:00Z,In Bed,0,AutoSleep
95f16842-f893-4b50-b389-1deb84f1041b,2026-04-05T15:35:17Z,2026-04-05T15:48:16Z,Core,3,马林康的Apple Watch
5bcf8829-a6ff-48a0-b8bb-d6c115ae1806,2026-04-05T15:48:16Z,2026-04-05T15:54:46Z,Awake,2,马林康的Apple Watch
eaf3fbe4-f1fd-4d5d-9900-9e9415245e0e,2026-04-05T15:54:46Z,2026-04-05T15:57:16Z,Core,3,马林康的Apple Watch
8fc38510-45bb-4c71-94a8-dc0bd70ee986,2026-04-05T15:57:16Z,2026-04-05T16:00:16Z,Awake,2,马林康的Apple Watch
f14d884f-1fbf-4cb5-b5e8-1e8ec0d106c2,2026-04-05T16:00:16Z,2026-04-05T16:18:14Z,Core,3,马林康的Apple Watch
8a0c01d9-58d5-4a0b-8247-21fecbf95b32,2026-04-05T16:18:14Z,2026-04-05T16:27:44Z,Awake,2,马林康的Apple Watch
e306cb09-bf13-4dca-938c-2fc7aae1d8c1,2026-04-05T16:27:44Z,2026-04-05T16:48:13Z,Core,3,马林康的Apple Watch
696d9857-0d0e-48be-abe4-b7a6a16aff58,2026-04-05T16:48:13Z,2026-04-05T16:50:12Z,Deep,4,马林康的Apple Watch
f31717ac-2bad-4f01-9755-dd3c72141618,2026-04-05T16:50:12Z,2026-04-05T17:12:41Z,Core,3,马林康的Apple Watch
71d81b7e-ed9a-406c-8acd-b97dd302e88a,2026-04-05T17:12:41Z,2026-04-05T17:39:39Z,Deep,4,马林康的Apple Watch
68a8b928-f6b2-4667-93c4-bb45d120b5df,2026-04-05T17:39:39Z,2026-04-05T17:42:09Z,Awake,2,马林康的Apple Watch
ea9a867c-9400-45e2-846a-480ccd9a909d,2026-04-05T17:42:09Z,2026-04-05T17:53:08Z,Core,3,马林康的Apple Watch
d9e88029-190c-4d1f-9d59-c7b9fc65df1a,2026-04-05T17:53:08Z,2026-04-05T17:59:38Z,Awake,2,马林康的Apple Watch
ff9c7417-6247-4116-86fc-9adca1fb6752,2026-04-05T17:59:38Z,2026-04-05T18:02:38Z,Core,3,马林康的Apple Watch
8e8f4030-04d4-48a7-910d-32b5fd344bfe,2026-04-05T18:02:38Z,2026-04-05T18:04:08Z,REM,5,马林康的Apple Watch
9539c395-bf1a-42ca-b2d4-1642555d116e,2026-04-05T18:04:08Z,2026-04-05T18:12:07Z,Awake,2,马林康的Apple Watch
601e7ddc-0692-41b6-ba57-d99a2c78907f,2026-04-05T18:12:07Z,2026-04-05T18:15:37Z,Core,3,马林康的Apple Watch
9ef45e2a-fcec-4106-abd4-3900ccef79f2,2026-04-05T18:15:37Z,2026-04-05T18:21:07Z,Awake,2,马林康的Apple Watch
cbe830c3-37f6-4cba-8e1d-bc9ed5fff634,2026-04-05T18:21:07Z,2026-04-05T18:22:36Z,Core,3,马林康的Apple Watch
130e8448-292e-4388-9155-1ac2607db335,2026-04-05T18:22:36Z,2026-04-05T18:43:35Z,Awake,2,马林康的Apple Watch
599ef9ee-f5c0-4152-b22e-a1f676ec7e3a,2026-04-05T18:43:35Z,2026-04-05T18:49:05Z,Core,3,马林康的Apple Watch
2e82ec49-5ae6-4d28-8b75-3e6090d5e839,2026-04-05T18:49:05Z,2026-04-05T18:51:35Z,Awake,2,马林康的Apple Watch
31ea164b-cf61-44c5-9367-8bf999870690,2026-04-05T18:51:35Z,2026-04-05T19:09:34Z,Core,3,马林康的Apple Watch
c662e5a1-2697-4687-bd43-005ac0ebfc98,2026-04-05T19:09:34Z,2026-04-05T19:10:34Z,Awake,2,马林康的Apple Watch
cda2b885-daef-4212-90a2-cd7e44966ee8,2026-04-05T19:10:34Z,2026-04-05T19:31:32Z,Core,3,马林康的Apple Watch
77a47dfe-38d7-494c-b262-914a12f747fe,2026-04-05T19:31:32Z,2026-04-05T19:49:31Z,Deep,4,马林康的Apple Watch
48adca45-fc2a-47f4-9f2d-4c4a3a72b249,2026-04-05T19:49:31Z,2026-04-05T19:54:31Z,Core,3,马林康的Apple Watch
d584c565-1b1d-493d-9400-2cd1ba158699,2026-04-05T19:54:31Z,2026-04-05T20:11:30Z,REM,5,马林康的Apple Watch
b88e202e-9b2a-47bb-a2dd-42a7095a014e,2026-04-05T20:11:30Z,2026-04-05T20:13:30Z,Core,3,马林康的Apple Watch
df58ba7a-a6ae-457f-affa-749e5cc409a5,2026-04-05T20:13:30Z,2026-04-05T20:18:29Z,REM,5,马林康的Apple Watch
9cc79f64-e538-43c1-af0d-7ad84271e269,2026-04-05T20:18:29Z,2026-04-05T20:25:59Z,Core,3,马林康的Apple Watch
3cb19ca6-1427-44db-ae4e-88ee6b2db60e,2026-04-05T20:25:59Z,2026-04-05T20:39:28Z,REM,5,马林康的Apple Watch
f6dbe8c2-7e3e-4946-be1e-1afc6d42a168,2026-04-05T20:39:28Z,2026-04-05T20:41:58Z,Core,3,马林康的Apple Watch
50385c34-5e7f-4519-b35e-f907e939d21d,2026-04-05T20:41:58Z,2026-04-05T20:43:28Z,Awake,2,马林康的Apple Watch
e29609e0-4af8-44cd-961e-343ea9f691a7,2026-04-05T20:43:28Z,2026-04-05T20:57:27Z,Core,3,马林康的Apple Watch
45b5a26d-44bc-4469-bbfe-78445214f920,2026-04-05T20:57:27Z,2026-04-05T20:59:57Z,Awake,2,马林康的Apple Watch
76b20de7-a4a6-4c85-97fb-011473e04d7e,2026-04-05T20:59:57Z,2026-04-05T21:32:24Z,Core,3,马林康的Apple Watch
f83a782a-42a7-4331-ac9f-adf73c794d32,2026-04-05T21:32:24Z,2026-04-05T21:33:24Z,Awake,2,马林康的Apple Watch
6344d9a8-fd14-4131-86c6-395cb4514b4e,2026-04-05T21:33:24Z,2026-04-05T21:39:24Z,Core,3,马林康的Apple Watch
21151f9e-6a20-4c88-a2dc-f0d1f54b5b51,2026-04-05T21:39:24Z,2026-04-05T22:05:22Z,REM,5,马林康的Apple Watch
568f0108-6076-4bdf-a20c-298ff47747b1,2026-04-05T22:05:22Z,2026-04-05T22:09:22Z,Core,3,马林康的Apple Watch
03b04d0d-f235-41a1-9cca-8451b4c097ce,2026-04-05T22:09:22Z,2026-04-05T22:11:52Z,REM,5,马林康的Apple Watch
dcdd54a9-ddda-4ab0-b8f0-69603bcc2d49,2026-04-05T22:11:52Z,2026-04-05T22:14:52Z,Core,3,马林康的Apple Watch
28c3ddfb-cbfa-4193-b74c-98f34c07c1cb,2026-04-05T22:14:52Z,2026-04-05T22:17:22Z,Awake,2,马林康的Apple Watch
86b20a02-f276-4a40-8ee8-5b8addeacc6c,2026-04-05T22:17:22Z,2026-04-05T22:18:51Z,Core,3,马林康的Apple Watch
e75438ed-3cec-404e-bf14-396895e73cd2,2026-04-05T22:18:51Z,2026-04-05T22:21:21Z,Awake,2,马林康的Apple Watch
5faf9ad5-1331-482e-8f08-062b919261f9,2026-04-05T22:21:21Z,2026-04-05T22:39:20Z,Core,3,马林康的Apple Watch
125ab685-dd97-439f-bdac-cfe177c5869b,2026-04-05T22:39:20Z,2026-04-05T22:44:50Z,Awake,2,马林康的Apple Watch
345c5cb5-9ace-413e-a0db-da90b8f7574b,2026-04-05T22:44:50Z,2026-04-05T23:07:48Z,Core,3,马林康的Apple Watch
479bdee5-85ad-4752-b507-1cb4390646f0,2026-04-05T23:07:48Z,2026-04-05T23:31:47Z,REM,5,马林康的Apple Watch
f1f48f5f-8ffc-4f04-9403-fbc43004279b,2026-04-05T23:31:47Z,2026-04-05T23:37:16Z,Core,3,马林康的Apple Watch
176c57a9-a8d3-4f41-8e4d-8c0fb93d8e54,2026-04-05T23:37:16Z,2026-04-06T00:05:45Z,REM,5,马林康的Apple Watch
b5ffe261-e983-41d2-b8e8-6984c4a7eb9a,2026-04-07T16:15:00Z,2026-04-08T00:19:00Z,Asleep Unspecified,1,AutoSleep
e0cca9ff-e2c2-44b5-b292-21a2f88cd416,2026-04-07T16:15:00Z,2026-04-08T00:19:00Z,In Bed,0,AutoSleep
27695a2d-b707-46f2-9135-28008968163e,2026-04-07T16:28:00Z,2026-04-07T16:45:59Z,Core,3,马林康的Apple Watch
b67f66d6-e82e-4b86-8cc2-cb54bba706db,2026-04-07T16:45:59Z,2026-04-07T17:05:28Z,Deep,4,马林康的Apple Watch
e274dc3e-8572-4709-b05f-aa871a81f0fe,2026-04-07T17:05:28Z,2026-04-07T17:05:58Z,Awake,2,马林康的Apple Watch
e8b1c761-ce8e-4472-a7a4-afd18ff241a9,2026-04-07T17:05:58Z,2026-04-07T17:15:27Z,Core,3,马林康的Apple Watch
cba03235-9d10-493f-b36d-60422b3fd77e,2026-04-07T17:15:27Z,2026-04-07T17:16:27Z,Awake,2,马林康的Apple Watch
ad499632-39df-4340-9ea7-052887aec182,2026-04-07T17:16:27Z,2026-04-07T17:37:56Z,Core,3,马林康的Apple Watch
179efb7c-aaa2-4068-87c6-84da7bd26031,2026-04-07T17:37:56Z,2026-04-07T17:39:56Z,Awake,2,马林康的Apple Watch
664f0776-2e4c-4e15-830f-94e9c3151275,2026-04-07T17:39:56Z,2026-04-07T18:06:54Z,Core,3,马林康的Apple Watch
0801e047-a4a7-4b67-a594-2fd4ae7691f7,2026-04-07T18:06:54Z,2026-04-07T18:22:53Z,Deep,4,马林康的Apple Watch
a860711b-8bbb-4947-861c-b8e7c236be13,2026-04-07T18:22:53Z,2026-04-07T18:26:23Z,REM,5,马林康的Apple Watch
6c28165f-9f33-4dbf-8532-fe4a23daf030,2026-04-07T18:26:23Z,2026-04-07T18:26:53Z,Core,3,马林康的Apple Watch
12ec84b3-cc9f-4fe9-a74b-16226a2f52ec,2026-04-07T18:26:53Z,2026-04-07T18:29:52Z,Awake,2,马林康的Apple Watch
ab2f6477-cdad-4710-8677-0435cf454349,2026-04-07T18:29:52Z,2026-04-07T18:33:52Z,Core,3,马林康的Apple Watch
498228ad-9c71-48a3-8c62-2c064edb6d02,2026-04-07T18:33:52Z,2026-04-07T18:37:22Z,REM,5,马林康的Apple Watch
7c7c9f4d-875f-490f-be16-1b2e7fd5b4b8,2026-04-07T18:37:22Z,2026-04-07T18:40:22Z,Awake,2,马林康的Apple Watch
d46c0192-e528-40a4-b71f-35ed3ff89a40,2026-04-07T18:40:22Z,2026-04-07T18:50:51Z,Core,3,马林康的Apple Watch
04a1ad01-9115-4baa-a438-72ffd5042d8b,2026-04-07T18:50:51Z,2026-04-07T18:53:21Z,Awake,2,马林康的Apple Watch
6d46af7c-7f48-4d03-a229-5bbb0b9f8f7b,2026-04-07T18:53:21Z,2026-04-07T18:55:51Z,Core,3,马林康的Apple Watch
692480f3-6309-4e47-b119-b1efa4396230,2026-04-07T18:55:51Z,2026-04-07T18:57:21Z,Awake,2,马林康的Apple Watch
b121ac64-81f5-48e2-b53d-930ee663bce7,2026-04-07T18:57:21Z,2026-04-07T19:18:19Z,Core,3,马林康的Apple Watch
46b87da8-1258-4bbc-8c78-993e75416365,2026-04-07T19:18:19Z,2026-04-07T19:20:49Z,Awake,2,马林康的Apple Watch
1696db60-a370-4e65-bf28-235e29432f83,2026-04-07T19:20:49Z,2026-04-07T19:42:18Z,Core,3,马林康的Apple Watch
946eb451-26e4-4532-a726-41ff044deb39,2026-04-07T19:42:18Z,2026-04-07T20:01:16Z,Deep,4,马林康的Apple Watch
6dff0228-44c6-4b68-a0af-81a63da79629,2026-04-07T20:01:16Z,2026-04-07T20:07:46Z,Awake,2,马林康的Apple Watch
f3a7952f-4077-483d-bbe9-58f3a5e367d8,2026-04-07T20:07:46Z,2026-04-07T20:09:46Z,Core,3,马林康的Apple Watch
aaba7545-fd17-4960-91c4-c2fc4fa1e489,2026-04-07T20:09:46Z,2026-04-07T20:22:45Z,REM,5,马林康的Apple Watch
affa31ce-ca88-461e-889d-b8936cd4e396,2026-04-07T20:22:45Z,2026-04-07T20:26:45Z,Awake,2,马林康的Apple Watch
7d65eecc-79fd-4b1b-85f5-9e902cde7f17,2026-04-07T20:26:45Z,2026-04-07T20:58:43Z,Core,3,马林康的Apple Watch
c56affd3-f78c-4d4c-b35c-eb0fb5a5ec4b,2026-04-07T20:58:43Z,2026-04-07T21:01:12Z,Awake,2,马林康的Apple Watch
ac3a8d71-c738-4897-a2eb-d68a46cb9219,2026-04-07T21:01:12Z,2026-04-07T21:04:42Z,Core,3,马林康的Apple Watch
2ef9bdef-2368-4210-a31e-e620ec067b68,2026-04-07T21:04:42Z,2026-04-07T21:07:12Z,Awake,2,马林康的Apple Watch
8a30fcce-943d-447c-b433-dfbee7662d9e,2026-04-07T21:07:12Z,2026-04-07T21:23:41Z,Core,3,马林康的Apple Watch
a818f559-9b4f-42fa-a5a6-444f174b9be4,2026-04-07T21:23:41Z,2026-04-07T21:24:41Z,Awake,2,马林康的Apple Watch
8b7c5bab-cdac-41f5-a439-b021fde7a509,2026-04-07T21:24:41Z,2026-04-07T21:37:10Z,Core,3,马林康的Apple Watch
81a0ab7b-7d79-4092-ad70-830b7fc7b072,2026-04-07T21:37:10Z,2026-04-07T22:19:37Z,REM,5,马林康的Apple Watch
cf42ba77-ffd8-4e1b-bc79-022c0949be3d,2026-04-07T22:19:37Z,2026-04-07T22:21:37Z,Awake,2,马林康的Apple Watch
b6544539-8750-4690-80c6-3cfed43362aa,2026-04-07T22:21:37Z,2026-04-07T23:15:34Z,Core,3,马林康的Apple Watch
59be3f63-5647-43ca-8a5c-1d51bc45d9ac,2026-04-07T23:15:34Z,2026-04-07T23:45:32Z,REM,5,马林康的Apple Watch
74635c93-2749-4c1e-a3eb-eb05d0e22800,2026-04-07T23:45:32Z,2026-04-07T23:46:32Z,Awake,2,马林康的Apple Watch
3eb09138-f164-41ee-b9b8-f763f4812342,2026-04-07T23:46:32Z,2026-04-08T00:18:29Z,Core,3,马林康的Apple Watch
8391dccf-4f78-4d03-9a1b-4ca85cc9af28,2026-04-08T14:45:00Z,2026-04-08T20:47:00Z,Asleep Unspecified,1,AutoSleep
b510a35a-3c5a-4245-a2d9-39b3b22cb039,2026-04-08T14:45:00Z,2026-04-08T22:57:00Z,In Bed,0,AutoSleep
3a976d3d-586e-444d-be35-69a5099d7cfd,2026-04-08T14:56:11Z,2026-04-08T15:10:10Z,Core,3,马林康的Apple Watch
bb34762a-3d5b-4baf-aca4-8e1e32f3de26,2026-04-08T15:10:10Z,2026-04-08T15:14:10Z,Awake,2,马林康的Apple Watch
346cbb46-d79b-4059-a479-33f72d2b3d10,2026-04-08T15:14:10Z,2026-04-08T15:16:40Z,Core,3,马林康的Apple Watch
7d80b898-a42a-4079-87bf-7dbaf1cb6d02,2026-04-08T15:16:40Z,2026-04-08T15:23:09Z,Awake,2,马林康的Apple Watch
dbce5667-d71b-48ac-aae6-4d56bca3c41d,2026-04-08T15:23:09Z,2026-04-08T15:28:39Z,Core,3,马林康的Apple Watch
1eaa2dec-a032-4070-bbb3-e445fb911a51,2026-04-08T15:28:39Z,2026-04-08T15:29:09Z,Awake,2,马林康的Apple Watch
d12775b4-a61c-4de9-831b-2031974712fe,2026-04-08T15:29:09Z,2026-04-08T15:41:38Z,Core,3,马林康的Apple Watch
dea07a81-ac67-4b65-81b8-5d76a5322b87,2026-04-08T15:41:38Z,2026-04-08T15:47:08Z,Deep,4,马林康的Apple Watch
54321a4f-599f-49f1-8e8b-eca0e043c7ab,2026-04-08T15:47:08Z,2026-04-08T15:51:07Z,Core,3,马林康的Apple Watch
7e31301a-d533-4ff3-bc3d-7c346b515281,2026-04-08T15:51:07Z,2026-04-08T16:07:36Z,Deep,4,马林康的Apple Watch
69a45b35-81fc-433f-89e5-6b3dd0d7b1b4,2026-04-08T16:07:36Z,2026-04-08T16:10:06Z,Awake,2,马林康的Apple Watch
80a104f2-0d26-4f44-b61c-b61e24296d5f,2026-04-08T16:10:06Z,2026-04-08T16:19:06Z,Core,3,马林康的Apple Watch
fe21f9c3-eb55-4fcc-91d8-cadd9ed53569,2026-04-08T16:19:06Z,2026-04-08T16:21:35Z,Awake,2,马林康的Apple Watch
e773ce9d-c93b-42f5-98a3-a2cdf96073aa,2026-04-08T16:21:35Z,2026-04-08T16:34:35Z,Core,3,马林康的Apple Watch
09546383-a4a0-4538-aec4-157b301ac407,2026-04-08T16:34:35Z,2026-04-08T17:07:02Z,Deep,4,马林康的Apple Watch
f00b4bc1-c1c1-4b17-980a-e805edd8fb60,2026-04-08T17:07:02Z,2026-04-08T17:08:02Z,Awake,2,马林康的Apple Watch
230088e0-943f-4469-b761-12cd113b4d9c,2026-04-08T17:08:02Z,2026-04-08T17:20:31Z,Core,3,马林康的Apple Watch
61d05161-913a-4db0-bb4c-4eaf4be0aeeb,2026-04-08T17:20:31Z,2026-04-08T17:41:00Z,REM,5,马林康的Apple Watch
e842258d-daae-4a9c-b3ec-7d2d90bd1144,2026-04-08T17:41:00Z,2026-04-08T18:39:26Z,Core,3,马林康的Apple Watch
0014fd09-6a38-422a-ac83-e85213d9e5e9,2026-04-08T18:39:26Z,2026-04-08T18:49:25Z,Deep,4,马林康的Apple Watch
514db42a-d0fa-4c36-9955-fa470622a1a2,2026-04-08T18:49:25Z,2026-04-08T19:02:55Z,Core,3,马林康的Apple Watch
0032d30e-136d-4fc9-b93f-6581137dcc21,2026-04-08T19:02:55Z,2026-04-08T19:27:23Z,REM,5,马林康的Apple Watch
7a7f4998-555f-47f3-a255-934ce039a6e1,2026-04-08T19:27:23Z,2026-04-08T20:32:49Z,Core,3,马林康的Apple Watch
7295708d-9bef-40bc-9868-9913e953206e,2026-04-08T20:32:49Z,2026-04-08T20:48:18Z,REM,5,马林康的Apple Watch
fda6cdef-ce5f-43cd-aed8-e9797870b0a2,2026-04-08T20:48:18Z,2026-04-08T20:50:18Z,Core,3,马林康的Apple Watch
2a185732-456d-4d00-b536-a9fb67a51c74,2026-04-08T20:50:18Z,2026-04-08T20:57:17Z,REM,5,马林康的Apple Watch
678b7b07-a76e-4bd7-b64b-b49e86f0ff69,2026-04-08T20:57:17Z,2026-04-08T21:01:17Z,Awake,2,马林康的Apple Watch
d9167abb-925e-4cf9-a34e-2568a1f0ea3b,2026-04-08T21:00:00Z,2026-04-08T22:57:00Z,Asleep Unspecified,1,AutoSleep
5bf6659c-2110-447d-8f2e-8f23e1e39528,2026-04-08T21:01:17Z,2026-04-08T21:03:47Z,Core,3,马林康的Apple Watch
9663eb56-b859-4140-80e6-8ccc905eba27,2026-04-08T21:03:47Z,2026-04-08T21:04:47Z,Awake,2,马林康的Apple Watch
7b4280a9-2583-4f56-9406-8f2250f39ac2,2026-04-08T21:04:47Z,2026-04-08T22:15:42Z,Core,3,马林康的Apple Watch
56cc538b-067c-4ecb-9878-6da91fb4f96e,2026-04-08T22:15:42Z,2026-04-08T22:23:12Z,REM,5,马林康的Apple Watch
0a6dca9b-1725-4c15-b561-a5723beba1f1,2026-04-08T22:23:12Z,2026-04-08T22:26:11Z,Awake,2,马林康的Apple Watch
86d39076-b15e-48f0-8ab5-ec01e444259e,2026-04-08T22:26:11Z,2026-04-08T22:27:41Z,Core,3,马林康的Apple Watch
41133c1c-266c-4749-82f5-5a1e44abd210,2026-04-09T04:11:00Z,2026-04-09T04:31:00Z,Asleep Unspecified,1,AutoSleep
c347a324-448a-4b15-bae0-229925b00506,2026-04-09T04:11:00Z,2026-04-09T04:31:00Z,In Bed,0,AutoSleep
934f6a70-d5c1-423c-8c94-48dc9539a352,2026-04-10T16:16:00Z,2026-04-10T17:35:00Z,Asleep Unspecified,1,AutoSleep
d3f81978-59d3-431b-89a9-ede7e09f9fb9,2026-04-10T16:16:00Z,2026-04-11T02:17:00Z,In Bed,0,AutoSleep
4baeb543-cabd-4f61-af47-7790cd19cf62,2026-04-10T16:22:35Z,2026-04-10T16:54:33Z,Core,3,马林康的Apple Watch
c1527287-dd67-4c15-8bae-2f0383dfa00b,2026-04-10T16:54:33Z,2026-04-10T16:57:33Z,Deep,4,马林康的Apple Watch
97affc08-0f87-45fe-8696-4d924977738a,2026-04-10T16:57:33Z,2026-04-10T16:58:33Z,Awake,2,马林康的Apple Watch
7408e998-16a9-4ca1-9b64-8beea044a48f,2026-04-10T16:58:33Z,2026-04-10T17:08:32Z,Core,3,马林康的Apple Watch
6a3ce577-dfb6-404e-94ba-a80219ce17a2,2026-04-10T17:08:32Z,2026-04-10T17:20:02Z,Deep,4,马林康的Apple Watch
4dfd0067-15a8-4dbb-8890-4a8599163d1a,2026-04-10T17:20:02Z,2026-04-10T17:28:01Z,Core,3,马林康的Apple Watch
44d08113-7a8e-4e34-a906-9807315a0afb,2026-04-10T17:28:01Z,2026-04-10T17:28:31Z,Awake,2,马林康的Apple Watch
906a69c3-fa23-4184-a023-02e97b4f7402,2026-04-10T17:28:31Z,2026-04-10T17:35:01Z,Core,3,马林康的Apple Watch
9b87dcec-2483-4dde-849a-e20b0e0fec60,2026-04-10T17:35:01Z,2026-04-10T17:35:31Z,Awake,2,马林康的Apple Watch
c4d0c411-2f2e-4b05-acd1-5b926aa7c9be,2026-04-10T17:35:31Z,2026-04-10T17:37:30Z,Core,3,马林康的Apple Watch
7730231e-7b1a-477c-9766-02666f8a069b,2026-04-10T17:37:30Z,2026-04-10T17:45:00Z,Awake,2,马林康的Apple Watch
f24839dd-71e6-4e6d-aa15-cd5f0fbb41e4,2026-04-10T17:45:00Z,2026-04-10T18:23:27Z,Core,3,马林康的Apple Watch
5e532933-65de-444d-b703-63f742c6256d,2026-04-10T17:52:00Z,2026-04-10T23:56:00Z,Asleep Unspecified,1,AutoSleep
c912e1e2-2258-49ff-aaa7-6e3d1d53cdec,2026-04-10T18:23:27Z,2026-04-10T18:42:26Z,Deep,4,马林康的Apple Watch
eb6f2641-6bfa-4673-a3c5-e2e31b02d433,2026-04-10T18:42:26Z,2026-04-10T18:45:26Z,Core,3,马林康的Apple Watch
9d80eb25-7496-4215-8ee7-6d826709b4cf,2026-04-10T18:45:26Z,2026-04-10T19:05:25Z,REM,5,马林康的Apple Watch
5cae9909-73b1-4128-b0c2-32a6c79a44b6,2026-04-10T19:05:25Z,2026-04-10T19:08:24Z,Awake,2,马林康的Apple Watch
7a64a3d1-0986-4846-84ed-ceb464884941,2026-04-10T19:08:24Z,2026-04-10T19:24:53Z,Core,3,马林康的Apple Watch
ad8860e6-35f5-42c5-92d6-366007af1c72,2026-04-10T19:24:53Z,2026-04-10T19:27:53Z,Awake,2,马林康的Apple Watch
a8577144-26d5-42d6-b845-69fd9d002f08,2026-04-10T19:27:53Z,2026-04-10T19:57:51Z,Core,3,马林康的Apple Watch
8c1f5170-0596-4bf3-904a-d1fbd173b367,2026-04-10T19:57:51Z,2026-04-10T20:08:20Z,REM,5,马林康的Apple Watch
97375631-9df4-456e-b74a-d116d13f8cb1,2026-04-10T20:08:20Z,2026-04-10T20:10:20Z,Awake,2,马林康的Apple Watch
b931ab92-f210-43cb-9bdf-bae0f54a4d4c,2026-04-10T20:10:20Z,2026-04-10T20:52:17Z,Core,3,马林康的Apple Watch
58fc4bc0-5e28-4474-b9d2-a31966968abd,2026-04-10T20:52:17Z,2026-04-10T21:01:47Z,Deep,4,马林康的Apple Watch
7dd4c1be-5aee-4e0a-aec0-fd5ca43ed3d7,2026-04-10T21:01:47Z,2026-04-10T21:12:46Z,Core,3,马林康的Apple Watch
f408a431-80d7-407a-afae-a44d54bba291,2026-04-10T21:12:46Z,2026-04-10T21:14:16Z,Awake,2,马林康的Apple Watch
933586f1-2947-40f3-9a67-85fdf1de930a,2026-04-10T21:14:16Z,2026-04-10T21:25:15Z,Core,3,马林康的Apple Watch
93206d99-62ac-484b-a8f7-c2235b6bf13d,2026-04-10T21:25:15Z,2026-04-10T21:38:14Z,REM,5,马林康的Apple Watch
546d0d9b-7900-438d-b89e-1a604a69c114,2026-04-10T21:38:14Z,2026-04-10T21:40:14Z,Awake,2,马林康的Apple Watch
33066def-c02e-4afc-b84f-91a022c0e99b,2026-04-10T21:40:14Z,2026-04-10T21:45:44Z,REM,5,马林康的Apple Watch
cb529110-e1fe-4106-ac69-d4a998b55e02,2026-04-10T21:45:44Z,2026-04-10T21:51:43Z,Awake,2,马林康的Apple Watch
fb49b332-079b-40d0-ad4a-a9be0564e7d6,2026-04-10T21:51:43Z,2026-04-10T22:40:10Z,Core,3,马林康的Apple Watch
685c4896-ae22-4d24-90ee-b95b35cf9936,2026-04-10T22:40:10Z,2026-04-10T22:41:10Z,Awake,2,马林康的Apple Watch
139ee49a-3b75-41fa-9e45-52b688646f95,2026-04-10T22:41:10Z,2026-04-10T22:44:40Z,Core,3,马林康的Apple Watch
c06a9b53-cb53-4f80-8010-c21fe0d2b4db,2026-04-10T22:44:40Z,2026-04-10T22:54:39Z,REM,5,马林康的Apple Watch
8f41a79b-c9d4-4d69-9cf5-730c999c5ed5,2026-04-10T22:54:39Z,2026-04-10T22:57:09Z,Awake,2,马林康的Apple Watch
92df6ec5-66e5-4053-b7be-93cb662eafcf,2026-04-10T22:57:09Z,2026-04-10T22:58:39Z,Core,3,马林康的Apple Watch
20531fd4-566d-4ef6-bdf8-07043231f26b,2026-04-10T22:58:39Z,2026-04-10T23:00:39Z,REM,5,马林康的Apple Watch
0dcb38fb-7fd2-4696-817b-4875402e0bad,2026-04-10T23:00:39Z,2026-04-10T23:03:09Z,Core,3,马林康的Apple Watch
d859674d-907c-4153-8644-3d3e7e743efe,2026-04-10T23:03:09Z,2026-04-10T23:16:08Z,REM,5,马林康的Apple Watch
eb4e8067-6838-40f8-8e2c-03edde129f99,2026-04-10T23:16:08Z,2026-04-10T23:19:38Z,Awake,2,马林康的Apple Watch
b1ad2111-ece9-442b-a4ff-07f53f2c61a5,2026-04-10T23:19:38Z,2026-04-10T23:38:36Z,Core,3,马林康的Apple Watch
b609ad4e-23d5-4fe0-ae39-6cb4be43bc28,2026-04-10T23:38:36Z,2026-04-10T23:40:36Z,REM,5,马林康的Apple Watch
af7c5d62-843a-4b50-88f4-ad9796245ee4,2026-04-10T23:40:36Z,2026-04-11T00:01:35Z,Core,3,马林康的Apple Watch
84da84a8-d1f0-4207-b0c1-a278ec441613,2026-04-11T00:01:35Z,2026-04-11T00:02:35Z,Awake,2,马林康的Apple Watch
df4b691f-f889-4e66-a11d-56b7474089b5,2026-04-11T00:02:35Z,2026-04-11T00:07:35Z,Core,3,马林康的Apple Watch
acb07d28-db3f-43aa-9c28-e9e0d3d20e99,2026-04-11T00:07:35Z,2026-04-11T00:31:33Z,Awake,2,马林康的Apple Watch
067e756d-62a0-49e4-9ee2-832b8dee21c2,2026-04-11T00:22:00Z,2026-04-11T02:17:00Z,Asleep Unspecified,1,AutoSleep
2d0f18c5-714d-43ac-887b-ae5b763eee8e,2026-04-11T00:31:33Z,2026-04-11T00:35:03Z,Core,3,马林康的Apple Watch
ccccf4e7-33c8-40c9-9793-ea48c1f2fd01,2026-04-11T00:35:03Z,2026-04-11T01:04:31Z,REM,5,马林康的Apple Watch
b8513bc3-ff93-427c-8eaf-1edfee2e03b4,2026-04-11T01:04:31Z,2026-04-11T01:06:01Z,Awake,2,马林康的Apple Watch
40f743f5-36da-47c7-9929-275a61b27358,2026-04-11T01:06:01Z,2026-04-11T01:07:31Z,Core,3,马林康的Apple Watch
447fbcc5-e75b-439e-bc29-fa459d0d805d,2026-04-11T01:07:31Z,2026-04-11T01:08:31Z,Awake,2,马林康的Apple Watch
6c4793b8-ba9f-4f63-9b0a-51c4b4897b28,2026-04-11T01:08:31Z,2026-04-11T02:03:57Z,Core,3,马林康的Apple Watch
3018642d-6cb9-455c-8c40-c73ea1b197f4,2026-04-11T02:03:57Z,2026-04-11T02:12:26Z,REM,5,马林康的Apple Watch
70aa5447-bb8c-40e4-8a70-b21221ef86d3,2026-04-11T16:57:00Z,2026-04-11T23:00:00Z,In Bed,0,AutoSleep
9b4f32ee-24e1-459a-a200-cf5a2abb872f,2026-04-11T16:57:00Z,2026-04-11T23:00:00Z,Asleep Unspecified,1,AutoSleep
9acf5692-5c1d-4ca8-a90d-06d6f9515a5d,2026-04-11T17:03:37Z,2026-04-11T17:15:06Z,Core,3,马林康的Apple Watch
8564f5b5-3f82-4c41-9df0-eecd7f27df32,2026-04-11T17:15:06Z,2026-04-11T17:21:06Z,Awake,2,马林康的Apple Watch
0c6d7254-4cad-466d-95e1-1bfa99343df3,2026-04-11T17:21:06Z,2026-04-11T17:35:35Z,Core,3,马林康的Apple Watch
95120d59-0319-4ffd-8943-dea52fb6c9fe,2026-04-11T17:35:35Z,2026-04-11T18:00:03Z,Deep,4,马林康的Apple Watch
65763c2f-fcc4-47b7-8659-2163f04094a4,2026-04-11T18:00:03Z,2026-04-11T18:01:03Z,Awake,2,马林康的Apple Watch
68b049ea-9bce-4ab7-a123-7429d5b3d3ab,2026-04-11T18:01:03Z,2026-04-11T18:29:31Z,Core,3,马林康的Apple Watch
f654eccf-a3dc-4fe9-bea8-8d414f31565f,2026-04-11T18:29:31Z,2026-04-11T18:51:00Z,Deep,4,马林康的Apple Watch
90d10459-c0b1-4888-b689-6440f9f0ae8c,2026-04-11T18:51:00Z,2026-04-11T19:10:29Z,Core,3,马林康的Apple Watch
570eab36-4405-4181-bbd9-987b384b2f43,2026-04-11T19:10:29Z,2026-04-11T19:12:59Z,Awake,2,马林康的Apple Watch
5df5612d-df7d-43d8-9fb8-61ae6a04370e,2026-04-11T19:12:59Z,2026-04-11T19:21:28Z,Core,3,马林康的Apple Watch
1e550cfe-3093-4772-97da-8922aa47cc29,2026-04-11T19:21:28Z,2026-04-11T19:22:58Z,Awake,2,马林康的Apple Watch
3217448d-bcd8-4e08-a042-380356e013a5,2026-04-11T19:22:58Z,2026-04-11T19:28:28Z,Core,3,马林康的Apple Watch
d08ff043-6b20-498d-9b5f-930360bcfca3,2026-04-11T19:28:28Z,2026-04-11T19:42:27Z,REM,5,马林康的Apple Watch
b29fab72-a720-4844-8df0-1045efcaf218,2026-04-11T19:42:27Z,2026-04-11T19:46:26Z,Awake,2,马林康的Apple Watch
7b868661-ed4f-4631-84a4-3d97eaaa44c5,2026-04-11T19:46:26Z,2026-04-11T20:46:52Z,Core,3,马林康的Apple Watch
77d80eb9-4f3f-4e89-ba70-c5eb76571549,2026-04-11T20:46:52Z,2026-04-11T20:51:52Z,Deep,4,马林康的Apple Watch
69053b37-0b24-4ad3-868a-f98b94b54b6e,2026-04-11T20:51:52Z,2026-04-11T20:58:52Z,Core,3,马林康的Apple Watch
d600d5b3-8f48-4cad-bdea-4b1f671b8002,2026-04-11T20:58:52Z,2026-04-11T21:02:51Z,REM,5,马林康的Apple Watch
bc0a9e2a-c96a-445c-95bb-cc4fcedf7b90,2026-04-11T21:02:51Z,2026-04-11T21:05:21Z,Core,3,马林康的Apple Watch
f638a23f-7e8b-450b-9e74-ebdabb660128,2026-04-11T21:05:21Z,2026-04-11T21:19:50Z,REM,5,马林康的Apple Watch
58c5e6c5-2f09-4eb2-9895-f39c8e5a65d0,2026-04-11T21:19:50Z,2026-04-11T21:20:50Z,Awake,2,马林康的Apple Watch
b718a721-a99f-459f-8b2f-c15b6ad1b1d2,2026-04-11T21:20:50Z,2026-04-11T22:13:17Z,Core,3,马林康的Apple Watch
072514fd-eee1-4713-9007-db13fca003b0,2026-04-11T22:13:17Z,2026-04-11T22:16:16Z,Awake,2,马林康的Apple Watch
89a76c8a-8d3b-4c72-89f5-2eea4395c430,2026-04-11T22:16:16Z,2026-04-11T22:22:46Z,Core,3,马林康的Apple Watch
9ea15c6b-6868-4bf0-bf43-960275ea508d,2026-04-11T22:22:46Z,2026-04-11T22:39:15Z,REM,5,马林康的Apple Watch
1e1c4d9a-6b7e-49cd-8816-0cf899676511,2026-04-12T18:47:00Z,2026-04-12T22:59:00Z,In Bed,0,AutoSleep
9a96d29d-c867-4423-a372-16a49b3f6cab,2026-04-12T18:47:00Z,2026-04-12T20:49:00Z,Asleep Unspecified,1,AutoSleep
805647a4-c9e2-4355-a6a7-26e60fb03ce8,2026-04-12T18:51:47Z,2026-04-12T19:08:15Z,Core,3,马林康的Apple Watch
a65ef83a-99c4-42ee-8a97-c2a63057cf1d,2026-04-12T19:08:15Z,2026-04-12T19:11:45Z,Deep,4,马林康的Apple Watch
7ef99bc4-f326-4a0c-9d76-1e1bdccd6955,2026-04-12T19:11:45Z,2026-04-12T19:38:13Z,Core,3,马林康的Apple Watch
35f6d07b-5840-4e24-ab21-ae03235d7805,2026-04-12T19:38:13Z,2026-04-12T19:40:13Z,Awake,2,马林康的Apple Watch
99e5da4b-fe83-4301-a157-00cbccb970a0,2026-04-12T19:40:13Z,2026-04-12T20:21:11Z,Core,3,马林康的Apple Watch
e94024ad-0b22-4105-befb-57a8c0a117da,2026-04-12T20:21:11Z,2026-04-12T20:36:10Z,Deep,4,马林康的Apple Watch
302e3420-bc81-423f-ab53-e7027a28be9d,2026-04-12T20:36:10Z,2026-04-12T20:39:09Z,Awake,2,马林康的Apple Watch
fd2a71d7-f867-4520-9981-54f3065d7dac,2026-04-12T20:39:09Z,2026-04-12T20:48:39Z,Core,3,马林康的Apple Watch
aeafe101-6d59-4572-98a8-5dc32a8cddc6,2026-04-12T20:48:39Z,2026-04-12T20:49:09Z,REM,5,马林康的Apple Watch
85ce6fd4-fd63-47f6-8be0-ed2a61eb1cde,2026-04-12T20:49:09Z,2026-04-12T20:50:09Z,Core,3,马林康的Apple Watch
9c5dff85-d0fe-43ab-a469-97bbcf2e4b21,2026-04-12T20:50:09Z,2026-04-12T20:51:39Z,Awake,2,马林康的Apple Watch
da48a90e-8df8-412d-82b3-03277cc6a7ed,2026-04-12T20:51:39Z,2026-04-12T20:52:08Z,Core,3,马林康的Apple Watch
05515b2e-b330-4dac-af73-16818bcd20c3,2026-04-12T20:52:08Z,2026-04-12T21:10:37Z,REM,5,马林康的Apple Watch
3b1a8257-25ab-48e8-a972-73adfb01835a,2026-04-12T21:00:00Z,2026-04-12T22:59:00Z,Asleep Unspecified,1,AutoSleep
27b41f7e-8169-4d5a-a2fd-c5cc95bc1246,2026-04-12T21:10:37Z,2026-04-12T21:11:37Z,Awake,2,马林康的Apple Watch
7eb29fa0-9dc8-4e76-8a9a-e2384cd1b36f,2026-04-12T21:11:37Z,2026-04-12T21:54:34Z,Core,3,马林康的Apple Watch
6f6867b3-0268-4d9a-93b7-d75bc2c554a2,2026-04-12T21:54:34Z,2026-04-12T22:05:03Z,Deep,4,马林康的Apple Watch
c303811a-81fa-4a1d-89f5-da6d5955b04c,2026-04-12T22:05:03Z,2026-04-12T22:12:33Z,Core,3,马林康的Apple Watch
cdeffbc7-b119-4b07-b9db-790089faf0f5,2026-04-12T22:12:33Z,2026-04-12T22:29:02Z,REM,5,马林康的Apple Watch
61c88075-f8e3-4520-b066-83befd777919,2026-04-12T22:29:02Z,2026-04-12T22:39:31Z,Core,3,马林康的Apple Watch
dcf7ca08-adb5-478f-89c0-5a59de79ef0d,2026-04-12T22:39:31Z,2026-04-12T22:41:31Z,Awake,2,马林康的Apple Watch
015767e6-7ed7-4073-baac-603ab4c6e942,2026-04-12T22:41:31Z,2026-04-12T22:49:30Z,Core,3,马林康的Apple Watch
2dfcc2f2-d503-4143-b14b-7140d9dd8804,2026-04-13T14:30:00Z,2026-04-13T22:30:00Z,In Bed,0,AutoSleep
789987cd-e73a-48cf-b0be-e63641a75a8d,2026-04-13T14:30:00Z,2026-04-13T15:04:00Z,Asleep Unspecified,1,AutoSleep
f6cfa71f-2002-4ed9-a094-235ede498796,2026-04-13T16:30:00Z,2026-04-13T17:57:00Z,Asleep Unspecified,1,AutoSleep
1d3ba555-17b0-4b28-9f1f-5e8792d7d6ce,2026-04-13T16:40:47Z,2026-04-13T16:54:46Z,Core,3,马林康的Apple Watch
62f74990-93ea-4b46-b8cf-05dcb5f0e078,2026-04-13T16:54:46Z,2026-04-13T17:12:15Z,Deep,4,马林康的Apple Watch
0bb53903-63ab-466b-8e11-09c2ef708670,2026-04-13T17:12:15Z,2026-04-13T17:13:45Z,Awake,2,马林康的Apple Watch
2d39771b-d919-4506-898d-6d234b4c6665,2026-04-13T17:13:45Z,2026-04-13T17:32:44Z,Core,3,马林康的Apple Watch
1f20339e-200d-4c1c-924d-c3ae757a7fe5,2026-04-13T17:32:44Z,2026-04-13T17:36:13Z,Deep,4,马林康的Apple Watch
c5aa4433-9de0-4be6-83c8-6287012cdd95,2026-04-13T17:36:13Z,2026-04-13T17:41:13Z,Core,3,马林康的Apple Watch
03e7a5a0-aef3-48f0-904b-1afc6891ba1b,2026-04-13T17:41:13Z,2026-04-13T17:56:42Z,Deep,4,马林康的Apple Watch
594f6e28-092b-4c31-83c1-ee3deb125eec,2026-04-13T17:56:42Z,2026-04-13T18:01:42Z,Awake,2,马林康的Apple Watch
1ee3ca26-37f2-4b38-82a2-c48114cc8bfc,2026-04-13T17:58:00Z,2026-04-13T20:29:00Z,Asleep Unspecified,1,AutoSleep
2c207671-fbc9-4866-86fd-dac8678a3c69,2026-04-13T18:01:42Z,2026-04-13T18:43:39Z,Core,3,马林康的Apple Watch
3f484e78-3d11-495b-9ec7-a7cc4cabd61a,2026-04-13T18:43:39Z,2026-04-13T19:07:37Z,Deep,4,马林康的Apple Watch
adb0b78c-2a89-438c-ad56-bdc442d74d2e,2026-04-13T19:07:37Z,2026-04-13T19:10:37Z,Awake,2,马林康的Apple Watch
7524a95a-a95b-4856-a14e-a1eb9dee72b8,2026-04-13T19:10:37Z,2026-04-13T19:50:34Z,Core,3,马林康的Apple Watch
c41473d0-a65c-4fa7-84a8-ab74e22ed723,2026-04-13T19:50:34Z,2026-04-13T20:34:01Z,REM,5,马林康的Apple Watch
8a32b522-85b8-4233-9575-cf39011d6548,2026-04-13T20:34:01Z,2026-04-13T20:39:31Z,Core,3,马林康的Apple Watch
5937e325-564e-4537-92b9-32332f801291,2026-04-13T20:39:31Z,2026-04-13T20:44:00Z,Awake,2,马林康的Apple Watch
24d770a1-64f6-411a-84a9-c941bd430a56,2026-04-13T20:43:00Z,2026-04-13T22:30:00Z,Asleep Unspecified,1,AutoSleep
45bc577f-0ff2-49cd-b943-3714aed1e47c,2026-04-13T20:44:00Z,2026-04-13T21:25:28Z,Core,3,马林康的Apple Watch
43fb14a7-352c-4f67-bc29-f06e19590aad,2026-04-13T21:25:28Z,2026-04-13T21:27:28Z,Awake,2,马林康的Apple Watch
dcf7e7a6-daed-45bd-bcb0-a5100548c3ff,2026-04-13T21:27:28Z,2026-04-13T21:31:27Z,Core,3,马林康的Apple Watch
370945d0-5ee8-4a25-acec-2bb9c9f0f081,2026-04-13T21:31:27Z,2026-04-13T21:56:56Z,REM,5,马林康的Apple Watch
4a2ba585-6a70-43a2-9e1b-dd35b45e9ecf,2026-04-13T21:56:56Z,2026-04-13T21:57:26Z,Awake,2,马林康的Apple Watch
82278172-24c8-4439-9bd0-6a933b9207d4,2026-04-13T21:57:26Z,2026-04-13T22:01:25Z,Core,3,马林康的Apple Watch
e3ce0d9e-45b0-40c8-80ae-c545e7d3f87a,2026-04-13T22:01:25Z,2026-04-13T22:04:25Z,Awake,2,马林康的Apple Watch
0e58abaf-0cb8-41e5-8554-e363745f9745,2026-04-13T22:04:25Z,2026-04-13T22:30:23Z,Core,3,马林康的Apple Watch
a53c7203-eb31-4017-9048-303621ebece9,2026-04-13T22:30:23Z,2026-04-13T22:32:53Z,Awake,2,马林康的Apple Watch
7cde25b0-af3d-42db-8a66-4b0f99842238,2026-04-13T22:32:53Z,2026-04-13T22:40:23Z,Core,3,马林康的Apple Watch
96b1bdd7-a4d5-4fb6-ab0e-0f36c9177556,2026-04-15T16:30:00Z,2026-04-15T23:33:00Z,In Bed,0,AutoSleep
cee14739-acaa-4d03-92cc-abff8f0e5d98,2026-04-15T16:30:00Z,2026-04-15T17:10:00Z,Asleep Unspecified,1,AutoSleep
649a3e9e-ace3-40a2-af9f-d57f0260b196,2026-04-15T16:37:25Z,2026-04-15T16:55:53Z,Core,3,马林康的Apple Watch
81dead03-6953-43bf-9358-750655dd8436,2026-04-15T16:55:53Z,2026-04-15T17:10:52Z,Deep,4,马林康的Apple Watch
c8a23143-5d66-4c73-b02c-fb03001bb3e8,2026-04-15T17:10:52Z,2026-04-15T17:12:22Z,Awake,2,马林康的Apple Watch
16351374-9f5b-402b-9d05-d925c55ef84f,2026-04-15T17:12:22Z,2026-04-15T17:13:22Z,Core,3,马林康的Apple Watch
05fe3efd-9870-4b32-9ea3-45f6ef7c4986,2026-04-15T17:13:22Z,2026-04-15T17:15:52Z,Awake,2,马林康的Apple Watch
aa9c4bde-3893-44e0-8c24-7b303e074a62,2026-04-15T17:15:00Z,2026-04-15T22:04:00Z,Asleep Unspecified,1,AutoSleep
5dd7273d-d506-4229-b4c9-8e5e35138b9e,2026-04-15T17:15:52Z,2026-04-15T17:41:20Z,Core,3,马林康的Apple Watch
fe10405c-ac11-4d6c-92f5-be340722211f,2026-04-15T17:41:20Z,2026-04-15T17:47:50Z,Deep,4,马林康的Apple Watch
57496912-29aa-4f6c-b16d-7bbd7d95a406,2026-04-15T17:47:50Z,2026-04-15T17:51:20Z,Awake,2,马林康的Apple Watch
7df18956-7349-4df2-abec-486bb8057fac,2026-04-15T17:51:20Z,2026-04-15T18:07:49Z,Core,3,马林康的Apple Watch
f8075dd2-a687-4f96-979f-669884eb7253,2026-04-15T18:07:49Z,2026-04-15T18:11:48Z,Awake,2,马林康的Apple Watch
bc6ba258-2062-4a91-b862-727cae2f0ba5,2026-04-15T18:11:48Z,2026-04-15T18:29:17Z,Core,3,马林康的Apple Watch
17c17984-eee4-4e84-bc5c-7fe8929b594d,2026-04-15T18:29:17Z,2026-04-15T18:37:47Z,Deep,4,马林康的Apple Watch
4430618c-7a91-4c88-864e-1896d8a767ed,2026-04-15T18:37:47Z,2026-04-15T18:38:46Z,Awake,2,马林康的Apple Watch
5427bd91-14ca-413a-8ecd-7a835a4a05f5,2026-04-15T18:38:46Z,2026-04-15T19:23:14Z,Core,3,马林康的Apple Watch
cf09f26c-8cbf-443b-bddc-bbb51ef45178,2026-04-15T19:23:14Z,2026-04-15T19:24:43Z,Awake,2,马林康的Apple Watch
525497c5-27fe-4de4-8956-366b00bd53d0,2026-04-15T19:24:43Z,2026-04-15T19:29:13Z,Core,3,马林康的Apple Watch
c56a76c3-a89e-41ce-ad94-b110d864dce3,2026-04-15T19:29:13Z,2026-04-15T19:29:43Z,REM,5,马林康的Apple Watch
5b9152c8-70cd-44ea-977d-611af61cdc05,2026-04-15T19:29:43Z,2026-04-15T19:31:43Z,Core,3,马林康的Apple Watch
afd448aa-a068-4477-a970-7a51bf722580,2026-04-15T19:31:43Z,2026-04-15T19:42:42Z,REM,5,马林康的Apple Watch
18ca9071-031f-437c-8ab1-34759ab09037,2026-04-15T19:42:42Z,2026-04-15T19:43:12Z,Core,3,马林康的Apple Watch
17037d60-c36c-4880-92f3-240fd77ad326,2026-04-15T19:43:12Z,2026-04-15T19:47:42Z,REM,5,马林康的Apple Watch
8af562c3-1e81-4811-9df0-ae3c30a4a540,2026-04-15T19:47:42Z,2026-04-15T20:48:08Z,Core,3,马林康的Apple Watch
071fd397-be01-419c-9a7f-7ae4d51bbd3d,2026-04-15T20:48:08Z,2026-04-15T20:50:38Z,REM,5,马林康的Apple Watch
ca236c2d-47c1-47f0-938c-c920af1458c1,2026-04-15T20:50:38Z,2026-04-15T21:07:07Z,Core,3,马林康的Apple Watch
c573ec3e-dbe9-4220-a28b-4291f43e900d,2026-04-15T21:07:07Z,2026-04-15T21:07:37Z,Awake,2,马林康的Apple Watch
46d94964-964d-4859-b8e3-2c0772ee50f8,2026-04-15T21:07:37Z,2026-04-15T21:39:05Z,Core,3,马林康的Apple Watch
f10ee4a4-741e-4312-a971-0fbfc3d8478d,2026-04-15T21:39:05Z,2026-04-15T21:51:34Z,Deep,4,马林康的Apple Watch
7b958a71-f31b-4ad8-ad51-c5d3cc35b246,2026-04-15T21:51:34Z,2026-04-15T21:52:04Z,Awake,2,马林康的Apple Watch
5ce63557-5b26-4313-9535-c8f81f28747c,2026-04-15T21:52:04Z,2026-04-15T22:02:33Z,Core,3,马林康的Apple Watch
87440ba1-8854-49a8-b54c-a7d5a8e4657b,2026-04-15T22:02:33Z,2026-04-15T22:28:31Z,REM,5,马林康的Apple Watch
335d7d29-4582-44fe-a930-cefe60d6933a,2026-04-15T22:27:00Z,2026-04-15T23:33:00Z,Asleep Unspecified,1,AutoSleep
7b4b236c-2fd5-4980-a4f1-ccbe396664e5,2026-04-15T22:28:31Z,2026-04-15T22:30:31Z,Awake,2,马林康的Apple Watch
32644b0b-01f9-449c-ada0-a20160cc44f6,2026-04-15T22:30:31Z,2026-04-15T22:31:31Z,Core,3,马林康的Apple Watch
a35f46ab-106a-4a90-9785-4a1f8e95904d,2026-04-15T22:31:31Z,2026-04-15T22:40:00Z,REM,5,马林康的Apple Watch
c9836d3b-3363-4b66-a2f0-26c75a6c95f0,2026-04-15T22:40:00Z,2026-04-15T22:41:30Z,Awake,2,马林康的Apple Watch
f62f2ed9-f84f-41b9-a0b2-75c366091305,2026-04-15T22:41:30Z,2026-04-15T23:10:28Z,Core,3,马林康的Apple Watch
9ae0bd50-d52c-41e9-a0c8-5af0cc042758,2026-04-16T16:54:25Z,2026-04-16T17:30:53Z,Asleep Unspecified,1,马林康的Apple Watch
ab5328bc-29a5-47af-8a2f-03a06708a59c,2026-04-16T17:30:53Z,2026-04-16T17:32:53Z,Awake,2,马林康的Apple Watch
754b5d53-fd01-4a28-9f47-40c2cd84c426,2026-04-16T17:32:53Z,2026-04-16T17:56:51Z,Asleep Unspecified,1,马林康的Apple Watch
e0ea06b3-e6b6-44d0-914d-bb5b95de0764,2026-04-16T17:56:51Z,2026-04-16T17:57:21Z,Awake,2,马林康的Apple Watch
6f90d210-ed2d-4810-9d5a-f68b0132572b,2026-04-16T17:57:21Z,2026-04-16T18:06:50Z,Asleep Unspecified,1,马林康的Apple Watch
a9795baf-accd-4c26-863b-1a1f9e52db11,2026-04-16T18:06:50Z,2026-04-16T18:14:20Z,Awake,2,马林康的Apple Watch
61e9d1d1-ce01-4438-b885-5526976d1636,2026-04-16T18:14:20Z,2026-04-16T18:23:49Z,Asleep Unspecified,1,马林康的Apple Watch
499764d1-ab8c-4d62-bb0c-e78ec7f5796c,2026-04-17T17:05:00Z,2026-04-17T17:25:29Z,Core,3,马林康的Apple Watch
9d50fd3b-b3bf-465b-b661-7cab0e53bfed,2026-04-17T17:12:00Z,2026-04-18T00:37:00Z,In Bed,0,AutoSleep
fdd0daaa-11eb-4f1d-8def-9d187ea82850,2026-04-17T17:12:00Z,2026-04-17T21:45:00Z,Asleep Unspecified,1,AutoSleep
699ae048-9d6d-430f-9630-ecaeff94fb8a,2026-04-17T17:25:29Z,2026-04-17T17:30:59Z,Deep,4,马林康的Apple Watch
074dde9a-2761-4550-ab8d-78fe46d46d54,2026-04-17T17:30:59Z,2026-04-17T17:49:27Z,Core,3,马林康的Apple Watch
39833785-a85d-49a4-a723-057c473c2bc1,2026-04-17T17:49:27Z,2026-04-17T18:09:56Z,Deep,4,马林康的Apple Watch
a23ab188-8913-4da5-a59d-2ebc7b73a6c3,2026-04-17T18:09:56Z,2026-04-17T18:20:55Z,Core,3,马林康的Apple Watch
f2b0d3a1-a5e1-495c-9bae-6c0b08300aa8,2026-04-17T18:20:55Z,2026-04-17T18:22:55Z,REM,5,马林康的Apple Watch
efefdda3-53b9-445b-947b-0d462609e7d1,2026-04-17T18:22:55Z,2026-04-17T18:27:25Z,Core,3,马林康的Apple Watch
40c56466-946f-44bc-b1b4-a7daf697132f,2026-04-17T18:27:25Z,2026-04-17T18:36:54Z,REM,5,马林康的Apple Watch
b5839c5f-dbf0-4085-9722-fafc56046627,2026-04-17T18:36:54Z,2026-04-17T18:37:24Z,Core,3,马林康的Apple Watch
b156c106-49a7-4c03-92d0-41711d3ba30b,2026-04-17T18:37:24Z,2026-04-17T18:38:24Z,Awake,2,马林康的Apple Watch
6ff31cef-c056-4c3d-8fc6-cbcaa3dc86b7,2026-04-17T18:38:24Z,2026-04-17T19:01:23Z,Core,3,马林康的Apple Watch
d8ff0116-cd40-4774-976a-81424382a86b,2026-04-17T19:01:23Z,2026-04-17T19:04:22Z,Deep,4,马林康的Apple Watch
6a3da47f-1f5e-441f-97a5-73b1e4f65266,2026-04-17T19:04:22Z,2026-04-17T19:05:52Z,Awake,2,马林康的Apple Watch
bcd5ac37-7e46-4ac8-84fd-6f9fe7d4ac57,2026-04-17T19:05:52Z,2026-04-17T19:10:52Z,Core,3,马林康的Apple Watch
6cedabf6-29df-4558-9471-a9690ac0ee70,2026-04-17T19:10:52Z,2026-04-17T19:12:22Z,Awake,2,马林康的Apple Watch
8f7500ec-e347-422f-aab0-820b1206c898,2026-04-17T19:12:22Z,2026-04-17T19:48:49Z,Core,3,马林康的Apple Watch
45f243cd-dec3-4f0b-b5b3-5daeda094470,2026-04-17T19:48:49Z,2026-04-17T19:49:19Z,Awake,2,马林康的Apple Watch
1b1698d5-5111-43d0-982a-c3717ce89709,2026-04-17T19:49:19Z,2026-04-17T20:04:48Z,Core,3,马林康的Apple Watch
09fa787e-6c76-40c5-8c46-1207440a593f,2026-04-17T20:04:48Z,2026-04-17T20:05:48Z,Awake,2,马林康的Apple Watch
3b9f41cd-fa6e-4e8a-b75a-3ee52aa46729,2026-04-17T20:05:48Z,2026-04-17T20:07:18Z,Core,3,马林康的Apple Watch
b141e329-393a-46ec-8191-3ba78dcb38c3,2026-04-17T20:07:18Z,2026-04-17T20:22:47Z,REM,5,马林康的Apple Watch
a1e1669d-88a1-4f61-b504-cf008377d1f9,2026-04-17T20:22:47Z,2026-04-17T20:23:47Z,Awake,2,马林康的Apple Watch
316c4f30-f637-4747-ad41-bb6931c84bf3,2026-04-17T20:23:47Z,2026-04-17T20:52:45Z,Core,3,马林康的Apple Watch
b9689386-c487-4782-8394-dca31e472a50,2026-04-17T20:52:45Z,2026-04-17T20:54:15Z,Awake,2,马林康的Apple Watch
ba3e5697-68be-4598-baff-d2aaf29118d0,2026-04-17T20:54:15Z,2026-04-17T21:41:42Z,Core,3,马林康的Apple Watch
14a405f6-71ec-4e7a-b0d7-841ef9030d42,2026-04-17T21:41:42Z,2026-04-17T21:57:11Z,REM,5,马林康的Apple Watch
b33e0c4a-d7ae-4224-8dbc-efcbcf8e704d,2026-04-17T21:57:11Z,2026-04-17T21:59:40Z,Core,3,马林康的Apple Watch
c4c1dd17-901d-45fb-be9f-c02852c61e6d,2026-04-17T21:59:40Z,2026-04-17T22:04:40Z,REM,5,马林康的Apple Watch
a5962d4f-ccc5-4d74-8704-141c846b16ce,2026-04-17T22:04:40Z,2026-04-17T22:05:10Z,Core,3,马林康的Apple Watch
7ae2761a-7f58-43cd-a7e4-50a7062801ed,2026-04-17T22:05:10Z,2026-04-17T22:11:10Z,Awake,2,马林康的Apple Watch
a71d89ac-742a-4c1a-9b1c-f32e1b1693e6,2026-04-17T22:11:10Z,2026-04-17T22:14:39Z,Core,3,马林康的Apple Watch
e0e716ec-a25d-442e-ba4e-d16a959e8563,2026-04-17T22:14:39Z,2026-04-17T22:22:39Z,REM,5,马林康的Apple Watch
92914e6b-8526-4640-867f-09ccc6038a18,2026-04-17T22:21:00Z,2026-04-18T00:37:00Z,Asleep Unspecified,1,AutoSleep
4bba9c0c-a529-4c4f-8060-9ef197983739,2026-04-17T22:22:39Z,2026-04-17T22:33:08Z,Core,3,马林康的Apple Watch
a24cf706-e83b-4a8b-945c-ea614c640536,2026-04-17T22:33:08Z,2026-04-17T22:35:38Z,Awake,2,马林康的Apple Watch
42606018-afd4-48e3-8d4f-87da2533f0f5,2026-04-17T22:35:38Z,2026-04-17T23:11:36Z,Core,3,马林康的Apple Watch
62f717bc-0c4a-4081-a2bb-c1c3e41fee73,2026-04-17T23:11:36Z,2026-04-17T23:14:06Z,Awake,2,马林康的Apple Watch
2e5c2ca7-ef92-4e99-b7fd-d7be7c6749c2,2026-04-17T23:14:06Z,2026-04-17T23:18:35Z,Core,3,马林康的Apple Watch
4c5901ab-179e-46ac-a5da-cd1105bb4c45,2026-04-17T23:18:35Z,2026-04-17T23:57:33Z,REM,5,马林康的Apple Watch
d57a9aa6-7e01-43f1-800b-7466612902dd,2026-04-17T23:57:33Z,2026-04-17T23:58:03Z,Core,3,马林康的Apple Watch
36050074-c105-452d-ab00-3536e06631ce,2026-04-17T23:58:03Z,2026-04-17T23:59:33Z,Awake,2,马林康的Apple Watch
d2b7718e-cc2c-48c1-947b-8c78ceb90ce9,2026-04-17T23:59:33Z,2026-04-18T00:29:01Z,Core,3,马林康的Apple Watch
f1e4583e-090b-4e88-9abe-e660fb922dad,2026-04-18T00:29:01Z,2026-04-18T00:32:30Z,Awake,2,马林康的Apple Watch
3c0eaf18-9bba-4168-aa90-ff3578605c27,2026-04-18T00:32:30Z,2026-04-18T00:36:30Z,Core,3,马林康的Apple Watch
a5482ef9-0074-4877-8f9a-a728ff7cbfcb,2026-04-18T15:10:00Z,2026-04-19T00:58:00Z,In Bed,0,AutoSleep
bf69fb78-4db0-4c0f-ae5a-761f4c66df62,2026-04-18T15:10:00Z,2026-04-18T23:40:00Z,Asleep Unspecified,1,AutoSleep
023f7771-8f30-48e7-94c7-1fb736b782f1,2026-04-18T15:24:38Z,2026-04-18T15:31:38Z,Core,3,马林康的Apple Watch
e9626773-36df-40a2-8a05-d6825d89978b,2026-04-18T15:31:38Z,2026-04-18T15:35:07Z,Awake,2,马林康的Apple Watch
bde9c381-fc92-4e02-88cc-66d794d21f58,2026-04-18T15:35:07Z,2026-04-18T15:46:37Z,Core,3,马林康的Apple Watch
5d06ce77-cbac-430e-ac57-e2963eec24d2,2026-04-18T15:46:37Z,2026-04-18T15:55:06Z,Deep,4,马林康的Apple Watch
d3070b11-b1ca-4cd2-85ee-78a99e2b7cda,2026-04-18T15:55:06Z,2026-04-18T16:09:05Z,Awake,2,马林康的Apple Watch
bc2b9a4e-b365-4b63-b51a-b2677a3594b2,2026-04-18T16:09:05Z,2026-04-18T16:19:05Z,Core,3,马林康的Apple Watch
acf2ee00-b1f1-4c22-8012-728ccd4cc89a,2026-04-18T16:19:05Z,2026-04-18T16:22:34Z,Awake,2,马林康的Apple Watch
a24fd1e0-6914-4e9e-acba-32fddc2dd70e,2026-04-18T16:22:34Z,2026-04-18T16:37:03Z,Core,3,马林康的Apple Watch
33437f52-55b9-4641-872a-3a3efdcc4083,2026-04-18T16:37:03Z,2026-04-18T16:38:33Z,Awake,2,马林康的Apple Watch
e70c9a21-a0d0-4413-9283-629ffcf7144e,2026-04-18T16:38:33Z,2026-04-18T16:51:32Z,Core,3,马林康的Apple Watch
8f1a7813-b0ce-4c1c-ab0b-e6409bdf9576,2026-04-18T16:51:32Z,2026-04-18T16:52:32Z,Awake,2,马林康的Apple Watch
d94345d6-1e5a-4f5c-9efd-48f7475f3c7f,2026-04-18T16:52:32Z,2026-04-18T17:07:01Z,Core,3,马林康的Apple Watch
88c31719-b5a1-4d09-9a1e-b46f5fbb75d6,2026-04-18T17:07:01Z,2026-04-18T17:25:30Z,Deep,4,马林康的Apple Watch
7fe66027-b79b-4de0-90fc-407d42cd8753,2026-04-18T17:25:30Z,2026-04-18T17:36:59Z,Core,3,马林康的Apple Watch
246df909-297c-44b9-bc9f-887f1ddab063,2026-04-18T17:36:59Z,2026-04-18T17:39:59Z,Deep,4,马林康的Apple Watch
f9218941-f022-412b-a535-0d51cfd028f6,2026-04-18T17:39:59Z,2026-04-18T18:04:27Z,Core,3,马林康的Apple Watch
c83dbdab-bbfb-40bb-86a0-b08114c99f7d,2026-04-18T18:04:27Z,2026-04-18T18:12:57Z,Deep,4,马林康的Apple Watch
c870c630-fabe-4a43-b341-1b8c1bdd3c8a,2026-04-18T18:12:57Z,2026-04-18T18:22:56Z,Core,3,马林康的Apple Watch
892ce85b-0a2a-482b-bfad-d148d7527124,2026-04-18T18:22:56Z,2026-04-18T18:30:26Z,REM,5,马林康的Apple Watch
ffba750c-443c-4481-a81c-e0682b072bc5,2026-04-18T18:30:26Z,2026-04-18T18:31:26Z,Awake,2,马林康的Apple Watch
d86041f4-2ab3-488e-9030-ef433e9ef529,2026-04-18T18:31:26Z,2026-04-18T18:31:56Z,Core,3,马林康的Apple Watch
6530feb4-812c-43b5-8b30-316eab14e492,2026-04-18T18:31:56Z,2026-04-18T18:34:25Z,REM,5,马林康的Apple Watch
bde7eb6d-88fb-47b5-ac28-00668a79c29e,2026-04-18T18:34:25Z,2026-04-18T18:35:25Z,Core,3,马林康的Apple Watch
fa681dbc-967b-41a3-91f6-6808a4cab819,2026-04-18T18:35:25Z,2026-04-18T18:45:25Z,REM,5,马林康的Apple Watch
32063e99-a657-49ca-a271-a1917bee32ba,2026-04-18T18:45:25Z,2026-04-18T19:49:50Z,Core,3,马林康的Apple Watch
4100991e-0156-4e25-a30e-bc9eb47cf242,2026-04-18T19:49:50Z,2026-04-18T20:01:19Z,REM,5,马林康的Apple Watch
c0351516-5732-4b87-b51c-30e81e872ffe,2026-04-18T20:01:19Z,2026-04-18T20:02:19Z,Awake,2,马林康的Apple Watch
682950ae-3564-4640-bbf9-de436cbfa988,2026-04-18T20:02:19Z,2026-04-18T20:03:49Z,REM,5,马林康的Apple Watch
b3cdf222-780c-4ad9-9512-f400404a38df,2026-04-18T20:03:49Z,2026-04-18T20:06:19Z,Awake,2,马林康的Apple Watch
956015ad-6828-42ee-922f-60fa9fa4ef6b,2026-04-18T20:06:19Z,2026-04-18T20:20:18Z,Core,3,马林康的Apple Watch
bf99de4a-5a4b-4210-88d3-72e7a4b7515f,2026-04-18T20:20:18Z,2026-04-18T20:31:17Z,Awake,2,马林康的Apple Watch
8768f18e-6577-474b-aab1-c275b4600ebc,2026-04-18T20:31:17Z,2026-04-18T21:00:45Z,Core,3,马林康的Apple Watch
85c2c82e-fe6d-4be5-8721-56cafd47a3dd,2026-04-18T21:00:45Z,2026-04-18T21:01:15Z,Awake,2,马林康的Apple Watch
68771011-0132-4828-a0f7-85f31c8b78aa,2026-04-18T21:01:15Z,2026-04-18T21:43:42Z,Core,3,马林康的Apple Watch
06ffef7e-7085-4278-a9a9-d1901ebe149d,2026-04-18T21:43:42Z,2026-04-18T21:45:42Z,Awake,2,马林康的Apple Watch
cfdf576a-a18d-46a5-bc18-4d0e466903de,2026-04-18T21:45:42Z,2026-04-18T21:53:12Z,Core,3,马林康的Apple Watch
9bde8619-c957-484a-8f68-0402d6672a7f,2026-04-18T21:53:12Z,2026-04-18T21:59:11Z,REM,5,马林康的Apple Watch
d5c1ab1f-e850-4181-a444-440a76bd438f,2026-04-18T21:59:11Z,2026-04-18T21:59:41Z,Core,3,马林康的Apple Watch
3d963649-30ec-48fd-a8f9-a74658ded197,2026-04-18T21:59:41Z,2026-04-18T22:04:41Z,Awake,2,马林康的Apple Watch
46fda155-5606-4d94-b767-e2741e95abfc,2026-04-18T22:04:41Z,2026-04-18T22:07:11Z,REM,5,马林康的Apple Watch
b7be3641-1977-4f2a-a7e5-6580ebc68027,2026-04-18T22:07:11Z,2026-04-18T22:11:11Z,Awake,2,马林康的Apple Watch
6487bec0-0752-4ef9-ac82-08796a7029ae,2026-04-18T22:11:11Z,2026-04-18T22:12:40Z,Core,3,马林康的Apple Watch
dd5f16a9-a160-48a0-93dc-611dc9d103b5,2026-04-18T22:12:40Z,2026-04-18T22:16:10Z,Awake,2,马林康的Apple Watch
d72d4963-1866-479f-bda8-9b273fe8ff14,2026-04-18T22:16:10Z,2026-04-18T22:18:10Z,Core,3,马林康的Apple Watch
7c227efe-9cc1-4dbe-a8b6-bc762fc26411,2026-04-18T22:18:10Z,2026-04-18T22:21:10Z,Awake,2,马林康的Apple Watch
8676d9ac-1b4e-4fd1-af1b-71be6a6ed3ec,2026-04-18T22:21:10Z,2026-04-18T22:24:10Z,Core,3,马林康的Apple Watch
3997e6b2-c7eb-4b2e-bf26-03fc6941b6e1,2026-04-18T22:24:10Z,2026-04-18T22:25:10Z,REM,5,马林康的Apple Watch
6c2efa8e-423c-4652-abd4-f1426a1c6345,2026-04-18T22:25:10Z,2026-04-18T22:27:09Z,Core,3,马林康的Apple Watch
d583ce50-6ddb-4267-b90d-455f77acf9bd,2026-04-18T22:27:09Z,2026-04-18T22:29:09Z,REM,5,马林康的Apple Watch
9374bfea-7cf9-4aed-8af4-9ea5faf15cb6,2026-04-18T22:29:09Z,2026-04-18T22:39:39Z,Core,3,马林康的Apple Watch
0fbeaadb-a8c0-4f05-83e6-ccb04a876950,2026-04-18T22:39:39Z,2026-04-18T22:42:38Z,Awake,2,马林康的Apple Watch
35c1cbce-d7f5-4392-8934-48e6c580767c,2026-04-18T22:42:38Z,2026-04-18T23:29:05Z,Core,3,马林康的Apple Watch
00993de8-7b28-476b-b877-69c0c0d8db1b,2026-04-18T23:29:05Z,2026-04-18T23:40:35Z,REM,5,马林康的Apple Watch
3f0dbb57-bf8e-47eb-a515-881dbd359c22,2026-04-18T23:40:35Z,2026-04-18T23:43:04Z,Awake,2,马林康的Apple Watch
6c233454-b278-4331-a32e-d127640c4cc0,2026-04-18T23:43:04Z,2026-04-18T23:47:34Z,REM,5,马林康的Apple Watch
8b260027-0bac-42a0-bd91-094369c328c0,2026-04-18T23:45:00Z,2026-04-19T00:58:00Z,Asleep Unspecified,1,AutoSleep
957cd34c-feea-47b4-b3be-29baa56365a9,2026-04-18T23:47:34Z,2026-04-18T23:51:04Z,Awake,2,马林康的Apple Watch
83c1f553-2843-41e5-b88e-4fb2c6e30cb3,2026-04-18T23:51:04Z,2026-04-19T00:16:32Z,Core,3,马林康的Apple Watch
3647b227-167b-4d58-8bfc-f07bb7636783,2026-04-20T16:40:00Z,2026-04-20T23:00:00Z,In Bed,0,AutoSleep
9ae749c3-9945-4c77-aa1a-c3388643b875,2026-04-20T16:40:00Z,2026-04-20T23:00:00Z,Asleep Unspecified,1,AutoSleep
bd9e47e8-dfeb-4d91-a0cf-71348e8f8bbb,2026-04-20T16:44:25Z,2026-04-20T16:57:24Z,Core,3,马林康的Apple Watch
2d1b1d44-a245-43ac-966b-49401c52e291,2026-04-20T16:57:24Z,2026-04-20T17:04:24Z,Deep,4,马林康的Apple Watch
efaa6308-a8d2-4bcc-adba-d6325e377414,2026-04-20T17:04:24Z,2026-04-20T17:10:53Z,Core,3,马林康的Apple Watch
b5e3d44c-61dd-452a-8c35-5faf9fce3a15,2026-04-20T17:10:53Z,2026-04-20T17:22:22Z,Deep,4,马林康的Apple Watch
56242a5b-2122-4370-bea3-1adcdc58353d,2026-04-20T17:22:22Z,2026-04-20T17:24:22Z,Awake,2,马林康的Apple Watch
88f507e4-c997-402a-91a0-cee3d554dfe7,2026-04-20T17:24:22Z,2026-04-20T17:32:52Z,Core,3,马林康的Apple Watch
dc407a74-dc1e-45d3-8493-4d438301a69d,2026-04-20T17:32:52Z,2026-04-20T17:35:22Z,Deep,4,马林康的Apple Watch
c378b359-9699-436d-952a-1d0d82bb49f6,2026-04-20T17:35:22Z,2026-04-20T17:42:51Z,Core,3,马林康的Apple Watch
359e8c9d-cd15-40a9-ac0b-0e2a4c1e63f7,2026-04-20T17:42:51Z,2026-04-20T17:51:21Z,REM,5,马林康的Apple Watch
af48101d-1af0-4258-b13b-d35cb2d2e8ed,2026-04-20T17:51:21Z,2026-04-20T17:52:20Z,Awake,2,马林康的Apple Watch
3c4be42f-cd26-40ad-b521-4711a2d6437f,2026-04-20T17:52:20Z,2026-04-20T18:17:19Z,Core,3,马林康的Apple Watch
092f445a-d7d5-408f-8fb8-9d07fa880753,2026-04-20T18:17:19Z,2026-04-20T18:36:47Z,Deep,4,马林康的Apple Watch
a64b8fc7-a295-4f18-b742-e6e3f11baa38,2026-04-20T18:36:47Z,2026-04-20T18:38:47Z,Awake,2,马林康的Apple Watch
01aa1b7f-7a2a-42ab-87a3-be1d8c6207f4,2026-04-20T18:38:47Z,2026-04-20T18:50:17Z,Core,3,马林康的Apple Watch
7a62abb8-0e51-4ba9-8956-67a2aa105755,2026-04-20T18:50:17Z,2026-04-20T18:53:46Z,Awake,2,马林康的Apple Watch
cb4bdac6-e124-4fec-9ef8-0b7f4bc980b7,2026-04-20T18:53:46Z,2026-04-20T19:18:45Z,Core,3,马林康的Apple Watch
ba62ba9c-4d03-4279-b89a-b0deaaacb719,2026-04-20T19:18:45Z,2026-04-20T19:42:43Z,REM,5,马林康的Apple Watch
90cf17dc-3c01-45ab-965a-bee22d5d31e0,2026-04-20T19:42:43Z,2026-04-20T19:46:13Z,Core,3,马林康的Apple Watch
b79fa3c5-31ea-4952-a160-19c3492d94ab,2026-04-20T19:46:13Z,2026-04-20T19:48:43Z,Awake,2,马林康的Apple Watch
2dab1f8d-3dae-4d68-85f0-42c91c587dda,2026-04-20T19:48:43Z,2026-04-20T20:31:40Z,Core,3,马林康的Apple Watch
0393a5db-9ea3-4c9b-bbac-edb3ce91f9fa,2026-04-20T20:31:40Z,2026-04-20T20:32:10Z,Awake,2,马林康的Apple Watch
d53081ea-f6e7-4aa3-a6d8-556a9e82572f,2026-04-20T20:32:10Z,2026-04-20T21:01:08Z,Core,3,马林康的Apple Watch
2cfaac57-4616-40d9-bd65-666e4cb96e75,2026-04-20T21:01:08Z,2026-04-20T21:01:38Z,Deep,4,马林康的Apple Watch
14f530e8-81c7-4d6c-8054-98961d551147,2026-04-20T21:01:38Z,2026-04-20T21:07:37Z,Core,3,马林康的Apple Watch
24427d30-7d0b-49da-b2d3-80e5e98bc7c7,2026-04-20T21:07:37Z,2026-04-20T21:10:37Z,REM,5,马林康的Apple Watch
95e15104-fe20-4d53-ae52-80da37a33fa8,2026-04-20T21:10:37Z,2026-04-20T21:15:37Z,Awake,2,马林康的Apple Watch
57152d1b-fc20-4bd7-9e9a-b9056d966fe0,2026-04-20T21:15:37Z,2026-04-20T21:17:36Z,Core,3,马林康的Apple Watch
bfe23a10-51c8-4392-a86e-1c6712b350a4,2026-04-20T21:17:36Z,2026-04-20T21:49:34Z,REM,5,马林康的Apple Watch
b5548686-d427-40f8-9e86-56b18b4cddc8,2026-04-20T21:49:34Z,2026-04-20T21:53:34Z,Core,3,马林康的Apple Watch
de5909bf-0bb4-4565-ae16-3c43bfe94548,2026-04-20T21:53:34Z,2026-04-20T21:54:34Z,Awake,2,马林康的Apple Watch
14ec4f8c-7819-49ec-915f-fd79e5459f72,2026-04-20T21:54:34Z,2026-04-20T22:20:02Z,Core,3,马林康的Apple Watch
a2cc9fa5-fb1a-4a72-87dc-7119e0a78ddf,2026-04-20T22:20:02Z,2026-04-20T22:20:32Z,Awake,2,马林康的Apple Watch
2451e9a1-2511-46ef-bbba-7cf0ee7a200f,2026-04-20T22:20:32Z,2026-04-20T22:49:00Z,Core,3,马林康的Apple Watch
5dfaae5c-d127-402e-a7c9-d0a482532f62,2026-04-21T04:55:00Z,2026-04-21T06:02:00Z,Asleep Unspecified,1,AutoSleep
8b9377fa-212c-4707-a59a-7d75e934c817,2026-04-21T04:55:00Z,2026-04-21T06:02:00Z,In Bed,0,AutoSleep
32075b1c-69f7-4fec-b39c-61f6b9a135ea,2026-04-21T15:51:00Z,2026-04-21T20:07:00Z,Asleep Unspecified,1,AutoSleep
f4a381a4-95db-4a90-a9ef-b89d3d383ef6,2026-04-21T15:51:00Z,2026-04-21T23:01:00Z,In Bed,0,AutoSleep
0b24f25a-a797-4531-9002-0e32ee92be77,2026-04-21T15:58:25Z,2026-04-21T16:33:53Z,Core,3,马林康的Apple Watch
05c497d2-34fc-4c30-9f87-0f413ca8caa6,2026-04-21T16:33:53Z,2026-04-21T16:46:52Z,Deep,4,马林康的Apple Watch
32e04469-eb8c-427c-92df-eefe586a3d53,2026-04-21T16:46:52Z,2026-04-21T16:49:22Z,Awake,2,马林康的Apple Watch
bfadff3d-348e-4ac3-b1c7-eb36a8af022c,2026-04-21T16:49:22Z,2026-04-21T17:03:21Z,Core,3,马林康的Apple Watch
d57eea0c-9ff5-4169-8c82-1dd85112af8b,2026-04-21T17:03:21Z,2026-04-21T17:17:20Z,Deep,4,马林康的Apple Watch
abd27cf5-a536-4c07-8d3f-3462e16c597e,2026-04-21T17:17:20Z,2026-04-21T17:22:20Z,Core,3,马林康的Apple Watch
da11dde7-00a9-48d2-affd-c794fd4cd130,2026-04-21T17:22:20Z,2026-04-21T17:43:19Z,REM,5,马林康的Apple Watch
d62651cd-9e90-426c-90eb-49ebf4c4d1af,2026-04-21T17:43:19Z,2026-04-21T18:09:17Z,Core,3,马林康的Apple Watch
3c3c8b0c-d4bb-4f46-a08c-f36a2b12c1ec,2026-04-21T18:09:17Z,2026-04-21T18:21:46Z,Deep,4,马林康的Apple Watch
b7d44cec-bda7-416c-8051-9dac58af0764,2026-04-21T18:21:46Z,2026-04-21T18:24:46Z,Awake,2,马林康的Apple Watch
cf6f7535-ffec-47d5-9258-c496361c6c75,2026-04-21T18:24:46Z,2026-04-21T18:54:44Z,Core,3,马林康的Apple Watch
b7d7ec02-14a6-4534-912a-c14fb00c076d,2026-04-21T18:54:44Z,2026-04-21T18:57:44Z,Awake,2,马林康的Apple Watch
b7a010f4-cbf3-4b59-bf48-ee440011b586,2026-04-21T18:57:44Z,2026-04-21T19:07:13Z,Core,3,马林康的Apple Watch
3917883e-f50b-4144-b4e7-a95535bdc5f2,2026-04-21T19:07:13Z,2026-04-21T19:11:13Z,Awake,2,马林康的Apple Watch
8636dcb8-81ea-4a9e-bb91-32a8cd758c7f,2026-04-21T19:11:13Z,2026-04-21T19:14:13Z,Core,3,马林康的Apple Watch
f9950572-ede1-4697-a9b6-8d531f429ac8,2026-04-21T19:14:13Z,2026-04-21T19:16:42Z,REM,5,马林康的Apple Watch
0ca90938-af9e-4b46-a1bc-e27ba07b5e25,2026-04-21T19:16:42Z,2026-04-21T19:18:42Z,Awake,2,马林康的Apple Watch
7b0ba2be-f9de-47e8-954c-bb55ffc992a8,2026-04-21T19:18:42Z,2026-04-21T19:23:42Z,Core,3,马林康的Apple Watch
b1acf027-c2b7-4134-b6a4-05b0bfae089e,2026-04-21T19:23:42Z,2026-04-21T19:33:41Z,Awake,2,马林康的Apple Watch
e8dc6619-d153-42ab-b232-f45d8e87a8d5,2026-04-21T19:33:41Z,2026-04-21T20:04:39Z,Core,3,马林康的Apple Watch
234263b7-f7c7-49d5-b5d4-ae0432704514,2026-04-21T20:04:39Z,2026-04-21T20:05:09Z,Deep,4,马林康的Apple Watch
ed327b50-eb60-43ff-8b8b-4a3db2148287,2026-04-21T20:05:09Z,2026-04-21T20:06:09Z,Core,3,马林康的Apple Watch
66bc2e66-5bda-4f15-a2e3-f98ae8859fa8,2026-04-21T20:06:09Z,2026-04-21T20:10:09Z,Awake,2,马林康的Apple Watch
cf09a1bb-da9e-4ad7-9188-bdb83f95a2ee,2026-04-21T20:10:09Z,2026-04-21T20:11:09Z,Core,3,马林康的Apple Watch
2d129d7f-be38-46b8-a302-1fb984a31940,2026-04-21T20:11:09Z,2026-04-21T20:15:38Z,Awake,2,马林康的Apple Watch
b42ca93c-5c5e-4865-9632-1daa847f4da9,2026-04-21T20:15:00Z,2026-04-21T23:01:00Z,Asleep Unspecified,1,AutoSleep
73781073-4d78-4368-83a6-aa748098f3ab,2026-04-21T20:15:38Z,2026-04-21T20:45:06Z,Core,3,马林康的Apple Watch
c16d11d2-32bb-4a5f-aa95-7c0bab5a1bb3,2026-04-21T20:45:06Z,2026-04-21T21:36:33Z,REM,5,马林康的Apple Watch
59e6e1cc-87ce-49d1-bb2f-0fba1ab788aa,2026-04-21T21:36:33Z,2026-04-21T21:38:33Z,Core,3,马林康的Apple Watch
0e146476-4c0f-48a5-b8f0-d0ae094f730d,2026-04-21T21:38:33Z,2026-04-21T21:50:32Z,REM,5,马林康的Apple Watch
647f99c1-ac40-4d46-9841-07d99e0dc580,2026-04-21T21:50:32Z,2026-04-21T22:03:01Z,Core,3,马林康的Apple Watch
9b5e4bcd-1e30-434c-881d-375f56a8047d,2026-04-21T22:03:01Z,2026-04-21T22:06:01Z,Awake,2,马林康的Apple Watch
4c10f9a8-854f-45df-b8f6-006597918e92,2026-04-21T22:06:01Z,2026-04-21T22:18:00Z,Core,3,马林康的Apple Watch
20198ee0-a498-45ab-8bb4-15f54eb74022,2026-04-21T22:18:00Z,2026-04-21T22:22:30Z,Awake,2,马林康的Apple Watch
9a76203b-5613-4863-be27-86d11f6ede4e,2026-04-21T22:22:30Z,2026-04-21T22:30:59Z,Core,3,马林康的Apple Watch
94ac6ed9-5424-4131-867f-ad34c8f99f37,2026-04-22T16:30:00Z,2026-04-23T01:33:00Z,In Bed,0,AutoSleep
cc473add-0120-4327-806b-5754c23a395e,2026-04-22T16:30:00Z,2026-04-22T22:56:00Z,Asleep Unspecified,1,AutoSleep
694f5f82-3b96-47fb-b920-28e9be3da9ea,2026-04-22T16:37:29Z,2026-04-22T17:03:57Z,Core,3,马林康的Apple Watch
a9c9c3e9-053f-4674-becf-a0b9b5c13ced,2026-04-22T17:03:57Z,2026-04-22T17:15:26Z,Deep,4,马林康的Apple Watch
7f390998-536d-48fe-8a14-d211db673b19,2026-04-22T17:15:26Z,2026-04-22T17:15:56Z,Awake,2,马林康的Apple Watch
43f8ac38-83bd-4f34-9f4c-e6aa43bc71f2,2026-04-22T17:15:56Z,2026-04-22T17:25:26Z,Core,3,马林康的Apple Watch
f86eee44-d468-4645-a98e-b3fc524a5efd,2026-04-22T17:25:26Z,2026-04-22T17:27:26Z,Awake,2,马林康的Apple Watch
bdc66506-50a1-449f-892a-90756e1672fe,2026-04-22T17:27:26Z,2026-04-22T17:43:24Z,Core,3,马林康的Apple Watch
ded939aa-5e65-4e13-80ff-a1e30eb1d824,2026-04-22T17:43:24Z,2026-04-22T17:45:54Z,Deep,4,马林康的Apple Watch
37788b23-8c0e-4add-a874-64898f05b921,2026-04-22T17:45:54Z,2026-04-22T17:52:24Z,Core,3,马林康的Apple Watch
162eea05-6df2-4da2-b019-fba4dc9e43d6,2026-04-22T17:52:24Z,2026-04-22T18:04:53Z,REM,5,马林康的Apple Watch
3832ee08-4167-4be6-8528-fd891b7d279a,2026-04-22T18:04:53Z,2026-04-22T18:05:53Z,Awake,2,马林康的Apple Watch
7da750f9-7b83-475c-bf22-c156adf02234,2026-04-22T18:05:53Z,2026-04-22T18:24:52Z,Core,3,马林康的Apple Watch
04754c40-c661-4f67-8bfe-537a0a4c4cf0,2026-04-22T18:24:52Z,2026-04-22T18:25:52Z,Awake,2,马林康的Apple Watch
e2d471fe-1429-4f6f-8f28-ed7f99467bc4,2026-04-22T18:25:52Z,2026-04-22T18:42:50Z,Core,3,马林康的Apple Watch
3d77204b-701e-433a-bc45-348355cfa38d,2026-04-22T18:42:50Z,2026-04-22T18:52:50Z,Deep,4,马林康的Apple Watch
3a281b30-5234-424b-9ac4-fe8d624acf0f,2026-04-22T18:52:50Z,2026-04-22T18:56:49Z,Core,3,马林康的Apple Watch
392ac272-595e-410a-b15e-02d8f2565b98,2026-04-22T18:56:49Z,2026-04-22T18:57:49Z,Awake,2,马林康的Apple Watch
a015c6d0-05d3-453a-8dac-370df6bc02ac,2026-04-22T18:57:49Z,2026-04-22T19:21:18Z,Core,3,马林康的Apple Watch
0f781a29-ac30-4f3e-8fd1-8a584d138395,2026-04-22T19:21:18Z,2026-04-22T19:37:17Z,Deep,4,马林康的Apple Watch
2232929e-dadd-42e0-ab11-c6be3bbedcab,2026-04-22T19:37:17Z,2026-04-22T19:55:15Z,REM,5,马林康的Apple Watch
168c7f9a-d36e-468d-b589-8a1da3f291d3,2026-04-22T19:55:15Z,2026-04-22T19:57:15Z,Awake,2,马林康的Apple Watch
1442c23b-41f8-49b3-9110-96b4164ce6a4,2026-04-22T19:57:15Z,2026-04-22T20:35:43Z,Core,3,马林康的Apple Watch
01f1d4ae-5e37-4bad-9fe5-5d834fdc61f0,2026-04-22T20:35:43Z,2026-04-22T20:49:42Z,Deep,4,马林康的Apple Watch
b116d8fa-36cd-40bd-bc57-46959a3eb166,2026-04-22T20:49:42Z,2026-04-22T21:00:41Z,Core,3,马林康的Apple Watch
f9a04ffc-d466-445e-a74f-804359a3e1bb,2026-04-22T21:00:41Z,2026-04-22T21:09:40Z,REM,5,马林康的Apple Watch
1293a9d1-33e3-4230-b21b-ea8187610330,2026-04-22T21:09:40Z,2026-04-22T21:14:10Z,Core,3,马林康的Apple Watch
4fa3854a-bd72-4c17-b5ca-ffe45bac0363,2026-04-22T21:14:10Z,2026-04-22T21:20:40Z,REM,5,马林康的Apple Watch
70a9dd1c-57a8-49e2-97e1-765bf9b82b27,2026-04-22T21:20:40Z,2026-04-22T21:24:10Z,Awake,2,马林康的Apple Watch
47bc53fa-3f33-4e02-b91d-be0317de7ff3,2026-04-22T21:24:10Z,2026-04-22T21:43:08Z,Core,3,马林康的Apple Watch
3899f7d8-57b6-4f95-b13c-daa4e3b4d976,2026-04-22T21:43:08Z,2026-04-22T21:44:38Z,Awake,2,马林康的Apple Watch
abae28b2-e0f1-45d4-8bb0-ca49ae42fbbd,2026-04-22T21:44:38Z,2026-04-22T22:45:34Z,Core,3,马林康的Apple Watch
6e7f4f43-9039-4019-93a7-4759516bbcab,2026-04-22T22:45:34Z,2026-04-22T22:56:33Z,REM,5,马林康的Apple Watch
277e0a21-a2d0-4fc8-85de-702feeb8b561,2026-04-22T22:56:33Z,2026-04-22T23:38:01Z,Awake,2,马林康的Apple Watch
b4c735ef-3c0b-4b34-93a7-7c92de482edc,2026-04-22T23:00:00Z,2026-04-23T01:33:00Z,Asleep Unspecified,1,AutoSleep
2de226c7-1861-4d92-b50e-3569b954f5e0,2026-04-22T23:38:01Z,2026-04-22T23:39:01Z,Core,3,马林康的Apple Watch
f003f5fe-ebeb-4893-9813-d4a340931f63,2026-04-22T23:39:01Z,2026-04-22T23:41:01Z,Awake,2,马林康的Apple Watch
12024339-8012-43f4-8206-6eabfb961cd0,2026-04-22T23:41:01Z,2026-04-23T00:20:28Z,Core,3,马林康的Apple Watch
e59ee36a-7dc7-4e16-9785-e4ff2fa09632,2026-04-23T00:20:28Z,2026-04-23T00:21:28Z,Awake,2,马林康的Apple Watch
c40ff714-02c8-4cc2-90e0-210b362a8101,2026-04-23T00:21:28Z,2026-04-23T00:23:28Z,Core,3,马林康的Apple Watch
8658c8b0-4528-4ac9-bb03-9814f6419e01,2026-04-23T00:23:28Z,2026-04-23T00:46:26Z,REM,5,马林康的Apple Watch
7f4e169a-d290-4948-a9c6-361b8b24fe05,2026-04-23T00:46:26Z,2026-04-23T00:47:26Z,Awake,2,马林康的Apple Watch
04fa8de0-176d-497c-8e95-175947d49a75,2026-04-23T00:47:26Z,2026-04-23T01:19:54Z,Core,3,马林康的Apple Watch
f1cd0e7f-3523-4026-96b3-4b53287d0602,2026-04-23T01:19:54Z,2026-04-23T01:21:54Z,Awake,2,马林康的Apple Watch
9515353a-f011-4f0c-9ab2-f1fe6e097b1c,2026-04-23T01:21:54Z,2026-04-23T01:23:24Z,Core,3,马林康的Apple Watch
c1aac345-5bcf-455a-863c-d44fa0bed8a9,2026-04-23T01:23:24Z,2026-04-23T01:26:24Z,Awake,2,马林康的Apple Watch
37b953fc-aca1-4f03-a5e1-e55574e62566,2026-04-23T01:26:24Z,2026-04-23T01:33:53Z,Core,3,马林康的Apple Watch
005f80af-f7d5-4489-bc0a-06adb9056389,2026-04-23T17:15:00Z,2026-04-23T23:00:00Z,In Bed,0,AutoSleep
a73460e6-6355-4a8d-b955-01ea31985c74,2026-04-23T17:15:00Z,2026-04-23T19:03:00Z,Asleep Unspecified,1,AutoSleep
31849bc7-6070-45ca-9c3d-f2e624f60cff,2026-04-23T17:39:07Z,2026-04-23T18:03:06Z,Core,3,马林康的Apple Watch
3bba67f0-0b9f-40ca-b854-8eab5917f5b8,2026-04-23T18:03:06Z,2026-04-23T18:14:35Z,Deep,4,马林康的Apple Watch
c8d6c158-1837-411a-b6df-ab4d424af31a,2026-04-23T18:14:35Z,2026-04-23T18:41:33Z,Core,3,马林康的Apple Watch
68725df8-b047-4df1-870c-03be983791a0,2026-04-23T18:41:33Z,2026-04-23T18:42:03Z,Awake,2,马林康的Apple Watch
b5fde703-b5c1-42b0-87a5-73ce04cc66e5,2026-04-23T18:42:03Z,2026-04-23T18:45:03Z,Core,3,马林康的Apple Watch
e4f08b83-a5b7-431e-9e4e-f1e6b59373b1,2026-04-23T18:45:03Z,2026-04-23T19:03:32Z,REM,5,马林康的Apple Watch
d0ab6e41-5626-4277-8ade-0ebf055c5729,2026-04-23T19:03:32Z,2026-04-23T19:06:32Z,Awake,2,马林康的Apple Watch
98eb63b4-34b5-4fb4-b767-85ed09f9a210,2026-04-23T19:06:32Z,2026-04-23T19:13:01Z,Core,3,马林康的Apple Watch
e5246591-1369-46a1-a3bc-6a6f81018d71,2026-04-23T19:13:01Z,2026-04-23T19:15:31Z,Awake,2,马林康的Apple Watch
aad86c59-4557-4045-98b3-230b2897bd29,2026-04-23T19:14:00Z,2026-04-23T23:00:00Z,Asleep Unspecified,1,AutoSleep
90bf41c5-8723-4c1e-94a9-67d88b1e4605,2026-04-23T19:15:31Z,2026-04-23T19:39:59Z,Core,3,马林康的Apple Watch
8a57ea83-c972-4f47-91f1-e8c7eefd4375,2026-04-23T19:39:59Z,2026-04-23T20:09:28Z,Deep,4,马林康的Apple Watch
0d302ba9-c75a-445d-be55-1e046a3773fe,2026-04-23T20:09:28Z,2026-04-23T20:31:56Z,Core,3,马林康的Apple Watch
85d8c7d6-66bd-43f6-91cf-81cca183286e,2026-04-23T20:31:56Z,2026-04-23T20:39:55Z,REM,5,马林康的Apple Watch
e37a9df3-897c-4f7f-9d63-fe6bba9e6c94,2026-04-23T20:39:55Z,2026-04-23T20:41:25Z,Awake,2,马林康的Apple Watch
d9099615-c002-4f62-8504-b3e52b0fd320,2026-04-23T20:41:25Z,2026-04-23T20:55:54Z,REM,5,马林康的Apple Watch
62bc2978-408a-478f-ab86-89c453c2bee9,2026-04-23T20:55:54Z,2026-04-23T21:36:52Z,Core,3,马林康的Apple Watch
4f67ffb6-00c3-4919-8c22-2baac5efe67e,2026-04-23T21:36:52Z,2026-04-23T21:38:51Z,Awake,2,马林康的Apple Watch
fa1b8da0-98d7-43c6-b557-8e2d94d52b74,2026-04-23T21:38:51Z,2026-04-23T22:02:50Z,Core,3,马林康的Apple Watch
bf2e0ef4-b0cc-4d0d-9faa-c829d24c4d0e,2026-04-23T22:02:50Z,2026-04-23T22:28:18Z,REM,5,马林康的Apple Watch
6bc10b98-8e9c-4a3d-89e4-86e844780ad7,2026-04-24T05:27:00Z,2026-04-24T06:03:00Z,In Bed,0,AutoSleep
efba02b2-7482-49e1-9e0a-ab4d3e596d59,2026-04-24T05:27:00Z,2026-04-24T06:03:00Z,Asleep Unspecified,1,AutoSleep
8119b924-0805-492d-b60f-cea7e6f4faf1,2026-04-24T11:15:00Z,2026-04-24T11:30:00Z,Asleep Unspecified,1,AutoSleep
a7637adb-29a3-4bae-b1f6-458845b8a09f,2026-04-24T11:15:00Z,2026-04-24T11:30:00Z,In Bed,0,AutoSleep
dbe06031-d54c-428e-ab21-55dde20d3f9b,2026-04-24T17:22:15Z,2026-04-24T17:25:15Z,Core,3,马林康的Apple Watch
3cf9d700-5090-4cdd-bb9f-ab21a8db2421,2026-04-24T17:25:15Z,2026-04-24T17:28:15Z,Awake,2,马林康的Apple Watch
84341eff-22f9-43c7-96d5-ebaf9dbed04e,2026-04-24T17:28:15Z,2026-04-24T17:29:45Z,Core,3,马林康的Apple Watch
8f6d3da0-d9c0-49fc-a1ec-5ab8a1b4820b,2026-04-24T17:29:45Z,2026-04-24T17:30:15Z,Awake,2,马林康的Apple Watch
aaa23b35-e552-4a76-b2ea-91009e122418,2026-04-24T17:30:15Z,2026-04-24T17:43:14Z,Core,3,马林康的Apple Watch
0104431e-4047-4983-88ea-ca5c91824fc8,2026-04-24T17:43:14Z,2026-04-24T17:53:13Z,Deep,4,马林康的Apple Watch
115477da-cf00-417c-83f9-03aa93fe2586,2026-04-24T17:53:13Z,2026-04-24T18:00:12Z,Awake,2,马林康的Apple Watch
fc2220e7-4c45-483c-a4e4-1226b2a08ca1,2026-04-24T18:00:12Z,2026-04-24T18:06:42Z,Core,3,马林康的Apple Watch
279b8a1f-4631-4d27-9e60-387f51a9323d,2026-04-24T18:06:42Z,2026-04-24T18:07:12Z,Awake,2,马林康的Apple Watch
b4741bb4-511f-4bd1-8802-7f4599840767,2026-04-24T18:07:12Z,2026-04-24T18:14:11Z,Core,3,马林康的Apple Watch
c1db5634-b595-491e-a0ea-d02598f780f7,2026-04-24T18:14:11Z,2026-04-24T18:16:41Z,Deep,4,马林康的Apple Watch
1410a337-9683-4858-8677-cf9a35559908,2026-04-24T18:16:41Z,2026-04-24T18:20:11Z,Awake,2,马林康的Apple Watch
c9a21f9c-51f2-40e1-9fbd-3f39cb5d83ee,2026-04-24T18:20:11Z,2026-04-24T18:31:10Z,Core,3,马林康的Apple Watch
e0e75e38-6e81-49a8-b1b3-d66b004753d7,2026-04-24T18:31:10Z,2026-04-24T18:35:10Z,Awake,2,马林康的Apple Watch
7fe026de-ffe7-480d-80b3-28c5e3a6f920,2026-04-24T18:35:10Z,2026-04-24T18:41:39Z,Core,3,马林康的Apple Watch
19fc3f76-33cf-4a75-b28c-4babb957c2d1,2026-04-24T18:41:39Z,2026-04-24T18:42:39Z,Deep,4,马林康的Apple Watch
1c54ce10-7da5-490b-8001-050baa678b49,2026-04-24T18:42:39Z,2026-04-24T19:11:07Z,Core,3,马林康的Apple Watch
8e52c8c4-e401-4ff4-a46f-c86af899f7f2,2026-04-24T19:11:07Z,2026-04-24T19:51:34Z,Deep,4,马林康的Apple Watch
4a3ce78a-2f18-4371-8970-a44d07a045bc,2026-04-24T19:51:34Z,2026-04-24T19:53:04Z,Awake,2,马林康的Apple Watch
28665f06-21eb-4cf9-b991-245a2647f411,2026-04-24T19:53:04Z,2026-04-24T20:48:29Z,Core,3,马林康的Apple Watch
9addf462-f510-4d27-920b-df7bb088ffa8,2026-04-24T20:48:29Z,2026-04-24T20:49:29Z,Awake,2,马林康的Apple Watch
35f11dbf-39dd-4866-b274-219d4712f13a,2026-04-24T20:49:29Z,2026-04-24T20:58:59Z,Core,3,马林康的Apple Watch
8560bb8e-be10-459e-a212-9460ab9c81aa,2026-04-24T20:58:59Z,2026-04-24T21:04:28Z,REM,5,马林康的Apple Watch
d5b77a3e-5af8-4fd1-af63-2c84e1ee70ad,2026-04-24T21:04:28Z,2026-04-24T22:16:52Z,Core,3,马林康的Apple Watch
f6411d3e-b926-486c-a405-16550648fca6,2026-04-24T22:16:52Z,2026-04-24T22:18:52Z,Awake,2,马林康的Apple Watch
ca15c2f7-512e-436a-87fc-25d925932f18,2026-04-24T22:18:52Z,2026-04-24T22:28:52Z,Core,3,马林康的Apple Watch
2c426fdc-201f-45b6-a862-2cee589f32b9,2026-04-24T22:28:52Z,2026-04-24T22:32:21Z,Awake,2,马林康的Apple Watch
5fc44d54-9b81-41ec-8699-8d4b14ce413d,2026-04-24T22:32:21Z,2026-04-24T22:39:21Z,Core,3,马林康的Apple Watch
393fbf7b-f5b0-4f9f-82af-83e4d378d9bd,2026-04-24T22:39:21Z,2026-04-24T22:43:20Z,Awake,2,马林康的Apple Watch
3efbb83a-1cf7-4716-bb59-a60ea3c945ab,2026-04-24T22:43:20Z,2026-04-24T22:54:20Z,Core,3,马林康的Apple Watch
e2097eaf-74be-4b0a-a4e3-0fccc3d277ce,2026-04-24T22:54:20Z,2026-04-24T22:54:50Z,Awake,2,马林康的Apple Watch
0db039e1-cb8e-428e-89c2-66fb57966af6,2026-04-24T22:54:50Z,2026-04-24T22:57:19Z,Core,3,马林康的Apple Watch
97be5f5f-1644-4bd3-803a-f4acec0dcd2f,2026-04-24T22:57:19Z,2026-04-24T23:15:18Z,Awake,2,马林康的Apple Watch
c2557c05-4501-4ce5-a35b-cbac116a74ab,2026-04-24T23:15:18Z,2026-04-24T23:56:45Z,Core,3,马林康的Apple Watch
aad82a03-b303-49b3-a40b-69cf32eb8648,2026-04-24T23:56:45Z,2026-04-25T00:03:44Z,REM,5,马林康的Apple Watch
64d23fa9-55cb-4325-bb46-50425ea66af4,2026-04-25T00:03:44Z,2026-04-25T00:10:44Z,Awake,2,马林康的Apple Watch
77ae83e8-fc22-4cbe-a865-cb50041ac201,2026-04-25T00:10:44Z,2026-04-25T00:12:14Z,REM,5,马林康的Apple Watch
74a6a5e1-6fa1-4c3b-84af-21ce875747a8,2026-04-25T16:30:00Z,2026-04-25T23:15:00Z,Asleep Unspecified,1,AutoSleep
e32f602a-b0cf-464e-966f-364eb49ddc9d,2026-04-25T16:30:00Z,2026-04-25T23:15:00Z,In Bed,0,AutoSleep
1ba0770a-8904-4fd0-a891-e385afc822ee,2026-04-25T16:35:24Z,2026-04-25T16:49:54Z,Core,3,马林康的Apple Watch
6cd4c324-e5a3-44b2-98db-45d75ef98683,2026-04-25T16:49:54Z,2026-04-25T17:11:52Z,Deep,4,马林康的Apple Watch
b9135786-29c8-4216-ad12-31061a061f32,2026-04-25T17:11:52Z,2026-04-25T17:15:52Z,Core,3,马林康的Apple Watch
6a0bd0e6-81be-4725-988e-d307df977b42,2026-04-25T17:15:52Z,2026-04-25T17:32:21Z,Deep,4,马林康的Apple Watch
74a13691-8fec-42be-8004-e6ba2bfb132c,2026-04-25T17:32:21Z,2026-04-25T17:32:51Z,Awake,2,马林康的Apple Watch
5d5c7065-40fc-4bce-a3b2-5edf642ea78e,2026-04-25T17:32:51Z,2026-04-25T17:40:50Z,Core,3,马林康的Apple Watch
89608737-8473-4907-b699-a1b8295599b3,2026-04-25T17:40:50Z,2026-04-25T17:43:50Z,Awake,2,马林康的Apple Watch
b0592e10-ff78-48dc-9c96-209e36d2afdf,2026-04-25T17:43:50Z,2026-04-25T17:59:19Z,Core,3,马林康的Apple Watch
aca1d1c7-6663-425c-85a5-a80b31c8ff44,2026-04-25T17:59:19Z,2026-04-25T18:00:49Z,Awake,2,马林康的Apple Watch
71669614-0b0a-4207-9a5c-680fe1b94415,2026-04-25T18:00:49Z,2026-04-25T18:27:47Z,Core,3,马林康的Apple Watch
6f739764-5d9e-4bc8-8766-f8f026e89daa,2026-04-25T18:27:47Z,2026-04-25T18:46:46Z,Deep,4,马林康的Apple Watch
41272fb5-5788-41e7-985b-f3a71705e5a7,2026-04-25T18:46:46Z,2026-04-25T18:49:46Z,Awake,2,马林康的Apple Watch
09b4c0ad-7e16-4e82-bf6a-fd9c4649cec9,2026-04-25T18:49:46Z,2026-04-25T18:52:16Z,Core,3,马林康的Apple Watch
bc4d3b86-f4f0-422e-b732-512e13dcbb5a,2026-04-25T18:52:16Z,2026-04-25T19:03:15Z,REM,5,马林康的Apple Watch
82f1fbb9-8c95-43fa-bf2f-f9dfdd96ed07,2026-04-25T19:03:15Z,2026-04-25T19:06:45Z,Awake,2,马林康的Apple Watch
8c1df5d7-db50-414a-84dc-7598b78231e4,2026-04-25T19:06:45Z,2026-04-25T19:50:12Z,Core,3,马林康的Apple Watch
d3b81de5-cd6f-41a9-be95-70f8a0580e85,2026-04-25T19:50:12Z,2026-04-25T19:51:12Z,Awake,2,马林康的Apple Watch
a4ede950-06a4-49b2-8e76-3d4a69a5b20c,2026-04-25T19:51:12Z,2026-04-25T20:32:39Z,Core,3,马林康的Apple Watch
68d8f563-b822-49f2-97a4-5504d0851268,2026-04-25T20:32:39Z,2026-04-25T20:50:08Z,REM,5,马林康的Apple Watch
4dd7b21c-5919-4874-9a0b-87f492ad0ca3,2026-04-25T20:50:08Z,2026-04-25T20:52:08Z,Awake,2,马林康的Apple Watch
e7ce3120-4091-42b7-8fb9-193f9567219f,2026-04-25T20:52:08Z,2026-04-25T21:06:37Z,Core,3,马林康的Apple Watch
d4f864de-f306-412b-804a-e799557fe10b,2026-04-25T21:06:37Z,2026-04-25T21:13:36Z,REM,5,马林康的Apple Watch
d203b2d8-1564-4467-9e78-e7c4158d06df,2026-04-25T21:13:36Z,2026-04-25T21:14:36Z,Awake,2,马林康的Apple Watch
fbad0dd7-855a-48be-8340-5c1a241412fe,2026-04-25T21:14:36Z,2026-04-25T21:18:06Z,REM,5,马林康的Apple Watch
c3b3d4e9-9365-46d6-a518-02f7cb0e75f8,2026-04-25T21:18:06Z,2026-04-25T21:18:36Z,Awake,2,马林康的Apple Watch
0e98a98e-2a8a-4bb7-aadd-f3705efa3f7d,2026-04-25T21:18:36Z,2026-04-25T22:08:33Z,Core,3,马林康的Apple Watch
29a59549-9885-4ad9-a0b9-261a151314ea,2026-04-25T22:08:33Z,2026-04-25T22:22:32Z,Deep,4,马林康的Apple Watch
7fbbdad3-d4a8-41f7-b6ef-87f8467e6372,2026-04-25T22:22:32Z,2026-04-25T22:23:02Z,Core,3,马林康的Apple Watch
8eac3cdf-d2a0-44ba-b3a0-ccd587956726,2026-04-26T14:53:00Z,2026-04-26T22:30:00Z,In Bed,0,AutoSleep
9512ea2c-3c60-4ec3-94c1-9436dabec257,2026-04-26T14:53:00Z,2026-04-26T22:30:00Z,Asleep Unspecified,1,AutoSleep
60c7d43d-57b4-459d-873d-6b4d1a86ff0a,2026-04-26T15:04:30Z,2026-04-26T15:19:29Z,Core,3,马林康的Apple Watch
483f88b0-c598-42b3-843e-5bad3fb43727,2026-04-26T15:19:29Z,2026-04-26T15:50:27Z,Deep,4,马林康的Apple Watch
547d1b18-481c-4b8c-850a-ec022c7b136e,2026-04-26T15:50:27Z,2026-04-26T15:52:57Z,Awake,2,马林康的Apple Watch
4ebeaaa4-7cd5-400d-9292-bcd5795a051f,2026-04-26T15:52:57Z,2026-04-26T15:56:27Z,Core,3,马林康的Apple Watch
82c815f7-b82e-4069-b0db-878dd680f408,2026-04-26T15:56:27Z,2026-04-26T16:01:56Z,REM,5,马林康的Apple Watch
b06a40d5-5d32-4019-a55a-5e1fb0e32441,2026-04-26T16:01:56Z,2026-04-26T16:05:56Z,Awake,2,马林康的Apple Watch
d5197ecc-378a-4de1-a1bc-c47162a5d37b,2026-04-26T16:05:56Z,2026-04-26T16:14:25Z,Core,3,马林康的Apple Watch
70140b35-ef40-4698-ad12-833aea77f789,2026-04-26T16:14:25Z,2026-04-26T16:16:25Z,Awake,2,马林康的Apple Watch
1fe75d32-0c43-4864-88ef-12fc9182735d,2026-04-26T16:16:25Z,2026-04-26T16:23:25Z,Core,3,马林康的Apple Watch
4d588ee9-33a5-4950-9160-f7ab1596e933,2026-04-26T16:23:25Z,2026-04-26T16:25:55Z,Awake,2,马林康的Apple Watch
957db22e-ca89-4f24-9023-e278a21c1733,2026-04-26T16:25:55Z,2026-04-26T16:27:54Z,Core,3,马林康的Apple Watch
41d30e3b-54c3-4c22-a5b1-1e7c626896d7,2026-04-26T16:27:54Z,2026-04-26T16:29:24Z,Awake,2,马林康的Apple Watch
d23fa6dc-d432-4185-b639-e4f097dec5f8,2026-04-26T16:29:24Z,2026-04-26T16:54:23Z,Core,3,马林康的Apple Watch
37eb949d-8f75-4fa3-b597-654b267e25bf,2026-04-26T16:54:23Z,2026-04-26T17:07:52Z,Deep,4,马林康的Apple Watch
fc77a4e7-9011-48da-962c-3a9a8ad5d20b,2026-04-26T17:07:52Z,2026-04-26T17:17:51Z,Awake,2,马林康的Apple Watch
1da8b342-e1a9-4ffb-b5ef-a819a3dbbe77,2026-04-26T17:17:51Z,2026-04-26T17:22:21Z,Core,3,马林康的Apple Watch
0604853f-c464-4e8a-a21a-5c7c1d0d6a93,2026-04-26T17:22:21Z,2026-04-26T17:33:20Z,REM,5,马林康的Apple Watch
97fdd73a-4c25-4280-9afe-a9eb90a92c83,2026-04-26T17:33:20Z,2026-04-26T17:34:50Z,Awake,2,马林康的Apple Watch
e0889cd9-6f54-47cb-ae6f-92c1b0e2e8e2,2026-04-26T17:34:50Z,2026-04-26T17:50:19Z,Core,3,马林康的Apple Watch
e7b97a03-fd67-4958-9746-01fe8e671355,2026-04-26T17:50:19Z,2026-04-26T17:54:19Z,Awake,2,马林康的Apple Watch
3625f7a5-a77e-4661-9593-9fa057607033,2026-04-26T17:54:19Z,2026-04-26T18:34:46Z,Core,3,马林康的Apple Watch
cf622db2-4c1c-4b7d-9bd7-59a756380820,2026-04-26T18:34:46Z,2026-04-26T18:38:16Z,Awake,2,马林康的Apple Watch
8bea42c0-adf7-4a32-aeae-d98d6da9ec7e,2026-04-26T18:38:16Z,2026-04-26T18:48:45Z,Core,3,马林康的Apple Watch
cb62622e-4d65-47c5-b84e-34d7f7510a31,2026-04-26T18:48:45Z,2026-04-26T18:51:45Z,Awake,2,马林康的Apple Watch
838e66fe-7b1a-4b90-adb9-1e90cb1aea2f,2026-04-26T18:51:45Z,2026-04-26T18:53:45Z,Core,3,马林康的Apple Watch
196fa83b-1966-4607-8413-1a6a4428ed40,2026-04-26T18:53:45Z,2026-04-26T18:54:15Z,Awake,2,马林康的Apple Watch
eb91684d-bbaf-458b-907d-dfecba7d4abe,2026-04-26T18:54:15Z,2026-04-26T20:13:39Z,Core,3,马林康的Apple Watch
1a080aee-d80b-4856-bc76-30d97797f45b,2026-04-26T20:13:39Z,2026-04-26T20:16:39Z,Awake,2,马林康的Apple Watch
678b68b1-2cfe-476e-a647-7b126ed70eb5,2026-04-26T20:16:39Z,2026-04-26T20:23:39Z,Core,3,马林康的Apple Watch
9c473961-0227-4257-928c-bc5a59f57e15,2026-04-26T20:23:39Z,2026-04-26T20:27:38Z,Awake,2,马林康的Apple Watch
f25ee2d6-8f70-4a45-a89c-bd0782fd3811,2026-04-26T20:27:38Z,2026-04-26T20:30:38Z,Core,3,马林康的Apple Watch
631e3ba5-36e1-4848-9558-a67d550acf9c,2026-04-26T20:30:38Z,2026-04-26T20:32:38Z,REM,5,马林康的Apple Watch
ce3116da-5854-48e9-9b50-c33d54ca0241,2026-04-26T20:32:38Z,2026-04-26T20:39:08Z,Awake,2,马林康的Apple Watch
342db4d0-737d-4ab5-b5d5-fa451990c86e,2026-04-26T20:39:08Z,2026-04-26T20:47:07Z,Core,3,马林康的Apple Watch
8b429e44-5c52-4dc9-9d6d-cccb712d5852,2026-04-26T20:47:07Z,2026-04-26T21:18:05Z,REM,5,马林康的Apple Watch
d3e2fba8-9462-4ebe-92a5-3a91172f2f73,2026-04-26T21:18:05Z,2026-04-26T21:20:35Z,Awake,2,马林康的Apple Watch
39d41347-1dca-4ab4-851d-a4a8d41be592,2026-04-26T21:20:35Z,2026-04-26T21:22:05Z,Core,3,马林康的Apple Watch
73e1bc58-30a7-4a15-b856-b0968a1b20f9,2026-04-26T21:22:05Z,2026-04-26T21:28:34Z,REM,5,马林康的Apple Watch
bdbcb0b8-9e48-43b7-8f89-4e942f3c3b9c,2026-04-26T21:28:34Z,2026-04-26T22:01:02Z,Core,3,马林康的Apple Watch
1ca6ebd5-cc6c-4dca-aff5-81e86f5bf2e4,2026-04-26T22:01:02Z,2026-04-26T22:01:32Z,Awake,2,马林康的Apple Watch
e3ae3e68-2068-4b56-9558-bedef8d3749c,2026-04-26T22:01:32Z,2026-04-26T22:18:31Z,Core,3,马林康的Apple Watch
d514b8f7-1904-4702-acb6-7673e360d495,2026-04-26T22:18:31Z,2026-04-26T22:28:00Z,Awake,2,马林康的Apple Watch
b2895343-dfc2-4925-a047-f0838b2876d1,2026-04-26T22:28:00Z,2026-04-26T22:30:00Z,Core,3,马林康的Apple Watch
8230e2b8-2cac-4d14-ba4e-0251c6301a02,2026-04-27T15:54:00Z,2026-04-27T21:31:00Z,Asleep Unspecified,1,AutoSleep
a680d940-cf7b-4489-8225-95f4f576e592,2026-04-27T15:54:00Z,2026-04-27T22:48:00Z,In Bed,0,AutoSleep
0b062f4c-1f81-440d-9ff8-fd0eba534e68,2026-04-27T16:08:25Z,2026-04-27T16:25:24Z,Core,3,马林康的Apple Watch
bcac19bd-4ad0-4af1-8475-f21f58d47cb2,2026-04-27T16:25:24Z,2026-04-27T16:31:54Z,Deep,4,马林康的Apple Watch
6885d4c8-69de-4787-b8cc-f01eb71fdc4a,2026-04-27T16:31:54Z,2026-04-27T16:41:23Z,Core,3,马林康的Apple Watch
eec70222-41d9-441a-b2ec-eeedc6629e1b,2026-04-27T16:41:23Z,2026-04-27T16:47:53Z,Deep,4,马林康的Apple Watch
7ed10262-b6fa-4e82-a25a-021cf4a663e7,2026-04-27T16:47:53Z,2026-04-27T16:50:53Z,Core,3,马林康的Apple Watch
f8e65b72-838f-4e8c-ad34-d37c4d912248,2026-04-27T16:50:53Z,2026-04-27T17:00:22Z,Deep,4,马林康的Apple Watch
880ad672-a5a7-43b2-bd59-2cc4dccf2ac6,2026-04-27T17:00:22Z,2026-04-27T17:00:52Z,Awake,2,马林康的Apple Watch
d0b6f075-d01e-4083-9713-236fe9c4ce25,2026-04-27T17:00:52Z,2026-04-27T17:01:52Z,Core,3,马林康的Apple Watch
90c1f88b-65ca-407a-9cfe-9f771910cb15,2026-04-27T17:01:52Z,2026-04-27T17:02:52Z,Awake,2,马林康的Apple Watch
dfabb77d-2f0b-4583-9cc4-39a1898a17f7,2026-04-27T17:02:52Z,2026-04-27T17:35:20Z,Core,3,马林康的Apple Watch
7056b169-64ef-4709-bd39-0bf7ed99b835,2026-04-27T17:35:20Z,2026-04-27T17:36:50Z,Awake,2,马林康的Apple Watch
cd2d6b10-7575-4d5b-97f9-29d33b22c01b,2026-04-27T17:36:50Z,2026-04-27T17:56:48Z,Core,3,马林康的Apple Watch
b294994c-2fc3-4b7b-ab60-b177ef5c4193,2026-04-27T17:56:48Z,2026-04-27T18:04:48Z,Deep,4,马林康的Apple Watch
0ac4e68b-1971-451f-8abf-adaad93ffd6b,2026-04-27T18:04:48Z,2026-04-27T18:05:48Z,Awake,2,马林康的Apple Watch
52119141-3a20-45ef-8c59-0425e0d99af0,2026-04-27T18:05:48Z,2026-04-27T18:57:44Z,Core,3,马林康的Apple Watch
c12d4201-b4e0-498c-96ac-c19f4b6e0a93,2026-04-27T18:57:44Z,2026-04-27T19:28:42Z,REM,5,马林康的Apple Watch
8bfdf344-7cb5-4b5c-986d-90d11bf198c8,2026-04-27T19:28:42Z,2026-04-27T19:31:42Z,Awake,2,马林康的Apple Watch
f5f7c567-a1a4-46f5-8110-347da88fe72e,2026-04-27T19:31:42Z,2026-04-27T19:33:12Z,Core,3,马林康的Apple Watch
809c5c67-a82d-44dc-95c3-dcaeacfa7a86,2026-04-27T19:33:12Z,2026-04-27T19:39:12Z,Awake,2,马林康的Apple Watch
a65da84b-47a0-4f09-9f3e-619912da18e6,2026-04-27T19:39:12Z,2026-04-27T20:03:10Z,Core,3,马林康的Apple Watch
472c7299-4ddb-4f6c-b476-827a8f32bd10,2026-04-27T20:03:10Z,2026-04-27T20:14:39Z,Deep,4,马林康的Apple Watch
4922c7e8-e449-4ce4-96b8-482e025307ab,2026-04-27T20:14:39Z,2026-04-27T20:15:39Z,Awake,2,马林康的Apple Watch
9b1e5674-b95c-46c5-a211-c949702652b3,2026-04-27T20:15:39Z,2026-04-27T20:30:38Z,Core,3,马林康的Apple Watch
a9d6afc4-039e-491e-86f4-d2d33041b4e2,2026-04-27T20:30:38Z,2026-04-27T20:31:38Z,Awake,2,马林康的Apple Watch
9862424d-5f58-415c-827b-ab1d6f7192e9,2026-04-27T20:31:38Z,2026-04-27T21:22:35Z,Core,3,马林康的Apple Watch
1244bc9f-ba4e-4654-ba49-6c5ae4d0cc0f,2026-04-27T21:22:35Z,2026-04-27T21:30:34Z,REM,5,马林康的Apple Watch
82c851cd-4f05-4832-a65f-dd78edaf5c6b,2026-04-27T21:30:34Z,2026-04-27T21:50:33Z,Awake,2,马林康的Apple Watch
ee56b9f6-177d-43dc-98d1-ba34157266be,2026-04-27T21:47:00Z,2026-04-27T22:48:00Z,Asleep Unspecified,1,AutoSleep
41bced26-294c-4182-b9ea-930c7f81df96,2026-04-27T21:50:33Z,2026-04-27T22:29:30Z,Core,3,马林康的Apple Watch
598b95c0-f29d-4af4-ab14-88e35114bf75,2026-04-27T22:29:30Z,2026-04-27T22:32:00Z,Awake,2,马林康的Apple Watch
b5d98a0d-0048-4063-8520-1d4b054c10df,2026-04-27T22:32:00Z,2026-04-27T22:41:29Z,Core,3,马林康的Apple Watch
0e6febce-9222-482d-a821-da20ffdc4757,2026-04-27T22:41:29Z,2026-04-27T22:48:29Z,REM,5,马林康的Apple Watch
1f907e90-5541-4b73-bd98-fa78ad1294a8,2026-04-29T14:43:00Z,2026-04-29T18:50:00Z,Asleep Unspecified,1,AutoSleep
a8b4e083-ed8a-4343-842e-bbc3aee8551d,2026-04-29T14:43:00Z,2026-04-29T22:59:00Z,In Bed,0,AutoSleep
67966b17-9f3f-439c-9e17-8932e657cbf5,2026-04-29T14:57:23Z,2026-04-29T15:25:51Z,Core,3,马林康的Apple Watch
72bb6a7d-fb66-4fc1-871c-7627e2040eec,2026-04-29T15:25:51Z,2026-04-29T15:30:20Z,Deep,4,马林康的Apple Watch
3d24956a-5f6c-48b6-94ae-f89854b1a1f3,2026-04-29T15:30:20Z,2026-04-29T15:38:50Z,Core,3,马林康的Apple Watch
c1d0810f-cf36-4e10-af64-26af8c970b4c,2026-04-29T15:38:50Z,2026-04-29T15:39:20Z,Awake,2,马林康的Apple Watch
970fa2df-5e70-4643-86b7-a8b559ea6180,2026-04-29T15:39:20Z,2026-04-29T15:55:19Z,Core,3,马林康的Apple Watch
114ea5f3-d79a-4c30-a009-75179d4437a9,2026-04-29T15:55:19Z,2026-04-29T16:25:17Z,Deep,4,马林康的Apple Watch
8db6b645-74c5-40f9-abd4-aaf5ff99f30a,2026-04-29T16:25:17Z,2026-04-29T16:27:47Z,Awake,2,马林康的Apple Watch
7445beee-a668-4611-8073-55dfde2fa7a0,2026-04-29T16:27:47Z,2026-04-29T16:43:16Z,Core,3,马林康的Apple Watch
ec94b38f-9f3e-4824-b7c5-e72c99eb6906,2026-04-29T16:43:16Z,2026-04-29T16:47:45Z,REM,5,马林康的Apple Watch
b72676f5-18d4-4dcd-9bec-e98eadf5698a,2026-04-29T16:47:45Z,2026-04-29T17:15:43Z,Core,3,马林康的Apple Watch
f45cf13a-0561-44ce-8ee1-69cf52831b8e,2026-04-29T17:15:43Z,2026-04-29T17:16:13Z,Awake,2,马林康的Apple Watch
29903e60-f172-4024-8ae8-dacd9df7b711,2026-04-29T17:16:13Z,2026-04-29T17:37:42Z,Core,3,马林康的Apple Watch
f8fab0c2-2c8b-4023-8213-9f411ad78ccb,2026-04-29T17:37:42Z,2026-04-29T17:52:41Z,Deep,4,马林康的Apple Watch
5e1bb7a5-4bc1-42db-a3fe-68decbdb0b5f,2026-04-29T17:52:41Z,2026-04-29T17:59:11Z,Core,3,马林康的Apple Watch
e1408e39-2ca0-45ab-9a39-f99255cbc778,2026-04-29T17:59:11Z,2026-04-29T18:22:39Z,REM,5,马林康的Apple Watch
dd5824b0-8fda-4c00-bb7f-10799ae22c51,2026-04-29T18:22:39Z,2026-04-29T18:50:07Z,Core,3,马林康的Apple Watch
74e0318d-1401-4cc0-bcd4-914250319b5f,2026-04-29T18:50:07Z,2026-04-29T18:58:07Z,Awake,2,马林康的Apple Watch
020a132b-639e-4557-b658-5ed66ec035d7,2026-04-29T18:58:07Z,2026-04-29T19:56:03Z,Core,3,马林康的Apple Watch
fd6c8f11-45fd-40c2-9388-5344c47b9992,2026-04-29T19:01:00Z,2026-04-29T22:59:00Z,Asleep Unspecified,1,AutoSleep
809b7468-d28e-43d7-bb4d-7fd249a1253d,2026-04-29T19:56:03Z,2026-04-29T19:58:32Z,Deep,4,马林康的Apple Watch
c6d48964-0096-4685-a5fe-26b54e578725,2026-04-29T19:58:32Z,2026-04-29T20:02:02Z,Core,3,马林康的Apple Watch
0235f9c9-f118-4dfa-82ec-f52e3fd5acbd,2026-04-29T20:02:02Z,2026-04-29T20:40:30Z,REM,5,马林康的Apple Watch
5cfbd88f-1405-4894-9fdd-0b34b3c65c2c,2026-04-29T20:40:30Z,2026-04-29T20:41:00Z,Awake,2,马林康的Apple Watch
d465b558-8b2b-4dce-8ea0-124b881d679c,2026-04-29T20:41:00Z,2026-04-29T20:43:29Z,Core,3,马林康的Apple Watch
ed8af551-0cde-4912-93c4-ec3a9af951fa,2026-04-29T20:43:29Z,2026-04-29T20:47:29Z,REM,5,马林康的Apple Watch
31b77d1d-b7b2-4871-8e1c-f5c9182950e8,2026-04-29T20:47:29Z,2026-04-29T21:38:26Z,Core,3,马林康的Apple Watch
bb52d98b-fed0-44a7-ae6c-c604ddfd83b5,2026-04-29T21:38:26Z,2026-04-29T22:01:24Z,REM,5,马林康的Apple Watch
ca940444-d021-4be5-86eb-8dce27958dc2,2026-04-29T22:01:24Z,2026-04-29T22:03:24Z,Core,3,马林康的Apple Watch
73ddb1bb-b8b2-42da-99d0-c797c23788f8,2026-04-29T22:03:24Z,2026-04-29T22:07:54Z,REM,5,马林康的Apple Watch
9b54f492-eb07-41cd-8ba9-4496187524d5,2026-04-29T22:07:54Z,2026-04-29T22:13:23Z,Core,3,马林康的Apple Watch
3c1d50ee-a8f3-4ed4-a2cd-6422ca48286d,2026-04-29T22:13:23Z,2026-04-29T22:22:23Z,REM,5,马林康的Apple Watch
f3d97e0a-f5bf-4001-ac61-4ba00f79e60e,2026-04-30T16:45:00Z,2026-05-01T00:41:00Z,In Bed,0,AutoSleep
f8bd984e-df25-48b5-b040-d4012f034504,2026-04-30T16:45:00Z,2026-04-30T18:15:00Z,Asleep Unspecified,1,AutoSleep
b87ee261-46f3-42cb-8748-4f1ef0333988,2026-04-30T16:55:05Z,2026-04-30T17:08:35Z,Core,3,马林康的Apple Watch
06469ab0-f8d8-4f53-ad5c-736c255690f7,2026-04-30T17:08:35Z,2026-04-30T17:09:04Z,Awake,2,马林康的Apple Watch
69d6e0ca-92ec-4288-8fae-dd366cb23ff8,2026-04-30T17:09:04Z,2026-04-30T17:11:04Z,Core,3,马林康的Apple Watch
b606bbb0-85e7-4895-8c36-9e92eb739791,2026-04-30T17:11:04Z,2026-04-30T17:11:34Z,Awake,2,马林康的Apple Watch
7bb99a23-9d70-48da-8798-e2815dd152c7,2026-04-30T17:11:34Z,2026-04-30T17:37:03Z,Core,3,马林康的Apple Watch
8f3a4bd0-027d-452a-af2e-52f4cf9ed623,2026-04-30T17:37:03Z,2026-04-30T17:42:02Z,Deep,4,马林康的Apple Watch
083f131d-2a0c-4774-bb91-a12c23e4767c,2026-04-30T17:42:02Z,2026-04-30T17:43:02Z,Awake,2,马林康的Apple Watch
8be87ad0-4440-47e0-bd42-ab7ad463f5d1,2026-04-30T17:43:02Z,2026-04-30T17:56:31Z,Core,3,马林康的Apple Watch
cdf1bbc9-101c-4a43-806a-d7d50e84f8c6,2026-04-30T17:56:31Z,2026-04-30T18:12:30Z,Deep,4,马林康的Apple Watch
3e93e55d-9c88-4d55-a194-2007c115fde6,2026-04-30T18:12:30Z,2026-04-30T18:15:00Z,Awake,2,马林康的Apple Watch
1c440fab-7139-47f5-a992-5479413485ea,2026-04-30T18:15:00Z,2026-04-30T18:36:29Z,Core,3,马林康的Apple Watch
aaf9472f-c5ed-44a3-a689-838362e75d53,2026-04-30T18:36:29Z,2026-04-30T18:44:28Z,REM,5,马林康的Apple Watch
1a802f91-2f4c-42fd-a6fd-94f18a7ca37e,2026-04-30T18:44:28Z,2026-04-30T19:15:26Z,Core,3,马林康的Apple Watch
5d13f160-a819-46dc-8278-6042c1d23b0f,2026-04-30T19:15:26Z,2026-04-30T19:16:56Z,Deep,4,马林康的Apple Watch
1b45fe45-fadc-4a81-9ab7-4595ec8cf4c6,2026-04-30T19:16:56Z,2026-04-30T19:54:24Z,Core,3,马林康的Apple Watch
4b2af143-8224-4691-a0c2-bec2fc5d2988,2026-04-30T19:30:00Z,2026-05-01T00:41:00Z,Asleep Unspecified,1,AutoSleep
b58e5062-f26f-4533-961b-39d66e19e92e,2026-04-30T19:54:24Z,2026-04-30T19:57:53Z,Deep,4,马林康的Apple Watch
25115e05-dd76-491d-846f-6dd72d76d957,2026-04-30T19:57:53Z,2026-04-30T19:59:23Z,Awake,2,马林康的Apple Watch
73ed99c1-2c44-4543-9928-5a869f82c6db,2026-04-30T19:59:23Z,2026-04-30T20:03:23Z,Core,3,马林康的Apple Watch
2bf498c6-946a-4bd0-8dd9-e2eecddb13c8,2026-04-30T20:03:23Z,2026-04-30T20:13:52Z,REM,5,马林康的Apple Watch
75a2a85e-5f2f-453c-aa63-b15d26c69016,2026-04-30T20:13:52Z,2026-04-30T20:14:52Z,Awake,2,马林康的Apple Watch
00162bc3-4a74-45d7-93c1-79afc0a0658d,2026-04-30T20:14:52Z,2026-04-30T20:17:22Z,Core,3,马林康的Apple Watch
ffcb3d3d-d395-40f9-a619-948e864cb583,2026-04-30T20:17:22Z,2026-04-30T20:20:22Z,REM,5,马林康的Apple Watch
fc5726ac-db42-48bc-80f2-82957f1ad8a6,2026-04-30T20:20:22Z,2026-04-30T21:05:49Z,Core,3,马林康的Apple Watch
34723048-ff77-451d-8205-026782b34a7c,2026-04-30T21:05:49Z,2026-04-30T21:54:16Z,REM,5,马林康的Apple Watch
c21b719a-7492-4650-869c-f7de899804bb,2026-04-30T21:54:16Z,2026-04-30T22:32:43Z,Core,3,马林康的Apple Watch
72cf55a7-1ba5-4f5e-954f-10dc7e031888,2026-04-30T22:32:43Z,2026-04-30T22:33:43Z,Awake,2,马林康的Apple Watch
728c2a19-23ab-4c18-bc49-79ad99e9fc92,2026-04-30T22:33:43Z,2026-04-30T22:47:42Z,Core,3,马林康的Apple Watch
c2fa873b-3b6c-4a67-bcd3-3271165de24b,2026-04-30T22:47:42Z,2026-04-30T22:48:42Z,Awake,2,马林康的Apple Watch
0c20c5f9-8211-43d7-9eb6-c0a8e043467d,2026-04-30T22:48:42Z,2026-04-30T22:51:42Z,Core,3,马林康的Apple Watch
1e9962c2-e868-4e41-9a3b-843a3027fe5d,2026-04-30T22:51:42Z,2026-04-30T23:00:41Z,REM,5,马林康的Apple Watch
03315a47-cef0-48b4-9b6e-fef9d05d9533,2026-04-30T23:00:41Z,2026-04-30T23:04:11Z,Awake,2,马林康的Apple Watch
ca60b7ef-aee7-49de-a66c-ced8d994c122,2026-04-30T23:04:11Z,2026-04-30T23:16:10Z,Core,3,马林康的Apple Watch
2c0e7cee-b120-45d8-899f-8e38fdb3e428,2026-04-30T23:16:10Z,2026-04-30T23:18:40Z,Awake,2,马林康的Apple Watch
55f63fbd-0050-4cb6-bcf0-a29099ff6aca,2026-04-30T23:18:40Z,2026-04-30T23:19:40Z,Core,3,马林康的Apple Watch
3bd34fb2-7982-442b-b181-79225cb0472f,2026-04-30T23:19:40Z,2026-04-30T23:27:10Z,Awake,2,马林康的Apple Watch
cad1bab6-c319-49de-9111-c4c2b17d564d,2026-04-30T23:27:10Z,2026-04-30T23:30:39Z,Core,3,马林康的Apple Watch
4c4efbbd-a179-489e-b595-37bc0709ba7c,2026-04-30T23:30:39Z,2026-04-30T23:37:09Z,Awake,2,马林康的Apple Watch
0f98ec71-ba67-4dfa-8181-2519b8d54c1b,2026-04-30T23:37:09Z,2026-05-01T00:09:37Z,Core,3,马林康的Apple Watch
351af2f8-6d7b-4abc-86d6-19cf1aacd2b8,2026-05-01T00:09:37Z,2026-05-01T00:22:06Z,Awake,2,马林康的Apple Watch
015bac94-eff2-4780-8865-db79ad32c04c,2026-05-01T00:22:06Z,2026-05-01T00:26:06Z,REM,5,马林康的Apple Watch
74a9d4ed-87e5-4921-8fc0-41ad32c49a07,2026-05-01T16:25:00Z,2026-05-02T00:58:00Z,In Bed,0,AutoSleep
f0d2660e-7a8e-4c00-b878-bc8ddcad845c,2026-05-01T16:25:00Z,2026-05-01T16:46:00Z,Asleep Unspecified,1,AutoSleep
29795b5a-600f-49c4-9bd4-26d805ac47e0,2026-05-01T17:00:00Z,2026-05-01T22:30:00Z,Asleep Unspecified,1,AutoSleep
46411b09-75ce-4cb9-bd2d-dd20f46a0f36,2026-05-01T17:12:36Z,2026-05-01T17:16:06Z,Core,3,马林康的Apple Watch
b025e157-8114-4c2b-9b6d-60e47d72d4f3,2026-05-01T17:16:06Z,2026-05-01T17:17:05Z,Awake,2,马林康的Apple Watch
0404e5e6-a781-46ee-9c80-c6bdd983c262,2026-05-01T17:17:05Z,2026-05-01T17:24:05Z,Core,3,马林康的Apple Watch
9fcf5621-4646-49c8-9fd4-bfa186f3f6e5,2026-05-01T17:24:05Z,2026-05-01T17:28:05Z,Awake,2,马林康的Apple Watch
f3ff6043-0ce1-4de8-b45c-314d0dfff4be,2026-05-01T17:28:05Z,2026-05-01T17:38:04Z,Core,3,马林康的Apple Watch
3fc6d336-2ab7-4b06-9cec-befa36e6654f,2026-05-01T17:38:04Z,2026-05-01T17:50:03Z,Deep,4,马林康的Apple Watch
4cf5f4c6-b76c-4ffb-a687-985aa89ce97c,2026-05-01T17:50:03Z,2026-05-01T17:57:33Z,Core,3,马林康的Apple Watch
8a275030-7246-41e2-b50f-4a2c4c3ee345,2026-05-01T17:57:33Z,2026-05-01T17:58:03Z,Deep,4,马林康的Apple Watch
d11937ca-007c-4066-927b-b76850de71ed,2026-05-01T17:58:03Z,2026-05-01T18:17:02Z,Core,3,马林康的Apple Watch
baec272f-acc3-4eb5-a2ee-c02057e9b960,2026-05-01T18:17:02Z,2026-05-01T18:22:01Z,Awake,2,马林康的Apple Watch
b4b941da-4364-44a4-8781-1215879ea87d,2026-05-01T18:22:01Z,2026-05-01T18:28:31Z,Core,3,马林康的Apple Watch
85e7c5f8-afcd-4daf-b222-dea025b46965,2026-05-01T18:28:31Z,2026-05-01T18:30:01Z,Awake,2,马林康的Apple Watch
c1ac96b6-b51a-425f-9b1f-c3ed64ce6a06,2026-05-01T18:30:01Z,2026-05-01T18:44:00Z,Core,3,马林康的Apple Watch
df4397a8-4ba8-42c6-acf7-e6cfe1b9c065,2026-05-01T18:44:00Z,2026-05-01T19:02:29Z,Deep,4,马林康的Apple Watch
fcbf9221-965f-4011-ba7b-e806e13d9c5b,2026-05-01T19:02:29Z,2026-05-01T19:23:27Z,Core,3,马林康的Apple Watch
3f320e0d-7311-4773-941f-c33a5a28eea3,2026-05-01T19:23:27Z,2026-05-01T19:28:27Z,Deep,4,马林康的Apple Watch
a0be2634-5735-429e-847d-df1a379f8ee3,2026-05-01T19:28:27Z,2026-05-01T19:33:56Z,Core,3,马林康的Apple Watch
cf34551e-c599-4644-a034-d57c88087478,2026-05-01T19:33:56Z,2026-05-01T19:42:56Z,REM,5,马林康的Apple Watch
81537203-e1e4-48f9-98de-c83c4ae40da2,2026-05-01T19:42:56Z,2026-05-01T19:43:26Z,Awake,2,马林康的Apple Watch
af16e569-ec7a-4ec6-9af3-e92efab9e50d,2026-05-01T19:43:26Z,2026-05-01T19:52:55Z,Core,3,马林康的Apple Watch
aa3a9b02-0cdb-4aca-9e1d-bb55d1e25dd8,2026-05-01T19:52:55Z,2026-05-01T19:53:55Z,REM,5,马林康的Apple Watch
d4260347-a228-40c9-a9ad-0985391e76a0,2026-05-01T19:53:55Z,2026-05-01T19:54:25Z,Core,3,马林康的Apple Watch
f0a681aa-226f-4c54-bd5d-de546686d573,2026-05-01T19:54:25Z,2026-05-01T19:56:55Z,Awake,2,马林康的Apple Watch
081241ec-55de-4680-bd74-de0e90a3a6ff,2026-05-01T19:56:55Z,2026-05-01T20:10:54Z,Core,3,马林康的Apple Watch
92f3d225-fee9-4ae3-bf6a-855f92c59482,2026-05-01T20:10:54Z,2026-05-01T20:18:24Z,Awake,2,马林康的Apple Watch
77dbe9d0-73fa-499f-8d97-6b6fbbcb14f7,2026-05-01T20:18:24Z,2026-05-01T20:57:51Z,Core,3,马林康的Apple Watch
5ca804f9-d023-409f-b052-35e4937fec87,2026-05-01T20:57:51Z,2026-05-01T20:59:51Z,Deep,4,马林康的Apple Watch
293492db-f89a-4253-9830-ca28032e877e,2026-05-01T20:59:51Z,2026-05-01T21:10:20Z,Core,3,马林康的Apple Watch
09ab7a99-42bf-45a5-81e4-92286b3cb850,2026-05-01T21:10:20Z,2026-05-01T21:30:49Z,REM,5,马林康的Apple Watch
9fd9bc20-8b5e-4b9f-8d9b-c25a7ef8fd11,2026-05-01T21:30:49Z,2026-05-01T21:31:49Z,Awake,2,马林康的Apple Watch
5d4a767b-af43-4fdb-83d6-fa1f13b87e53,2026-05-01T21:31:49Z,2026-05-01T22:13:46Z,Core,3,马林康的Apple Watch
6329b749-c651-4f47-a57e-2abb2585060b,2026-05-01T22:13:46Z,2026-05-01T22:30:15Z,Deep,4,马林康的Apple Watch
718c368d-6327-492d-8f7e-d5cac886b9f5,2026-05-01T22:30:15Z,2026-05-01T22:31:45Z,Awake,2,马林康的Apple Watch
54636d99-7cf3-4f18-9acc-d692078e8205,2026-05-01T22:31:45Z,2026-05-01T22:33:45Z,Core,3,马林康的Apple Watch
7c62cd92-b966-4306-8b76-9f8d6f35fdb7,2026-05-01T22:33:45Z,2026-05-01T22:34:44Z,Awake,2,马林康的Apple Watch
17bb4e82-5e89-4d9b-a5e5-ccf6d932837b,2026-05-01T22:34:44Z,2026-05-01T22:46:14Z,Core,3,马林康的Apple Watch
74cfc4ac-07c6-4b79-be37-7c284f4d5f0c,2026-05-01T22:46:14Z,2026-05-01T22:58:13Z,REM,5,马林康的Apple Watch
2165d006-43bb-4611-ad57-027009740536,2026-05-01T23:36:00Z,2026-05-02T00:58:00Z,Asleep Unspecified,1,AutoSleep
582df10f-52a1-4d2c-b1d3-c3872cee6f55,2026-05-02T16:44:00Z,2026-05-03T01:42:00Z,Asleep Unspecified,1,AutoSleep
9b4c039a-c188-4b24-9e7b-b36d1c29240b,2026-05-02T16:44:00Z,2026-05-03T01:42:00Z,In Bed,0,AutoSleep
3982b0db-de4e-4968-9735-776e1be74a2f,2026-05-02T16:52:57Z,2026-05-02T16:58:26Z,Core,3,马林康的Apple Watch
adf7a395-4dea-4ed1-af01-538725fe91b0,2026-05-02T16:58:26Z,2026-05-02T16:59:26Z,Awake,2,马林康的Apple Watch
9d5ce1ed-3ec5-4950-a799-daec73425aa3,2026-05-02T16:59:26Z,2026-05-02T17:11:55Z,Core,3,马林康的Apple Watch
04abe8e3-caf3-49e4-acad-3764292727d4,2026-05-02T17:11:55Z,2026-05-02T17:19:55Z,Deep,4,马林康的Apple Watch
4cc80dea-cc39-4026-ba5c-d917fd423879,2026-05-02T17:19:55Z,2026-05-02T17:21:25Z,Awake,2,马林康的Apple Watch
451219b6-7d34-4952-8277-64d358faf367,2026-05-02T17:21:25Z,2026-05-02T17:34:24Z,Core,3,马林康的Apple Watch
3b0e5b76-e890-432a-b037-db07ce84098a,2026-05-02T17:34:24Z,2026-05-02T17:53:23Z,Deep,4,马林康的Apple Watch
656e7d0b-e353-48e4-b78a-a9b0efcb3ff8,2026-05-02T17:53:23Z,2026-05-02T17:55:23Z,Awake,2,马林康的Apple Watch
d1a7e5c3-f87f-446a-938c-a8308ab49126,2026-05-02T17:55:23Z,2026-05-02T18:11:52Z,Core,3,马林康的Apple Watch
b2b77e17-ef39-44f7-a1c4-75c45295b08c,2026-05-02T18:11:52Z,2026-05-02T18:12:21Z,Awake,2,马林康的Apple Watch
6e5d014b-5e3f-4f5e-a9da-70cb0ccce8af,2026-05-02T18:12:21Z,2026-05-02T18:26:21Z,Core,3,马林康的Apple Watch
4a6e1141-acec-417b-af03-40ec5f2fc203,2026-05-02T18:26:21Z,2026-05-02T18:37:20Z,Deep,4,马林康的Apple Watch
11d9266b-5da9-4c02-9f5a-f503d177f9d9,2026-05-02T18:37:20Z,2026-05-02T18:53:19Z,Core,3,马林康的Apple Watch
0f92f6f2-2e78-4d1d-ab9e-3ea9af192a11,2026-05-02T18:53:19Z,2026-05-02T18:54:19Z,Awake,2,马林康的Apple Watch
c1ec439f-3c76-4837-b244-4108891074ee,2026-05-02T18:54:19Z,2026-05-02T19:09:18Z,Core,3,马林康的Apple Watch
6ebc21fc-7991-4881-ba59-1c4116440f0f,2026-05-02T19:09:18Z,2026-05-02T19:10:18Z,Deep,4,马林康的Apple Watch
a88f4f54-9285-46c1-82f1-711e5c54a0fc,2026-05-02T19:10:18Z,2026-05-02T19:16:47Z,Core,3,马林康的Apple Watch
0d8b1116-c159-4173-aef0-fb41a32de59b,2026-05-02T19:16:47Z,2026-05-02T19:28:46Z,REM,5,马林康的Apple Watch
86e95778-b3b4-4e3d-9123-8aae85266009,2026-05-02T19:28:46Z,2026-05-02T19:43:45Z,Core,3,马林康的Apple Watch
54591c8e-19d4-44c1-874e-d8ecfa4cdf16,2026-05-02T19:43:45Z,2026-05-02T19:48:15Z,Awake,2,马林康的Apple Watch
cdfb0602-8983-4630-8db6-9c41bc828e6d,2026-05-02T19:48:15Z,2026-05-02T20:35:12Z,Core,3,马林康的Apple Watch
2bf3e4a0-96b4-4e8f-8e43-f8fc92cfaa6a,2026-05-02T20:35:12Z,2026-05-02T21:02:10Z,REM,5,马林康的Apple Watch
69570f0b-44c4-489e-94c0-716e50041b18,2026-05-02T21:02:10Z,2026-05-02T21:04:40Z,Core,3,马林康的Apple Watch
fc12fb71-c149-4943-bab3-5357594a3226,2026-05-02T21:04:40Z,2026-05-02T21:15:09Z,REM,5,马林康的Apple Watch
fda8aa93-3236-4721-926e-42f5bb2f1a3e,2026-05-02T21:15:09Z,2026-05-02T21:54:37Z,Core,3,马林康的Apple Watch
98c9b51c-74b7-4a27-adb6-b384bf121d11,2026-05-02T21:54:37Z,2026-05-02T22:07:06Z,Deep,4,马林康的Apple Watch
8331e828-85fc-4026-92e3-634ef336c224,2026-05-02T22:07:06Z,2026-05-02T22:25:35Z,Core,3,马林康的Apple Watch
c03ca317-13ce-4fb3-a00f-3e57fe46be3e,2026-05-02T22:25:35Z,2026-05-02T22:28:04Z,REM,5,马林康的Apple Watch
d1fee272-f6e9-4b5e-8caf-1f9df6c7712f,2026-05-02T22:28:04Z,2026-05-02T22:31:04Z,Awake,2,马林康的Apple Watch
596ceeb0-4175-4067-9a46-952e8df3933e,2026-05-02T22:31:04Z,2026-05-02T22:35:04Z,Core,3,马林康的Apple Watch
b93707e3-3792-48f6-b6ea-898a5410ef8a,2026-05-02T22:35:04Z,2026-05-02T22:36:04Z,Awake,2,马林康的Apple Watch
3760e0e5-5570-447f-9e6a-7403e841f039,2026-05-02T22:36:04Z,2026-05-02T23:11:32Z,Core,3,马林康的Apple Watch
2bed277b-ed81-436a-ba25-2b9e620c67ac,2026-05-02T23:11:32Z,2026-05-02T23:13:01Z,Awake,2,马林康的Apple Watch
be659c05-b6c8-444f-b436-17b19072f858,2026-05-02T23:13:01Z,2026-05-02T23:20:01Z,Core,3,马林康的Apple Watch
125f5835-5e62-467e-a869-babe7e63bfcd,2026-05-02T23:20:01Z,2026-05-02T23:21:01Z,Awake,2,马林康的Apple Watch
651f091c-ccda-4c93-81d0-f715c28e97ad,2026-05-02T23:21:01Z,2026-05-02T23:30:30Z,Core,3,马林康的Apple Watch
2c8cfaf7-0ea0-45f8-b3d0-bd8d57f048b0,2026-05-02T23:30:30Z,2026-05-02T23:35:00Z,REM,5,马林康的Apple Watch
f5e07206-6df2-4eed-b62a-f31da94ddb9d,2026-05-02T23:35:00Z,2026-05-02T23:36:00Z,Awake,2,马林康的Apple Watch
1bc200be-559f-4138-a241-3066efd86838,2026-05-02T23:36:00Z,2026-05-02T23:37:30Z,Core,3,马林康的Apple Watch
7ca12485-4d85-4aeb-ac73-80ef9847a3b4,2026-05-02T23:37:30Z,2026-05-02T23:40:00Z,Awake,2,马林康的Apple Watch
2e8eb7ef-7cd0-47b6-bf60-8779048eaf88,2026-05-02T23:40:00Z,2026-05-02T23:44:29Z,Core,3,马林康的Apple Watch
d314e4dc-cb89-4e13-88a6-94b6a74e709f,2026-05-02T23:44:29Z,2026-05-02T23:48:59Z,REM,5,马林康的Apple Watch
b0306b30-721f-45fe-a242-7cc36e333e5a,2026-05-02T23:48:59Z,2026-05-02T23:49:59Z,Core,3,马林康的Apple Watch
477b8e96-a384-42e4-99a8-20b322e06e58,2026-05-02T23:49:59Z,2026-05-03T00:02:28Z,REM,5,马林康的Apple Watch
7457161b-a9e1-4709-b103-ca23b762e779,2026-05-03T00:02:28Z,2026-05-03T00:07:58Z,Awake,2,马林康的Apple Watch
c569897c-ed4d-4fad-8dbe-627ea948d8b0,2026-05-03T00:07:58Z,2026-05-03T00:15:27Z,Core,3,马林康的Apple Watch
ed99f731-8507-48e4-aa19-f46780e923b7,2026-05-03T00:15:27Z,2026-05-03T00:16:57Z,Awake,2,马林康的Apple Watch
b0674b14-4143-44ce-8666-743166679658,2026-05-03T00:16:57Z,2026-05-03T00:17:57Z,Core,3,马林康的Apple Watch
253b4861-d601-4849-9c75-9a1a8ed55e4f,2026-05-03T00:17:57Z,2026-05-03T00:18:57Z,Awake,2,马林康的Apple Watch
80634ec0-2ed7-4283-bc89-248ac3740d81,2026-05-03T00:18:57Z,2026-05-03T01:21:23Z,Core,3,马林康的Apple Watch
cdc7059d-6cfe-4149-8d55-1e43f0305684,2026-05-03T01:21:23Z,2026-05-03T01:41:22Z,REM,5,马林康的Apple Watch
ec5b378f-7579-4bb7-a931-dd4b53e53718,2026-05-04T16:23:22Z,2026-05-04T16:35:51Z,Core,3,马林康的Apple Watch
28cde666-a2d2-4dd6-9cd4-f418059df54e,2026-05-04T16:35:51Z,2026-05-04T16:38:21Z,Awake,2,马林康的Apple Watch
7b22dd49-f23b-4edc-b44d-7780f9f15c78,2026-05-04T16:38:21Z,2026-05-04T16:55:20Z,Core,3,马林康的Apple Watch
30225326-7608-4614-bd84-168162a11554,2026-05-04T16:55:20Z,2026-05-04T17:10:19Z,Deep,4,马林康的Apple Watch
98b42f00-ae75-4fc4-829a-59bce6be2529,2026-05-04T17:10:19Z,2026-05-04T17:10:49Z,Awake,2,马林康的Apple Watch
ea6a05a6-aaf9-40b0-bce9-fa7cf11c3e1d,2026-05-04T17:10:49Z,2026-05-04T17:19:19Z,Core,3,马林康的Apple Watch
83a9c5e1-f4ff-43b4-885c-95d5b622450f,2026-05-04T17:19:19Z,2026-05-04T17:29:48Z,Deep,4,马林康的Apple Watch
46beb6dd-2092-48c4-98fe-79bc62be25f3,2026-05-04T17:29:48Z,2026-05-04T17:31:18Z,Awake,2,马林康的Apple Watch
b4b8117b-40d0-4b3c-bea5-2878edcb0517,2026-05-04T17:31:18Z,2026-05-04T17:46:48Z,Core,3,马林康的Apple Watch
b2ab6eee-6084-49c2-8a10-16d26d5e3674,2026-05-04T17:46:48Z,2026-05-04T18:00:47Z,Deep,4,马林康的Apple Watch
fd6cb425-9a89-4cb2-bf90-5c2aa010d69b,2026-05-04T18:00:47Z,2026-05-04T18:13:46Z,Core,3,马林康的Apple Watch
16adebbd-0a1e-4153-827a-46750cf48edb,2026-05-04T18:13:46Z,2026-05-04T18:18:16Z,Awake,2,马林康的Apple Watch
8265bfd4-9946-4d36-bd4e-0a7ce23e11c0,2026-05-04T18:18:16Z,2026-05-04T18:19:46Z,Core,3,马林康的Apple Watch
3bbd969b-4e24-4a4d-8991-968ff9a6e0f2,2026-05-04T18:19:46Z,2026-05-04T18:24:46Z,Awake,2,马林康的Apple Watch
df98a37e-3fee-4281-ab21-dec249ffff21,2026-05-04T18:24:46Z,2026-05-04T18:34:15Z,Core,3,马林康的Apple Watch
61b4fb19-f77b-4b48-b0a9-dde9610aa3f2,2026-05-04T18:34:15Z,2026-05-04T18:41:45Z,Awake,2,马林康的Apple Watch
e60286cf-d11e-490d-8c80-ff7212f397a4,2026-05-04T18:41:45Z,2026-05-04T19:27:42Z,Core,3,马林康的Apple Watch
ab3d29a1-8397-4134-8e33-e5c6994b2e2c,2026-05-04T19:27:42Z,2026-05-04T19:43:11Z,Deep,4,马林康的Apple Watch
d07584c9-9414-4873-a849-7f3a1955b7ad,2026-05-04T19:43:11Z,2026-05-04T19:44:11Z,Core,3,马林康的Apple Watch
ea487665-5132-4558-ae66-b2a76537e4bf,2026-05-04T19:44:11Z,2026-05-04T20:10:40Z,REM,5,马林康的Apple Watch
56928d50-d78a-409d-bc90-b5f202e3c253,2026-05-04T20:10:40Z,2026-05-04T20:11:40Z,Awake,2,马林康的Apple Watch
1a8df6e0-db98-46fd-b56a-20de27f9104f,2026-05-04T20:11:40Z,2026-05-04T20:39:08Z,Core,3,马林康的Apple Watch
e2c83db8-1ad2-4b34-b456-60f3ac2268e0,2026-05-04T20:39:08Z,2026-05-04T20:41:08Z,Awake,2,马林康的Apple Watch
6573f288-2397-4c31-9b2e-287bff67df9b,2026-05-04T20:41:08Z,2026-05-04T21:21:36Z,Core,3,马林康的Apple Watch
64d1b2a1-3830-4c01-9d04-a1093b93f1e5,2026-05-04T21:21:36Z,2026-05-04T21:24:36Z,Awake,2,马林康的Apple Watch
79ce8b9b-d4fd-4d25-9671-1e36552c236f,2026-05-04T21:24:36Z,2026-05-04T21:38:05Z,Core,3,马林康的Apple Watch
3c2e428a-128a-4bf0-974c-33b2632f11de,2026-05-04T21:38:05Z,2026-05-04T21:39:05Z,REM,5,马林康的Apple Watch
3546f42a-8a79-49fc-8b17-832fb9efe221,2026-05-04T21:39:05Z,2026-05-04T21:46:35Z,Awake,2,马林康的Apple Watch
aa59f3a7-c5da-4fca-a226-f7cd43068f93,2026-05-04T21:46:35Z,2026-05-04T21:48:04Z,Core,3,马林康的Apple Watch
8c6afd73-9bf5-4717-87a9-ce8c4d656d83,2026-05-04T21:48:04Z,2026-05-04T21:51:34Z,Awake,2,马林康的Apple Watch
a7deda4e-304c-40d7-88be-60089303e601,2026-05-04T21:51:34Z,2026-05-04T21:56:34Z,Core,3,马林康的Apple Watch
48fc2bd3-aad8-44d6-8f1e-2aa7fe7b9c55,2026-05-04T21:56:34Z,2026-05-04T22:00:04Z,REM,5,马林康的Apple Watch
9711002a-8efc-42d3-a72d-86c66ac8e121,2026-05-05T18:06:00Z,2026-05-06T01:45:00Z,Asleep Unspecified,1,AutoSleep
97867554-4227-4761-945d-fc46e0c09836,2026-05-05T18:06:00Z,2026-05-06T01:45:00Z,In Bed,0,AutoSleep
f13333e8-0256-447a-a8b4-1ebe064fee32,2026-05-05T18:12:38Z,2026-05-05T18:25:37Z,Core,3,马林康的Apple Watch
75534762-ac68-49bf-850c-1aa1614351cd,2026-05-05T18:25:37Z,2026-05-05T18:44:36Z,Deep,4,马林康的Apple Watch
5019abb7-4fa4-4550-b3b8-57b573a39e2e,2026-05-05T18:44:36Z,2026-05-05T18:46:35Z,Awake,2,马林康的Apple Watch
4e55d134-f100-4f2d-b112-26b164107675,2026-05-05T18:46:35Z,2026-05-05T18:53:05Z,Core,3,马林康的Apple Watch
16be6139-fa0f-44aa-8de3-89df7133baab,2026-05-05T18:53:05Z,2026-05-05T18:55:35Z,Awake,2,马林康的Apple Watch
80f45e79-c415-468a-9ea5-815ae7ebef45,2026-05-05T18:55:35Z,2026-05-05T19:07:34Z,Core,3,马林康的Apple Watch
8f3d7240-e207-40b4-91e2-4f9876096515,2026-05-05T19:07:34Z,2026-05-05T19:33:02Z,Deep,4,马林康的Apple Watch
37da5fe0-fa1f-44fb-96b6-4651eff5dab8,2026-05-05T19:33:02Z,2026-05-05T19:40:02Z,Core,3,马林康的Apple Watch
b05d71e4-9553-44a2-8e5b-18135253c1ca,2026-05-05T19:40:02Z,2026-05-05T19:58:01Z,REM,5,马林康的Apple Watch
34fd36ea-3813-4508-a370-36588a72849f,2026-05-05T19:58:01Z,2026-05-05T20:01:01Z,Core,3,马林康的Apple Watch
477735ff-4d7c-4a0f-ab14-d31e1a834292,2026-05-05T20:01:01Z,2026-05-05T20:05:30Z,Awake,2,马林康的Apple Watch
ab987742-464a-4472-ba6c-85f9ac5a90ca,2026-05-05T20:05:30Z,2026-05-05T20:26:59Z,Core,3,马林康的Apple Watch
ec47c181-9fa1-4e8f-b905-b9cc1e50ec7f,2026-05-05T20:26:59Z,2026-05-05T20:36:28Z,Deep,4,马林康的Apple Watch
276478da-8cbb-4a49-8944-8ed3f2ec3b65,2026-05-05T20:36:28Z,2026-05-05T20:51:27Z,Awake,2,马林康的Apple Watch
77d3432c-711f-4a11-9de3-9c5d5080a7ff,2026-05-05T20:51:27Z,2026-05-05T20:57:27Z,Core,3,马林康的Apple Watch
e5b8a671-6a12-48b4-89c5-90171db87b85,2026-05-05T20:57:27Z,2026-05-05T21:12:26Z,Awake,2,马林康的Apple Watch
6005c6ac-a189-4c79-9353-03c085079bf4,2026-05-05T21:12:26Z,2026-05-05T21:28:25Z,Core,3,马林康的Apple Watch
f0242204-5682-4287-aba1-7367c2ced9e4,2026-05-05T21:28:25Z,2026-05-05T21:29:25Z,Awake,2,马林康的Apple Watch
3ed0cdeb-3c4e-4808-8589-dd60c98b759e,2026-05-05T21:29:25Z,2026-05-05T21:50:23Z,Core,3,马林康的Apple Watch
0d21cf8e-12ec-4a4f-96a0-835597a38c1a,2026-05-05T21:50:23Z,2026-05-05T21:52:23Z,Awake,2,马林康的Apple Watch
46ea4b78-a3f4-44ad-a821-96b6a9bf7428,2026-05-05T21:52:23Z,2026-05-05T21:57:53Z,Core,3,马林康的Apple Watch
73558cce-348e-46a3-b874-eb8fc174e818,2026-05-05T21:57:53Z,2026-05-05T22:05:52Z,REM,5,马林康的Apple Watch
cb0fa0df-3728-4ab5-a20e-3c1decad175b,2026-05-05T22:05:52Z,2026-05-05T22:09:52Z,Awake,2,马林康的Apple Watch
194449d6-51fa-4e12-a228-2fe0f85e3038,2026-05-05T22:09:52Z,2026-05-05T22:10:52Z,Core,3,马林康的Apple Watch
83d85fb1-37da-4669-8990-b5846e6e5187,2026-05-05T22:10:52Z,2026-05-05T22:12:52Z,Awake,2,马林康的Apple Watch
4dfe3f6d-bff5-47bb-878a-83366200c28b,2026-05-05T22:12:52Z,2026-05-05T22:19:52Z,Core,3,马林康的Apple Watch
f5ce248f-c3fa-434f-a941-b9bcbea37012,2026-05-05T22:19:52Z,2026-05-05T22:23:51Z,Awake,2,马林康的Apple Watch
84d6bb39-9f57-4596-a137-ea19a65b12b9,2026-05-05T22:23:51Z,2026-05-05T22:32:21Z,Core,3,马林康的Apple Watch
40e29256-23f1-4738-be37-360f71af16d3,2026-05-05T22:32:21Z,2026-05-05T22:49:20Z,Awake,2,马林康的Apple Watch
2a6c7fd3-c0c7-4261-8369-5aec663f8a69,2026-05-05T22:49:20Z,2026-05-05T23:31:17Z,Core,3,马林康的Apple Watch
68f82f40-7bf0-4575-a71e-5ed17d6d8e6f,2026-05-05T23:31:17Z,2026-05-05T23:35:47Z,Awake,2,马林康的Apple Watch
51eb3bcb-7b18-47de-9c59-3e60eabaadfb,2026-05-05T23:35:47Z,2026-05-05T23:38:46Z,Core,3,马林康的Apple Watch
ac669ea7-1d68-4324-b1c1-c53c8f8c2721,2026-05-05T23:38:46Z,2026-05-05T23:44:16Z,Awake,2,马林康的Apple Watch
280d3025-cf60-43ec-b3d0-7e091d63387e,2026-05-05T23:44:16Z,2026-05-06T00:05:15Z,Core,3,马林康的Apple Watch
88229377-c901-4f7d-91a5-e7a13e97980f,2026-05-06T00:05:15Z,2026-05-06T00:26:13Z,REM,5,马林康的Apple Watch
fd81010a-28fa-4d22-a7f0-b63b7d6bc70e,2026-05-06T00:26:13Z,2026-05-06T00:31:43Z,Core,3,马林康的Apple Watch
06147cc8-6ee5-43ea-9202-b03cac01c6db,2026-05-06T00:31:43Z,2026-05-06T00:33:13Z,Awake,2,马林康的Apple Watch
04ccfc72-7596-4deb-af50-06485a9ef3b0,2026-05-06T00:33:13Z,2026-05-06T00:37:42Z,Core,3,马林康的Apple Watch
7e6facfa-4884-4177-a88e-0e8b1dda85d7,2026-05-06T00:37:42Z,2026-05-06T00:50:12Z,REM,5,马林康的Apple Watch
b2a184e3-3f3d-45b4-a51d-9ee240bdfb68,2026-05-06T00:50:12Z,2026-05-06T01:24:09Z,Core,3,马林康的Apple Watch
8218fbdf-3698-4c9e-9f4b-db6bb2428e9e,2026-05-06T01:24:09Z,2026-05-06T01:36:08Z,Awake,2,马林康的Apple Watch
f57cf9ea-10c4-442b-b10b-810c0fa851f0,2026-05-06T01:36:08Z,2026-05-06T01:37:38Z,Core,3,马林康的Apple Watch
68a9f680-1bae-4c32-8d58-a2a3fde8a919,2026-05-06T15:23:00Z,2026-05-06T22:56:00Z,In Bed,0,AutoSleep
a3cddf19-c34b-4d06-867a-3b1cc62369d3,2026-05-06T15:23:00Z,2026-05-06T15:48:00Z,Asleep Unspecified,1,AutoSleep
0f9336c9-cd9d-41c6-845a-121dda6c531b,2026-05-06T17:00:00Z,2026-05-06T22:56:00Z,Asleep Unspecified,1,AutoSleep
1bf838f7-6476-4872-a4d5-bbe033fb2954,2026-05-06T17:19:54Z,2026-05-06T17:24:54Z,Core,3,马林康的Apple Watch
e8b1281f-f05c-4f34-af3e-9f3ac7ac5a63,2026-05-06T17:24:54Z,2026-05-06T17:27:24Z,Awake,2,马林康的Apple Watch
4d5617af-619e-40e7-8a50-6365ec434da2,2026-05-06T17:27:24Z,2026-05-06T18:01:22Z,Core,3,马林康的Apple Watch
9e1ad437-c5dc-4bbc-9d9b-b3ecd1529bac,2026-05-06T18:01:22Z,2026-05-06T18:19:50Z,Deep,4,马林康的Apple Watch
74436863-823a-4e22-badb-191106f5dfce,2026-05-06T18:19:50Z,2026-05-06T18:24:50Z,Core,3,马林康的Apple Watch
da3350ac-ecf3-407f-bac4-67ad3b00eed9,2026-05-06T18:24:50Z,2026-05-06T18:25:50Z,Awake,2,马林康的Apple Watch
ad789821-cbe2-48b5-93cc-3836ee3ae496,2026-05-06T18:25:50Z,2026-05-06T18:54:18Z,Core,3,马林康的Apple Watch
c0e81876-32ea-4262-9208-ea52e9bc128d,2026-05-06T18:54:18Z,2026-05-06T18:57:18Z,Deep,4,马林康的Apple Watch
4a66f936-7f49-4ffd-bf8b-17cf95aa76e7,2026-05-06T18:57:18Z,2026-05-06T19:01:18Z,Awake,2,马林康的Apple Watch
4970a87e-0c18-4220-8264-2bfcc9718870,2026-05-06T19:01:18Z,2026-05-06T19:07:47Z,Core,3,马林康的Apple Watch
afbac2cc-147b-4d3f-8488-fa8027f14dc7,2026-05-06T19:07:47Z,2026-05-06T19:09:17Z,Awake,2,马林康的Apple Watch
ee728841-b59c-4088-8468-55a29bcd40c5,2026-05-06T19:09:17Z,2026-05-06T19:12:47Z,Core,3,马林康的Apple Watch
c9b38aca-42f8-4440-9a05-a116cbca2648,2026-05-06T19:12:47Z,2026-05-06T19:15:17Z,REM,5,马林康的Apple Watch
c163fe75-11fc-4959-9f18-532bc4177b36,2026-05-06T19:15:17Z,2026-05-06T19:22:46Z,Core,3,马林康的Apple Watch
813f32bb-6324-494b-ac03-86055e2e8da1,2026-05-06T19:22:46Z,2026-05-06T19:27:16Z,Awake,2,马林康的Apple Watch
441bf65c-9774-4c9f-9bd7-d1124bd079c9,2026-05-06T19:27:16Z,2026-05-06T20:19:12Z,Core,3,马林康的Apple Watch
72dd5a1e-303f-4a49-b3b7-b45a81099435,2026-05-06T20:19:12Z,2026-05-06T20:38:41Z,Deep,4,马林康的Apple Watch
e2def1fc-6926-40e2-b8f3-de57a17e89b8,2026-05-06T20:38:41Z,2026-05-06T20:41:11Z,Core,3,马林康的Apple Watch
ab5b30ea-9a9c-465d-b46b-0438419ed5a3,2026-05-06T20:41:11Z,2026-05-06T20:51:40Z,REM,5,马林康的Apple Watch
e1d3c32c-fee2-42de-8392-eb2f2e8360dd,2026-05-06T20:51:40Z,2026-05-06T20:54:10Z,Awake,2,马林康的Apple Watch
8a85e0d9-659b-451d-b245-f17d3b97ca86,2026-05-06T20:54:10Z,2026-05-06T21:52:06Z,Core,3,马林康的Apple Watch
8610c798-3778-47e2-a496-c97b2341e996,2026-05-06T21:52:06Z,2026-05-06T21:54:06Z,Awake,2,马林康的Apple Watch
586f6ddf-9c23-4982-acc5-9df411bd98dd,2026-05-06T21:54:06Z,2026-05-06T21:59:06Z,Core,3,马林康的Apple Watch
a712fd54-c9c3-48dc-a6b4-a6aa437af8d1,2026-05-06T21:59:06Z,2026-05-06T22:27:04Z,REM,5,马林康的Apple Watch
60610818-f329-4d81-9b90-69dd8a1362b7,2026-05-07T05:13:00Z,2026-05-07T05:57:00Z,Asleep Unspecified,1,AutoSleep
745b79b7-8f2a-46b3-9103-51f89e5d6264,2026-05-07T05:13:00Z,2026-05-07T05:57:00Z,In Bed,0,AutoSleep
66f15208-e89c-496a-a2ac-f82ed2ef790d,2026-05-07T15:53:00Z,2026-05-07T23:37:00Z,Asleep Unspecified,1,AutoSleep
790554c9-0e26-49f3-922e-a674769025db,2026-05-07T15:53:00Z,2026-05-07T23:37:00Z,In Bed,0,AutoSleep
a9238f16-6e39-45a4-923d-414fd73ff0c2,2026-05-07T15:58:09Z,2026-05-07T16:06:08Z,Core,3,马林康的Apple Watch
3ac91d0b-6000-49c2-934b-c3547f39d563,2026-05-07T16:06:08Z,2026-05-07T16:09:08Z,Awake,2,马林康的Apple Watch
e4964f21-56e6-4a1b-8632-1f8967a8ea76,2026-05-07T16:09:08Z,2026-05-07T16:20:07Z,Core,3,马林康的Apple Watch
68170445-ae20-4742-be13-ed00a0a8f672,2026-05-07T16:20:07Z,2026-05-07T16:35:06Z,Deep,4,马林康的Apple Watch
d44a5477-62ea-4891-adab-81b428299515,2026-05-07T16:35:06Z,2026-05-07T17:26:03Z,Core,3,马林康的Apple Watch
b63afebc-c8a3-40f5-9b16-f59f98a7549f,2026-05-07T17:26:03Z,2026-05-07T17:39:32Z,Deep,4,马林康的Apple Watch
864083c5-593c-4de3-8c29-b22b3100bf4a,2026-05-07T17:39:32Z,2026-05-07T17:40:32Z,Core,3,马林康的Apple Watch
db45d2cf-4b76-4403-b9af-35a97f15d86f,2026-05-07T17:40:32Z,2026-05-07T17:51:31Z,REM,5,马林康的Apple Watch
d8f1231f-b7e9-4b42-91f4-cef75326dcf5,2026-05-07T17:51:31Z,2026-05-07T18:46:57Z,Core,3,马林康的Apple Watch
ad2843b8-6f40-4f76-87b3-d5b25237595d,2026-05-07T18:46:57Z,2026-05-07T19:01:26Z,Deep,4,马林康的Apple Watch
4cacf395-5373-4173-a12c-60769ee85976,2026-05-07T19:01:26Z,2026-05-07T19:04:26Z,Awake,2,马林康的Apple Watch
4debb60f-40c0-4235-a21c-2ee3358ba92c,2026-05-07T19:04:26Z,2026-05-07T19:14:55Z,Core,3,马林康的Apple Watch
bcfbefe3-e84e-442a-b388-e5b8ee7f7fba,2026-05-07T19:14:55Z,2026-05-07T19:19:55Z,REM,5,马林康的Apple Watch
869aa4e5-fcdc-447b-8d91-a6e250f4db3f,2026-05-07T19:19:55Z,2026-05-07T19:33:24Z,Core,3,马林康的Apple Watch
410c33e1-15ec-4c7d-9d2f-9d233c20cc65,2026-05-07T19:33:24Z,2026-05-07T19:40:23Z,Awake,2,马林康的Apple Watch
1f44d06b-88ff-4b18-bf67-8d02e5487fb2,2026-05-07T19:40:23Z,2026-05-07T20:19:21Z,Core,3,马林康的Apple Watch
39975f02-4e6d-4a3b-85e7-07fb37778ea9,2026-05-07T20:19:21Z,2026-05-07T20:31:50Z,Deep,4,马林康的Apple Watch
9e995a0a-0a06-4f9a-a709-8252a5a24284,2026-05-07T20:31:50Z,2026-05-07T20:41:20Z,Core,3,马林康的Apple Watch
d138649a-b75e-4da8-a6b3-a5947f7ea33b,2026-05-07T20:41:20Z,2026-05-07T20:59:18Z,REM,5,马林康的Apple Watch
8e59630a-bd5f-43c5-b874-4937dac53b4c,2026-05-07T20:59:18Z,2026-05-07T21:21:17Z,Core,3,马林康的Apple Watch
7436d7e4-e5f3-4c88-92c6-9e7308951a08,2026-05-07T21:21:17Z,2026-05-07T21:23:47Z,Awake,2,马林康的Apple Watch
216cc9b7-f52f-4691-8fd5-459358d09147,2026-05-07T21:23:47Z,2026-05-07T21:35:16Z,Core,3,马林康的Apple Watch
499423fc-2f59-4f5b-ad5f-fdba20c5aa97,2026-05-07T21:35:16Z,2026-05-07T21:38:16Z,Awake,2,马林康的Apple Watch
f2072186-a2c8-4b3f-a846-f7c424d8e0ce,2026-05-07T21:38:16Z,2026-05-07T22:21:13Z,Core,3,马林康的Apple Watch
26d4d2a3-ac59-4b05-b924-192907fba206,2026-05-07T22:21:13Z,2026-05-07T22:37:12Z,REM,5,马林康的Apple Watch
aedef1cd-9fe9-470e-8891-f11d4f73b2d0,2026-05-07T22:37:12Z,2026-05-07T22:38:12Z,Core,3,马林康的Apple Watch
c4491c6b-c5ac-4980-95a2-fc9de627c58e,2026-05-07T22:38:12Z,2026-05-07T22:38:42Z,REM,5,马林康的Apple Watch
5337208f-7bdc-4127-a4c4-1a688b3ddcfa,2026-05-07T22:38:42Z,2026-05-07T22:45:11Z,Core,3,马林康的Apple Watch
5d5b5178-7a79-462d-a9de-99a6148b8611,2026-05-07T22:45:11Z,2026-05-07T23:12:10Z,REM,5,马林康的Apple Watch
39f5c941-1228-40ab-8d91-bb808df67584,2026-05-07T23:12:10Z,2026-05-07T23:33:38Z,Core,3,马林康的Apple Watch
9f427b73-fb10-4f8d-b3e5-1247a3085805,2026-05-08T05:30:00Z,2026-05-08T06:01:00Z,In Bed,0,AutoSleep
b245f33c-d4a0-4560-a3f5-7ca204c4514d,2026-05-08T05:30:00Z,2026-05-08T06:01:00Z,Asleep Unspecified,1,AutoSleep
66154494-e9c2-46de-8b34-c812e8ec3935,2026-05-08T17:15:00Z,2026-05-08T23:14:00Z,Asleep Unspecified,1,AutoSleep
f59d4c10-7592-453b-841e-f7146e5552cc,2026-05-08T17:15:00Z,2026-05-09T00:45:00Z,In Bed,0,AutoSleep
8d4ed581-4fad-489d-88bb-d833a7d6c93f,2026-05-08T17:28:21Z,2026-05-08T17:29:21Z,Core,3,马林康的Apple Watch
f8312a7d-9c20-43b2-9e02-065da63dc4c8,2026-05-08T17:29:21Z,2026-05-08T17:32:51Z,Awake,2,马林康的Apple Watch
9e89fde1-5e0e-4f4c-83ac-c86cf3639fa3,2026-05-08T17:32:51Z,2026-05-08T17:48:50Z,Core,3,马林康的Apple Watch
c4cef53e-c0f8-410f-ad67-4516a7651d70,2026-05-08T17:48:50Z,2026-05-08T17:51:50Z,Awake,2,马林康的Apple Watch
1eaaa04e-0b29-4930-8877-3ef11f2b17b3,2026-05-08T17:51:50Z,2026-05-08T18:19:18Z,Core,3,马林康的Apple Watch
c24b069e-6d39-4a8a-9152-036c26464368,2026-05-08T18:19:18Z,2026-05-08T18:25:47Z,Deep,4,马林康的Apple Watch
a89b7fc0-a8d3-413c-8c7b-e5d26539356b,2026-05-08T18:25:47Z,2026-05-08T18:27:47Z,Core,3,马林康的Apple Watch
a7b4d5cc-ed25-46f2-a35f-fb7d821a8a57,2026-05-08T18:27:47Z,2026-05-08T18:28:47Z,Awake,2,马林康的Apple Watch
1424fa97-e0a6-4b08-a877-bc5032a200c7,2026-05-08T18:28:47Z,2026-05-08T18:36:17Z,Core,3,马林康的Apple Watch
e68e43a0-87c1-4659-9c8a-86596f34296e,2026-05-08T18:36:17Z,2026-05-08T18:37:46Z,Awake,2,马林康的Apple Watch
a5577454-7263-4f6d-bd67-9eb0e5d9676e,2026-05-08T18:37:46Z,2026-05-08T19:04:45Z,Core,3,马林康的Apple Watch
c4182195-0af4-4529-aff6-a30426c190de,2026-05-08T19:04:45Z,2026-05-08T19:09:44Z,Deep,4,马林康的Apple Watch
50e3883b-98b0-4c87-8ab8-8a32b5bb5a9c,2026-05-08T19:09:44Z,2026-05-08T19:10:14Z,Core,3,马林康的Apple Watch
7f62e30e-669d-4804-95c5-560479940a9c,2026-05-08T19:10:14Z,2026-05-08T19:10:44Z,Awake,2,马林康的Apple Watch
34b85e43-6259-470a-8994-6b0707dd6fe6,2026-05-08T19:10:44Z,2026-05-08T19:19:14Z,Core,3,马林康的Apple Watch
7ff6e4cb-11cf-41c8-88d7-ebede5a45514,2026-05-08T19:19:14Z,2026-05-08T19:21:44Z,Awake,2,马林康的Apple Watch
5de811be-50e7-4a4a-a1aa-69d8379531bb,2026-05-08T19:21:44Z,2026-05-08T19:26:43Z,Core,3,马林康的Apple Watch
ed7fe6a3-6171-48a1-ab81-43ce2c1ddd9c,2026-05-08T19:26:43Z,2026-05-08T19:29:13Z,Awake,2,马林康的Apple Watch
edfefa26-ffe7-41d9-949d-b44dc453876d,2026-05-08T19:29:13Z,2026-05-08T19:33:43Z,Core,3,马林康的Apple Watch
e51e9519-4cb0-430f-b29c-0cba1c83b07c,2026-05-08T19:33:43Z,2026-05-08T19:34:43Z,REM,5,马林康的Apple Watch
b5bfed4d-4a29-4bce-8d62-096b1f700c20,2026-05-08T19:34:43Z,2026-05-08T19:38:12Z,Awake,2,马林康的Apple Watch
56cdac42-131c-4c3c-9a29-75b1156fab3a,2026-05-08T19:38:12Z,2026-05-08T19:41:42Z,Core,3,马林康的Apple Watch
147d22ea-c9c2-442d-9429-35be177534b5,2026-05-08T19:41:42Z,2026-05-08T19:48:12Z,REM,5,马林康的Apple Watch
69097108-c633-400e-8fec-7492d0966103,2026-05-08T19:48:12Z,2026-05-08T19:49:42Z,Awake,2,马林康的Apple Watch
4aa6fe70-42ff-43f8-adc3-190a480d1303,2026-05-08T19:49:42Z,2026-05-08T20:19:10Z,Core,3,马林康的Apple Watch
a55a778a-d27d-4b65-83b5-be463597ec2a,2026-05-08T20:19:10Z,2026-05-08T20:27:39Z,Deep,4,马林康的Apple Watch
59549fd2-019f-44f8-84e8-4574f7b1e48b,2026-05-08T20:27:39Z,2026-05-08T20:28:39Z,Awake,2,马林康的Apple Watch
fb3daf2a-36d4-4c49-8b86-8877c1451f00,2026-05-08T20:28:39Z,2026-05-08T20:45:08Z,Core,3,马林康的Apple Watch
a9194bef-804a-4214-b2dd-91e0e38e4829,2026-05-08T20:45:08Z,2026-05-08T20:47:38Z,Awake,2,马林康的Apple Watch
02a9c409-ad8e-4ca9-a71e-592202f3a2d3,2026-05-08T20:47:38Z,2026-05-08T21:05:37Z,Core,3,马林康的Apple Watch
c87248a3-5a51-443c-9c26-429ecd00f40f,2026-05-08T21:05:37Z,2026-05-08T21:23:05Z,REM,5,马林康的Apple Watch
7e0ddb0c-5b89-4006-95ec-48c72b6d3a39,2026-05-08T21:23:05Z,2026-05-08T21:29:05Z,Core,3,马林康的Apple Watch
60ccbd2d-0649-46e3-9386-a458a3ccd452,2026-05-08T21:29:05Z,2026-05-08T21:30:35Z,Awake,2,马林康的Apple Watch
c1e1fcb6-b300-46e7-a10f-73ad977955b9,2026-05-08T21:30:35Z,2026-05-08T21:31:35Z,Core,3,马林康的Apple Watch
250a8832-d802-4fcb-b76a-b0919a85c7d3,2026-05-08T21:31:35Z,2026-05-08T21:33:05Z,Awake,2,马林康的Apple Watch
24ac52d2-dc24-4d65-973a-95d3ba722123,2026-05-08T21:33:05Z,2026-05-08T22:17:02Z,Core,3,马林康的Apple Watch
9f306393-6823-4cb3-91b6-a84e50490a9f,2026-05-08T22:17:02Z,2026-05-08T22:33:31Z,Deep,4,马林康的Apple Watch
29dcc830-422f-4288-ae91-c4183104f873,2026-05-08T22:33:31Z,2026-05-08T22:36:01Z,Awake,2,马林康的Apple Watch
a9053756-35b5-4210-960d-2944935ab825,2026-05-08T22:36:01Z,2026-05-08T22:41:00Z,Core,3,马林康的Apple Watch
17ce6407-2ca2-4e58-8c00-f78d90815fec,2026-05-08T22:41:00Z,2026-05-08T22:47:00Z,Awake,2,马林康的Apple Watch
3df4bca7-8841-4095-bc03-bf2fd7e12437,2026-05-08T22:47:00Z,2026-05-08T22:48:00Z,Core,3,马林康的Apple Watch
90bf549a-f8c8-41e6-8236-68b62db13203,2026-05-08T22:48:00Z,2026-05-08T22:50:00Z,Awake,2,马林康的Apple Watch
303c62fa-0e52-4521-a4d4-8aae9c005197,2026-05-08T22:50:00Z,2026-05-08T22:52:00Z,Core,3,马林康的Apple Watch
e79b74f8-37ad-481c-b695-61c392e1a78b,2026-05-08T22:52:00Z,2026-05-08T22:56:29Z,Awake,2,马林康的Apple Watch
877b3276-8870-4548-a0ae-85a3a4e23374,2026-05-08T22:56:29Z,2026-05-08T22:56:59Z,Core,3,马林康的Apple Watch
891cd697-ba8a-4ec9-91cf-3a03f3871456,2026-05-08T22:56:59Z,2026-05-08T22:59:59Z,REM,5,马林康的Apple Watch
c1b82e2c-6ac1-424c-bef0-668d8b73fc18,2026-05-08T22:59:59Z,2026-05-08T23:19:28Z,Awake,2,马林康的Apple Watch
9f69c010-a444-432a-ba6b-05d2478001d1,2026-05-08T23:19:28Z,2026-05-08T23:21:58Z,Core,3,马林康的Apple Watch
609efab8-763c-4d16-9787-4aaf7d016a25,2026-05-09T00:15:00Z,2026-05-09T00:45:00Z,Asleep Unspecified,1,AutoSleep
1b129410-c466-4f1e-aeb9-49b5295c06bc,2026-05-09T05:12:00Z,2026-05-09T06:04:00Z,In Bed,0,AutoSleep
692287a1-b078-4831-b1ba-df55eeac19bc,2026-05-09T05:12:00Z,2026-05-09T06:04:00Z,Asleep Unspecified,1,AutoSleep
2205cd02-f07d-4b89-9de8-a43d2d5568fb,2026-05-10T17:32:00Z,2026-05-11T01:33:00Z,In Bed,0,AutoSleep
5e8af480-c9e5-43df-b367-fd1249bf82a1,2026-05-10T17:32:00Z,2026-05-10T22:16:00Z,Asleep Unspecified,1,AutoSleep
4a4ef99f-82c9-4259-ac06-0c9fcb05b55a,2026-05-10T17:35:19Z,2026-05-10T17:51:48Z,Core,3,马林康的Apple Watch
656de306-0058-466e-8830-da90c792cd13,2026-05-10T17:51:48Z,2026-05-10T18:03:17Z,Deep,4,马林康的Apple Watch
5d9e233c-6ef5-4336-94f5-14371601a508,2026-05-10T18:03:17Z,2026-05-10T18:04:47Z,Awake,2,马林康的Apple Watch
e8eb9d1b-b4ea-48c8-9fa7-7a153243972f,2026-05-10T18:04:47Z,2026-05-10T18:16:16Z,Core,3,马林康的Apple Watch
a2e641aa-7192-4bd4-952c-3367209135f0,2026-05-10T18:16:16Z,2026-05-10T18:20:46Z,Deep,4,马林康的Apple Watch
f56c242e-348b-45b6-b95a-a669431f35ab,2026-05-10T18:20:46Z,2026-05-10T18:50:44Z,Core,3,马林康的Apple Watch
40e8e5df-daf3-4bb5-b5bc-c61a332b2adc,2026-05-10T18:50:44Z,2026-05-10T18:53:14Z,Deep,4,马林康的Apple Watch
9233fd57-e5b3-4652-bb14-251fb089573c,2026-05-10T18:53:14Z,2026-05-10T18:56:43Z,Core,3,马林康的Apple Watch
9d77c9ab-60b9-4fe1-b0ec-073780518f14,2026-05-10T18:56:43Z,2026-05-10T18:57:43Z,Awake,2,马林康的Apple Watch
f668c3d7-0140-48ad-9881-12f5ba6cd805,2026-05-10T18:57:43Z,2026-05-10T18:58:13Z,Core,3,马林康的Apple Watch
0149e73b-28c9-40aa-87a3-f550a975547b,2026-05-10T18:58:13Z,2026-05-10T19:13:12Z,REM,5,马林康的Apple Watch
135520be-fdd4-4300-8c02-f7eec95cb119,2026-05-10T19:13:12Z,2026-05-10T19:36:11Z,Core,3,马林康的Apple Watch
432bd8f0-5512-4652-8f4f-c9f146f1e41e,2026-05-10T19:36:11Z,2026-05-10T19:41:40Z,Deep,4,马林康的Apple Watch
b27b86a0-3026-4bcf-affb-54a50abe1e54,2026-05-10T19:41:40Z,2026-05-10T20:03:39Z,Core,3,马林康的Apple Watch
f81cd72f-b003-4e08-906b-b4829863179b,2026-05-10T20:03:39Z,2026-05-10T20:04:39Z,REM,5,马林康的Apple Watch
8efbbe61-97da-4b42-9747-c7e0ff92a799,2026-05-10T20:04:39Z,2026-05-10T20:34:37Z,Core,3,马林康的Apple Watch
5dff1031-8d8b-4faf-a6f8-b0ccb6433668,2026-05-10T20:34:37Z,2026-05-10T20:46:06Z,Deep,4,马林康的Apple Watch
1a6f957f-f10e-470e-b1da-91ab6ef955c1,2026-05-10T20:46:06Z,2026-05-10T21:12:04Z,Core,3,马林康的Apple Watch
3adaa26c-325a-4877-a6bf-957cf2168510,2026-05-10T21:12:04Z,2026-05-10T21:14:04Z,Awake,2,马林康的Apple Watch
5aee0371-062e-4a58-ba8d-55eab851247a,2026-05-10T21:14:04Z,2026-05-10T21:29:33Z,Core,3,马林康的Apple Watch
ce6d60ab-7247-4db1-b672-d984c3a82545,2026-05-10T21:29:33Z,2026-05-10T21:36:03Z,REM,5,马林康的Apple Watch
45770eff-5bc8-4fcc-bc8c-b0f741a8b651,2026-05-10T21:36:03Z,2026-05-10T22:30:59Z,Core,3,马林康的Apple Watch
826dab58-0ba9-4a58-bc03-4d431f7a2767,2026-05-10T22:30:59Z,2026-05-10T22:34:29Z,REM,5,马林康的Apple Watch
49342c39-1362-4d99-a0f6-4ed5c13035c8,2026-05-10T22:34:29Z,2026-05-10T22:35:59Z,Core,3,马林康的Apple Watch
7969ad1c-5a22-418d-a3b0-1459b95ae52f,2026-05-10T22:35:59Z,2026-05-10T22:41:59Z,REM,5,马林康的Apple Watch
72e8b377-74e0-4114-8376-d6a0c732eaf9,2026-05-10T22:41:59Z,2026-05-10T22:44:58Z,Awake,2,马林康的Apple Watch
fe9668bd-5447-468d-889a-6a7307ddf7c9,2026-05-10T22:43:00Z,2026-05-10T23:50:00Z,Asleep Unspecified,1,AutoSleep
78d91243-eaa0-4c84-8946-e22af12d0868,2026-05-10T22:44:58Z,2026-05-10T23:41:25Z,Core,3,马林康的Apple Watch
a5119eb9-d17c-4041-82e0-ef47ec26e72c,2026-05-10T23:41:25Z,2026-05-10T23:47:54Z,REM,5,马林康的Apple Watch
eda5873b-004f-48e3-9a5a-636267f1c64e,2026-05-10T23:47:54Z,2026-05-11T00:04:53Z,Awake,2,马林康的Apple Watch
d7bad26a-e3ad-4ee8-9e5d-eae798fe38de,2026-05-11T00:04:53Z,2026-05-11T00:19:52Z,Core,3,马林康的Apple Watch
505517bb-3542-490d-aab3-6a1af54607f7,2026-05-11T00:19:52Z,2026-05-11T00:22:22Z,REM,5,马林康的Apple Watch
4fe59e73-85a7-4709-b40d-0ad49bf7f5ca,2026-05-11T00:22:22Z,2026-05-11T00:23:52Z,Awake,2,马林康的Apple Watch
a23293be-ebc2-4e8d-a421-7cf0057ee66b,2026-05-11T00:23:00Z,2026-05-11T01:33:00Z,Asleep Unspecified,1,AutoSleep
8d7ba9cf-29c7-4034-9e03-94070e7604d5,2026-05-11T00:23:52Z,2026-05-11T01:11:49Z,Core,3,马林康的Apple Watch
084072c1-e2ae-4ea6-8e5a-d8ab29e809cc,2026-05-11T01:11:49Z,2026-05-11T01:29:48Z,REM,5,马林康的Apple Watch
9f1f696f-e328-4cde-ac76-5ae2bd48c131,2026-05-11T15:53:00Z,2026-05-11T16:22:00Z,Asleep Unspecified,1,AutoSleep
c22f5796-9d04-4d34-afbb-33cc467ccc18,2026-05-11T15:53:00Z,2026-05-11T22:26:00Z,In Bed,0,AutoSleep
e7d5a3d7-b3fb-4fe9-831f-730de1cfbc5a,2026-05-11T16:57:00Z,2026-05-11T22:26:00Z,Asleep Unspecified,1,AutoSleep
9f0e27d5-d60d-410c-ad7b-4c8eaf04c051,2026-05-11T17:30:32Z,2026-05-11T17:32:02Z,Core,3,马林康的Apple Watch
cf40b28f-59c6-4eea-a0f5-82610f4a2e54,2026-05-11T17:32:02Z,2026-05-11T17:40:31Z,Awake,2,马林康的Apple Watch
09341e6d-1b78-48bb-98cc-fea250d65db4,2026-05-11T17:40:31Z,2026-05-11T17:53:30Z,Core,3,马林康的Apple Watch
663b16d6-f146-4932-87bf-1b35296b1366,2026-05-11T17:53:30Z,2026-05-11T18:01:30Z,Deep,4,马林康的Apple Watch
213c1c62-b8df-4b14-85ab-9644588fd1a5,2026-05-11T18:01:30Z,2026-05-11T18:09:59Z,Core,3,马林康的Apple Watch
ed60fb5e-59d7-48a2-b69e-b2d551ab99c6,2026-05-11T18:09:59Z,2026-05-11T18:15:59Z,Deep,4,马林康的Apple Watch
e94d45ed-3bca-46b6-81ce-8498947cb666,2026-05-11T18:15:59Z,2026-05-11T18:16:59Z,Awake,2,马林康的Apple Watch
0ef16911-4970-44f7-98a3-1867e902ba75,2026-05-11T18:16:59Z,2026-05-11T18:34:28Z,Core,3,马林康的Apple Watch
4b7061cc-c56f-4422-b4a9-eb28169e1b12,2026-05-11T18:34:28Z,2026-05-11T18:37:28Z,Awake,2,马林康的Apple Watch
a14d9a08-1582-49ce-89ba-5b5f763f249c,2026-05-11T18:37:28Z,2026-05-11T18:52:57Z,Core,3,马林康的Apple Watch
c2f21eeb-3b06-478c-9f81-9b50f00ae803,2026-05-11T18:52:57Z,2026-05-11T18:54:56Z,Deep,4,马林康的Apple Watch
bb09cfaf-a1d0-424c-a15d-ac23a7581b8b,2026-05-11T18:54:56Z,2026-05-11T19:06:26Z,Core,3,马林康的Apple Watch
8aa06358-91e2-47d0-9b22-1772f06b2377,2026-05-11T19:06:26Z,2026-05-11T19:09:25Z,Awake,2,马林康的Apple Watch
67ca6748-f5e5-4b20-90a0-5cf2e54a3719,2026-05-11T19:09:25Z,2026-05-11T19:33:24Z,Core,3,马林康的Apple Watch
8d4180d2-723c-4fa7-827c-348de5cfd6ea,2026-05-11T19:33:24Z,2026-05-11T19:50:53Z,Deep,4,马林康的Apple Watch
90a3a2d9-cc4a-41dd-8947-e6c4df3f796e,2026-05-11T19:50:53Z,2026-05-11T20:00:22Z,Core,3,马林康的Apple Watch
8e282fea-0b4e-47ac-a098-d50087b60d28,2026-05-11T20:00:22Z,2026-05-11T20:01:22Z,Deep,4,马林康的Apple Watch
a1d8e430-a1e2-45fb-b491-e05a44fd0d49,2026-05-11T20:01:22Z,2026-05-11T20:31:20Z,Core,3,马林康的Apple Watch
05ad8b3b-8e2e-4fd2-8f04-13f5e0cd375c,2026-05-11T20:31:20Z,2026-05-11T20:42:49Z,REM,5,马林康的Apple Watch
755be63b-409f-4bd7-848a-dfcf9cc4784d,2026-05-11T20:42:49Z,2026-05-11T20:43:49Z,Awake,2,马林康的Apple Watch
63f0f145-607f-48fc-9937-f48495dd67b8,2026-05-11T20:43:49Z,2026-05-11T20:44:49Z,Core,3,马林康的Apple Watch
0d110a54-3133-46ec-961b-0aff84c9aa99,2026-05-11T20:44:49Z,2026-05-11T20:52:19Z,REM,5,马林康的Apple Watch
790c3f29-bddc-45e5-aeb4-eeed51787692,2026-05-11T20:52:19Z,2026-05-11T20:54:49Z,Awake,2,马林康的Apple Watch
eee752c4-84da-4f1a-b701-048dc8690171,2026-05-11T20:54:49Z,2026-05-11T21:04:48Z,Core,3,马林康的Apple Watch
d27118ea-cf60-4c01-a6cb-248dc313843c,2026-05-11T21:04:48Z,2026-05-11T21:05:48Z,Awake,2,马林康的Apple Watch
7b1663c8-727f-4464-bd64-d3e08021e193,2026-05-11T21:05:48Z,2026-05-11T21:30:16Z,Core,3,马林康的Apple Watch
d083d4f1-8a0d-4555-a88a-f83b4d6d6ddd,2026-05-11T21:30:16Z,2026-05-11T21:41:45Z,Deep,4,马林康的Apple Watch
ef371eac-56fb-49f5-b4d8-2a4c68b3d970,2026-05-11T21:41:45Z,2026-05-11T22:25:13Z,Core,3,马林康的Apple Watch
8c948b00-1c2d-4caf-8568-554bd61344e9,2026-05-12T05:30:00Z,2026-05-12T06:00:00Z,Asleep Unspecified,1,AutoSleep
c1c76015-5471-461c-9532-47a38d216edb,2026-05-12T05:30:00Z,2026-05-12T06:00:00Z,In Bed,0,AutoSleep
165a493c-1464-42a1-bc03-b2734047c1eb,2026-05-13T18:22:00Z,2026-05-14T00:43:00Z,In Bed,0,AutoSleep
7e159601-ac62-4009-a434-fb5e15bd5d5c,2026-05-13T18:22:00Z,2026-05-14T00:43:00Z,Asleep Unspecified,1,AutoSleep
928a0e84-4c7d-41c1-959f-036eaedaacf6,2026-05-13T18:28:07Z,2026-05-13T18:39:36Z,Core,3,马林康的Apple Watch
31f27ddc-825a-49c8-82b4-5aa138445c1d,2026-05-13T18:39:36Z,2026-05-13T19:12:34Z,Deep,4,马林康的Apple Watch
0e1dae2a-5eb3-44ee-8e58-2a5a1dd89cd4,2026-05-13T19:12:34Z,2026-05-13T19:14:04Z,Awake,2,马林康的Apple Watch
100a6818-c00e-4a28-96b0-c3fe8def3b12,2026-05-13T19:14:04Z,2026-05-13T19:38:02Z,Core,3,马林康的Apple Watch
4ae3d834-c730-46c5-83dc-488bc3d98832,2026-05-13T19:38:02Z,2026-05-13T19:39:32Z,Awake,2,马林康的Apple Watch
f0441cd1-1d68-44bb-bf7d-b561a1176c09,2026-05-13T19:39:32Z,2026-05-13T19:49:01Z,Core,3,马林康的Apple Watch
a8059cc3-e9cf-48f5-b5ca-baf6173ca56d,2026-05-13T19:49:01Z,2026-05-13T19:57:31Z,Deep,4,马林康的Apple Watch
8cd439b0-13a6-4087-a71e-3e2a756635c3,2026-05-13T19:57:31Z,2026-05-13T19:58:01Z,Awake,2,马林康的Apple Watch
dbe6f20e-9ddb-4518-b3f0-5a7ad87d431f,2026-05-13T19:58:01Z,2026-05-13T20:12:00Z,Core,3,马林康的Apple Watch
5c1e50e1-8b10-432c-be52-ab697197fb99,2026-05-13T20:12:00Z,2026-05-13T20:32:28Z,Deep,4,马林康的Apple Watch
bdad6706-2c77-4ea1-94ac-c82256ee1908,2026-05-13T20:32:28Z,2026-05-13T20:39:28Z,Core,3,马林康的Apple Watch
49eba7d3-5919-4499-8f21-d68076565935,2026-05-13T20:39:28Z,2026-05-13T20:56:27Z,REM,5,马林康的Apple Watch
9164ec68-c9e9-48ee-ba69-fbfab39796e1,2026-05-13T20:56:27Z,2026-05-13T20:57:57Z,Awake,2,马林康的Apple Watch
bba77352-fae7-4da6-9f9a-6878a4bef4ff,2026-05-13T20:57:57Z,2026-05-13T21:07:56Z,Core,3,马林康的Apple Watch
b4b20341-127c-421b-b551-154a64253475,2026-05-13T21:07:56Z,2026-05-13T21:08:26Z,Awake,2,马林康的Apple Watch
3ff47d30-f091-4753-92f1-b22ba4de5763,2026-05-13T21:08:26Z,2026-05-13T21:34:24Z,Core,3,马林康的Apple Watch
cb2d82d7-a81d-45a4-b68f-10176198bf1b,2026-05-13T21:34:24Z,2026-05-13T21:42:24Z,Deep,4,马林康的Apple Watch
db015a0e-f6fd-4a9c-b4bd-33dc46c94c70,2026-05-13T21:42:24Z,2026-05-13T21:46:23Z,Core,3,马林康的Apple Watch
24dde9f4-1e77-440f-b891-0615582f04f6,2026-05-13T21:46:23Z,2026-05-13T21:46:53Z,Deep,4,马林康的Apple Watch
521c3597-e961-494b-9f67-cd111b5a7174,2026-05-13T21:46:53Z,2026-05-13T21:52:53Z,Core,3,马林康的Apple Watch
e142faae-4092-486c-bfce-6ab29abb8404,2026-05-13T21:52:53Z,2026-05-13T21:54:53Z,Awake,2,马林康的Apple Watch
2557b060-7b77-4e82-ba9e-145b29841baa,2026-05-13T21:54:53Z,2026-05-13T22:01:22Z,Core,3,马林康的Apple Watch
e3c1e528-e20d-4e6a-b9e4-d807de166e98,2026-05-13T22:01:22Z,2026-05-13T22:20:51Z,REM,5,马林康的Apple Watch
a9222fd9-5beb-459f-b3e6-5dae1dd5f48d,2026-05-13T22:20:51Z,2026-05-13T22:40:20Z,Core,3,马林康的Apple Watch
6a01e146-93af-4be3-915d-3118e96a2f25,2026-05-13T22:40:20Z,2026-05-13T22:40:50Z,Awake,2,马林康的Apple Watch
f038e718-c55f-4a19-8589-72e9f548261f,2026-05-13T22:40:50Z,2026-05-13T23:01:19Z,Core,3,马林康的Apple Watch
0a9db621-5cef-4117-af0d-31f0423bd455,2026-05-13T23:01:19Z,2026-05-13T23:04:48Z,Awake,2,马林康的Apple Watch
6b84c453-b294-4a67-9445-0ecf0503d5f6,2026-05-13T23:04:48Z,2026-05-13T23:27:17Z,Core,3,马林康的Apple Watch
a1eff7dc-2470-43aa-9c14-246244b430c2,2026-05-13T23:27:17Z,2026-05-13T23:44:16Z,REM,5,马林康的Apple Watch
5af87d54-cc9d-4663-8470-52c5e66a83a5,2026-05-13T23:44:16Z,2026-05-14T00:39:42Z,Core,3,马林康的Apple Watch
65f684ba-9945-409b-a55b-06eb665ce7d4,2026-05-14T05:29:00Z,2026-05-14T06:03:00Z,In Bed,0,AutoSleep
e4b7b336-bf09-4195-b07c-e561603b1266,2026-05-14T05:29:00Z,2026-05-14T06:03:00Z,Asleep Unspecified,1,AutoSleep
6e9f9e3e-859e-4c41-82ca-e38bb77ff724,2026-05-15T15:30:00Z,2026-05-16T00:36:00Z,In Bed,0,AutoSleep
91df8fde-06e9-4e83-b856-cbc5e131c28a,2026-05-15T15:30:00Z,2026-05-15T22:47:00Z,Asleep Unspecified,1,AutoSleep
cd31b73a-3b61-4a46-9972-599b499e74bf,2026-05-15T15:42:33Z,2026-05-15T16:15:30Z,Core,3,马林康的Apple Watch
52fc7f12-92a7-4e69-9e12-c3a42362fed9,2026-05-15T16:15:30Z,2026-05-15T16:45:28Z,Deep,4,马林康的Apple Watch
b16f5b5b-ae24-41c7-b067-f2116b29263c,2026-05-15T16:45:28Z,2026-05-15T16:46:58Z,Core,3,马林康的Apple Watch
ef43114d-1aef-47c9-a229-995765a64547,2026-05-15T16:46:58Z,2026-05-15T16:48:58Z,REM,5,马林康的Apple Watch
1497aabc-14c9-4fb8-a480-176a5830c3f4,2026-05-15T16:48:58Z,2026-05-15T16:51:28Z,Awake,2,马林康的Apple Watch
65fe9d5a-8669-4768-ad35-dac200612102,2026-05-15T16:51:28Z,2026-05-15T17:11:56Z,Core,3,马林康的Apple Watch
0704f276-daa2-4edd-b55b-0d4db6994b0d,2026-05-15T17:11:56Z,2026-05-15T17:13:26Z,REM,5,马林康的Apple Watch
656e9a52-fabb-455a-889e-3fa12dab04bf,2026-05-15T17:13:26Z,2026-05-15T18:12:52Z,Core,3,马林康的Apple Watch
1efeb9d1-2a0c-47f6-aeb2-2b1bc20248e4,2026-05-15T18:12:52Z,2026-05-15T18:43:50Z,Deep,4,马林康的Apple Watch
e50becf9-4d63-40c5-90c8-599edd0da6e1,2026-05-15T18:43:50Z,2026-05-15T18:46:50Z,Core,3,马林康的Apple Watch
27666dfc-2bdf-45a6-ade7-64bc3135b24f,2026-05-15T18:46:50Z,2026-05-15T19:01:19Z,REM,5,马林康的Apple Watch
73dfdd97-965a-42b1-8495-76e3d8cd86dc,2026-05-15T19:01:19Z,2026-05-15T19:01:49Z,Awake,2,马林康的Apple Watch
b2614fac-f9a5-4eef-9188-8a3dbfe3562f,2026-05-15T19:01:49Z,2026-05-15T19:08:48Z,REM,5,马林康的Apple Watch
3a3cd2b2-fe05-4424-bdb0-ce63f04d78e1,2026-05-15T19:08:48Z,2026-05-15T19:09:48Z,Awake,2,马林康的Apple Watch
8cb142e6-13c6-4665-ac41-78a57ea00748,2026-05-15T19:09:48Z,2026-05-15T20:05:44Z,Core,3,马林康的Apple Watch
cf5cf9b5-7916-4f6c-9d5e-9a3f820ad68a,2026-05-15T20:05:44Z,2026-05-15T20:21:13Z,REM,5,马林康的Apple Watch
d99d7c9d-0272-4710-aa88-52017edaf1d2,2026-05-15T20:21:13Z,2026-05-15T20:59:41Z,Core,3,马林康的Apple Watch
89ca89d7-341e-4c86-aa50-94e334ef0afb,2026-05-15T20:59:41Z,2026-05-15T21:06:10Z,REM,5,马林康的Apple Watch
26579b64-c267-4089-8169-4af9a69bc2fb,2026-05-15T21:06:10Z,2026-05-15T21:07:10Z,Awake,2,马林康的Apple Watch
566d9b29-b7ed-4c08-adeb-ac4363f9a1d6,2026-05-15T21:07:10Z,2026-05-15T21:27:09Z,Core,3,马林康的Apple Watch
ddeaa95f-15f4-4a77-9314-4858705fe28f,2026-05-15T21:27:09Z,2026-05-15T21:50:37Z,REM,5,马林康的Apple Watch
d0625dba-13e3-4605-b1f3-01cee6550028,2026-05-15T21:50:37Z,2026-05-15T21:52:07Z,Awake,2,马林康的Apple Watch
f2264ada-7207-42f0-a6e5-2a96ebb8b78b,2026-05-15T21:52:07Z,2026-05-15T22:03:36Z,REM,5,马林康的Apple Watch
fa49ba2f-beb8-4954-a734-f69b84e9c10b,2026-05-15T22:03:36Z,2026-05-15T22:36:04Z,Core,3,马林康的Apple Watch
0049a003-305e-40d3-abd9-7d220c81b8f7,2026-05-15T22:36:04Z,2026-05-15T23:03:32Z,Awake,2,马林康的Apple Watch
2fe65041-c0c6-4d35-b362-241781af3552,2026-05-15T23:00:00Z,2026-05-16T00:36:00Z,Asleep Unspecified,1,AutoSleep
88633b2c-318d-41a3-a291-e75a38112e19,2026-05-15T23:03:32Z,2026-05-15T23:34:00Z,Core,3,马林康的Apple Watch
b6b32f7c-0b0e-43b5-9932-a6247b83e861,2026-05-15T23:34:00Z,2026-05-15T23:36:00Z,Awake,2,马林康的Apple Watch
0a8f3b67-bbca-4f3a-8cc3-7959a0e1fdcd,2026-05-15T23:36:00Z,2026-05-15T23:40:29Z,Core,3,马林康的Apple Watch
e037010e-1753-4548-9888-21703e9d6d5f,2026-05-15T23:40:29Z,2026-05-15T23:52:29Z,REM,5,马林康的Apple Watch
ac20ab21-ba8d-4b67-9201-4961c937a0b7,2026-05-15T23:52:29Z,2026-05-15T23:55:58Z,Awake,2,马林康的Apple Watch
46b18cc1-9d05-473a-a87b-b5b17d2c92d3,2026-05-15T23:55:58Z,2026-05-15T23:59:28Z,Core,3,马林康的Apple Watch
812a6c9d-4771-46ed-9207-25b638a046c8,2026-05-15T23:59:28Z,2026-05-16T00:13:27Z,REM,5,马林康的Apple Watch
888a3e46-a11e-4c7f-8c55-69cddaa98c74,2026-05-16T00:13:27Z,2026-05-16T00:13:57Z,Awake,2,马林康的Apple Watch
5876b765-7d72-4d04-9ea6-b2cbb015e697,2026-05-16T00:13:57Z,2026-05-16T00:14:57Z,REM,5,马林康的Apple Watch
aa82a872-8dd0-42b9-9aff-acb57d769a5f,2026-05-16T00:14:57Z,2026-05-16T00:29:56Z,Awake,2,马林康的Apple Watch
7b330cbb-e4cb-425b-94f4-bdb9a20adeb9,2026-05-16T00:29:56Z,2026-05-16T00:35:26Z,Core,3,马林康的Apple Watch
501ec5ca-a93f-40ae-b972-36c9ad2eb673,2026-05-16T09:00:00Z,2026-05-16T09:30:00Z,Asleep Unspecified,1,AutoSleep
b7d74d52-9199-48fd-bdd4-9300dea04d9e,2026-05-16T09:00:00Z,2026-05-16T09:30:00Z,In Bed,0,AutoSleep
ba13e22f-b2f6-434a-9c73-c03eeb734e86,2026-05-17T13:57:00Z,2026-05-18T01:28:00Z,In Bed,0,AutoSleep
cf6f68cd-ad28-4c21-a89b-844d50014912,2026-05-17T13:57:00Z,2026-05-17T14:20:00Z,Asleep Unspecified,1,AutoSleep
c2a0af16-0b01-4f42-a4b9-95ae6a9d6b37,2026-05-17T14:45:00Z,2026-05-17T15:00:00Z,Asleep Unspecified,1,AutoSleep
109f566a-4bba-4dd7-aacf-78be5a53fdc2,2026-05-17T18:10:00Z,2026-05-17T22:49:00Z,Asleep Unspecified,1,AutoSleep
04c5ed3f-18ad-4f9f-a50e-baf7b254f611,2026-05-17T18:27:07Z,2026-05-17T18:38:37Z,Core,3,马林康的Apple Watch
8684c933-9061-4fd4-bc15-b6aaace472f3,2026-05-17T18:38:37Z,2026-05-17T18:42:06Z,Awake,2,马林康的Apple Watch
621d7dcf-332c-4662-b180-0c4443440efc,2026-05-17T18:42:06Z,2026-05-17T18:52:36Z,Core,3,马林康的Apple Watch
97f15cc2-8c7a-4bca-8f58-cf304224837a,2026-05-17T18:52:36Z,2026-05-17T18:58:05Z,Deep,4,马林康的Apple Watch
79c0322b-166e-491b-8f9b-221348db4884,2026-05-17T18:58:05Z,2026-05-17T19:02:35Z,Core,3,马林康的Apple Watch
1d645fc9-672e-41c0-af3b-b7a0361e0597,2026-05-17T19:02:35Z,2026-05-17T19:10:34Z,Deep,4,马林康的Apple Watch
a2dbab2d-13da-4513-910c-fcbff868c45d,2026-05-17T19:10:34Z,2026-05-17T19:14:04Z,Core,3,马林康的Apple Watch
c09c2d26-72d6-422e-94f0-baf0571ddb9e,2026-05-17T19:14:04Z,2026-05-17T19:19:34Z,Deep,4,马林康的Apple Watch
a127798f-2983-44de-9aea-d1dbf62336bf,2026-05-17T19:19:34Z,2026-05-17T19:21:04Z,Awake,2,马林康的Apple Watch
86559f45-d141-4ee3-b6a2-f4d30f4b1981,2026-05-17T19:21:04Z,2026-05-17T19:38:02Z,Core,3,马林康的Apple Watch
48877da2-4dab-4b57-9b9b-83b9a9190869,2026-05-17T19:38:02Z,2026-05-17T19:49:32Z,Deep,4,马林康的Apple Watch
d9a887e7-d278-42c6-b75e-c88c4b705695,2026-05-17T19:49:32Z,2026-05-17T19:58:01Z,Core,3,马林康的Apple Watch
35380935-e843-43e6-b13a-3f075bc6600b,2026-05-17T19:58:01Z,2026-05-17T20:06:30Z,REM,5,马林康的Apple Watch
6d388131-557d-4c11-a647-8aa4c60d10e7,2026-05-17T20:06:30Z,2026-05-17T20:08:30Z,Core,3,马林康的Apple Watch
5e3b970a-27a2-4225-9627-8568c4e17cb1,2026-05-17T20:08:30Z,2026-05-17T20:10:00Z,REM,5,马林康的Apple Watch
ef8668a5-f972-4b98-885d-6851cb312a9e,2026-05-17T20:10:00Z,2026-05-17T20:11:30Z,Core,3,马林康的Apple Watch
5b55b2d3-cb52-4e91-82b0-ca5a6b6d896f,2026-05-17T20:11:30Z,2026-05-17T20:42:28Z,REM,5,马林康的Apple Watch
303ddccd-ceb4-440c-9276-2c70722f5992,2026-05-17T20:42:28Z,2026-05-17T20:46:28Z,Awake,2,马林康的Apple Watch
fdd7b79a-7dfb-4060-ba97-fd3b1d8547e8,2026-05-17T20:46:28Z,2026-05-17T21:08:56Z,Core,3,马林康的Apple Watch
af96a658-952a-400a-bd94-720ec666fb9d,2026-05-17T21:08:56Z,2026-05-17T21:31:55Z,Deep,4,马林康的Apple Watch
3281ac2d-c04c-4423-a580-1d50b1ad834a,2026-05-17T21:31:55Z,2026-05-17T21:37:24Z,Core,3,马林康的Apple Watch
8727b7f1-6a33-4dfa-8d3a-1fe0af138bb1,2026-05-17T21:37:24Z,2026-05-17T21:45:24Z,REM,5,马林康的Apple Watch
bad8cd54-f49b-4b94-bb8c-38baa195d03b,2026-05-17T21:45:24Z,2026-05-17T22:05:52Z,Core,3,马林康的Apple Watch
6ec0e7e8-69ca-41e2-90bb-faa9d049dcd7,2026-05-17T22:05:52Z,2026-05-17T22:10:52Z,Deep,4,马林康的Apple Watch
e4193543-2b6f-45df-8fad-a0e54b01b209,2026-05-17T22:10:52Z,2026-05-17T22:11:52Z,Core,3,马林康的Apple Watch
d6e2417d-7950-49c9-8b7b-1b01ce5b60b3,2026-05-17T22:11:52Z,2026-05-17T22:12:22Z,Awake,2,马林康的Apple Watch
37e4e49c-d4fe-41bc-b155-845bb1feaab1,2026-05-17T22:12:22Z,2026-05-17T22:25:21Z,Core,3,马林康的Apple Watch
93d30b57-e46f-41c0-9de1-31f6c3348fb7,2026-05-17T22:25:21Z,2026-05-17T22:29:20Z,Deep,4,马林康的Apple Watch
97982443-bb97-4807-8365-267772b4d33e,2026-05-17T22:29:20Z,2026-05-17T22:34:20Z,Core,3,马林康的Apple Watch
64b27e9b-c18c-4da0-b442-508093e8d517,2026-05-17T22:34:20Z,2026-05-17T22:35:20Z,REM,5,马林康的Apple Watch
2ee5d1c2-4023-4d56-ad26-c0560473fe00,2026-05-17T22:35:20Z,2026-05-17T22:37:20Z,Core,3,马林康的Apple Watch
ef61aadf-3518-4d59-9cdb-74b5b4a282b2,2026-05-17T22:37:20Z,2026-05-17T22:37:50Z,Awake,2,马林康的Apple Watch
12d6c8d0-15a5-43ca-91f9-4fd3e8dfebb6,2026-05-17T22:37:50Z,2026-05-17T22:49:19Z,Core,3,马林康的Apple Watch
a4fc8944-de34-41be-bf3f-fafdd59301a7,2026-05-17T23:43:00Z,2026-05-18T01:28:00Z,Asleep Unspecified,1,AutoSleep
79b28f89-d0d7-4e31-81d5-2c81e76e3079,2026-05-18T00:05:34Z,2026-05-18T00:07:34Z,Asleep Unspecified,1,马林康的Apple Watch
6ce12784-3550-4d61-a09f-a5a4c85a4fed,2026-05-18T00:07:34Z,2026-05-18T00:08:34Z,Awake,2,马林康的Apple Watch
1f4fa223-014d-406d-b502-1fd5ce1a9dbf,2026-05-18T00:08:34Z,2026-05-18T01:10:00Z,Asleep Unspecified,1,马林康的Apple Watch
39a67a81-a81c-44c1-b936-b2a2e0302ed3,2026-05-18T01:10:00Z,2026-05-18T01:16:30Z,Awake,2,马林康的Apple Watch
bf5ed840-6cf1-41b7-8535-8d4ed2c30105,2026-05-18T01:16:30Z,2026-05-18T01:19:59Z,Asleep Unspecified,1,马林康的Apple Watch
60a27d40-323e-4535-b248-786afab77285,2026-05-18T01:19:59Z,2026-05-18T01:21:59Z,Awake,2,马林康的Apple Watch
0ab1403a-5264-41ef-bcd1-40c3d81b1f8c,2026-05-18T01:21:59Z,2026-05-18T01:28:29Z,Asleep Unspecified,1,马林康的Apple Watch
4a49e36f-daf0-4d5f-90c2-da52824b4262,2026-05-18T15:55:00Z,2026-05-18T16:15:00Z,Asleep Unspecified,1,AutoSleep
bd248148-a6c7-4827-bd8b-54f838f3ffe1,2026-05-18T15:55:00Z,2026-05-19T00:35:00Z,In Bed,0,AutoSleep
22f46d90-834e-4bd4-9949-b8211262e4cd,2026-05-18T16:30:00Z,2026-05-18T23:27:00Z,Asleep Unspecified,1,AutoSleep
23521ca0-5765-48b3-be34-0c430f5b35f9,2026-05-18T16:39:38Z,2026-05-18T16:50:07Z,Core,3,马林康的Apple Watch
99d519e0-704b-468b-832a-21eb36c2f317,2026-05-18T16:50:07Z,2026-05-18T16:52:07Z,Awake,2,马林康的Apple Watch
8ec3d858-426c-440d-8e0a-3211cbaeaa8f,2026-05-18T16:52:07Z,2026-05-18T17:12:36Z,Core,3,马林康的Apple Watch
ece243ef-a449-4b5c-b90c-d8c098f8933b,2026-05-18T17:12:36Z,2026-05-18T17:26:35Z,Deep,4,马林康的Apple Watch
784aaa7b-d247-44b3-a640-77545a2211d7,2026-05-18T17:26:35Z,2026-05-18T17:33:04Z,Awake,2,马林康的Apple Watch
a79c97ca-6255-4330-ab20-140420f82aa1,2026-05-18T17:33:04Z,2026-05-18T17:55:03Z,Core,3,马林康的Apple Watch
ec9ab815-9793-45c3-828e-5d66cadd343f,2026-05-18T17:55:03Z,2026-05-18T18:05:02Z,Deep,4,马林康的Apple Watch
0a9a0093-700c-420d-94bc-fcfe7f7a9215,2026-05-18T18:05:02Z,2026-05-18T18:13:32Z,Core,3,马林康的Apple Watch
8911a7dd-a7e8-4c54-9565-98ce3ba67641,2026-05-18T18:13:32Z,2026-05-18T18:14:31Z,Awake,2,马林康的Apple Watch
3d0362ec-3e1e-423c-8981-7c653769f8aa,2026-05-18T18:14:31Z,2026-05-18T18:32:30Z,Core,3,马林康的Apple Watch
19c9dd1a-32c4-40c3-9745-f1a48ed23754,2026-05-18T18:32:30Z,2026-05-18T18:40:00Z,Deep,4,马林康的Apple Watch
ba38b9d9-65e1-456f-9057-83c04e15f3c3,2026-05-18T18:40:00Z,2026-05-18T18:43:29Z,Core,3,马林康的Apple Watch
d8cae746-eb8e-4242-80aa-12cd7bd9aa1d,2026-05-18T18:43:29Z,2026-05-18T18:46:29Z,Awake,2,马林康的Apple Watch
68feb016-13e6-4c57-9963-a48fc125625d,2026-05-18T18:46:29Z,2026-05-18T18:49:59Z,Core,3,马林康的Apple Watch
1ebe6bd6-5c67-411b-a7c9-fe49e183a283,2026-05-18T18:49:59Z,2026-05-18T18:53:29Z,REM,5,马林康的Apple Watch
efcdd8fe-d16b-4996-b5c7-c08a62dbff8a,2026-05-18T18:53:29Z,2026-05-18T18:55:59Z,Core,3,马林康的Apple Watch
4476d0a0-23c9-4880-a4b6-8f2f3b03e910,2026-05-18T18:55:59Z,2026-05-18T19:00:58Z,Awake,2,马林康的Apple Watch
f58764bf-3872-4bcd-9fda-7f5da3425ddf,2026-05-18T19:00:58Z,2026-05-18T19:04:58Z,Core,3,马林康的Apple Watch
c473c38c-9099-4573-928b-ce7f8158d588,2026-05-18T19:04:58Z,2026-05-18T19:07:58Z,REM,5,马林康的Apple Watch
81d9467b-2150-4516-962d-fe1cbcff7e8f,2026-05-18T19:07:58Z,2026-05-18T19:57:25Z,Core,3,马林康的Apple Watch
05206e23-5359-47d1-9605-d7ef4679fd92,2026-05-18T19:57:25Z,2026-05-18T20:12:54Z,Deep,4,马林康的Apple Watch
62693f8d-2c2a-40b4-bf8b-8a90ca68f540,2026-05-18T20:12:54Z,2026-05-18T20:13:54Z,Awake,2,马林康的Apple Watch
cf26968e-1499-4fcd-9305-4ea6c2644ee9,2026-05-18T20:13:54Z,2026-05-18T21:26:49Z,Core,3,马林康的Apple Watch
369a4fe2-d4cf-464c-ab6f-575415c865e0,2026-05-18T21:26:49Z,2026-05-18T21:52:47Z,REM,5,马林康的Apple Watch
708b3020-cc35-47d4-9363-af6933c5c13e,2026-05-18T21:52:47Z,2026-05-18T22:29:14Z,Core,3,马林康的Apple Watch
7d88da2f-f82f-406c-b682-71f3842c482d,2026-05-18T22:29:14Z,2026-05-18T22:31:44Z,Awake,2,马林康的Apple Watch
636a8f7e-ff49-46c8-aa2e-2d98f3b48b2d,2026-05-18T22:31:44Z,2026-05-18T22:38:14Z,Core,3,马林康的Apple Watch
ef0e3812-9d79-492d-bf70-d2469ac3dc82,2026-05-19T00:12:00Z,2026-05-19T00:35:00Z,Asleep Unspecified,1,AutoSleep
5db700c3-3f97-4177-bc93-15077c33fff9,2026-05-19T16:09:00Z,2026-05-19T18:12:00Z,Asleep Unspecified,1,AutoSleep
5fcfe788-9496-4fe9-982e-b0796efe9439,2026-05-19T16:09:00Z,2026-05-19T22:22:00Z,In Bed,0,AutoSleep
c4254c34-4d3a-44fc-acd6-fe8828ffdd35,2026-05-19T16:15:47Z,2026-05-19T16:34:46Z,Core,3,马林康的Apple Watch
9b531206-9e85-4e4b-96e7-1304ee325a61,2026-05-19T16:34:46Z,2026-05-19T16:37:16Z,Awake,2,马林康的Apple Watch
2ad2eb62-4724-49b3-9966-c4c376e2e9eb,2026-05-19T16:37:16Z,2026-05-19T16:48:15Z,Core,3,马林康的Apple Watch
604ff815-115f-45f2-8b2e-d1fb04d8094f,2026-05-19T16:48:15Z,2026-05-19T16:55:15Z,Deep,4,马林康的Apple Watch
d284f6c5-629c-4e5b-8d26-478f9f0b3e0f,2026-05-19T16:55:15Z,2026-05-19T17:06:14Z,Core,3,马林康的Apple Watch
9923faf4-f8aa-4d79-8221-218f89e78997,2026-05-19T17:06:14Z,2026-05-19T17:22:43Z,Deep,4,马林康的Apple Watch
20417f87-e71d-4eef-9f1f-934d6ab50e44,2026-05-19T17:22:43Z,2026-05-19T17:23:43Z,Awake,2,马林康的Apple Watch
0258736e-3071-492e-9753-9c9b1893de7f,2026-05-19T17:23:43Z,2026-05-19T17:31:12Z,Core,3,马林康的Apple Watch
b2d61227-db29-40c0-b31c-9a86f5c5aefe,2026-05-19T17:31:12Z,2026-05-19T17:35:12Z,REM,5,马林康的Apple Watch
6e2785c2-b106-4342-97a6-c9f959ecc15b,2026-05-19T17:35:12Z,2026-05-19T18:05:10Z,Core,3,马林康的Apple Watch
c127abbf-7d92-438e-b682-6772be9bed92,2026-05-19T18:05:10Z,2026-05-19T18:11:39Z,Deep,4,马林康的Apple Watch
569aa44f-b04b-4c31-9f8b-2daeba920305,2026-05-19T18:11:39Z,2026-05-19T18:13:39Z,Awake,2,马林康的Apple Watch
608433b4-9145-4270-a4c2-b170100f7038,2026-05-19T18:13:39Z,2026-05-19T18:24:09Z,Core,3,马林康的Apple Watch
335823f3-f076-4495-8e54-99e16cdd6f82,2026-05-19T18:24:09Z,2026-05-19T18:29:08Z,Awake,2,马林康的Apple Watch
7f825649-4df8-4cf3-a831-9f082516e223,2026-05-19T18:29:08Z,2026-05-19T18:31:38Z,Core,3,马林康的Apple Watch
c8be30cd-d900-4d5d-8968-214bf486f092,2026-05-19T18:30:00Z,2026-05-19T22:22:00Z,Asleep Unspecified,1,AutoSleep
9481e763-0726-43ef-81af-61911dfeb168,2026-05-19T18:31:38Z,2026-05-19T18:32:08Z,Awake,2,马林康的Apple Watch
f932d3de-34f5-46de-b7d8-2d4db18d583b,2026-05-19T18:32:08Z,2026-05-19T18:47:37Z,Core,3,马林康的Apple Watch
5572ca0d-c6f8-4552-86cd-2165f23947bd,2026-05-19T18:47:37Z,2026-05-19T18:56:36Z,REM,5,马林康的Apple Watch
d078ce2f-71a5-469c-b200-bfe294b98452,2026-05-19T18:56:36Z,2026-05-19T18:58:36Z,Core,3,马林康的Apple Watch
c94dfcc3-6877-4a7d-8d8c-339c71c7a9c7,2026-05-19T18:58:36Z,2026-05-19T19:01:06Z,Awake,2,马林康的Apple Watch
613ede45-0e20-4735-9562-d049eabd26a8,2026-05-19T19:01:06Z,2026-05-19T19:09:35Z,Core,3,马林康的Apple Watch
97696df8-3676-4e2b-8f83-7ba6de67101a,2026-05-19T19:09:35Z,2026-05-19T19:10:05Z,REM,5,马林康的Apple Watch
9dfcb883-4e99-4430-b246-0ec5daee82b4,2026-05-19T19:10:05Z,2026-05-19T19:34:34Z,Core,3,马林康的Apple Watch
90409991-2f65-40f5-ad2b-29f63aa7ad69,2026-05-19T19:34:34Z,2026-05-19T20:07:31Z,Deep,4,马林康的Apple Watch
152eb4d6-0fea-440e-b300-ec2db9885b2d,2026-05-19T20:07:31Z,2026-05-19T20:08:01Z,Core,3,马林康的Apple Watch
a6fd3392-8052-4a18-a069-323e65c212a5,2026-05-19T20:08:01Z,2026-05-19T20:10:31Z,Awake,2,马林康的Apple Watch
81044469-ea27-47fd-a75b-11027cf03f22,2026-05-19T20:10:31Z,2026-05-19T20:14:31Z,Core,3,马林康的Apple Watch
bc68e345-a6dd-4956-a386-ae50701304ac,2026-05-19T20:14:31Z,2026-05-19T20:17:00Z,REM,5,马林康的Apple Watch
a44dad74-a4db-4ea8-a18f-05eb7092f40c,2026-05-19T20:17:00Z,2026-05-19T20:19:00Z,Core,3,马林康的Apple Watch
0874b442-6839-4051-9be6-3a6b05338fec,2026-05-19T20:19:00Z,2026-05-19T20:23:00Z,REM,5,马林康的Apple Watch
0004946e-fff3-4ae4-aa01-5ea3ec079238,2026-05-19T20:23:00Z,2026-05-19T20:25:00Z,Core,3,马林康的Apple Watch
532f800d-2374-44cb-a9c9-70129ce021ab,2026-05-19T20:25:00Z,2026-05-19T20:26:30Z,REM,5,马林康的Apple Watch
2c05f9e5-78e7-4c2e-aafb-7941fb5932e5,2026-05-19T20:26:30Z,2026-05-19T21:36:55Z,Core,3,马林康的Apple Watch
f9735e64-bd10-47ba-b5cd-ba1b7ceb7145,2026-05-19T21:36:55Z,2026-05-19T21:38:55Z,REM,5,马林康的Apple Watch
4b967796-a2d7-4651-84ba-6908623b2d68,2026-05-19T21:38:55Z,2026-05-19T21:39:55Z,Awake,2,马林康的Apple Watch
fda2d7bc-5efb-4f88-a5c5-a67fd703413e,2026-05-19T21:39:55Z,2026-05-19T21:40:54Z,Core,3,马林康的Apple Watch
f7a63f95-089a-49dc-9ed5-03f155934a44,2026-05-19T21:40:54Z,2026-05-19T21:50:24Z,REM,5,马林康的Apple Watch
da6a698b-d7d7-410d-b981-933872aa4e0f,2026-05-19T21:50:24Z,2026-05-19T21:50:54Z,Core,3,马林康的Apple Watch
30997fb9-a111-4e34-9f5b-a39bfc9fe19e,2026-05-19T21:50:54Z,2026-05-19T22:14:22Z,REM,5,马林康的Apple Watch
502f155f-0831-4357-9bac-515dd88342df,2026-05-20T14:51:00Z,2026-05-20T22:30:00Z,In Bed,0,AutoSleep
bf3797ba-19c9-4a24-8055-ca70baa5ace8,2026-05-20T14:51:00Z,2026-05-20T22:30:00Z,Asleep Unspecified,1,AutoSleep
f16f8294-25f7-4afa-bb59-0f8955102368,2026-05-20T15:02:17Z,2026-05-20T15:12:47Z,Core,3,马林康的Apple Watch
5fa7c6b0-d7a3-4610-a3d3-42486158b3f7,2026-05-20T15:12:47Z,2026-05-20T15:14:16Z,Awake,2,马林康的Apple Watch
b649e50b-c172-4269-93b9-61419c3c6186,2026-05-20T15:14:16Z,2026-05-20T15:37:15Z,Core,3,马林康的Apple Watch
71ccc4b7-e672-46f2-a66d-af48a9a9726d,2026-05-20T15:37:15Z,2026-05-20T15:42:44Z,REM,5,马林康的Apple Watch
fd31eb00-e7f3-4ba7-831d-da33ab273d1a,2026-05-20T15:42:44Z,2026-05-20T16:01:13Z,Awake,2,马林康的Apple Watch
3c1fc9a0-9883-476f-9ccd-cf48a75c5f76,2026-05-20T16:01:13Z,2026-05-20T16:03:43Z,Core,3,马林康的Apple Watch
c171ef65-4291-4608-93bf-748571f637eb,2026-05-20T16:03:43Z,2026-05-20T16:04:13Z,Awake,2,马林康的Apple Watch
af44fb67-9def-4414-9355-bc337e603f65,2026-05-20T16:04:13Z,2026-05-20T16:08:13Z,Core,3,马林康的Apple Watch
3265deae-cfd4-4c49-9e7c-f7b3efa5a07b,2026-05-20T16:08:13Z,2026-05-20T16:11:43Z,Awake,2,马林康的Apple Watch
3eaa0b23-b071-47b5-b6a6-59045eb698f3,2026-05-20T16:11:43Z,2026-05-20T16:42:40Z,Core,3,马林康的Apple Watch
5d88a86c-ba3b-4dfe-9345-965552926243,2026-05-20T16:42:40Z,2026-05-20T16:51:40Z,Deep,4,马林康的Apple Watch
2312f3a6-841e-40dc-933e-25e4caa3c719,2026-05-20T16:51:40Z,2026-05-20T16:55:10Z,Awake,2,马林康的Apple Watch
eab6a8be-b1e5-4ede-ae7c-d6a6f5126c36,2026-05-20T16:55:10Z,2026-05-20T16:57:09Z,Core,3,马林康的Apple Watch
34afb8da-2891-4c75-ab99-6b2fe06422cc,2026-05-20T16:57:09Z,2026-05-20T17:07:39Z,REM,5,马林康的Apple Watch
a2112487-7c76-488e-9a39-22249086ea83,2026-05-20T17:07:39Z,2026-05-20T17:42:36Z,Core,3,马林康的Apple Watch
53cfdc49-4a71-4cbd-89dd-e8920a3d2a49,2026-05-20T17:42:36Z,2026-05-20T17:54:06Z,Deep,4,马林康的Apple Watch
33854d11-6f4e-48b9-b9c3-cdfc146adfb7,2026-05-20T17:54:06Z,2026-05-20T18:04:35Z,Core,3,马林康的Apple Watch
0cce771e-4546-4af6-8d03-1c6e646cf856,2026-05-20T18:04:35Z,2026-05-20T18:15:04Z,Deep,4,马林康的Apple Watch
0727fd92-9213-4d60-b725-ec6b0b66dd15,2026-05-20T18:15:04Z,2026-05-20T18:22:34Z,Core,3,马林康的Apple Watch
59c13287-4b3c-4dc1-9d1b-28ab5899140b,2026-05-20T18:22:34Z,2026-05-20T18:25:33Z,REM,5,马林康的Apple Watch
dbf8b616-2def-4581-b409-6accc732cba5,2026-05-20T18:25:33Z,2026-05-20T18:26:33Z,Core,3,马林康的Apple Watch
a453f351-a07d-4548-839e-9bd1bc0ec24f,2026-05-20T18:26:33Z,2026-05-20T18:28:33Z,Awake,2,马林康的Apple Watch
9486a1b7-6a32-4296-a931-8732a099c4a2,2026-05-20T18:28:33Z,2026-05-20T18:49:32Z,REM,5,马林康的Apple Watch
f85adf52-f607-4775-8e27-51ba15382ccf,2026-05-20T18:49:32Z,2026-05-20T18:52:32Z,Awake,2,马林康的Apple Watch
b7f806fc-fac8-4541-9c15-31251f563c8c,2026-05-20T18:52:32Z,2026-05-20T19:35:29Z,Core,3,马林康的Apple Watch
f7744f6b-974a-4b22-b08f-af3e088b02e6,2026-05-20T19:35:29Z,2026-05-20T19:43:28Z,REM,5,马林康的Apple Watch
77cfa16f-028b-4000-989b-b44746c24feb,2026-05-20T19:43:28Z,2026-05-20T20:19:26Z,Core,3,马林康的Apple Watch
3e030c37-0841-40e6-9fba-d78e60d2878b,2026-05-20T20:19:26Z,2026-05-20T20:25:25Z,Awake,2,马林康的Apple Watch
b4b33205-8947-4b3c-a500-f0d2c098f3aa,2026-05-20T20:25:25Z,2026-05-20T20:32:25Z,Core,3,马林康的Apple Watch
009d0d71-8632-4c54-b809-515fa08bbcb3,2026-05-20T20:32:25Z,2026-05-20T20:35:25Z,Awake,2,马林康的Apple Watch
2c20ac2a-a37a-48a5-a2c2-b78c40ce7130,2026-05-20T20:35:25Z,2026-05-20T20:44:54Z,Core,3,马林康的Apple Watch
ea934daf-9784-4da0-9537-9612986f49f6,2026-05-20T20:44:54Z,2026-05-20T20:45:24Z,Awake,2,马林康的Apple Watch
4c3d7e3d-8091-4702-9843-6558777d869f,2026-05-20T20:45:24Z,2026-05-20T20:49:24Z,Core,3,马林康的Apple Watch
766a32aa-7810-4668-a678-813ed1c5e9e5,2026-05-20T20:49:24Z,2026-05-20T20:51:54Z,REM,5,马林康的Apple Watch
e2aa8b7b-6d59-4cf8-a0fb-9331748981c0,2026-05-20T20:51:54Z,2026-05-20T20:55:53Z,Core,3,马林康的Apple Watch
fe19763d-5cb5-4fd6-a75c-af78029fd106,2026-05-20T20:55:53Z,2026-05-20T20:59:53Z,REM,5,马林康的Apple Watch
d3144846-3abb-431c-b17f-f95d0a738f76,2026-05-20T20:59:53Z,2026-05-20T21:00:23Z,Core,3,马林康的Apple Watch
10f817d8-d6c0-487a-8c32-2838f6f40330,2026-05-20T21:00:23Z,2026-05-20T21:03:53Z,Awake,2,马林康的Apple Watch
8e128447-e251-422d-8b94-64e4329cfb4e,2026-05-20T21:03:53Z,2026-05-20T21:12:22Z,Core,3,马林康的Apple Watch
39bbd97b-c9c2-43a1-adac-33a19dda27af,2026-05-20T21:12:22Z,2026-05-20T21:15:52Z,Awake,2,马林康的Apple Watch
6a3dfe77-ff42-4b17-afe8-212582a34067,2026-05-20T21:15:52Z,2026-05-20T22:09:48Z,Core,3,马林康的Apple Watch
67c64ef0-dcd4-421c-9168-2f01a3d2eccf,2026-05-20T22:09:48Z,2026-05-20T22:31:47Z,REM,5,马林康的Apple Watch
6f0ba7db-e805-4763-a440-4274ce0093ae,2026-05-21T05:27:00Z,2026-05-21T06:00:00Z,Asleep Unspecified,1,AutoSleep
82133281-697a-4d4f-b218-6dcd78851e4c,2026-05-21T05:27:00Z,2026-05-21T06:00:00Z,In Bed,0,AutoSleep
28098645-e1bd-4912-afe5-4afce3bbe98a,2026-05-23T17:26:00Z,2026-05-23T23:47:00Z,In Bed,0,AutoSleep
c70d9b09-cf0c-48c2-beae-68e7f96cb7ca,2026-05-23T17:26:00Z,2026-05-23T23:47:00Z,Asleep Unspecified,1,AutoSleep
9fabe88d-0e65-4046-8949-755921df17a4,2026-05-23T17:55:20Z,2026-05-23T18:07:19Z,Core,3,马林康的Apple Watch
31f5fbe0-8e3d-4054-8b2f-280c1435aee3,2026-05-23T18:07:19Z,2026-05-23T18:14:19Z,Deep,4,马林康的Apple Watch
3ce26094-f604-47c8-8775-7e3e3c91e29a,2026-05-23T18:14:19Z,2026-05-23T18:15:49Z,Awake,2,马林康的Apple Watch
a8a4db6e-c568-40de-9c8f-44695118bc02,2026-05-23T18:15:49Z,2026-05-23T18:26:18Z,Core,3,马林康的Apple Watch
668eb3aa-1ffa-4753-bd8a-08348ab9225f,2026-05-23T18:26:18Z,2026-05-23T18:31:18Z,Deep,4,马林康的Apple Watch
6969386c-f575-49e2-b25a-4ed4b21ebc10,2026-05-23T18:31:18Z,2026-05-23T18:32:47Z,Awake,2,马林康的Apple Watch
b71869cd-710a-4d86-9d66-5ebd253def98,2026-05-23T18:32:47Z,2026-05-23T18:37:17Z,Core,3,马林康的Apple Watch
0a12562a-3c5b-4c73-bbe7-042b915c10f8,2026-05-23T18:37:17Z,2026-05-23T18:39:17Z,Awake,2,马林康的Apple Watch
3d3d7495-ee69-46f4-9533-a474fd8113d1,2026-05-23T18:39:17Z,2026-05-23T18:52:46Z,Core,3,马林康的Apple Watch
f7dce4d7-d562-459e-b819-ab908edadb26,2026-05-23T18:52:46Z,2026-05-23T19:01:45Z,Deep,4,马林康的Apple Watch
c72ab3bb-9d38-4731-8538-ae041c290192,2026-05-23T19:01:45Z,2026-05-23T19:08:45Z,Core,3,马林康的Apple Watch
8a07abdf-fc1a-44ba-871e-14232c8f3500,2026-05-23T19:08:45Z,2026-05-23T19:16:15Z,REM,5,马林康的Apple Watch
ad42390e-5ab2-4589-b351-cf0b6e49701a,2026-05-23T19:16:15Z,2026-05-23T19:17:14Z,Awake,2,马林康的Apple Watch
d4f38556-ac29-4380-b6cf-f02add5eb9ae,2026-05-23T19:17:14Z,2026-05-23T19:33:13Z,Core,3,马林康的Apple Watch
99c9632b-11c6-427e-b455-554c76337ffd,2026-05-23T19:33:13Z,2026-05-23T19:58:42Z,Deep,4,马林康的Apple Watch
db610a44-69f7-4757-8f04-f517801fb963,2026-05-23T19:58:42Z,2026-05-23T20:05:41Z,Core,3,马林康的Apple Watch
b2bb06de-ea7e-4344-829b-f4995018855f,2026-05-23T20:05:41Z,2026-05-23T20:09:41Z,REM,5,马林康的Apple Watch
46c13432-bd9d-4686-a862-203397a08c5a,2026-05-23T20:09:41Z,2026-05-23T20:11:11Z,Awake,2,马林康的Apple Watch
7fed02f5-8a6b-47ef-b409-ea6490d52e20,2026-05-23T20:11:11Z,2026-05-23T20:44:08Z,REM,5,马林康的Apple Watch
c576516e-e07c-4283-853f-2affecd0e94c,2026-05-23T20:44:08Z,2026-05-23T21:37:05Z,Core,3,马林康的Apple Watch
f3c322f8-4e6e-4b4b-9293-2e834d3823bf,2026-05-23T21:37:05Z,2026-05-23T21:38:35Z,Deep,4,马林康的Apple Watch
dde3a6f5-453d-48b8-ac6d-7f8e8fe961ad,2026-05-23T21:38:35Z,2026-05-23T21:41:05Z,Core,3,马林康的Apple Watch
cc38bf4a-fed2-4408-9a7e-9602e5bf4f3b,2026-05-23T21:41:05Z,2026-05-23T21:47:04Z,Awake,2,马林康的Apple Watch
a409b791-3d6f-4db7-975a-8d3c3a344964,2026-05-23T21:47:04Z,2026-05-23T21:53:04Z,Core,3,马林康的Apple Watch
96f1db6e-73fe-48cc-a00c-ceb3a066d50f,2026-05-23T21:53:04Z,2026-05-23T21:55:04Z,Awake,2,马林康的Apple Watch
1dc47746-0b21-4075-8eab-c9cf0d228a28,2026-05-23T21:55:04Z,2026-05-23T21:57:33Z,Core,3,马林康的Apple Watch
6350709f-e6b7-4c6f-b5ea-f2a5ce6acd32,2026-05-23T21:57:33Z,2026-05-23T22:05:03Z,REM,5,马林康的Apple Watch
ddced355-eb20-4441-a9a0-7c79d3031310,2026-05-23T22:05:03Z,2026-05-23T22:35:01Z,Core,3,马林康的Apple Watch
0e956dcb-48c4-4f00-9591-425b2ac9e093,2026-05-23T22:35:01Z,2026-05-23T22:36:01Z,Awake,2,马林康的Apple Watch
3d2fec07-1bcc-4187-bd0e-11bb0ecff8b8,2026-05-23T22:36:01Z,2026-05-23T23:15:28Z,Core,3,马林康的Apple Watch
bc42df4b-d2f1-487c-919b-0125c1e9395a,2026-05-23T23:15:28Z,2026-05-23T23:40:56Z,REM,5,马林康的Apple Watch
8b97df98-a4b4-4e3c-9ac2-9af21809b605,2026-05-24T17:35:14Z,2026-05-24T17:48:13Z,Core,3,马林康的Apple Watch
3612f58c-1c99-478f-bca2-d6c4ace403ea,2026-05-24T17:48:13Z,2026-05-24T17:56:42Z,Deep,4,马林康的Apple Watch
ef6b739e-fc49-4392-82d1-229b8c404e81,2026-05-24T17:56:42Z,2026-05-24T18:02:42Z,Awake,2,马林康的Apple Watch
0cb3ae3a-b649-4b66-94c6-2f7efb356c5c,2026-05-24T18:02:42Z,2026-05-24T18:26:40Z,Core,3,马林康的Apple Watch
ee67da23-0b1f-4400-ba43-6d3eb46ac2be,2026-05-24T18:26:40Z,2026-05-24T18:27:40Z,Deep,4,马林康的Apple Watch
43bf0edb-6e48-44d7-8e7f-3093663a4125,2026-05-24T18:27:40Z,2026-05-24T18:37:39Z,Core,3,马林康的Apple Watch
93aa446a-7b62-457b-ab6c-e65cbe9eba18,2026-05-24T18:37:39Z,2026-05-24T18:49:38Z,Deep,4,马林康的Apple Watch
5294b91b-c920-4763-a881-eef6f190a9fe,2026-05-24T18:49:38Z,2026-05-24T18:55:08Z,Core,3,马林康的Apple Watch
e8b32c99-177e-46f1-8a63-e9dd9d238878,2026-05-24T18:55:08Z,2026-05-24T18:56:08Z,Deep,4,马林康的Apple Watch
12ad28f1-eb7b-400c-b745-ab3f4392f10a,2026-05-24T18:56:08Z,2026-05-24T18:57:07Z,Core,3,马林康的Apple Watch
13848ae4-bfab-4f3a-8720-4ee7dd0f7b9b,2026-05-24T18:57:07Z,2026-05-24T19:09:06Z,Deep,4,马林康的Apple Watch
47234b7e-f580-489d-8eef-d90c772cd389,2026-05-24T19:09:06Z,2026-05-24T19:09:36Z,Core,3,马林康的Apple Watch
99e3dfb4-8e1f-494b-aa1b-8afdc3e2a760,2026-05-24T19:09:36Z,2026-05-24T19:10:06Z,Deep,4,马林康的Apple Watch
86774d10-581c-4d62-832b-99714d2dcc93,2026-05-24T19:10:06Z,2026-05-24T19:21:06Z,Core,3,马林康的Apple Watch
6097ac2e-0fc3-4739-b515-b8b97a9e5342,2026-05-24T19:21:06Z,2026-05-24T19:32:05Z,Deep,4,马林康的Apple Watch
30caae5b-03b6-49f0-be9e-10c9ccc8ad6f,2026-05-24T19:32:05Z,2026-05-24T19:36:34Z,Core,3,马林康的Apple Watch
a475a85e-4515-4490-ba41-8ba7edc8e42f,2026-05-24T19:36:34Z,2026-05-24T19:59:02Z,Deep,4,马林康的Apple Watch
bafe3ad0-001d-4751-a082-34a3a6b69454,2026-05-24T19:59:02Z,2026-05-24T20:09:02Z,Core,3,马林康的Apple Watch
13ee6959-788b-401f-8628-92191b1d474e,2026-05-24T20:09:02Z,2026-05-24T20:26:00Z,REM,5,马林康的Apple Watch
c3eb00f9-888c-45a4-a547-1277dc292308,2026-05-24T20:26:00Z,2026-05-24T21:20:56Z,Core,3,马林康的Apple Watch
6783fc74-a71c-4224-aff5-d93dded5d474,2026-05-24T21:20:56Z,2026-05-24T21:34:25Z,Deep,4,马林康的Apple Watch
7561b128-3ee2-4f41-9807-25bd055a8e7d,2026-05-24T21:34:25Z,2026-05-24T21:42:54Z,Core,3,马林康的Apple Watch
7252e98f-84ab-4152-add6-54f5697f75a9,2026-05-24T21:42:54Z,2026-05-24T21:57:53Z,REM,5,马林康的Apple Watch
5b8257e0-b83a-4ad3-969d-d12198fbf9ff,2026-05-24T21:57:53Z,2026-05-24T21:59:23Z,Core,3,马林康的Apple Watch
6f417009-fe6a-42dd-9713-b6b68cec4d3d,2026-05-24T21:59:23Z,2026-05-24T22:15:52Z,REM,5,马林康的Apple Watch
1984c1c8-809f-4d14-9eb2-db6e744a4a7a,2026-05-24T22:15:52Z,2026-05-24T22:28:21Z,Core,3,马林康的Apple Watch
97e94091-95e9-4d8a-9768-85fd734e0d8b,2026-05-25T14:53:00Z,2026-05-25T23:11:00Z,In Bed,0,AutoSleep
eb1b70d8-ec13-4ec1-8acc-bba7e41ad016,2026-05-25T14:53:00Z,2026-05-25T23:11:00Z,Asleep Unspecified,1,AutoSleep
734088d1-8c81-48e4-8dad-402a6cd5cd42,2026-05-25T15:25:36Z,2026-05-25T15:41:05Z,Core,3,马林康的Apple Watch
1279bf9b-aebb-4dd7-9612-98e1d0f30a46,2026-05-25T15:41:05Z,2026-05-25T15:43:35Z,Deep,4,马林康的Apple Watch
2342ae5a-6d65-4e1e-a8c7-38ab27a2e97a,2026-05-25T15:43:35Z,2026-05-25T15:53:05Z,Core,3,马林康的Apple Watch
b7249597-b9e7-4e96-ba34-f47f51e96e2e,2026-05-25T15:53:05Z,2026-05-25T16:05:34Z,Deep,4,马林康的Apple Watch
5faf1ff7-21a3-496e-a8fd-a6c525515efc,2026-05-25T16:05:34Z,2026-05-25T16:07:34Z,Awake,2,马林康的Apple Watch
d6901705-89c2-4a09-9264-c054e6859e40,2026-05-25T16:07:34Z,2026-05-25T16:44:01Z,Core,3,马林康的Apple Watch
518b04b5-a49d-4dae-b0ac-bbfaae8745a9,2026-05-25T16:44:01Z,2026-05-25T16:45:31Z,Awake,2,马林康的Apple Watch
22233dda-f579-402f-918f-0ed0ae49ccaa,2026-05-25T16:45:31Z,2026-05-25T16:55:31Z,Core,3,马林康的Apple Watch
4dd97db1-0d42-42b0-8381-89b9da331473,2026-05-25T16:55:31Z,2026-05-25T16:57:00Z,Awake,2,马林康的Apple Watch
eeec9ead-e002-4ff7-91da-32fe744c6292,2026-05-25T16:57:00Z,2026-05-25T17:04:00Z,Core,3,马林康的Apple Watch
d0a5147a-6c18-4676-bfdf-335f651bb629,2026-05-25T17:04:00Z,2026-05-25T17:06:30Z,Awake,2,马林康的Apple Watch
056314f3-53b2-460c-909a-1aa16b12039c,2026-05-25T17:06:30Z,2026-05-25T17:29:28Z,Core,3,马林康的Apple Watch
a4d341ef-b97e-43c1-9b42-a489b37d85f3,2026-05-25T17:29:28Z,2026-05-25T17:53:57Z,Deep,4,马林康的Apple Watch
7ae64730-9476-4835-9964-975c1580f5f9,2026-05-25T17:53:57Z,2026-05-25T17:58:56Z,Awake,2,马林康的Apple Watch
0c61e4ef-8ecc-41ed-b661-f1b363b0b943,2026-05-25T17:58:56Z,2026-05-25T18:00:56Z,Core,3,马林康的Apple Watch
791f23e8-f560-441d-99fa-70997641ea12,2026-05-25T18:00:56Z,2026-05-25T18:01:56Z,Awake,2,马林康的Apple Watch
7f3d9830-8efb-48a6-bebb-cf89d6a1b6d5,2026-05-25T18:01:56Z,2026-05-25T18:03:26Z,Core,3,马林康的Apple Watch
a45a8958-76e0-4c9c-a230-ba883114c0b8,2026-05-25T18:03:26Z,2026-05-25T18:19:55Z,REM,5,马林康的Apple Watch
70010a60-4b5e-4ec3-82a1-cfd8d8a3b9c6,2026-05-25T18:19:55Z,2026-05-25T18:24:24Z,Core,3,马林康的Apple Watch
e022b2f6-6d2f-41d5-9624-6f0ca3f0c9f6,2026-05-25T18:24:24Z,2026-05-25T18:28:24Z,REM,5,马林康的Apple Watch
355c1ab0-147b-42c4-86be-1df12776fbd7,2026-05-25T18:28:24Z,2026-05-25T19:28:50Z,Core,3,马林康的Apple Watch
8892a77c-8df6-4eb0-b5ed-5ae3e8c08df2,2026-05-25T19:28:50Z,2026-05-25T19:31:20Z,REM,5,马林康的Apple Watch
60dfb135-21b0-4c2f-8e45-a3078599150d,2026-05-25T19:31:20Z,2026-05-25T19:32:50Z,Awake,2,马林康的Apple Watch
764a4c88-75cf-4296-aa38-fdc08b854932,2026-05-25T19:32:50Z,2026-05-25T19:36:20Z,Core,3,马林康的Apple Watch
efbd6b47-822d-4af9-b0c5-25bd24bb03e8,2026-05-25T19:36:20Z,2026-05-25T19:37:19Z,Awake,2,马林康的Apple Watch
65d08f2b-7597-4bfa-8f74-eb18639b2144,2026-05-25T19:37:19Z,2026-05-25T19:41:19Z,Core,3,马林康的Apple Watch
d7660a4a-bbda-4bef-afe1-40d394075e83,2026-05-25T19:41:19Z,2026-05-25T19:58:18Z,REM,5,马林康的Apple Watch
f5c072d8-53c7-4ab2-a7d0-d2f76fa09882,2026-05-25T19:58:18Z,2026-05-25T19:58:48Z,Core,3,马林康的Apple Watch
a13d8b2c-5310-43c7-a015-1ba2fa853368,2026-05-25T19:58:48Z,2026-05-25T20:08:17Z,REM,5,马林康的Apple Watch
8f41f6df-a1d1-4d4b-8c3f-a6e3c7125e77,2026-05-25T20:08:17Z,2026-05-25T20:11:47Z,Core,3,马林康的Apple Watch
995fed0c-4380-4062-9acf-197b1bc15aaa,2026-05-25T20:11:47Z,2026-05-25T20:21:46Z,Awake,2,马林康的Apple Watch
5897a402-7a3d-4e27-a145-9c265d3c7b74,2026-05-25T20:21:46Z,2026-05-25T21:20:12Z,Core,3,马林康的Apple Watch
4f7a4422-a591-4380-b9e6-87473907a2e7,2026-05-25T21:20:12Z,2026-05-25T21:21:12Z,REM,5,马林康的Apple Watch
3f5e8293-a6d6-4b41-9d36-fee772e57f1e,2026-05-25T21:21:12Z,2026-05-25T21:24:42Z,Awake,2,马林康的Apple Watch
53d09d39-6a81-4c54-92a7-c4be3af34485,2026-05-25T21:24:42Z,2026-05-25T21:26:42Z,Core,3,马林康的Apple Watch
a95055bb-f5b3-4c3b-9b63-dddeb996df37,2026-05-25T21:26:42Z,2026-05-25T22:04:39Z,REM,5,马林康的Apple Watch
2efcf9eb-fef6-4222-819e-cee50846cc6f,2026-05-25T22:04:39Z,2026-05-25T22:12:09Z,Core,3,马林康的Apple Watch
f181ecaa-cf29-4f9e-a009-c0c804aa4873,2026-05-25T22:12:09Z,2026-05-25T22:18:38Z,REM,5,马林康的Apple Watch
0a5d3d9e-1fc3-4632-b72b-0bcf27d5c110,2026-05-25T22:18:38Z,2026-05-25T22:20:08Z,Awake,2,马林康的Apple Watch
afaa32a2-f720-4643-bebf-3c5f35236b94,2026-05-25T22:20:08Z,2026-05-25T22:33:07Z,Core,3,马林康的Apple Watch
3a565cb8-12c1-4e07-90b3-51bf62da916d,2026-05-25T22:33:07Z,2026-05-25T22:43:07Z,Awake,2,马林康的Apple Watch
4f60b5dc-6407-4e4f-b1fe-f757cc7f9f53,2026-05-25T22:43:07Z,2026-05-25T22:44:37Z,Core,3,马林康的Apple Watch
d4b667e8-d076-4c0a-83e5-9ec11c720e0d,2026-05-25T22:44:37Z,2026-05-25T22:45:07Z,Awake,2,马林康的Apple Watch
8495b0b4-df13-4167-8a2a-39989162b726,2026-05-25T22:45:07Z,2026-05-25T22:53:06Z,Core,3,马林康的Apple Watch
6421c9f0-fe39-459f-bccb-5cc01599140c,2026-05-25T22:53:06Z,2026-05-25T23:07:05Z,Awake,2,马林康的Apple Watch
62301125-0fb8-436d-b147-b936835f9b90,2026-05-25T23:07:05Z,2026-05-25T23:11:05Z,Core,3,马林康的Apple Watch
01fb04d7-cfcc-405a-b3dd-fc2edc1367b4,2026-05-26T15:26:00Z,2026-05-27T01:32:00Z,In Bed,0,AutoSleep
be0f5fd4-e82e-4ce7-abbe-fbbb07f8794a,2026-05-26T15:26:00Z,2026-05-26T15:47:00Z,Asleep Unspecified,1,AutoSleep
b29ce7e8-3745-4153-9132-9df92191fb46,2026-05-26T17:38:00Z,2026-05-27T01:32:00Z,Asleep Unspecified,1,AutoSleep
f8660a21-5e55-48ec-8d42-21bfad3fd4f9,2026-05-26T17:43:39Z,2026-05-26T18:06:07Z,Core,3,马林康的Apple Watch
03f51768-6015-4ab7-82ba-2daab3177d1c,2026-05-26T18:06:07Z,2026-05-26T18:08:37Z,Deep,4,马林康的Apple Watch
5f7a2b90-e90e-400b-bac5-f39c59cdb4c1,2026-05-26T18:08:37Z,2026-05-26T18:09:37Z,Core,3,马林康的Apple Watch
4add7575-e009-42cf-97bb-c7f81ad3174a,2026-05-26T18:09:37Z,2026-05-26T18:27:06Z,Deep,4,马林康的Apple Watch
f0ba7950-74e6-442c-b023-543e3c4f2db9,2026-05-26T18:27:06Z,2026-05-26T18:28:36Z,Awake,2,马林康的Apple Watch
8e7b405c-fbb2-42fa-b239-0f268a2cf42a,2026-05-26T18:28:36Z,2026-05-26T18:43:35Z,Core,3,马林康的Apple Watch
3aba6435-9f54-4390-aa98-29adb74d600e,2026-05-26T18:43:35Z,2026-05-26T19:06:03Z,Deep,4,马林康的Apple Watch
0767f78b-51bc-4d94-b6a3-b4fbc851197d,2026-05-26T19:06:03Z,2026-05-26T19:12:03Z,Core,3,马林康的Apple Watch
6cee857d-0cd3-43e5-9143-900bd276af7b,2026-05-26T19:12:03Z,2026-05-26T19:33:02Z,REM,5,马林康的Apple Watch
698c03cf-4f0e-4ed5-a4b7-d668fdc14c4f,2026-05-26T19:33:02Z,2026-05-26T19:34:01Z,Awake,2,马林康的Apple Watch
0e69dba6-cd60-4313-a065-a2aba153ea0c,2026-05-26T19:34:01Z,2026-05-26T19:56:00Z,Core,3,马林康的Apple Watch
c102ad84-7871-4ce8-a48f-e55f6dd83eed,2026-05-26T19:56:00Z,2026-05-26T19:56:30Z,Awake,2,马林康的Apple Watch
80565b7a-1014-46c4-beaa-769df0c5a10e,2026-05-26T19:56:30Z,2026-05-26T20:43:57Z,Core,3,马林康的Apple Watch
2c43ed68-0a49-418a-8e5b-96a7f2841071,2026-05-26T20:43:57Z,2026-05-26T20:49:26Z,Deep,4,马林康的Apple Watch
ec2d7016-4a7e-436f-b740-909a623c52a6,2026-05-26T20:49:26Z,2026-05-26T20:53:56Z,Core,3,马林康的Apple Watch
6997c2ca-8cce-4d68-b666-bd050324b56f,2026-05-26T20:53:56Z,2026-05-26T21:00:26Z,REM,5,马林康的Apple Watch
f355603e-f1db-49f2-939a-108e5a7f968a,2026-05-26T21:00:26Z,2026-05-26T21:47:52Z,Core,3,马林康的Apple Watch
91ab2048-8367-4909-bc79-e6a2e0c104fe,2026-05-26T21:47:52Z,2026-05-26T21:56:22Z,REM,5,马林康的Apple Watch
fd19e446-4d22-4c75-925e-fc2b530674bc,2026-05-26T21:56:22Z,2026-05-26T21:58:52Z,Awake,2,马林康的Apple Watch
d3ad0f11-d6f0-419b-b377-6570adc84b49,2026-05-26T21:58:52Z,2026-05-26T22:07:21Z,REM,5,马林康的Apple Watch
f1f8b9e9-2d0c-42fb-a617-b51d71651bda,2026-05-26T22:07:21Z,2026-05-26T22:11:21Z,Awake,2,马林康的Apple Watch
63a1c566-a19c-4039-8403-a2c13710f05b,2026-05-26T22:11:21Z,2026-05-26T22:40:49Z,REM,5,马林康的Apple Watch
74007d43-805a-4498-a5c3-08722992af00,2026-05-26T22:40:49Z,2026-05-26T22:41:49Z,Core,3,马林康的Apple Watch
f761c26b-99d7-40da-b614-4f4397834fa5,2026-05-26T22:41:49Z,2026-05-26T22:49:48Z,REM,5,马林康的Apple Watch
757fca78-8c34-4afc-b092-c6d2b72439d1,2026-05-26T22:49:48Z,2026-05-26T22:59:17Z,Core,3,马林康的Apple Watch
ff2eb240-9efc-4c85-b48f-75ba53e7ebcf,2026-05-26T22:59:17Z,2026-05-26T23:00:47Z,Awake,2,马林康的Apple Watch
e6d01c94-73b2-4f29-a9b0-beadd6eb9134,2026-05-26T23:00:47Z,2026-05-26T23:11:47Z,Core,3,马林康的Apple Watch
4544753a-5c08-4617-a31c-307e3e54d716,2026-05-26T23:11:47Z,2026-05-26T23:21:46Z,REM,5,马林康的Apple Watch
af7f1657-84a1-4ab8-ad68-ac32339d606a,2026-05-26T23:21:46Z,2026-05-27T00:07:43Z,Core,3,马林康的Apple Watch
26674c24-f607-46db-a1bd-f8c987791452,2026-05-27T00:07:43Z,2026-05-27T00:25:12Z,REM,5,马林康的Apple Watch
7f8c3029-b57d-4221-b37c-8a3a36edf1dd,2026-05-27T00:25:12Z,2026-05-27T00:28:42Z,Core,3,马林康的Apple Watch
886a0f58-9424-4ac7-acbf-46dca09ca7db,2026-05-27T00:28:42Z,2026-05-27T00:47:10Z,REM,5,马林康的Apple Watch
f2476586-9bf3-4be0-bf76-17632b86e8e6,2026-05-27T00:47:10Z,2026-05-27T00:51:10Z,Awake,2,马林康的Apple Watch
172faf23-e65d-42a1-a8cc-322ae34a5ecb,2026-05-27T00:51:10Z,2026-05-27T01:07:39Z,Core,3,马林康的Apple Watch
27859dee-bd28-4110-81e0-f3f871daa959,2026-05-27T05:33:00Z,2026-05-27T06:03:00Z,In Bed,0,AutoSleep
cf6583a9-dd31-40b3-8545-2ee2689e8840,2026-05-27T05:33:00Z,2026-05-27T06:03:00Z,Asleep Unspecified,1,AutoSleep
0577fdcc-d0b5-4ada-aad5-280776be0d53,2026-05-27T15:00:00Z,2026-05-28T00:34:00Z,In Bed,0,AutoSleep
99923eb8-4f0a-477c-a573-526d2610fbca,2026-05-27T15:00:00Z,2026-05-28T00:34:00Z,Asleep Unspecified,1,AutoSleep
1900bcea-4f16-4fcf-be0a-e9b38d807a24,2026-05-27T15:14:15Z,2026-05-27T15:35:13Z,Core,3,马林康的Apple Watch
01bc5ec3-3a53-4303-9467-4b70f9f38c2c,2026-05-27T15:35:13Z,2026-05-27T15:54:12Z,Deep,4,马林康的Apple Watch
6f7ab680-ff32-49d1-b1be-bbfb5a05415b,2026-05-27T15:54:12Z,2026-05-27T16:10:41Z,Core,3,马林康的Apple Watch
4a179a24-40d7-4da5-8b28-5dab5d5c5daf,2026-05-27T16:10:41Z,2026-05-27T16:14:10Z,Deep,4,马林康的Apple Watch
bc53c644-25d5-4fc2-881c-990ee59f856a,2026-05-27T16:14:10Z,2026-05-27T16:33:09Z,Core,3,马林康的Apple Watch
79553047-a1c0-4988-a829-856fc6e870f8,2026-05-27T16:33:09Z,2026-05-27T16:38:39Z,REM,5,马林康的Apple Watch
b377180b-84e5-44b2-bfac-dd8123693335,2026-05-27T16:38:39Z,2026-05-27T16:42:08Z,Awake,2,马林康的Apple Watch
898506af-de23-4d61-8666-9eb736054d35,2026-05-27T16:42:08Z,2026-05-27T17:06:37Z,Core,3,马林康的Apple Watch
14389f29-c5ff-49b7-9076-8450e0044751,2026-05-27T17:06:37Z,2026-05-27T17:07:37Z,Awake,2,马林康的Apple Watch
ed4478c9-c6cb-495e-a4c6-4f4eb1b23937,2026-05-27T17:07:37Z,2026-05-27T17:16:36Z,Core,3,马林康的Apple Watch
10a42142-e332-4fd8-9717-eec8cd6fc9b4,2026-05-27T17:16:36Z,2026-05-27T17:19:36Z,Awake,2,马林康的Apple Watch
9372d459-ec86-4969-9e51-d50ad1ec9c42,2026-05-27T17:19:36Z,2026-05-27T17:57:03Z,Core,3,马林康的Apple Watch
17a80523-8bed-4862-ac06-e783f6fcb053,2026-05-27T17:57:03Z,2026-05-27T18:13:02Z,Deep,4,马林康的Apple Watch
b61b15e5-a6d3-4ddf-a6f2-35f81d372496,2026-05-27T18:13:02Z,2026-05-27T18:23:01Z,Core,3,马林康的Apple Watch
1eaa16c4-7b83-4c73-ac64-5b535f152615,2026-05-27T18:23:01Z,2026-05-27T18:42:30Z,REM,5,马林康的Apple Watch
345f6b19-20b3-440b-99cf-aa68d04f679c,2026-05-27T18:42:30Z,2026-05-27T18:45:30Z,Core,3,马林康的Apple Watch
c3136789-744f-42e5-b702-30133833bebd,2026-05-27T18:45:30Z,2026-05-27T18:50:00Z,Awake,2,马林康的Apple Watch
3b6837f2-00fc-4810-be2a-064332fc5798,2026-05-27T18:50:00Z,2026-05-27T18:56:29Z,Core,3,马林康的Apple Watch
8645b22c-e856-499c-8503-5d98ba98ebb2,2026-05-27T18:56:29Z,2026-05-27T18:57:29Z,Awake,2,马林康的Apple Watch
6450c3af-6240-43f5-8226-26d03fcb8670,2026-05-27T18:57:29Z,2026-05-27T19:00:59Z,Core,3,马林康的Apple Watch
1fa2df71-4efc-4d17-b38e-3b0e32caff35,2026-05-27T19:00:59Z,2026-05-27T19:02:29Z,Awake,2,马林康的Apple Watch
407a5f64-4f84-4382-afcd-d18a636db558,2026-05-27T19:02:29Z,2026-05-27T20:00:55Z,Core,3,马林康的Apple Watch
988c1105-2273-4c33-a73e-59442336e8f6,2026-05-27T20:00:55Z,2026-05-27T20:23:23Z,REM,5,马林康的Apple Watch
756d705c-30fd-474c-8b5a-9b4af994979c,2026-05-27T20:23:23Z,2026-05-27T20:41:22Z,Core,3,马林康的Apple Watch
f4c87a0e-228b-4f24-8ab4-49cb0478ebae,2026-05-27T20:41:22Z,2026-05-27T20:42:52Z,Awake,2,马林康的Apple Watch
0c1515ff-5897-479b-b6a2-ca5c496d9f9d,2026-05-27T20:42:52Z,2026-05-27T21:40:48Z,Core,3,马林康的Apple Watch
13aa23d3-3306-4cc6-bfcd-6b99591d40d4,2026-05-27T21:40:48Z,2026-05-27T22:15:16Z,REM,5,马林康的Apple Watch
2eb679a9-96a7-4a33-b1a9-9bd9d58ab6d1,2026-05-27T22:15:16Z,2026-05-27T22:15:46Z,Core,3,马林康的Apple Watch
acb8e512-3720-4d8c-9cd6-09ff80fcad96,2026-05-27T22:15:46Z,2026-05-27T22:23:45Z,REM,5,马林康的Apple Watch
e2b527a4-a363-457d-8671-8c51d88b0746,2026-05-27T22:23:45Z,2026-05-27T22:29:45Z,Core,3,马林康的Apple Watch
3b113f37-3f7b-481c-915a-20c12f8efc4b,2026-05-27T22:29:45Z,2026-05-27T22:32:15Z,Awake,2,马林康的Apple Watch
10824200-ef9a-419e-8afe-2878600b8149,2026-05-27T22:32:15Z,2026-05-27T22:49:13Z,Core,3,马林康的Apple Watch
6dfa4904-8e98-4ef9-ae4b-95fdc6bdcc27,2026-05-27T22:49:13Z,2026-05-27T23:11:12Z,Awake,2,马林康的Apple Watch
bb9c5ed9-513e-40af-925b-02ce39305696,2026-05-27T23:11:12Z,2026-05-27T23:24:41Z,Core,3,马林康的Apple Watch
edea9ad3-8db5-42e2-ad6b-a1d0d4d7ad00,2026-05-27T23:24:41Z,2026-05-27T23:27:11Z,Awake,2,马林康的Apple Watch
32f0694b-ee4e-45d5-afed-0dd3733754d6,2026-05-27T23:27:11Z,2026-05-28T00:08:08Z,Core,3,马林康的Apple Watch
6c2fbb51-8e37-44e3-b480-99bd061aaee1,2026-05-28T00:08:08Z,2026-05-28T00:24:07Z,REM,5,马林康的Apple Watch
2c285ede-59ad-4f95-aef6-d25b689b05d1,2026-05-28T16:08:00Z,2026-05-28T16:29:00Z,Asleep Unspecified,1,AutoSleep
4051355b-3a85-4926-995c-c03cb79a6882,2026-05-28T16:08:00Z,2026-05-29T01:29:00Z,In Bed,0,AutoSleep
9a27ada3-7915-4a77-ad6a-53baa4df7240,2026-05-28T18:45:00Z,2026-05-28T23:48:00Z,Asleep Unspecified,1,AutoSleep
901914ba-510b-4ab7-9b70-b535c7b76839,2026-05-28T18:49:28Z,2026-05-28T19:07:57Z,Core,3,马林康的Apple Watch
e89a6ac8-199b-47ce-880a-5c49a6ae17a0,2026-05-28T19:07:57Z,2026-05-28T19:12:56Z,Deep,4,马林康的Apple Watch
6b7645b3-677c-4f5a-a7ae-be84da921964,2026-05-28T19:12:56Z,2026-05-28T19:14:56Z,Awake,2,马林康的Apple Watch
e37ee5f1-2e33-4963-8cd5-2d73127ee76c,2026-05-28T19:14:56Z,2026-05-28T19:27:25Z,Core,3,马林康的Apple Watch
d51c3562-91fe-49d0-80c5-0ab4f7796ff2,2026-05-28T19:27:25Z,2026-05-28T19:34:55Z,Deep,4,马林康的Apple Watch
7ac0aa81-1c44-4145-b248-b7aa6b958986,2026-05-28T19:34:55Z,2026-05-28T19:47:24Z,Core,3,马林康的Apple Watch
6a400630-f2bf-4eed-a94d-9e96596fed90,2026-05-28T19:47:24Z,2026-05-28T19:49:54Z,Awake,2,马林康的Apple Watch
0d0adc07-1bdd-408c-b706-43facc415164,2026-05-28T19:49:54Z,2026-05-28T20:02:53Z,Core,3,马林康的Apple Watch
29a8d0dd-3abc-4c75-8eb1-ab2369f54f0e,2026-05-28T20:02:53Z,2026-05-28T20:05:53Z,REM,5,马林康的Apple Watch
a94632d7-2f66-4a39-9da7-3434829fb987,2026-05-28T20:05:53Z,2026-05-28T20:06:53Z,Awake,2,马林康的Apple Watch
e4c7fc73-a6dd-4977-b834-9e3e1855beb2,2026-05-28T20:06:53Z,2026-05-28T20:07:53Z,Core,3,马林康的Apple Watch
8a478c4c-8d73-4f57-aeaf-5398305e9134,2026-05-28T20:07:53Z,2026-05-28T20:14:22Z,REM,5,马林康的Apple Watch
99375b75-4756-4d55-afa7-dbca58ecf7c5,2026-05-28T20:14:22Z,2026-05-28T20:46:20Z,Core,3,马林康的Apple Watch
7049eb5f-8e00-40c8-afd5-af972594c600,2026-05-28T20:46:20Z,2026-05-28T20:51:49Z,Deep,4,马林康的Apple Watch
38b7e31d-fc9a-4cdf-b803-a3901a0fc289,2026-05-28T20:51:49Z,2026-05-28T20:55:19Z,Core,3,马林康的Apple Watch
bcf71bcf-0899-45dd-b482-1ccad2098ee4,2026-05-28T20:55:19Z,2026-05-28T21:10:48Z,Deep,4,马林康的Apple Watch
42089c20-1c01-44b3-a3f6-830dcccc1cbf,2026-05-28T21:10:48Z,2026-05-28T21:13:48Z,Core,3,马林康的Apple Watch
d4355d97-6d12-44f2-b9db-30a3b5342e02,2026-05-28T21:13:48Z,2026-05-28T21:15:18Z,Awake,2,马林康的Apple Watch
d73088ae-7170-4ef0-a920-284205d253c8,2026-05-28T21:15:18Z,2026-05-28T21:27:47Z,Core,3,马林康的Apple Watch
1b2d5120-5a31-4f1c-b864-9a0afb226ea9,2026-05-28T21:27:47Z,2026-05-28T21:29:47Z,Awake,2,马林康的Apple Watch
47a1a9e4-7e1f-479f-8c47-fbc3e97544f3,2026-05-28T21:29:47Z,2026-05-28T21:47:15Z,Core,3,马林康的Apple Watch
7f725a11-8d00-4d77-9932-e8935731aac0,2026-05-28T21:47:15Z,2026-05-28T22:07:14Z,REM,5,马林康的Apple Watch
510b0903-76f2-4d48-b58c-3bf2fa8d4098,2026-05-28T22:07:14Z,2026-05-28T22:09:14Z,Awake,2,马林康的Apple Watch
57a20f91-193f-45d9-bc6d-2b0b84a3b4c4,2026-05-28T22:09:14Z,2026-05-28T22:39:42Z,Core,3,马林康的Apple Watch
24702482-37e8-449e-acd2-04671ad03c97,2026-05-28T22:39:42Z,2026-05-28T22:42:12Z,Awake,2,马林康的Apple Watch
f8260d7e-7039-464c-bb76-3cb2b7af5165,2026-05-28T22:42:12Z,2026-05-28T22:48:11Z,Core,3,马林康的Apple Watch
d42fad5c-f3b3-4c37-99c1-e428130cd4c1,2026-05-28T22:48:11Z,2026-05-28T22:49:11Z,Awake,2,马林康的Apple Watch
267b4d5d-7861-4a62-b79f-144469b84531,2026-05-28T22:49:11Z,2026-05-28T22:51:11Z,Core,3,马林康的Apple Watch
43720246-2bc3-4e81-a60c-3e75615f6615,2026-05-28T22:51:11Z,2026-05-28T22:53:41Z,Awake,2,马林康的Apple Watch
687fc766-eef8-4c8b-ab81-7f41414a5258,2026-05-28T22:53:41Z,2026-05-28T23:02:11Z,Core,3,马林康的Apple Watch
db964dc1-d5c3-4b2f-9128-e106356d41dd,2026-05-28T23:02:11Z,2026-05-28T23:04:40Z,Awake,2,马林康的Apple Watch
dcbc16e6-4088-4dd6-bd7f-19b8af2d33a5,2026-05-28T23:04:40Z,2026-05-28T23:20:39Z,Core,3,马林康的Apple Watch
c65abf46-458c-400c-87d8-9cf9132d36ef,2026-05-28T23:20:39Z,2026-05-28T23:41:08Z,Awake,2,马林康的Apple Watch
384022c9-eaaa-4a37-bf37-dad2fbedf269,2026-05-28T23:41:08Z,2026-05-28T23:44:08Z,Core,3,马林康的Apple Watch
9bef9b23-9678-45a0-bd32-280f82295562,2026-05-28T23:44:08Z,2026-05-28T23:59:37Z,Awake,2,马林康的Apple Watch
fbebadbd-45a9-4147-8eae-56da6da327b3,2026-05-28T23:59:37Z,2026-05-29T00:48:03Z,Core,3,马林康的Apple Watch
da9b7cdb-9730-426f-a6d9-20567e03932e,2026-05-29T00:03:00Z,2026-05-29T01:29:00Z,Asleep Unspecified,1,AutoSleep
6726e608-843e-4288-8e0c-0bbf1179cc88,2026-05-29T00:48:03Z,2026-05-29T01:14:02Z,REM,5,马林康的Apple Watch
ab6fc22d-1f78-4aa5-ace5-e5ee9058bdb0,2026-05-29T14:35:00Z,2026-05-29T15:33:00Z,Asleep Unspecified,1,AutoSleep
e5c40c3a-34f1-401c-814d-151b33d87af1,2026-05-29T14:35:00Z,2026-05-29T22:45:00Z,In Bed,0,AutoSleep
16f7bcd3-c026-4649-85cb-0691c760f497,2026-05-29T14:56:57Z,2026-05-29T15:25:25Z,Core,3,马林康的Apple Watch
6a490a8e-0c89-4307-8200-b09bc1808737,2026-05-29T15:25:25Z,2026-05-29T15:35:55Z,Deep,4,马林康的Apple Watch
af3faa8c-894d-43b2-864e-5adcbb836ed8,2026-05-29T15:35:55Z,2026-05-29T15:37:24Z,Awake,2,马林康的Apple Watch
354e5388-aa2d-4049-b49c-a91031d0fa61,2026-05-29T15:37:24Z,2026-05-29T15:49:54Z,Core,3,马林康的Apple Watch
f7bc094d-e608-4361-a0ad-d95e2a976295,2026-05-29T15:45:00Z,2026-05-29T22:45:00Z,Asleep Unspecified,1,AutoSleep
fa043124-991d-425e-97d7-e42c2366beeb,2026-05-29T15:49:54Z,2026-05-29T16:00:23Z,Deep,4,马林康的Apple Watch
589c56cb-f181-40a4-9ded-602f5a249c78,2026-05-29T16:00:23Z,2026-05-29T16:01:53Z,Core,3,马林康的Apple Watch
8ec0b299-a99b-484f-8dd0-659e92bcad7e,2026-05-29T16:01:53Z,2026-05-29T16:14:52Z,Deep,4,马林康的Apple Watch
34d88ecc-e956-4bb9-97d3-fc754f4b8a75,2026-05-29T16:14:52Z,2026-05-29T16:19:22Z,Core,3,马林康的Apple Watch
f2d85e94-d920-45cc-8027-6a982716c372,2026-05-29T16:19:22Z,2026-05-29T16:40:50Z,REM,5,马林康的Apple Watch
556e6e0f-7a6c-4c94-8c33-b41b0407ec23,2026-05-29T16:40:50Z,2026-05-29T16:44:20Z,Core,3,马林康的Apple Watch
2fc950b3-b870-43f7-befe-4627475f9ec5,2026-05-29T16:44:20Z,2026-05-29T16:48:49Z,Awake,2,马林康的Apple Watch
3cb6e164-6d80-4550-8af2-dd1e5240d2d9,2026-05-29T16:48:49Z,2026-05-29T17:03:48Z,Core,3,马林康的Apple Watch
ba17b8bf-8bed-49d3-8feb-9ebdcb6f9dd2,2026-05-29T17:03:48Z,2026-05-29T17:11:18Z,Deep,4,马林康的Apple Watch
1cd0da71-7533-4b3b-8c17-bd0dfd74ff65,2026-05-29T17:11:18Z,2026-05-29T17:17:17Z,Core,3,马林康的Apple Watch
005824a8-fd68-4fc8-a858-08bb61b35b61,2026-05-29T17:17:17Z,2026-05-29T17:21:47Z,Deep,4,马林康的Apple Watch
82b9ac95-5663-42d4-bf1a-961b02f9e587,2026-05-29T17:21:47Z,2026-05-29T17:22:17Z,Awake,2,马林康的Apple Watch
46dcf5ee-e6b0-4924-bf9a-21648e59ce57,2026-05-29T17:22:17Z,2026-05-29T17:32:46Z,Core,3,马林康的Apple Watch
2849e26a-2271-4783-99bd-be32a70ba990,2026-05-29T17:32:46Z,2026-05-29T17:33:46Z,Awake,2,马林康的Apple Watch
bf3a5935-09db-451c-8bd2-55306479d257,2026-05-29T17:33:46Z,2026-05-29T18:02:44Z,Core,3,马林康的Apple Watch
5ebceae9-9de0-4cc9-892f-5e9a3682451c,2026-05-29T18:02:44Z,2026-05-29T18:13:43Z,Deep,4,马林康的Apple Watch
9c81ada8-7225-4e50-9246-b87d447973fc,2026-05-29T18:13:43Z,2026-05-29T18:15:43Z,Core,3,马林康的Apple Watch
dab16c6c-5ca5-4f68-9202-394b26e87655,2026-05-29T18:15:43Z,2026-05-29T18:17:13Z,Awake,2,马林康的Apple Watch
436cb679-468c-47a2-9f9e-c240865a230b,2026-05-29T18:17:13Z,2026-05-29T18:20:43Z,Core,3,马林康的Apple Watch
c4828c11-2b55-4f51-8e7a-5886f87296a3,2026-05-29T18:20:43Z,2026-05-29T18:32:12Z,REM,5,马林康的Apple Watch
54ce3142-8271-4da3-9bad-51975eae0a74,2026-05-29T18:32:12Z,2026-05-29T18:35:12Z,Core,3,马林康的Apple Watch
8540f973-d8fb-4e08-8dec-df6811f3d2bd,2026-05-29T18:35:12Z,2026-05-29T18:41:41Z,REM,5,马林康的Apple Watch
09db8aac-02df-493d-9152-3a6e44346b1c,2026-05-29T18:41:41Z,2026-05-29T18:51:11Z,Core,3,马林康的Apple Watch
c7939cce-52f0-4df2-af26-a333198dc739,2026-05-29T18:51:11Z,2026-05-29T18:53:10Z,Awake,2,马林康的Apple Watch
8e23e7f1-276c-4db9-a84e-6dbac9f218b7,2026-05-29T18:53:10Z,2026-05-29T19:32:08Z,Core,3,马林康的Apple Watch
34e51bb2-c577-45d5-93af-e9e3f24fa4c9,2026-05-29T19:32:08Z,2026-05-29T19:50:37Z,REM,5,马林康的Apple Watch
eff2f105-8235-4811-a20c-1c3c4a1d2a1a,2026-05-29T19:50:37Z,2026-05-29T19:59:36Z,Awake,2,马林康的Apple Watch
f7fb4d32-a9a9-473d-a065-5bb9596ec18a,2026-05-29T19:59:36Z,2026-05-29T20:37:33Z,Core,3,马林康的Apple Watch
592be465-fdc5-4482-80b6-ce36c78f2025,2026-05-29T20:37:33Z,2026-05-29T20:45:03Z,Deep,4,马林康的Apple Watch
aa73b30b-84d6-49d5-977b-40a488b1785a,2026-05-29T20:45:03Z,2026-05-29T20:53:32Z,Core,3,马林康的Apple Watch
3bfc1ccc-0fd4-410d-b516-c298843643ed,2026-05-29T20:53:32Z,2026-05-29T20:54:32Z,Awake,2,马林康的Apple Watch
fc11156e-6e79-4107-b39e-bbee09f71896,2026-05-29T20:54:32Z,2026-05-29T20:58:32Z,Core,3,马林康的Apple Watch
1382a9e3-9c33-43bf-bdb8-7d73cdee80e3,2026-05-29T20:58:32Z,2026-05-29T21:17:01Z,REM,5,马林康的Apple Watch
281c1a05-9afd-4a01-9649-ba8b3a336e56,2026-05-29T21:17:01Z,2026-05-29T21:20:30Z,Awake,2,马林康的Apple Watch
37c75faf-99b2-48e2-8fec-fe1aa7db9bba,2026-05-29T21:20:30Z,2026-05-29T21:22:30Z,REM,5,马林康的Apple Watch
8be5ea03-cdc2-4f4a-9346-b1846f63f9cb,2026-05-29T21:22:30Z,2026-05-29T21:26:00Z,Core,3,马林康的Apple Watch
b72a0103-8e52-4c3f-89ed-18cda3e8b90f,2026-05-29T21:26:00Z,2026-05-29T21:35:59Z,REM,5,马林康的Apple Watch
c002adc3-548c-414d-a973-87eacfd70e59,2026-05-29T21:35:59Z,2026-05-29T21:39:29Z,Awake,2,马林康的Apple Watch
49ea1405-62fb-4f36-8eda-3a21f82f22a1,2026-05-29T21:39:29Z,2026-05-29T21:40:59Z,Core,3,马林康的Apple Watch
98f77b63-5fbb-401a-a84c-01dfc3502dcb,2026-05-29T21:40:59Z,2026-05-29T21:43:59Z,REM,5,马林康的Apple Watch
69ec6843-2aa8-4c9b-8561-039206daef02,2026-05-29T21:43:59Z,2026-05-29T21:45:59Z,Awake,2,马林康的Apple Watch
e447a851-c57b-4c25-8cdc-da35c17b64d0,2026-05-29T21:45:59Z,2026-05-29T21:47:28Z,Core,3,马林康的Apple Watch
e99e520d-5321-4f56-96eb-e8e6a7637915,2026-05-29T21:47:28Z,2026-05-29T21:55:28Z,Awake,2,马林康的Apple Watch
083a3798-672e-47ab-b145-1d409353c545,2026-05-29T21:55:28Z,2026-05-29T22:24:26Z,Core,3,马林康的Apple Watch
a700d516-0ddf-4031-afaa-fb184c934b8a,2026-05-30T16:50:00Z,2026-05-30T18:01:00Z,Asleep Unspecified,1,AutoSleep
e4a0a5b0-355a-43d4-b4dc-d0288f369136,2026-05-30T16:50:00Z,2026-05-31T00:01:00Z,In Bed,0,AutoSleep
56b7cbb1-6796-45e3-9b1b-718e7b23424b,2026-05-30T16:59:00Z,2026-05-30T17:11:59Z,Core,3,马林康的Apple Watch
686467db-d250-4d14-91a8-264b4f6e42ff,2026-05-30T17:11:59Z,2026-05-30T17:30:58Z,Deep,4,马林康的Apple Watch
042a566f-a0f5-4736-ad5b-ab901bc6141a,2026-05-30T17:30:58Z,2026-05-30T17:32:28Z,Awake,2,马林康的Apple Watch
42de5bcd-f992-4bb0-ae7a-5d1059545c95,2026-05-30T17:32:28Z,2026-05-30T17:48:27Z,Core,3,马林康的Apple Watch
3d9e7625-7460-4014-9fdc-6c96d5e3e7e5,2026-05-30T17:48:27Z,2026-05-30T18:00:56Z,Deep,4,马林康的Apple Watch
14edb900-a7dc-484c-b835-47ed31db34a0,2026-05-30T18:00:56Z,2026-05-30T18:01:26Z,Awake,2,马林康的Apple Watch
635278f3-55ed-4411-8954-b48cc9659c1b,2026-05-30T18:01:26Z,2026-05-30T18:20:24Z,Core,3,马林康的Apple Watch
566cb996-85d3-4905-b6b8-8cab80983888,2026-05-30T18:02:00Z,2026-05-31T00:01:00Z,Asleep Unspecified,1,AutoSleep
1386799a-84a9-4ce2-8144-0bd3a9278758,2026-05-30T18:20:24Z,2026-05-30T18:46:52Z,Deep,4,马林康的Apple Watch
e9e92307-e09d-47f6-a5cf-cfc1854867b0,2026-05-30T18:46:52Z,2026-05-30T18:48:22Z,Awake,2,马林康的Apple Watch
75691823-eda1-462a-beba-c72cfba025a0,2026-05-30T18:48:22Z,2026-05-30T18:50:22Z,Core,3,马林康的Apple Watch
f1c0016c-9269-4525-adf2-59dc8e6ef5b8,2026-05-30T18:50:22Z,2026-05-30T19:06:21Z,REM,5,马林康的Apple Watch
90fc1d50-847c-4c89-b04b-1632f04658cc,2026-05-30T19:06:21Z,2026-05-30T19:44:18Z,Core,3,马林康的Apple Watch
c2d52291-e54e-4ad9-a7c3-54be3dd21ce2,2026-05-30T19:44:18Z,2026-05-30T19:45:48Z,Awake,2,马林康的Apple Watch
11674a63-fe52-4fce-b3d7-bc743073b553,2026-05-30T19:45:48Z,2026-05-30T20:32:45Z,Core,3,马林康的Apple Watch
31bc0529-f01d-44ce-8aae-785cdd5de5c1,2026-05-30T20:32:45Z,2026-05-30T20:33:15Z,Awake,2,马林康的Apple Watch
8734b820-04e6-453e-825a-05c5b7f7bb03,2026-05-30T20:33:15Z,2026-05-30T20:36:15Z,Core,3,马林康的Apple Watch
31bc6532-9ddc-4a0c-a5b0-207050b75891,2026-05-30T20:36:15Z,2026-05-30T21:05:43Z,REM,5,马林康的Apple Watch
7568b561-43e7-45e1-b891-c1112d6b4e77,2026-05-30T21:05:43Z,2026-05-30T21:53:40Z,Core,3,马林康的Apple Watch
3077a891-0486-434a-a01a-36245d7b48e0,2026-05-30T21:53:40Z,2026-05-30T21:54:39Z,Awake,2,马林康的Apple Watch
83c13859-e17c-4c98-9d2a-fd4b582a288a,2026-05-30T21:54:39Z,2026-05-30T22:02:09Z,Core,3,马林康的Apple Watch
5b2470fc-ff4c-4273-9050-16cb2cc40ee9,2026-05-30T22:02:09Z,2026-05-30T22:10:38Z,REM,5,马林康的Apple Watch
2e39cba7-238d-45b1-821f-fc6573ff8a43,2026-05-30T22:10:38Z,2026-05-30T22:22:08Z,Core,3,马林康的Apple Watch
9e0bca19-53ff-4c48-9ee8-8381e49ff28b,2026-05-30T22:22:08Z,2026-05-30T22:30:37Z,REM,5,马林康的Apple Watch
fad0f38b-b522-4fbe-9672-79961c65dbc8,2026-05-30T22:30:37Z,2026-05-30T22:31:37Z,Awake,2,马林康的Apple Watch
c0cabedd-141d-4e19-9ae6-43cb9aeaf479,2026-05-30T22:31:37Z,2026-05-30T23:25:33Z,Core,3,马林康的Apple Watch
7b56d2c9-ccc0-42c1-a1ce-89d42c96fef0,2026-05-30T23:25:33Z,2026-05-30T23:47:02Z,REM,5,马林康的Apple Watch
37b82d4f-8336-4edd-bb42-d424f70ddffa,2026-05-30T23:47:02Z,2026-05-31T00:00:31Z,Core,3,马林康的Apple Watch
18b979c7-a0f7-4a66-82a8-e698fed15183,2026-05-31T16:46:00Z,2026-05-31T22:14:00Z,Asleep Unspecified,1,AutoSleep
816a6665-c608-4c71-970b-a7857144f9d8,2026-05-31T16:46:00Z,2026-05-31T22:14:00Z,In Bed,0,AutoSleep
f8085c11-b3d7-4b9a-a017-d42e4fb78c3a,2026-05-31T16:55:33Z,2026-05-31T17:09:02Z,Core,3,马林康的Apple Watch
3a6fbdbc-df16-4124-aec4-0f7837d006a3,2026-05-31T17:09:02Z,2026-05-31T17:10:32Z,Deep,4,马林康的Apple Watch
323f3ac4-4cda-4a59-abd4-6de45832b2d4,2026-05-31T17:10:32Z,2026-05-31T17:15:02Z,Core,3,马林康的Apple Watch
87cfb65e-89f2-4483-af4d-3c0b92243476,2026-05-31T17:15:02Z,2026-05-31T17:24:31Z,Deep,4,马林康的Apple Watch
e2aba94b-9814-448c-90ba-332e9f8190bd,2026-05-31T17:24:31Z,2026-05-31T17:35:31Z,Core,3,马林康的Apple Watch
dad6ee90-d2ca-4717-bb9f-767946b4b54c,2026-05-31T17:35:31Z,2026-05-31T17:54:59Z,Deep,4,马林康的Apple Watch
f67d823b-1cd6-4c2d-ad35-77c618c97d35,2026-05-31T17:54:59Z,2026-05-31T18:11:28Z,Core,3,马林康的Apple Watch
3b143b0d-c41d-4663-870e-cb02fdae32e1,2026-05-31T18:11:28Z,2026-05-31T18:25:27Z,REM,5,马林康的Apple Watch
8a472bca-ede3-4f8d-8196-f1fdbf49bba3,2026-05-31T18:25:27Z,2026-05-31T18:27:27Z,Awake,2,马林康的Apple Watch
bb2b2265-9c56-483a-8b52-8613c4a44845,2026-05-31T18:27:27Z,2026-05-31T18:31:27Z,Core,3,马林康的Apple Watch
44854104-aa35-486c-98ce-4ad692c6eaff,2026-05-31T18:31:27Z,2026-05-31T18:33:57Z,Awake,2,马林康的Apple Watch
da33f097-4c37-475a-9da4-c8fa50977ec5,2026-05-31T18:33:57Z,2026-05-31T18:51:25Z,Core,3,马林康的Apple Watch
ac5d7000-1b7d-42c7-a565-15e1e791d43f,2026-05-31T18:51:25Z,2026-05-31T18:52:55Z,Deep,4,马林康的Apple Watch
2f4efb44-9d02-4d31-8e4d-f5a60dc7ddc4,2026-05-31T18:52:55Z,2026-05-31T19:04:54Z,Core,3,马林康的Apple Watch
9baadb00-0b29-47d4-9bb6-4bad6443ed72,2026-05-31T19:04:54Z,2026-05-31T19:05:54Z,Deep,4,马林康的Apple Watch
929042e7-e748-4405-9c51-f4fdd612bcc7,2026-05-31T19:05:54Z,2026-05-31T19:14:54Z,Core,3,马林康的Apple Watch
cf11b20f-2b4c-49ea-b157-080507a61a12,2026-05-31T19:14:54Z,2026-05-31T19:15:54Z,Awake,2,马林康的Apple Watch
97560a0c-da03-4c73-9310-d84a5a326966,2026-05-31T19:15:54Z,2026-05-31T19:28:23Z,Core,3,马林康的Apple Watch
9b079297-95fe-47e1-8800-7cc1e6edfff8,2026-05-31T19:28:23Z,2026-05-31T19:34:52Z,Awake,2,马林康的Apple Watch
40fe46c3-ea84-4b1a-9e87-28ef5b72ef72,2026-05-31T19:34:52Z,2026-05-31T19:46:22Z,Core,3,马林康的Apple Watch
31463cf8-c4fd-4689-90b5-b9ab71c004bd,2026-05-31T19:46:22Z,2026-05-31T19:49:51Z,Awake,2,马林康的Apple Watch
d2523458-87f0-4ce3-8c01-02ecc2a381a4,2026-05-31T19:49:51Z,2026-05-31T19:57:21Z,Core,3,马林康的Apple Watch
96b53225-e8d9-42b8-8925-60f7b3a9587f,2026-05-31T19:57:21Z,2026-05-31T20:00:51Z,Awake,2,马林康的Apple Watch
cd5c4705-17af-4754-a688-f8fb7acffdc2,2026-05-31T20:00:51Z,2026-05-31T20:06:20Z,Core,3,马林康的Apple Watch
734bd678-9c7e-40a6-9b39-e99c63678e79,2026-05-31T20:06:20Z,2026-05-31T20:32:49Z,REM,5,马林康的Apple Watch
7d5f5075-99d1-45c5-8209-4c7c0d8a4391,2026-05-31T20:32:49Z,2026-05-31T20:58:47Z,Core,3,马林康的Apple Watch
ef30b8cf-5956-4de1-bdfa-f90625f1dc33,2026-05-31T20:58:47Z,2026-05-31T21:03:47Z,Deep,4,马林康的Apple Watch
3081c798-3891-4b6f-8725-5e8edc5ca1fe,2026-05-31T21:03:47Z,2026-05-31T21:34:45Z,Core,3,马林康的Apple Watch
a9e05c69-3dcb-4f7d-822c-2927fa56a8a4,2026-05-31T21:34:45Z,2026-05-31T21:38:14Z,Deep,4,马林康的Apple Watch
b14dcf4e-b851-4fd3-9835-b77236a00625,2026-05-31T21:38:14Z,2026-05-31T21:45:44Z,Core,3,马林康的Apple Watch
c2e43cad-e4b5-4fdf-80f6-7af968a9b7e4,2026-05-31T21:45:44Z,2026-05-31T22:14:12Z,REM,5,马林康的Apple Watch
0de61dd3-80c2-454c-bbe8-be451e9912ed,2026-06-01T05:15:00Z,2026-06-01T07:45:00Z,In Bed,0,AutoSleep
829d240f-4f19-429a-b861-317109e53e26,2026-06-01T05:15:00Z,2026-06-01T07:45:00Z,Asleep Unspecified,1,AutoSleep
bf5e20c2-f280-4370-b524-8d1af569a171,2026-06-01T05:18:46Z,2026-06-01T05:31:45Z,Asleep Unspecified,1,马林康的Apple Watch
09294764-5e8d-4971-9b57-7670b8c1104b,2026-06-01T05:31:45Z,2026-06-01T05:32:15Z,Awake,2,马林康的Apple Watch
0bf9c829-934a-4b09-8f3f-66d92dea0e0e,2026-06-01T05:32:15Z,2026-06-01T06:27:41Z,Asleep Unspecified,1,马林康的Apple Watch
da0f8e65-9f70-4f7c-b376-e297f5d5cdd3,2026-06-01T06:27:41Z,2026-06-01T06:29:11Z,Awake,2,马林康的Apple Watch
d68778d4-aa88-4d35-9a95-888925c921cb,2026-06-01T06:29:11Z,2026-06-01T06:36:11Z,Asleep Unspecified,1,马林康的Apple Watch
8fd1933a-c7cf-4c39-b6e2-a29ae3e0f81b,2026-06-01T06:36:11Z,2026-06-01T06:37:11Z,Awake,2,马林康的Apple Watch
e92520fb-31b4-4080-8e39-c62b1984f7a4,2026-06-01T06:37:11Z,2026-06-01T06:41:40Z,Asleep Unspecified,1,马林康的Apple Watch
c724272f-40ed-4544-ae82-2b01e5adc786,2026-06-01T06:41:40Z,2026-06-01T06:42:40Z,Awake,2,马林康的Apple Watch
48724c78-ab37-4ed1-b384-0ba2ba7b42b5,2026-06-01T06:42:40Z,2026-06-01T07:12:08Z,Asleep Unspecified,1,马林康的Apple Watch
c0991bf2-c916-4b2b-a43a-5ad3e2858664,2026-06-01T07:12:08Z,2026-06-01T07:13:08Z,Awake,2,马林康的Apple Watch
8f5f9782-3dcb-4207-a976-1ce8dc14aabd,2026-06-01T07:13:08Z,2026-06-01T07:43:36Z,Asleep Unspecified,1,马林康的Apple Watch
16b50db5-69af-4c0e-b277-cde0076cbc35,2026-06-01T15:14:00Z,2026-06-01T15:53:00Z,Asleep Unspecified,1,AutoSleep
d95205e4-8e29-4b2f-afbf-bc667104c9e9,2026-06-01T15:14:00Z,2026-06-01T22:41:00Z,In Bed,0,AutoSleep
f1cee8cd-33c4-48be-8165-14facc5bd060,2026-06-01T16:59:00Z,2026-06-01T22:41:00Z,Asleep Unspecified,1,AutoSleep
6ba8a6e4-aa7f-454c-858e-132e69201ad5,2026-06-01T17:14:15Z,2026-06-01T17:15:15Z,Core,3,马林康的Apple Watch
fde6778c-916d-43ef-8a37-e1d7a7bd430d,2026-06-01T17:15:15Z,2026-06-01T17:20:44Z,Awake,2,马林康的Apple Watch
3cbd5a44-0e7f-4ad3-b495-e2f85eae987f,2026-06-01T17:20:44Z,2026-06-01T17:41:43Z,Core,3,马林康的Apple Watch
3a8e9e5e-f85a-452d-918b-13942932cb7b,2026-06-01T17:41:43Z,2026-06-01T17:59:42Z,Deep,4,马林康的Apple Watch
5ac5f38e-ff7a-4965-84f5-3a1a12576eee,2026-06-01T17:59:42Z,2026-06-01T18:08:11Z,Core,3,马林康的Apple Watch
12b02e3a-6637-4883-9939-5d2b0c6eabb9,2026-06-01T18:08:11Z,2026-06-01T18:10:11Z,Awake,2,马林康的Apple Watch
859c48b1-8d6c-4907-acfd-d4123df62fda,2026-06-01T18:10:11Z,2026-06-01T18:55:08Z,Core,3,马林康的Apple Watch
6b788952-fa93-497c-9f03-56b92ee8b698,2026-06-01T18:55:08Z,2026-06-01T19:11:37Z,Deep,4,马林康的Apple Watch
6f2243e5-a552-40f3-9a1f-f60e1f8bcf71,2026-06-01T19:11:37Z,2026-06-01T19:22:06Z,Core,3,马林康的Apple Watch
0c859bed-2fa8-4936-a8b2-813787d9a270,2026-06-01T19:22:06Z,2026-06-01T19:29:35Z,REM,5,马林康的Apple Watch
9b8f6553-e78d-4aa0-9c8c-83fe2882a248,2026-06-01T19:29:35Z,2026-06-01T19:32:05Z,Awake,2,马林康的Apple Watch
37721bb0-0315-419e-b3eb-22c521bb8c21,2026-06-01T19:32:05Z,2026-06-01T19:34:35Z,Core,3,马林康的Apple Watch
0ce84554-a6e9-47a8-8f61-34da04e0ef54,2026-06-01T19:34:35Z,2026-06-01T19:44:04Z,REM,5,马林康的Apple Watch
a03e760f-a084-4f42-9339-596a9a6c3698,2026-06-01T19:44:04Z,2026-06-01T19:44:34Z,Core,3,马林康的Apple Watch
76aa8673-f71f-419e-858a-9e9ace23d7fc,2026-06-01T19:44:34Z,2026-06-01T19:47:04Z,Awake,2,马林康的Apple Watch
1ba9c436-85e7-4ba6-8157-5dee0ae4aa26,2026-06-01T19:47:04Z,2026-06-01T20:17:32Z,Core,3,马林康的Apple Watch
5b830034-275d-4506-85be-9c32d614cfee,2026-06-01T20:17:32Z,2026-06-01T20:36:31Z,Deep,4,马林康的Apple Watch
00deded0-cb82-47a6-8788-152ccf4358bb,2026-06-01T20:36:31Z,2026-06-01T20:38:01Z,Awake,2,马林康的Apple Watch
bc606bd8-bb9f-427a-9528-ec11b398efe0,2026-06-01T20:38:01Z,2026-06-01T21:21:58Z,Core,3,马林康的Apple Watch
8bd209eb-cfe6-47f8-bc27-c02035f3bd5d,2026-06-01T21:21:58Z,2026-06-01T21:30:57Z,REM,5,马林康的Apple Watch
e187d3bf-a33d-4a4b-9509-dc4653a4facf,2026-06-01T21:30:57Z,2026-06-01T21:31:27Z,Awake,2,马林康的Apple Watch
58f4740a-e23d-49f1-a48b-91fc3556eb47,2026-06-01T21:31:27Z,2026-06-01T21:47:56Z,REM,5,马林康的Apple Watch
e3793227-9f3f-4217-adb1-f0192d32bae1,2026-06-01T21:47:56Z,2026-06-01T21:51:26Z,Awake,2,马林康的Apple Watch
1d09cb8a-2e68-4492-8211-7f692b1958d0,2026-06-01T21:51:26Z,2026-06-01T22:26:53Z,Core,3,马林康的Apple Watch
281b63fb-d685-48a8-a615-80612f1df38e,2026-06-01T22:26:53Z,2026-06-01T22:31:23Z,Awake,2,马林康的Apple Watch
7c80cddb-9f42-47bf-80b2-7f4508345188,2026-06-01T22:31:23Z,2026-06-01T22:33:53Z,Core,3,马林康的Apple Watch
3f027372-9b37-4e37-8437-eef709eae886,2026-06-01T22:33:53Z,2026-06-01T22:34:53Z,Awake,2,马林康的Apple Watch
fd0376a7-b324-4f00-9138-b74ba5a041a7,2026-06-01T22:34:53Z,2026-06-01T22:40:53Z,Core,3,马林康的Apple Watch
414f683a-b0a9-467f-b089-a34d461a188b,2026-06-02T18:25:00Z,2026-06-03T01:17:00Z,Asleep Unspecified,1,AutoSleep
a2835c07-6f8e-4cc8-93e2-24d92656a19a,2026-06-02T18:25:00Z,2026-06-03T01:17:00Z,In Bed,0,AutoSleep
e9c4ed9b-aea9-473a-9323-a938d052691e,2026-06-02T18:33:44Z,2026-06-02T18:59:13Z,Core,3,马林康的Apple Watch
29f94e0a-c3f5-42ae-8ae4-e0464d9a75e5,2026-06-02T18:59:13Z,2026-06-02T19:22:11Z,Deep,4,马林康的Apple Watch
d489b133-89e5-4b8f-b021-1292d8c10a75,2026-06-02T19:22:11Z,2026-06-02T19:22:41Z,Awake,2,马林康的Apple Watch
6ba13cbb-dd3e-478e-9779-3c90e2d9fa47,2026-06-02T19:22:41Z,2026-06-02T19:34:40Z,Core,3,马林康的Apple Watch
57fb29a0-9776-4910-826e-713bfc155832,2026-06-02T19:34:40Z,2026-06-02T19:54:09Z,Deep,4,马林康的Apple Watch
6ffe803e-4e16-419e-8c1d-1398c77f3eff,2026-06-02T19:54:09Z,2026-06-02T19:56:39Z,Core,3,马林康的Apple Watch
e80372c6-615b-45d9-a811-4df46f345742,2026-06-02T19:56:39Z,2026-06-02T20:01:08Z,REM,5,马林康的Apple Watch
7bc0d552-f687-4d86-8c6e-743200f49982,2026-06-02T20:01:08Z,2026-06-02T20:02:38Z,Awake,2,马林康的Apple Watch
b0f384db-0d32-453e-89be-968afea6c034,2026-06-02T20:02:38Z,2026-06-02T20:04:38Z,Core,3,马林康的Apple Watch
e87baffd-ad88-4377-afb7-f7fa34562a3b,2026-06-02T20:04:38Z,2026-06-02T20:10:38Z,REM,5,马林康的Apple Watch
35d95ade-cd99-42e6-8569-cbfb3a29221f,2026-06-02T20:10:38Z,2026-06-02T20:11:08Z,Core,3,马林康的Apple Watch
db725d75-8fba-4105-aa93-7f137c8550c1,2026-06-02T20:11:08Z,2026-06-02T20:11:38Z,Awake,2,马林康的Apple Watch
b69c467d-f8e2-4b66-a7c3-e29ab55d6632,2026-06-02T20:11:38Z,2026-06-02T20:51:35Z,Core,3,马林康的Apple Watch
d06b7c34-21a9-45da-a804-7c0ce0c6195e,2026-06-02T20:51:35Z,2026-06-02T20:52:05Z,Awake,2,马林康的Apple Watch
4c13485d-247b-4c1f-8495-c90a3d840377,2026-06-02T20:52:05Z,2026-06-02T20:58:04Z,Core,3,马林康的Apple Watch
da6b04d8-7f31-4fa9-bec4-5a4b6493c1f3,2026-06-02T20:58:04Z,2026-06-02T21:03:04Z,REM,5,马林康的Apple Watch
0150b830-9a23-4686-9e08-2c42f6a2fbce,2026-06-02T21:03:04Z,2026-06-02T21:04:34Z,Awake,2,马林康的Apple Watch
88877349-0e5c-448a-806a-715787e641aa,2026-06-02T21:04:34Z,2026-06-02T21:05:04Z,Core,3,马林康的Apple Watch
60f26500-375a-444e-b503-9d1997d449ee,2026-06-02T21:05:04Z,2026-06-02T21:29:02Z,REM,5,马林康的Apple Watch
21fa7f65-ac50-485c-8a51-dc391d2e6b9f,2026-06-02T21:29:02Z,2026-06-02T21:30:32Z,Core,3,马林康的Apple Watch
696d2458-c0fe-433d-be78-aacf8df2544a,2026-06-02T21:30:32Z,2026-06-02T21:40:02Z,REM,5,马林康的Apple Watch
257a9326-6a53-4ada-93b4-766da1fa5135,2026-06-02T21:40:02Z,2026-06-02T22:10:00Z,Core,3,马林康的Apple Watch
ae64d0b1-e2bd-4853-a981-c543c93c5bd1,2026-06-02T22:10:00Z,2026-06-02T22:11:30Z,Deep,4,马林康的Apple Watch
bf0f02d4-5f98-4e34-a6be-043cd99f0493,2026-06-02T22:11:30Z,2026-06-02T23:03:56Z,Core,3,马林康的Apple Watch
969ec861-a813-4bbb-9473-bd9390f823dd,2026-06-02T23:03:56Z,2026-06-02T23:04:26Z,Awake,2,马林康的Apple Watch
a4682bc8-ac8a-4861-9acb-b1f9d93a8c0c,2026-06-02T23:04:26Z,2026-06-02T23:06:26Z,Core,3,马林康的Apple Watch
398441eb-0d53-480d-b83d-afdbfce7f032,2026-06-02T23:06:26Z,2026-06-02T23:12:55Z,REM,5,马林康的Apple Watch
c2f15ea7-f796-4f0f-bf49-99126b6ea532,2026-06-02T23:12:55Z,2026-06-02T23:13:55Z,Awake,2,马林康的Apple Watch
7c6a2d89-f11d-4399-9da3-a8e822c5bffc,2026-06-02T23:13:55Z,2026-06-02T23:40:53Z,Core,3,马林康的Apple Watch
390ccb71-1ac6-42ca-b494-c42ace85ac94,2026-06-02T23:40:53Z,2026-06-02T23:43:53Z,Awake,2,马林康的Apple Watch
efbe34d3-7966-4d62-990e-bb6d5b638e2c,2026-06-02T23:43:53Z,2026-06-03T00:11:22Z,Core,3,马林康的Apple Watch
bd14ff74-646b-4a06-be7b-54ac1426c90c,2026-06-03T00:11:22Z,2026-06-03T00:41:20Z,Awake,2,马林康的Apple Watch
c1ca123d-629e-45a1-93a6-1e29771341c7,2026-06-03T00:41:20Z,2026-06-03T00:43:19Z,Core,3,马林康的Apple Watch
f9357d8e-2035-4953-a0d2-cd41f8cbea7b,2026-06-03T00:43:19Z,2026-06-03T00:58:18Z,Awake,2,马林康的Apple Watch
5836f41c-f48b-4000-9d69-d7dbda3f3f21,2026-06-03T00:58:18Z,2026-06-03T00:59:18Z,Core,3,马林康的Apple Watch
c0f718aa-031f-46c1-9f62-a93d9cbf9f78,2026-06-03T00:59:18Z,2026-06-03T01:01:18Z,Awake,2,马林康的Apple Watch
d57fad57-4be5-4e32-b17f-78d3b076e297,2026-06-03T01:01:18Z,2026-06-03T01:21:47Z,Core,3,马林康的Apple Watch
6c035e02-d15c-4d38-abeb-91b5ce962aee,2026-06-03T05:22:00Z,2026-06-03T05:56:00Z,In Bed,0,AutoSleep
dc9ca4ba-5eb4-4c03-9204-34b1729a46b3,2026-06-03T05:22:00Z,2026-06-03T05:56:00Z,Asleep Unspecified,1,AutoSleep
584e75bb-59ff-4e0f-a2f4-b4bd2d458d4b,2026-06-03T15:37:00Z,2026-06-03T22:59:00Z,Asleep Unspecified,1,AutoSleep
e95077b2-c5c7-4f84-b1a9-b00d26d24913,2026-06-03T15:37:00Z,2026-06-03T22:59:00Z,In Bed,0,AutoSleep
1308015e-f5d7-4db5-ab65-fc5d14d756ed,2026-06-03T15:46:09Z,2026-06-03T16:05:37Z,Core,3,马林康的Apple Watch
586bf966-f8f3-40b5-a4a5-878c0300bdb4,2026-06-03T16:05:37Z,2026-06-03T16:26:06Z,Deep,4,马林康的Apple Watch
edf7edf3-65e7-4fe7-9163-2049fbf38b50,2026-06-03T16:26:06Z,2026-06-03T16:36:35Z,Core,3,马林康的Apple Watch
c83d0207-4510-44e7-9ef2-6c8ec9472558,2026-06-03T16:36:35Z,2026-06-03T16:41:05Z,REM,5,马林康的Apple Watch
794cf3d2-4fbb-4748-ac17-f0f88942dd65,2026-06-03T16:41:05Z,2026-06-03T16:48:04Z,Core,3,马林康的Apple Watch
cc8135e9-f43e-4729-9d5c-b0512d17acea,2026-06-03T16:48:04Z,2026-06-03T16:50:34Z,REM,5,马林康的Apple Watch
08c9befc-b694-4f9d-b152-f1c3992c81f4,2026-06-03T16:50:34Z,2026-06-03T17:14:03Z,Core,3,马林康的Apple Watch
113e5aed-fd11-417d-b020-b430de859a47,2026-06-03T17:14:03Z,2026-06-03T17:38:31Z,Deep,4,马林康的Apple Watch
39879730-894c-4edd-901e-7311c41651e5,2026-06-03T17:38:31Z,2026-06-03T17:50:30Z,Core,3,马林康的Apple Watch
f27e1258-195c-4c02-912d-41eaa055d019,2026-06-03T17:50:30Z,2026-06-03T17:52:30Z,Awake,2,马林康的Apple Watch
682f4d9c-ab24-4704-9274-a95d5851e8d6,2026-06-03T17:52:30Z,2026-06-03T18:31:27Z,Core,3,马林康的Apple Watch
9b4b2efc-39a9-4026-8bb9-236e0d804d8f,2026-06-03T18:31:27Z,2026-06-03T18:33:57Z,Awake,2,马林康的Apple Watch
c7eda674-0ad2-425f-902f-c55043eac0c7,2026-06-03T18:33:57Z,2026-06-03T18:37:57Z,Core,3,马林康的Apple Watch
fb0270be-e72e-4d00-bea5-47c849a9652e,2026-06-03T18:37:57Z,2026-06-03T18:48:26Z,REM,5,马林康的Apple Watch
04556ac5-ee49-4731-ac27-5c8ac0264d47,2026-06-03T18:48:26Z,2026-06-03T18:50:26Z,Awake,2,马林康的Apple Watch
fc7f12fd-185a-48af-9487-5d4fdc896e51,2026-06-03T18:50:26Z,2026-06-03T18:57:56Z,Core,3,马林康的Apple Watch
2966c632-3d84-4549-8044-78953c4bd7a2,2026-06-03T18:57:56Z,2026-06-03T19:01:26Z,REM,5,马林康的Apple Watch
d3e3d0ec-aef1-4735-bf8f-f73ebf604efd,2026-06-03T19:01:26Z,2026-06-03T19:01:55Z,Core,3,马林康的Apple Watch
e0776412-75bf-4771-b3d4-0196cd69ca61,2026-06-03T19:01:55Z,2026-06-03T19:03:55Z,Awake,2,马林康的Apple Watch
8653e326-47c8-4873-9740-1de4b14f5c40,2026-06-03T19:03:55Z,2026-06-03T20:29:49Z,Core,3,马林康的Apple Watch
177b67ed-7bf5-4dc7-80d0-8c9b22035b55,2026-06-03T20:29:49Z,2026-06-03T20:30:49Z,Awake,2,马林康的Apple Watch
c21d7fd7-2764-4caa-8132-53e65387382f,2026-06-03T20:30:49Z,2026-06-03T20:42:49Z,Core,3,马林康的Apple Watch
592314b4-0bc0-4f38-91c0-869c2046f302,2026-06-03T20:42:49Z,2026-06-03T20:44:18Z,REM,5,马林康的Apple Watch
b39ef54c-4893-4d39-b305-3abb791957ac,2026-06-03T20:44:18Z,2026-06-03T21:10:47Z,Core,3,马林康的Apple Watch
d4adc3a1-9893-419a-a3f0-7435c787d5d5,2026-06-03T21:10:47Z,2026-06-03T21:13:17Z,Deep,4,马林康的Apple Watch
24c11a79-219b-45f1-9a43-44c913ca2669,2026-06-03T21:13:17Z,2026-06-03T21:20:16Z,Core,3,马林康的Apple Watch
389f6b36-267b-4b8b-b7d0-047515d83151,2026-06-03T21:20:16Z,2026-06-03T21:55:44Z,REM,5,马林康的Apple Watch
a11de1c7-c811-489a-9aff-5299f2eb124c,2026-06-03T21:55:44Z,2026-06-03T22:10:43Z,Core,3,马林康的Apple Watch
aa5d2e1d-8241-41a3-a74c-83d3163662c4,2026-06-03T22:10:43Z,2026-06-03T22:12:42Z,Awake,2,马林康的Apple Watch
6888faba-56f2-4471-8047-9c5d88619941,2026-06-03T22:12:42Z,2026-06-03T22:14:12Z,Core,3,马林康的Apple Watch
ba742697-f012-4547-a2b4-ed34f8f7652f,2026-06-03T22:14:12Z,2026-06-03T22:17:12Z,Awake,2,马林康的Apple Watch
0f53c3f4-5f8a-41b7-9872-289f02c0a81a,2026-06-03T22:17:12Z,2026-06-03T22:19:42Z,Core,3,马林康的Apple Watch
94bbe703-d396-4176-8671-ca412e29afdd,2026-06-03T22:19:42Z,2026-06-03T22:23:12Z,Awake,2,马林康的Apple Watch
6064a41a-62c5-4b89-be54-4b29de9a25b9,2026-06-03T22:23:12Z,2026-06-03T22:41:41Z,Core,3,马林康的Apple Watch
f660c22e-e660-4bb5-9a6f-c2a2b11fd5b8,2026-06-03T22:41:41Z,2026-06-03T22:45:40Z,REM,5,马林康的Apple Watch
4adce5f8-1999-40e0-a4ca-07c35b74eff4,2026-06-03T22:45:40Z,2026-06-03T22:46:10Z,Core,3,马林康的Apple Watch
1b842a3f-f656-4358-bc7e-c511a5b700ae,2026-06-03T22:46:10Z,2026-06-03T22:46:40Z,Awake,2,马林康的Apple Watch
9da74404-4495-47b8-8ac8-054851da6112,2026-06-03T22:46:40Z,2026-06-03T22:50:10Z,Core,3,马林康的Apple Watch
b9675b24-ac9f-4d01-941f-c854401f61a7,2026-06-03T22:50:10Z,2026-06-03T22:50:40Z,Awake,2,马林康的Apple Watch
12c66304-1657-4577-bd85-9a51b6419e88,2026-06-03T22:50:40Z,2026-06-03T22:51:10Z,Core,3,马林康的Apple Watch
d0ad0e6a-1c1e-4d90-8e1e-8f621c9c6f1a,2026-06-03T22:51:10Z,2026-06-03T22:55:40Z,REM,5,马林康的Apple Watch
1eed4278-6464-421f-a81b-9a887a3681b6,2026-06-05T15:51:00Z,2026-06-06T00:00:00Z,Asleep Unspecified,1,AutoSleep
806a4629-5566-4872-a57b-597f642a92ce,2026-06-05T15:51:00Z,2026-06-06T00:00:00Z,In Bed,0,AutoSleep
86b8f739-6871-4462-8324-1151c13a2597,2026-06-05T15:54:50Z,2026-06-05T15:59:20Z,Core,3,马林康的Apple Watch
0d55cb09-ab2b-480e-8e08-0f78ea03cdf5,2026-06-05T15:59:20Z,2026-06-05T16:03:20Z,Awake,2,马林康的Apple Watch
34189bf6-403e-4b40-bb7e-0def295ccd99,2026-06-05T16:03:20Z,2026-06-05T16:18:49Z,Core,3,马林康的Apple Watch
56039a1a-8717-4a10-ac6f-e2f7ec4c4735,2026-06-05T16:18:49Z,2026-06-05T16:42:17Z,Deep,4,马林康的Apple Watch
57b76dc7-491b-4f68-85c9-057c989a6226,2026-06-05T16:42:17Z,2026-06-05T16:43:17Z,Awake,2,马林康的Apple Watch
6d9a5823-1d31-420a-9546-26ed4840af20,2026-06-05T16:43:17Z,2026-06-05T16:54:46Z,Core,3,马林康的Apple Watch
7e471862-1979-425d-b58b-7fbefa6968c0,2026-06-05T16:54:46Z,2026-06-05T16:55:46Z,Awake,2,马林康的Apple Watch
1a48267d-46b5-4dc3-b58b-a9b63224a855,2026-06-05T16:55:46Z,2026-06-05T17:12:45Z,Core,3,马林康的Apple Watch
f1421b98-2aed-42cf-89ae-b9eb7603a734,2026-06-05T17:12:45Z,2026-06-05T17:13:45Z,Awake,2,马林康的Apple Watch
b4b96e2a-fb38-4236-a089-7b89b064721f,2026-06-05T17:13:45Z,2026-06-05T17:35:44Z,Core,3,马林康的Apple Watch
1b62cebc-f47e-4d1b-a3f4-81472d1a6911,2026-06-05T17:35:44Z,2026-06-05T17:44:43Z,Deep,4,马林康的Apple Watch
c433d41d-61fc-46ec-ac62-0be338e3ebd5,2026-06-05T17:44:43Z,2026-06-05T18:04:42Z,Core,3,马林康的Apple Watch
9b53741f-4da8-4337-a2df-259fdfb8c795,2026-06-05T18:04:42Z,2026-06-05T18:08:42Z,Deep,4,马林康的Apple Watch
94a2a91d-4c0f-4716-8b39-40e8e86f62dc,2026-06-05T18:08:42Z,2026-06-05T18:18:41Z,Core,3,马林康的Apple Watch
b9c0dae0-c78b-451f-9dce-cf1d82743351,2026-06-05T18:18:41Z,2026-06-05T18:52:39Z,REM,5,马林康的Apple Watch
043469c9-2f40-4b27-9edf-537e59dc58fc,2026-06-05T18:52:39Z,2026-06-05T18:53:09Z,Awake,2,马林康的Apple Watch
e0d7080e-6601-48c8-b4a2-9da7e59aa18d,2026-06-05T18:53:09Z,2026-06-05T20:12:03Z,Core,3,马林康的Apple Watch
4ccb1173-e8ab-4f43-b06a-b6901920e173,2026-06-05T20:12:03Z,2026-06-05T20:14:03Z,REM,5,马林康的Apple Watch
acfbaa6e-1a77-42c9-8454-ef77b974b012,2026-06-05T20:14:03Z,2026-06-05T20:18:03Z,Core,3,马林康的Apple Watch
99cc0bc7-bdc1-4d71-b601-8f4d6537169f,2026-06-05T20:18:03Z,2026-06-05T20:24:03Z,REM,5,马林康的Apple Watch
20a6dbd8-e084-4dd3-a438-5b7c7283641f,2026-06-05T20:24:03Z,2026-06-05T20:30:02Z,Core,3,马林康的Apple Watch
05c3ef1b-b7d7-46cd-87a4-7b328d8f5758,2026-06-05T20:30:02Z,2026-06-05T20:31:32Z,Awake,2,马林康的Apple Watch
81612590-3495-4563-8cc8-0a3be38148c4,2026-06-05T20:31:32Z,2026-06-05T20:34:02Z,Core,3,马林康的Apple Watch
97561d96-e614-4722-8f92-0e04fe6adb64,2026-06-05T20:34:02Z,2026-06-05T20:37:32Z,Awake,2,马林康的Apple Watch
598af628-0442-4946-9141-3f794c4b2af2,2026-06-05T20:37:32Z,2026-06-05T20:54:31Z,Core,3,马林康的Apple Watch
b0a0ae4c-637c-4cbe-8c7a-c48070afaf33,2026-06-05T20:54:31Z,2026-06-05T20:57:00Z,Awake,2,马林康的Apple Watch
bcd82437-48bd-4ee1-b86d-f13e593c2f88,2026-06-05T20:57:00Z,2026-06-05T21:39:58Z,Core,3,马林康的Apple Watch
21887fc3-9034-4702-878e-7b3a74d8509e,2026-06-05T21:39:58Z,2026-06-05T22:13:55Z,REM,5,马林康的Apple Watch
09b38d2e-05c8-48be-bacd-f2ae8a629388,2026-06-05T22:13:55Z,2026-06-05T22:17:25Z,Awake,2,马林康的Apple Watch
eb13a2ae-6f1e-4c41-b5ae-6d0e628f2292,2026-06-05T22:17:25Z,2026-06-05T22:20:25Z,Core,3,马林康的Apple Watch
b4f8f1ff-1545-47d8-82fd-32dfee09832f,2026-06-05T22:20:25Z,2026-06-05T22:50:23Z,Awake,2,马林康的Apple Watch
b741c45b-dcad-4de2-be97-317574d81c90,2026-06-05T22:50:23Z,2026-06-05T22:59:23Z,Core,3,马林康的Apple Watch
31c11e93-1366-4cf6-a941-6ecffb68e127,2026-06-05T22:59:23Z,2026-06-05T22:59:53Z,Awake,2,马林康的Apple Watch
d649b056-1f24-42f7-a548-8427bb7c62a4,2026-06-05T22:59:53Z,2026-06-05T23:24:21Z,Core,3,马林康的Apple Watch
a8b98c07-7957-43ec-89fe-34c7c38c41a0,2026-06-05T23:24:21Z,2026-06-05T23:25:51Z,Awake,2,马林康的Apple Watch
15958f77-5b9a-41e8-8542-d02e4c4454de,2026-06-05T23:25:51Z,2026-06-05T23:33:50Z,Core,3,马林康的Apple Watch
6bbbadb3-c7e7-4548-b180-ced317a84dee,2026-06-05T23:33:50Z,2026-06-05T23:48:19Z,REM,5,马林康的Apple Watch
32587066-d968-43e5-9980-70e272188b2f,2026-06-05T23:48:19Z,2026-06-05T23:54:49Z,Awake,2,马林康的Apple Watch
080d0780-82aa-4144-9e5e-79b20f5cec7e,2026-06-05T23:54:49Z,2026-06-05T23:56:19Z,Core,3,马林康的Apple Watch
097e0ebe-31b7-45ce-b096-706687c916a7,2026-06-07T15:04:04Z,2026-06-07T15:05:04Z,REM,5,马林康的Apple Watch
9d497516-d004-456c-9a3b-8420e4048c59,2026-06-07T15:05:04Z,2026-06-07T15:08:04Z,Core,3,马林康的Apple Watch
2b14f098-48c7-4113-b9ea-f06b47ac229a,2026-06-07T15:08:04Z,2026-06-07T15:14:03Z,Awake,2,马林康的Apple Watch
87d053ca-9bca-4e35-9bc8-dee6110761d1,2026-06-07T15:10:00Z,2026-06-08T01:33:00Z,In Bed,0,AutoSleep
9a1d18ab-8710-4378-88b2-2740c5be5ec0,2026-06-07T15:10:00Z,2026-06-08T00:43:00Z,Asleep Unspecified,1,AutoSleep
7c6f43d5-6040-48f8-a83b-0a8d79aad7b8,2026-06-07T15:14:03Z,2026-06-07T15:28:02Z,Core,3,马林康的Apple Watch
0f9b71cd-b532-46be-a6a8-585264083e97,2026-06-07T15:28:02Z,2026-06-07T15:44:31Z,Deep,4,马林康的Apple Watch
bf79e6cb-4f3a-46af-bea6-328c646524d6,2026-06-07T15:44:31Z,2026-06-07T15:45:01Z,Awake,2,马林康的Apple Watch
2376af73-014c-4143-bac7-085628748ccc,2026-06-07T15:45:01Z,2026-06-07T16:10:30Z,Core,3,马林康的Apple Watch
fb86f85c-7930-4c18-87f5-6e8a202387b7,2026-06-07T16:10:30Z,2026-06-07T16:38:28Z,Deep,4,马林康的Apple Watch
1a119772-e981-4a8f-9bbf-bb44fba855a6,2026-06-07T16:38:28Z,2026-06-07T17:00:26Z,Core,3,马林康的Apple Watch
3a33a889-c834-40e3-8e43-8fe0b15f8461,2026-06-07T17:00:26Z,2026-06-07T17:01:56Z,Awake,2,马林康的Apple Watch
7cf3461b-abdd-45e9-8d66-21af014d993a,2026-06-07T17:01:56Z,2026-06-07T17:05:56Z,Core,3,马林康的Apple Watch
5ddc37f0-fc13-44fe-9481-1a9d26f928b6,2026-06-07T17:05:56Z,2026-06-07T17:16:55Z,REM,5,马林康的Apple Watch
2be5f967-618c-4353-816c-dbb6a8e82cf9,2026-06-07T17:16:55Z,2026-06-07T17:19:25Z,Awake,2,马林康的Apple Watch
902a40ce-fa84-4a83-8670-5b9e961e0561,2026-06-07T17:19:25Z,2026-06-07T18:37:19Z,Core,3,马林康的Apple Watch
84071abc-c6b6-49fc-bbde-60f5457b6d23,2026-06-07T18:37:19Z,2026-06-07T18:41:19Z,REM,5,马林康的Apple Watch
a0cf03b9-4c83-4c8e-89f9-6b5906e2d174,2026-06-07T18:41:19Z,2026-06-07T18:43:19Z,Awake,2,马林康的Apple Watch
72f57127-12ed-4e13-a566-1e9dec9fde24,2026-06-07T18:43:19Z,2026-06-07T18:44:19Z,REM,5,马林康的Apple Watch
44bb3e63-1a4f-4170-8c48-09a7a2bfb635,2026-06-07T18:44:19Z,2026-06-07T18:46:49Z,Awake,2,马林康的Apple Watch
afe802a0-9047-49e4-bc5b-1b2dc25fe67f,2026-06-07T18:46:49Z,2026-06-07T18:48:19Z,Core,3,马林康的Apple Watch
ee57405f-9b79-4ebe-92de-baf8043126eb,2026-06-07T18:48:19Z,2026-06-07T19:30:16Z,REM,5,马林康的Apple Watch
df880536-bb43-43d0-a0b1-60d34e224112,2026-06-07T19:30:16Z,2026-06-07T19:33:16Z,Awake,2,马林康的Apple Watch
26d9b0d3-bc89-4abf-991e-bd6fbcfd522a,2026-06-07T19:33:16Z,2026-06-07T20:10:13Z,Core,3,马林康的Apple Watch
e039e225-39b0-462d-839d-9b7563332c74,2026-06-07T20:10:13Z,2026-06-07T20:12:13Z,Awake,2,马林康的Apple Watch
a37fe66f-58fe-43f9-95bc-c639e172205a,2026-06-07T20:12:13Z,2026-06-07T21:09:09Z,Core,3,马林康的Apple Watch
f8035f42-7217-451d-bed4-5c2f1763b914,2026-06-07T21:09:09Z,2026-06-07T21:33:37Z,REM,5,马林康的Apple Watch
52e64819-0b0f-4273-8592-a1997fedda6c,2026-06-07T21:33:37Z,2026-06-07T21:36:37Z,Awake,2,马林康的Apple Watch
a1b8ac71-309d-4b0c-9d2a-52b81397d785,2026-06-07T21:36:37Z,2026-06-07T22:19:04Z,Core,3,马林康的Apple Watch
e1e048e7-3f02-4e20-8da3-17b5e64dbbe7,2026-06-07T22:19:04Z,2026-06-07T22:20:34Z,Awake,2,马林康的Apple Watch
ebee8d93-7432-4dae-8cde-a6df7238a40d,2026-06-07T22:20:34Z,2026-06-07T23:11:31Z,Core,3,马林康的Apple Watch
5f7c1adb-9106-4d3b-84a0-2768a3f3cf22,2026-06-07T23:11:31Z,2026-06-07T23:26:30Z,REM,5,马林康的Apple Watch
eb32f3aa-9035-427c-95f9-ae37604b4c0c,2026-06-07T23:26:30Z,2026-06-07T23:36:29Z,Core,3,马林康的Apple Watch
0fef489a-01b7-4e35-8b7f-85a3daa89f12,2026-06-07T23:36:29Z,2026-06-07T23:41:29Z,Awake,2,马林康的Apple Watch
88d85673-1a75-44e1-83df-686cf2b9cba6,2026-06-07T23:41:29Z,2026-06-07T23:48:29Z,Core,3,马林康的Apple Watch
4a4d11d5-9c07-4c1a-8e94-ee5e217d7e98,2026-06-07T23:48:29Z,2026-06-07T23:50:29Z,Awake,2,马林康的Apple Watch
06502533-5c8d-4407-933e-ba36ade5763c,2026-06-07T23:50:29Z,2026-06-07T23:51:28Z,Core,3,马林康的Apple Watch
9c68a52b-e5a8-4dba-aaed-19aad2e5b03a,2026-06-07T23:51:28Z,2026-06-07T23:54:58Z,Awake,2,马林康的Apple Watch
aeb8c591-3f1f-47f7-aa79-0e2ce35dc89e,2026-06-07T23:54:58Z,2026-06-07T23:56:58Z,Core,3,马林康的Apple Watch
3160dd4d-f1b8-474b-b36e-875cc9286b21,2026-06-07T23:56:58Z,2026-06-08T00:00:58Z,Awake,2,马林康的Apple Watch
d92623e6-f4be-4389-86d9-c92bc4f75c33,2026-06-08T00:00:58Z,2026-06-08T00:12:57Z,Core,3,马林康的Apple Watch
9cc7f3bf-fdc0-4731-8b1a-2c9ad45ec41d,2026-06-08T00:12:57Z,2026-06-08T00:15:57Z,Awake,2,马林康的Apple Watch
fd0e9ed3-03b9-4333-bfe9-6ac9a0ef6e18,2026-06-08T00:15:57Z,2026-06-08T00:25:26Z,Core,3,马林康的Apple Watch
97a7faa3-23f3-485d-ae63-637441a810d0,2026-06-08T00:25:26Z,2026-06-08T00:32:26Z,REM,5,马林康的Apple Watch
3749f6c1-c0dd-45e5-bbef-ca861989c555,2026-06-08T00:32:26Z,2026-06-08T00:36:55Z,Awake,2,马林康的Apple Watch
52a3e5b1-b406-4391-bffa-9bf5c92cfe8c,2026-06-08T00:36:55Z,2026-06-08T00:38:25Z,REM,5,马林康的Apple Watch
263e0634-c182-4a99-a11f-636e4ed0a19f,2026-06-08T00:45:00Z,2026-06-08T01:33:00Z,Asleep Unspecified,1,AutoSleep
4f4011c2-4f4e-4c17-b4e3-fd9f930d55f5,2026-06-08T17:01:00Z,2026-06-08T22:53:00Z,In Bed,0,AutoSleep
914b23ca-2d72-4875-aa51-999b9b8b8f2e,2026-06-08T17:01:00Z,2026-06-08T22:53:00Z,Asleep Unspecified,1,AutoSleep
edcab53e-b201-4771-85d0-e1ca0a1a1ba3,2026-06-08T17:28:28Z,2026-06-08T17:43:27Z,Core,3,马林康的Apple Watch
c4c4d785-dfa7-40c5-8408-21573c87fa5e,2026-06-08T17:43:27Z,2026-06-08T18:01:26Z,Deep,4,马林康的Apple Watch
77d4cc48-cf1c-40e6-be99-00fa9de7356e,2026-06-08T18:01:26Z,2026-06-08T18:03:56Z,Awake,2,马林康的Apple Watch
0d230f32-08e4-4e16-bbeb-4c183070d030,2026-06-08T18:03:56Z,2026-06-08T18:14:55Z,Core,3,马林康的Apple Watch
abba06fa-5592-4f3e-979d-84311194db67,2026-06-08T18:14:55Z,2026-06-08T18:21:25Z,Deep,4,马林康的Apple Watch
f6bcc8e0-9f2d-49a5-b36b-8be162dc5172,2026-06-08T18:21:25Z,2026-06-08T18:32:24Z,Core,3,马林康的Apple Watch
8fe8f295-cce3-4b46-b883-3dd3f0dbf863,2026-06-08T18:32:24Z,2026-06-08T18:44:53Z,Deep,4,马林康的Apple Watch
ff8f87b0-3680-4bb2-9803-7f600ee108c7,2026-06-08T18:44:53Z,2026-06-08T18:46:23Z,Core,3,马林康的Apple Watch
b3df8364-a899-4677-88c8-2ef75b5d2b61,2026-06-08T18:46:23Z,2026-06-08T18:47:53Z,REM,5,马林康的Apple Watch
89822cf7-96c9-418d-84b3-ff76824e982d,2026-06-08T18:47:53Z,2026-06-08T18:48:53Z,Awake,2,马林康的Apple Watch
f1c9ebec-b862-4b20-be57-4f511e82ad38,2026-06-08T18:48:53Z,2026-06-08T18:50:53Z,Core,3,马林康的Apple Watch
2d1fb04f-fff2-455f-b277-982e22618ae4,2026-06-08T18:50:53Z,2026-06-08T18:54:23Z,REM,5,马林康的Apple Watch
4fbc9c80-7845-497f-8d75-37f81f2c07ee,2026-06-08T18:54:23Z,2026-06-08T18:54:53Z,Core,3,马林康的Apple Watch
22429270-62e4-4abc-bc8a-712d95969bba,2026-06-08T18:54:53Z,2026-06-08T18:55:53Z,Awake,2,马林康的Apple Watch
97b121b9-00be-46cd-a325-d6073d5f8982,2026-06-08T18:55:53Z,2026-06-08T18:57:23Z,Core,3,马林康的Apple Watch
8a4ebeac-8e3c-4f65-ba48-d3dca26b2eb7,2026-06-08T18:57:23Z,2026-06-08T19:01:52Z,REM,5,马林康的Apple Watch
63dbb866-d52a-4d44-9a7b-f1beb1e34f87,2026-06-08T19:01:52Z,2026-06-08T19:02:52Z,Core,3,马林康的Apple Watch
fe8fea58-5f73-46ab-9342-152ed2e947ea,2026-06-08T19:02:52Z,2026-06-08T19:03:52Z,Awake,2,马林康的Apple Watch
3f980a98-d518-40b2-8af7-6abe5b250196,2026-06-08T19:03:52Z,2026-06-08T19:35:20Z,Core,3,马林康的Apple Watch
6365aa86-d13c-4e97-aff4-14dc028558ed,2026-06-08T19:35:20Z,2026-06-08T19:40:20Z,Deep,4,马林康的Apple Watch
c427a477-e6fa-43b2-ba87-79bdc9bdde3d,2026-06-08T19:40:20Z,2026-06-08T19:40:50Z,Core,3,马林康的Apple Watch
632a9fd1-91c2-4f6e-b07d-2e9635e138a6,2026-06-08T19:40:50Z,2026-06-08T19:41:50Z,Awake,2,马林康的Apple Watch
282a8d11-2291-4bda-81c2-7512a18b35b5,2026-06-08T19:41:50Z,2026-06-08T20:22:17Z,Core,3,马林康的Apple Watch
d13da142-7333-41ba-8950-8516cd2ab67e,2026-06-08T20:22:17Z,2026-06-08T20:42:45Z,REM,5,马林康的Apple Watch
a73fafdb-3b8b-487f-ae8c-39ff3bdf7efa,2026-06-08T20:42:45Z,2026-06-08T20:47:45Z,Core,3,马林康的Apple Watch
07a49a19-5de4-40d8-85a7-08e019afe1a8,2026-06-08T20:47:45Z,2026-06-08T20:48:45Z,Awake,2,马林康的Apple Watch
ec2ec562-c0e7-4ff9-ba57-f0542a097b6d,2026-06-08T20:48:45Z,2026-06-08T21:58:10Z,Core,3,马林康的Apple Watch
0c8bdb02-cbd9-4368-aa73-168c709edb3f,2026-06-08T21:58:10Z,2026-06-08T22:27:08Z,REM,5,马林康的Apple Watch
39edf155-0995-4edf-a58c-d13f8a074950,2026-06-09T15:30:00Z,2026-06-09T23:00:00Z,Asleep Unspecified,1,AutoSleep
735e8004-e637-42ed-acdf-d5068c0ae96e,2026-06-09T15:30:00Z,2026-06-09T23:00:00Z,In Bed,0,AutoSleep
28df8f2c-2404-4bb2-b2bf-c340fd40a919,2026-06-09T15:41:20Z,2026-06-09T15:57:19Z,Core,3,马林康的Apple Watch
a950986d-d19c-4757-b481-165b9aba79ef,2026-06-09T15:57:19Z,2026-06-09T16:06:48Z,Deep,4,马林康的Apple Watch
0fd43bf8-67a0-4cd0-923d-3fc5e5ff7055,2026-06-09T16:06:48Z,2026-06-09T16:09:18Z,Awake,2,马林康的Apple Watch
9bed7549-2064-487a-9d48-cee8898c0210,2026-06-09T16:09:18Z,2026-06-09T16:43:16Z,Core,3,马林康的Apple Watch
4c733d96-7eb4-47ad-bfb4-adbb4e9e24a4,2026-06-09T16:43:16Z,2026-06-09T17:07:44Z,Deep,4,马林康的Apple Watch
860696fb-4821-4bb5-81d6-cbd9cfce9aab,2026-06-09T17:07:44Z,2026-06-09T17:14:43Z,Core,3,马林康的Apple Watch
20d1db45-5ca9-4020-b55e-d0b09259f887,2026-06-09T17:14:43Z,2026-06-09T17:22:43Z,REM,5,马林康的Apple Watch
bbf8b512-3df5-4f58-abc6-343822c55df0,2026-06-09T17:22:43Z,2026-06-09T17:25:13Z,Awake,2,马林康的Apple Watch
c942877d-afa9-41e2-96c2-1d65f73ed4c4,2026-06-09T17:25:13Z,2026-06-09T18:10:10Z,Core,3,马林康的Apple Watch
2ce3e5dd-c933-4b28-8087-12e8b9f9952e,2026-06-09T18:10:10Z,2026-06-09T18:17:39Z,Deep,4,马林康的Apple Watch
965ecb79-7ca9-49b9-aa38-54bf10684adb,2026-06-09T18:17:39Z,2026-06-09T18:20:09Z,Core,3,马林康的Apple Watch
48d8017c-e78f-47a6-bcb8-97e74765c015,2026-06-09T18:20:09Z,2026-06-09T18:21:09Z,Awake,2,马林康的Apple Watch
98accd0c-e7fe-418c-8f3e-225eebf1b043,2026-06-09T18:21:09Z,2026-06-09T18:48:07Z,Core,3,马林康的Apple Watch
c90141f6-c859-4e09-963b-6f1bc9a829ea,2026-06-09T18:48:07Z,2026-06-09T18:48:37Z,REM,5,马林康的Apple Watch
48aea00a-17de-40d3-8a01-e42b701a13e9,2026-06-09T18:48:37Z,2026-06-09T18:52:07Z,Core,3,马林康的Apple Watch
8eecbe12-4540-48ce-b524-7e3cc47c7264,2026-06-09T18:52:07Z,2026-06-09T19:05:36Z,REM,5,马林康的Apple Watch
566bce3d-43eb-460b-939b-8fc1a0c38fcf,2026-06-09T19:05:36Z,2026-06-09T19:09:06Z,Awake,2,马林康的Apple Watch
ca715a9f-ac03-4e3f-a2fe-d34f8e00e6f3,2026-06-09T19:09:06Z,2026-06-09T19:14:05Z,Core,3,马林康的Apple Watch
65786ef1-e50c-4269-988b-f5ebbf288777,2026-06-09T19:14:05Z,2026-06-09T19:17:05Z,Awake,2,马林康的Apple Watch
2605d308-794b-48a4-8b37-c5954f012183,2026-06-09T19:17:05Z,2026-06-09T20:02:02Z,Core,3,马林康的Apple Watch
e08de032-cae0-40c2-a38d-b46336403ee6,2026-06-09T20:02:02Z,2026-06-09T20:08:02Z,Awake,2,马林康的Apple Watch
6eb8311f-7ac9-4469-a18d-8b38fda0c508,2026-06-09T20:08:02Z,2026-06-09T20:27:00Z,Core,3,马林康的Apple Watch
7af54251-1983-4f0a-82cc-7973ae0eb87a,2026-06-09T20:27:00Z,2026-06-09T20:28:00Z,Awake,2,马林康的Apple Watch
88136863-a207-47dc-9f10-949562bd8695,2026-06-09T20:28:00Z,2026-06-09T20:39:59Z,Core,3,马林康的Apple Watch
2ba125dd-4bf5-4829-a971-623c558a3ac3,2026-06-09T20:39:59Z,2026-06-09T20:43:29Z,Awake,2,马林康的Apple Watch
22a90088-409e-48ad-b55d-c3a9f9a2909f,2026-06-09T20:43:29Z,2026-06-09T21:19:27Z,Core,3,马林康的Apple Watch
38abcc16-cebe-4144-b0d1-6719877a096e,2026-06-09T21:19:27Z,2026-06-09T21:23:56Z,Awake,2,马林康的Apple Watch
0bbf0624-d65c-48ac-bac4-4029fbe81d4b,2026-06-09T21:23:56Z,2026-06-09T21:32:26Z,Core,3,马林康的Apple Watch
8a151f73-1721-478a-a920-afc12b6fa3f3,2026-06-09T21:32:26Z,2026-06-09T21:35:26Z,REM,5,马林康的Apple Watch
29214db8-548e-4c2a-80bf-47f345ac0525,2026-06-09T21:35:26Z,2026-06-09T21:36:55Z,Awake,2,马林康的Apple Watch
fafa793b-2b73-46fc-8917-4b81020a5895,2026-06-09T21:36:55Z,2026-06-09T21:37:55Z,Core,3,马林康的Apple Watch
c766ec1c-d66d-4890-b381-b2c93b2ab830,2026-06-09T21:37:55Z,2026-06-09T21:53:54Z,REM,5,马林康的Apple Watch
59271c8f-fad3-443c-b0b4-51dc898841c0,2026-06-09T21:53:54Z,2026-06-09T22:26:52Z,Core,3,马林康的Apple Watch
7841e849-fa03-4060-98bb-a9d9b2fdaf17,2026-06-10T04:44:00Z,2026-06-10T05:05:00Z,Asleep Unspecified,1,AutoSleep
7dc6d9b1-5859-41db-96db-8d3fb66f7c04,2026-06-10T04:44:00Z,2026-06-10T05:05:00Z,In Bed,0,AutoSleep
707682b9-f13c-4f58-ae5e-5903f474de9f,2026-06-10T16:06:00Z,2026-06-10T23:25:00Z,In Bed,0,AutoSleep
c932d91c-2207-4cec-8f6b-63b6b050d519,2026-06-10T16:06:00Z,2026-06-10T23:25:00Z,Asleep Unspecified,1,AutoSleep
2459f1d9-c910-4f07-9d0e-1f114d4b3903,2026-06-10T16:16:42Z,2026-06-10T16:30:11Z,Core,3,马林康的Apple Watch
0c439dcc-bb1c-47ac-bdc0-5618fd79108f,2026-06-10T16:30:11Z,2026-06-10T16:33:41Z,Awake,2,马林康的Apple Watch
d93debe5-03f3-4843-8d51-caa09de50fde,2026-06-10T16:33:41Z,2026-06-10T16:46:40Z,Core,3,马林康的Apple Watch
035a3304-be2b-45d6-ad06-2f2b3cf5dd08,2026-06-10T16:46:40Z,2026-06-10T16:57:40Z,Deep,4,马林康的Apple Watch
0d21c4f2-041b-4f14-b461-5c5e26990403,2026-06-10T16:57:40Z,2026-06-10T17:05:39Z,Core,3,马林康的Apple Watch
598be407-3fd3-49f8-88c8-8aa3549faa18,2026-06-10T17:05:39Z,2026-06-10T17:26:38Z,Deep,4,马林康的Apple Watch
175fafde-fcb8-4612-baab-614c80dd294b,2026-06-10T17:26:38Z,2026-06-10T17:28:38Z,Awake,2,马林康的Apple Watch
70069a25-754f-4d74-9f76-9587caccefbb,2026-06-10T17:28:38Z,2026-06-10T17:32:07Z,Core,3,马林康的Apple Watch
0cb940a8-afb3-4f62-b676-01225ee814b5,2026-06-10T17:32:07Z,2026-06-10T17:41:37Z,REM,5,马林康的Apple Watch
76f5607f-f2a9-45ae-a74e-7acff5c2beca,2026-06-10T17:41:37Z,2026-06-10T18:13:05Z,Core,3,马林康的Apple Watch
7a400195-4680-437d-b24f-04397a3032b4,2026-06-10T18:13:05Z,2026-06-10T18:13:35Z,Deep,4,马林康的Apple Watch
693aa454-0f57-47a6-94ea-bb7487231ab7,2026-06-10T18:13:35Z,2026-06-10T18:15:34Z,Core,3,马林康的Apple Watch
7a096453-2440-4b4c-a712-b74faaaf3e3a,2026-06-10T18:15:34Z,2026-06-10T18:17:34Z,Awake,2,马林康的Apple Watch
ca086284-b345-437e-92cb-05155e77bb7d,2026-06-10T18:17:34Z,2026-06-10T18:39:03Z,Core,3,马林康的Apple Watch
f75ec20a-bfe4-40ad-8cb5-addf7f7a06ab,2026-06-10T18:39:03Z,2026-06-10T18:43:33Z,Deep,4,马林康的Apple Watch
6377cbd2-11ed-4e6d-915f-6825c2154a99,2026-06-10T18:43:33Z,2026-06-10T18:54:02Z,Core,3,马林康的Apple Watch
5370121c-a196-42f2-8732-f105b7f2b653,2026-06-10T18:54:02Z,2026-06-10T19:06:31Z,REM,5,马林康的Apple Watch
2a2b236a-00ea-4b12-b175-ebc36683637f,2026-06-10T19:06:31Z,2026-06-10T19:07:31Z,Core,3,马林康的Apple Watch
961e4e37-d7a2-4c0b-beeb-871b5d9df22f,2026-06-10T19:07:31Z,2026-06-10T19:14:31Z,Awake,2,马林康的Apple Watch
4f4a3191-74d3-472a-a490-440dd5eb89e6,2026-06-10T19:14:31Z,2026-06-10T20:02:57Z,Core,3,马林康的Apple Watch
bd2740c5-dd17-4540-89b4-6d5e78fef320,2026-06-10T20:02:57Z,2026-06-10T20:04:57Z,Awake,2,马林康的Apple Watch
7658d810-8800-4e23-92c5-4fd5815e3c0c,2026-06-10T20:04:57Z,2026-06-10T20:08:57Z,Core,3,马林康的Apple Watch
aaa45559-e827-489c-9323-177685208882,2026-06-10T20:08:57Z,2026-06-10T20:10:57Z,REM,5,马林康的Apple Watch
3cd8d589-5b97-4e64-85d3-cb2af2ed9304,2026-06-10T20:10:57Z,2026-06-10T20:28:55Z,Core,3,马林康的Apple Watch
ee2136a9-cea8-4f28-aca8-2e3aec2def3c,2026-06-10T20:28:55Z,2026-06-10T20:37:25Z,REM,5,马林康的Apple Watch
b37eec3f-20bf-433e-bbd6-28e450315460,2026-06-10T20:37:25Z,2026-06-10T20:39:25Z,Core,3,马林康的Apple Watch
1b93c7b9-0d96-404a-8e78-333f178b554b,2026-06-10T20:39:25Z,2026-06-10T20:41:25Z,Awake,2,马林康的Apple Watch
ef9ccb95-9d83-4734-93bf-c672c53f0ccb,2026-06-10T20:41:25Z,2026-06-10T21:06:53Z,Core,3,马林康的Apple Watch
6adfab3c-7350-46bd-b835-be8ae07b76f9,2026-06-10T21:06:53Z,2026-06-10T21:11:22Z,Deep,4,马林康的Apple Watch
e34df6b2-8d7f-4573-821b-d3c92ccac3a1,2026-06-10T21:11:22Z,2026-06-10T21:31:51Z,Core,3,马林康的Apple Watch
2bb51a65-983b-4e19-a6d8-4651ebc23e61,2026-06-10T21:31:51Z,2026-06-10T21:57:49Z,REM,5,马林康的Apple Watch
548d404d-79f8-4f9d-bacf-ac5a41be1f51,2026-06-10T21:57:49Z,2026-06-10T22:00:49Z,Awake,2,马林康的Apple Watch
b50f7d9b-7938-485f-9bd7-3db16a0140be,2026-06-10T22:00:49Z,2026-06-10T22:40:46Z,Core,3,马林康的Apple Watch
765f4726-5a2b-4d23-bdfb-17d8e714374c,2026-06-10T22:40:46Z,2026-06-10T22:41:46Z,Awake,2,马林康的Apple Watch
5f838f72-292c-42f4-b93b-e2e339716259,2026-06-10T22:41:46Z,2026-06-10T23:06:45Z,Core,3,马林康的Apple Watch
b84de1e2-6704-4d5a-a454-4509f6ac2422,2026-06-10T23:06:45Z,2026-06-10T23:22:14Z,REM,5,马林康的Apple Watch
9ba4cc18-3f27-4414-b825-1504e4b0f912,2026-06-11T16:36:12Z,2026-06-11T16:54:11Z,Core,3,马林康的Apple Watch
d2316185-9d7b-4e80-9000-d5d773d39318,2026-06-11T16:54:11Z,2026-06-11T16:57:11Z,Deep,4,马林康的Apple Watch
4cd8bec7-785b-4db0-9ed0-4e583a6c6255,2026-06-11T16:57:11Z,2026-06-11T17:09:10Z,Core,3,马林康的Apple Watch
49df9510-5daa-46ed-9888-8db566f42dc9,2026-06-11T17:09:10Z,2026-06-11T17:13:10Z,Deep,4,马林康的Apple Watch
8ab567a0-91df-45a7-958c-4d8ccb6980c4,2026-06-11T17:13:10Z,2026-06-11T17:22:09Z,Core,3,马林康的Apple Watch
9508b978-0b61-4bd3-ba92-9d00a7a72248,2026-06-11T17:22:09Z,2026-06-11T17:25:39Z,Deep,4,马林康的Apple Watch
a78604de-e373-4fa9-9450-1b9e865f24c7,2026-06-11T17:25:39Z,2026-06-11T18:03:36Z,Core,3,马林康的Apple Watch
628c3a3d-5a69-4183-85fd-a90b1b6ac481,2026-06-11T18:03:36Z,2026-06-11T18:06:36Z,Deep,4,马林康的Apple Watch
a046ca73-5e30-4128-8228-09209a3f6993,2026-06-11T18:06:36Z,2026-06-11T18:13:36Z,Core,3,马林康的Apple Watch
afe9b15a-4c01-44f2-b544-da0fc26bc03a,2026-06-11T18:13:36Z,2026-06-11T18:17:06Z,Deep,4,马林康的Apple Watch
ef8c3f8d-5992-4435-98ed-a29d92e375e3,2026-06-11T18:17:06Z,2026-06-11T18:30:35Z,Core,3,马林康的Apple Watch
a39418ec-f597-4056-bb15-17230b814a8d,2026-06-11T18:30:35Z,2026-06-11T18:34:34Z,Awake,2,马林康的Apple Watch
4737e60d-5a1a-432e-bb58-ea1ffcfcd880,2026-06-11T18:34:34Z,2026-06-11T18:52:33Z,Core,3,马林康的Apple Watch
052060ac-ac97-451b-9157-d7e199321bad,2026-06-11T18:52:33Z,2026-06-11T19:00:33Z,Deep,4,马林康的Apple Watch
bd7fd02c-caa1-4824-b757-8db47bdac59b,2026-06-11T19:00:33Z,2026-06-11T19:07:32Z,Core,3,马林康的Apple Watch
b18db755-b19e-43e0-b828-0fa1757ca935,2026-06-11T19:07:32Z,2026-06-11T19:13:32Z,REM,5,马林康的Apple Watch
05bdf298-a5d3-4808-a24d-c6b06bee0aae,2026-06-11T19:13:32Z,2026-06-11T19:14:32Z,Core,3,马林康的Apple Watch
d42211ed-25b0-4459-a79c-6635c28a9806,2026-06-11T19:14:32Z,2026-06-11T19:16:02Z,Awake,2,马林康的Apple Watch
777fd697-b988-4816-87b5-eaca5c20056d,2026-06-11T19:16:02Z,2026-06-11T19:17:32Z,Core,3,马林康的Apple Watch
1b5643cf-7d16-429d-9b3f-181db64c169e,2026-06-11T19:17:32Z,2026-06-11T19:21:01Z,REM,5,马林康的Apple Watch
948b821b-99d7-4d5b-ae6e-24e0647663b2,2026-06-11T19:21:01Z,2026-06-11T20:27:57Z,Core,3,马林康的Apple Watch
dfab5231-fcf8-4334-849b-4a345b01b7c9,2026-06-11T20:27:57Z,2026-06-11T20:41:56Z,REM,5,马林康的Apple Watch
4358be8a-9c23-4b1e-b6b1-40e9da6bf57f,2026-06-11T20:41:56Z,2026-06-11T20:49:25Z,Core,3,马林康的Apple Watch
ea8fc848-89f6-4642-8467-8041781abdde,2026-06-11T20:49:25Z,2026-06-11T20:53:25Z,Awake,2,马林康的Apple Watch
8fb5c523-2056-47e9-854c-032fd07e16d6,2026-06-11T20:53:25Z,2026-06-11T21:03:24Z,Core,3,马林康的Apple Watch
191ac12e-1bad-483a-8fad-b640eddb5924,2026-06-11T21:03:24Z,2026-06-11T21:23:53Z,Awake,2,马林康的Apple Watch
27fa1d27-096f-4be6-8f00-7b2e29546203,2026-06-11T21:23:53Z,2026-06-11T21:36:22Z,Core,3,马林康的Apple Watch
f2f76a92-9ce5-41c4-ad2b-f2125cfe8747,2026-06-12T14:22:15Z,2026-06-12T14:39:13Z,Core,3,马林康的Apple Watch
859140d6-07ef-44db-8f50-8f3fa596720d,2026-06-12T14:39:13Z,2026-06-12T15:05:41Z,Deep,4,马林康的Apple Watch
92f255ad-05bd-4232-a7e0-c1deefab88b8,2026-06-12T15:05:41Z,2026-06-12T15:07:11Z,Awake,2,马林康的Apple Watch
a3d8ca1c-b572-4bc6-9202-cfaa8e33be56,2026-06-12T15:07:11Z,2026-06-12T15:09:41Z,Core,3,马林康的Apple Watch
cb3b320f-c732-4324-81cb-a9a4152e1a87,2026-06-12T15:09:41Z,2026-06-12T15:12:11Z,Awake,2,马林康的Apple Watch
d38ff5b4-6b52-47fb-af7b-62021992217f,2026-06-12T15:12:11Z,2026-06-12T15:29:40Z,Core,3,马林康的Apple Watch
ea865b0c-f1c4-4e1d-83b1-a6d977aeea78,2026-06-12T15:29:40Z,2026-06-12T15:32:09Z,Awake,2,马林康的Apple Watch
516172e8-1a17-4a17-86ec-9e2baeb6eea3,2026-06-12T15:32:09Z,2026-06-12T16:06:37Z,Core,3,马林康的Apple Watch
ed825c87-3877-4ef6-a98d-74bd63d80993,2026-06-12T16:06:37Z,2026-06-12T16:07:37Z,Awake,2,马林康的Apple Watch
5f434d76-9023-4012-b9f5-72439c7f672a,2026-06-12T16:07:37Z,2026-06-12T16:11:37Z,Core,3,马林康的Apple Watch
2d81f17f-399b-4d71-8e8d-dc5c657749cb,2026-06-12T16:11:37Z,2026-06-12T16:13:07Z,Awake,2,马林康的Apple Watch
3613d333-f249-4101-a6da-02b6cd07ec2c,2026-06-12T16:13:07Z,2026-06-12T16:42:35Z,Core,3,马林康的Apple Watch
d0591846-264c-497d-92a2-9ddbfc15f3db,2026-06-12T16:42:35Z,2026-06-12T17:05:03Z,Deep,4,马林康的Apple Watch
0a853d2d-7c30-47cd-ae4c-2e9fb6d33eef,2026-06-12T17:05:03Z,2026-06-12T17:08:03Z,Awake,2,马林康的Apple Watch
8c12c702-4ad2-484b-90ad-14a9e35739bb,2026-06-12T17:08:03Z,2026-06-12T17:12:03Z,Core,3,马林康的Apple Watch
fcc76ca9-93c1-4cc3-b9ea-9969dc5f9512,2026-06-12T17:12:03Z,2026-06-12T17:24:32Z,REM,5,马林康的Apple Watch
08362f42-91b8-446b-8ab4-ffac6c230aa4,2026-06-12T17:24:32Z,2026-06-12T17:26:02Z,Awake,2,马林康的Apple Watch
8985b7bc-0b07-4bca-a783-7f03bb458c7a,2026-06-12T17:26:02Z,2026-06-12T18:42:27Z,Core,3,马林康的Apple Watch
04848122-e9f6-4066-a6ce-1a07dc813a81,2026-06-12T18:42:27Z,2026-06-12T19:03:25Z,REM,5,马林康的Apple Watch
197d321b-ebad-4e1a-949b-c9cf5811d8fe,2026-06-12T19:03:25Z,2026-06-12T20:07:51Z,Core,3,马林康的Apple Watch
044e26d6-5535-4306-bb99-316f58d7853b,2026-06-12T20:07:51Z,2026-06-12T20:12:51Z,Awake,2,马林康的Apple Watch
59edaa55-6cdf-4a46-be0e-490ffadfcc56,2026-06-12T20:12:51Z,2026-06-12T20:14:21Z,Core,3,马林康的Apple Watch
f05935ee-c7ec-4249-a4c3-dfc56389a3da,2026-06-12T20:14:21Z,2026-06-12T20:21:50Z,REM,5,马林康的Apple Watch
293f8698-0b33-487f-b321-0ede7ec4280c,2026-06-12T20:21:50Z,2026-06-12T20:26:20Z,Awake,2,马林康的Apple Watch
94f380f6-7325-45d7-91af-60c987087603,2026-06-12T20:26:20Z,2026-06-12T21:04:48Z,Core,3,马林康的Apple Watch
8a5d464c-8f54-4f72-b17a-f6c4ae6078f1,2026-06-12T21:04:48Z,2026-06-12T21:26:16Z,REM,5,马林康的Apple Watch
6821b440-6b90-44f0-a9f2-57bc8e8066cd,2026-06-12T21:26:16Z,2026-06-12T21:26:46Z,Core,3,马林康的Apple Watch
aa644cea-76e7-4e94-b566-01f3761cef8e,2026-06-12T21:26:46Z,2026-06-12T21:51:15Z,REM,5,马林康的Apple Watch
d72804a3-8f3d-41ca-903d-6aafb1ea21f9,2026-06-12T21:51:15Z,2026-06-12T22:39:11Z,Core,3,马林康的Apple Watch
38725ddc-ccac-4589-8eaa-00d9da5515e1,2026-06-12T22:39:11Z,2026-06-12T22:48:41Z,Awake,2,马林康的Apple Watch
7d48705c-d7dc-4102-87e9-95f66253f2f2,2026-06-12T22:48:41Z,2026-06-12T23:02:10Z,Core,3,马林康的Apple Watch
ab5ee752-6366-4c42-9b3d-396f1445367b,2026-06-12T23:02:10Z,2026-06-12T23:12:09Z,REM,5,马林康的Apple Watch
be0ba2d8-7525-4f8c-815e-b3942598e3a5,2026-06-12T23:12:09Z,2026-06-12T23:16:09Z,Awake,2,马林康的Apple Watch
25bd4dfb-058f-405d-bf94-6685dfc432e6,2026-06-12T23:16:09Z,2026-06-12T23:36:08Z,REM,5,马林康的Apple Watch
bda50a75-3424-4413-bd28-3b6059dbc109,2026-06-12T23:36:08Z,2026-06-12T23:45:37Z,Core,3,马林康的Apple Watch
dca57fdd-17b2-418a-97dd-adbf301488e9,2026-06-13T18:05:14Z,2026-06-13T18:40:41Z,Core,3,马林康的Apple Watch
b4cf7f8c-e9a4-4ce1-97e2-1499c2adcea0,2026-06-13T18:40:41Z,2026-06-13T19:03:40Z,Deep,4,马林康的Apple Watch
e28357d2-2705-404a-9457-ae7a5aeacad3,2026-06-13T19:03:40Z,2026-06-13T19:07:39Z,Core,3,马林康的Apple Watch
62671772-a2bc-40a6-9e81-6bf764cb1d73,2026-06-13T19:07:39Z,2026-06-13T19:22:08Z,REM,5,马林康的Apple Watch
21691584-e2ac-41f7-96e0-7efd576b96b9,2026-06-13T19:22:08Z,2026-06-13T19:49:07Z,Core,3,马林康的Apple Watch
53eac5a7-2ef2-4437-be47-ef251b81f37b,2026-06-13T19:49:07Z,2026-06-13T20:05:05Z,Deep,4,马林康的Apple Watch
ba36ef18-25c7-445d-b60f-a53b70078411,2026-06-13T20:05:05Z,2026-06-13T20:06:35Z,Awake,2,马林康的Apple Watch
ebc7005b-6465-44ea-8d70-47cee1cd1564,2026-06-13T20:06:35Z,2026-06-13T20:18:35Z,Core,3,马林康的Apple Watch
12fdb959-7110-4653-bd1e-3b861d54af38,2026-06-13T20:18:35Z,2026-06-13T20:19:35Z,Awake,2,马林康的Apple Watch
c4a65f22-50bb-4363-81d7-36ce04328c5c,2026-06-13T20:19:35Z,2026-06-13T20:52:02Z,Core,3,马林康的Apple Watch
72d0a0ef-4872-48c1-b230-729a2ba11822,2026-06-13T20:52:02Z,2026-06-13T20:53:32Z,Awake,2,马林康的Apple Watch
47b02d30-fa11-441c-92f2-4a72ff143b1d,2026-06-13T20:53:32Z,2026-06-13T20:54:32Z,Core,3,马林康的Apple Watch
de43debc-dd6c-4899-b602-7968fe22bd44,2026-06-13T20:54:32Z,2026-06-13T20:57:32Z,Awake,2,马林康的Apple Watch
7f6c312e-b519-4839-b029-85e49355e73c,2026-06-13T20:57:32Z,2026-06-13T20:58:32Z,Core,3,马林康的Apple Watch
53541b3c-7962-44d6-99c8-a35e95ea5c69,2026-06-13T20:58:32Z,2026-06-13T21:19:30Z,REM,5,马林康的Apple Watch
41cd76f7-21a9-4fdd-b376-90681d8a70b4,2026-06-13T21:19:30Z,2026-06-13T21:28:30Z,Awake,2,马林康的Apple Watch
6d90d884-43e3-4139-a710-0b2949c7dd3c,2026-06-13T21:28:30Z,2026-06-13T21:29:30Z,Core,3,马林康的Apple Watch
0ba92cef-ad28-41e8-a905-873281c3fc7f,2026-06-13T21:29:30Z,2026-06-13T21:30:30Z,Awake,2,马林康的Apple Watch
c40883c1-14b5-41dc-9bd6-6df82f7a554b,2026-06-13T21:30:30Z,2026-06-13T21:59:28Z,Core,3,马林康的Apple Watch
1796cdcf-4974-4632-9a40-8b4779ba924c,2026-06-13T21:59:28Z,2026-06-13T22:05:27Z,Deep,4,马林康的Apple Watch
7b1438f9-d0e1-408c-90f3-e92752762661,2026-06-13T22:05:27Z,2026-06-13T22:06:27Z,Awake,2,马林康的Apple Watch
82ec87ee-8a87-4d78-b1fe-0c382eaafbb2,2026-06-13T22:06:27Z,2026-06-13T22:09:57Z,Core,3,马林康的Apple Watch
24f5e771-ab4d-4edf-b638-80ed32718954,2026-06-13T22:09:57Z,2026-06-13T22:18:56Z,REM,5,马林康的Apple Watch
02e737f0-cff4-4916-b8a1-9353e51ff380,2026-06-13T22:18:56Z,2026-06-13T22:21:26Z,Core,3,马林康的Apple Watch
7f7529c6-28e8-46cc-9ce2-c0c5927704af,2026-06-13T22:21:26Z,2026-06-13T22:28:56Z,REM,5,马林康的Apple Watch
9eaaef6b-02e3-4ea2-92a4-f8acb9dcc96e,2026-06-13T22:28:56Z,2026-06-13T22:29:56Z,Core,3,马林康的Apple Watch
5fe46745-fdf5-4409-8230-a61c7d7b80ec,2026-06-13T22:29:56Z,2026-06-13T22:31:26Z,Awake,2,马林康的Apple Watch
473ecfc4-a899-44cb-a67b-959f6d03035c,2026-06-13T22:31:26Z,2026-06-13T23:22:52Z,Core,3,马林康的Apple Watch
744ae7f1-a7a6-4f39-9635-fcc8b8b5ab94,2026-06-13T23:22:52Z,2026-06-13T23:23:52Z,Awake,2,马林康的Apple Watch
a13c31b1-28fa-433d-b60b-bfecf539988a,2026-06-13T23:23:52Z,2026-06-13T23:31:22Z,Core,3,马林康的Apple Watch
2bd6e5fd-6496-4d4d-9501-c6f309fe7a46,2026-06-14T19:38:05Z,2026-06-14T19:51:34Z,Asleep Unspecified,1,马林康的Apple Watch
914101f0-308b-4d78-b9d1-7c032d12051b,2026-06-14T19:51:34Z,2026-06-14T20:11:33Z,Awake,2,马林康的Apple Watch
cc87a928-e297-48bf-84db-c4ec8bb3812d,2026-06-14T20:11:33Z,2026-06-14T20:14:32Z,Asleep Unspecified,1,马林康的Apple Watch
52043f66-e344-4877-9ad1-20b7b6a7e4b3,2026-06-14T20:14:32Z,2026-06-14T20:21:02Z,Awake,2,马林康的Apple Watch
d7be68cd-2f83-4115-9e1e-db9ed0e5ac18,2026-06-14T20:21:02Z,2026-06-14T20:22:32Z,Asleep Unspecified,1,马林康的Apple Watch
4ae02f7a-0cf7-4043-862c-13d2cf3b27be,2026-06-14T20:22:32Z,2026-06-14T20:53:00Z,Awake,2,马林康的Apple Watch
1ac4b2a9-7380-4494-8d77-d1d002ddd77e,2026-06-14T20:53:00Z,2026-06-14T20:54:59Z,Asleep Unspecified,1,马林康的Apple Watch
9ea7a4e7-87d6-4703-9b92-960b9a3f7195,2026-06-14T20:54:59Z,2026-06-14T21:06:29Z,Awake,2,马林康的Apple Watch
c556a5c6-48a8-4b82-b151-7c2f22862261,2026-06-14T21:06:29Z,2026-06-14T21:12:28Z,Asleep Unspecified,1,马林康的Apple Watch
083ea263-58d5-471f-b7f4-6eeb5aefd7fd,2026-06-14T21:12:28Z,2026-06-14T21:27:27Z,Awake,2,马林康的Apple Watch
c0067c9d-bc9c-443b-8fad-b8cda35618f0,2026-06-14T21:27:27Z,2026-06-14T22:23:23Z,Asleep Unspecified,1,马林康的Apple Watch
044814ae-56d6-45b4-8aed-5cc6634df80d,2026-06-14T22:23:23Z,2026-06-14T22:27:53Z,Awake,2,马林康的Apple Watch
f68a87b7-88e0-45e7-8b0c-b8bdc3e9559a,2026-06-14T22:27:53Z,2026-06-14T22:29:53Z,Asleep Unspecified,1,马林康的Apple Watch
c6a6c857-a160-41ff-b75c-cd225d082bbd,2026-06-15T15:53:59Z,2026-06-15T16:16:28Z,Core,3,马林康的Apple Watch
d720deb4-7199-4aef-aed7-2499dfeae329,2026-06-15T16:16:28Z,2026-06-15T16:36:26Z,Deep,4,马林康的Apple Watch
b7c7efc8-7fb5-4423-8325-011ad2ae89e1,2026-06-15T16:36:26Z,2026-06-15T16:48:56Z,Core,3,马林康的Apple Watch
219bbe95-5f0f-471c-b14f-7a195ab3f152,2026-06-15T16:48:56Z,2026-06-15T16:56:55Z,REM,5,马林康的Apple Watch
7f3afc53-becf-42ba-85d1-4e483178d253,2026-06-15T16:56:55Z,2026-06-15T17:14:24Z,Core,3,马林康的Apple Watch
731704e4-3f18-4c72-b910-426f52718f01,2026-06-15T17:14:24Z,2026-06-15T17:16:24Z,Deep,4,马林康的Apple Watch
bf7053b7-4b9f-4e98-83e8-5572f8fb256e,2026-06-15T17:16:24Z,2026-06-15T17:29:23Z,Core,3,马林康的Apple Watch
9c2bcfe5-be81-4511-a10b-7045cbaf045e,2026-06-15T17:29:23Z,2026-06-15T17:36:52Z,Deep,4,马林康的Apple Watch
9bc9033d-cd3e-488b-abcd-fbb961e796f9,2026-06-15T17:36:52Z,2026-06-15T17:40:22Z,Awake,2,马林康的Apple Watch
e1968a36-3b64-44f2-9f76-a4185888ca93,2026-06-15T17:40:22Z,2026-06-15T17:48:22Z,Core,3,马林康的Apple Watch
b8594ce4-f97c-487f-8a25-24a4a4444022,2026-06-15T17:48:22Z,2026-06-15T17:49:51Z,Awake,2,马林康的Apple Watch
b7848f09-f6d1-4d44-b5d2-c3caa812c60f,2026-06-15T17:49:51Z,2026-06-15T18:16:20Z,Core,3,马林康的Apple Watch
6c7e08f0-1552-47f0-bd10-bde2b473ae87,2026-06-15T18:16:20Z,2026-06-15T18:22:49Z,Deep,4,马林康的Apple Watch
e9593456-eefa-4cb8-919e-81a7d6242004,2026-06-15T18:22:49Z,2026-06-15T18:40:48Z,Core,3,马林康的Apple Watch
488c8a10-e473-4092-bccd-0645c6c3ea6a,2026-06-15T18:40:48Z,2026-06-15T18:54:47Z,REM,5,马林康的Apple Watch
80d32b6d-e4cd-4dac-97f5-3d85dd8d50dd,2026-06-15T18:54:47Z,2026-06-15T20:18:12Z,Core,3,马林康的Apple Watch
1d7bbb7c-86bf-4e5e-b41e-cf65ee4c289a,2026-06-15T20:18:12Z,2026-06-15T20:24:11Z,REM,5,马林康的Apple Watch
c7e05115-323e-4787-a5a6-f4c214d7dfc9,2026-06-15T20:24:11Z,2026-06-15T20:26:11Z,Awake,2,马林康的Apple Watch
05348f50-7672-4dbf-bdfb-9e3c4cedbe07,2026-06-15T20:26:11Z,2026-06-15T21:04:08Z,Core,3,马林康的Apple Watch
f407f410-051a-4f20-b3b4-7a0a98b403d1,2026-06-15T21:04:08Z,2026-06-15T21:13:08Z,REM,5,马林康的Apple Watch
7eeed4ae-257b-41ea-9df6-1962a4be91e0,2026-06-15T21:13:08Z,2026-06-15T21:18:07Z,Awake,2,马林康的Apple Watch
9d10e1bd-0ec5-4275-a1c9-38ebf4ccf88a,2026-06-15T21:18:07Z,2026-06-15T21:38:36Z,Core,3,马林康的Apple Watch
564f49ce-f8ae-461d-b092-8b8c56109fe2,2026-06-15T21:38:36Z,2026-06-15T21:57:05Z,Awake,2,马林康的Apple Watch
c2627e69-54e9-466e-b78a-6e166a3215b2,2026-06-15T21:57:05Z,2026-06-15T21:59:05Z,Core,3,马林康的Apple Watch
ed2c59f1-1e5c-4542-bdbb-bfa834a18563,2026-06-15T21:59:05Z,2026-06-15T22:04:34Z,REM,5,马林康的Apple Watch
302fa5a7-0492-4545-b040-a92b5311a1fb,2026-06-15T22:04:34Z,2026-06-15T22:07:04Z,Awake,2,马林康的Apple Watch
b12aeb6c-9416-495a-95c9-be1fc026fbf8,2026-06-15T22:07:04Z,2026-06-15T22:10:04Z,Core,3,马林康的Apple Watch
94ca2c4c-fae2-428a-8ffe-9e8d8202cec5,2026-06-15T22:10:04Z,2026-06-15T22:12:04Z,REM,5,马林康的Apple Watch
94686266-e294-4049-a3f1-4efde0d811e7,2026-06-15T22:12:04Z,2026-06-15T22:37:02Z,Core,3,马林康的Apple Watch
abf45f94-fcbb-405b-a97e-57a57d1b02de,2026-06-15T22:37:02Z,2026-06-15T22:40:32Z,REM,5,马林康的Apple Watch
6db14fc8-b1cb-41a1-abd2-37616a0983f9,2026-06-15T22:40:32Z,2026-06-15T22:43:02Z,Awake,2,马林康的Apple Watch
fe34cf53-0ea0-4885-b7f3-7ca6c4768ab3,2026-06-15T22:43:02Z,2026-06-15T22:44:32Z,REM,5,马林康的Apple Watch
338f1d0a-9015-495a-8794-e655b5592a5b,2026-06-16T16:51:50Z,2026-06-16T17:12:19Z,Core,3,马林康的Apple Watch
52a9cee4-8e13-466e-87bb-090ae17f04b7,2026-06-16T17:12:19Z,2026-06-16T17:32:18Z,Deep,4,马林康的Apple Watch
4b4b4a07-2456-4fa6-b2b0-465d9b0ea1da,2026-06-16T17:32:18Z,2026-06-16T17:34:47Z,Core,3,马林康的Apple Watch
b3043235-0206-46c2-abb9-076e7ed1ed6b,2026-06-16T17:34:47Z,2026-06-16T17:36:47Z,Awake,2,马林康的Apple Watch
f3145702-5b29-4ac3-96e9-89b8d889dd8f,2026-06-16T17:36:47Z,2026-06-16T17:44:17Z,Core,3,马林康的Apple Watch
b74f8267-5473-410a-8d88-fa3ee134cd3d,2026-06-16T17:44:17Z,2026-06-16T17:48:17Z,REM,5,马林康的Apple Watch
4dcb823e-571a-43ff-b18a-062b03fe212d,2026-06-16T17:48:17Z,2026-06-16T17:50:46Z,Awake,2,马林康的Apple Watch
2a2c830d-51ca-4f7a-924b-3ef6809d0aab,2026-06-16T17:50:46Z,2026-06-16T18:01:46Z,REM,5,马林康的Apple Watch
11c20c4d-86c8-4c10-b77c-8fc407e1cdd9,2026-06-16T18:01:46Z,2026-06-16T18:03:15Z,Awake,2,马林康的Apple Watch
e727d464-4276-4303-b1cb-0dcec58d1149,2026-06-16T18:03:15Z,2026-06-16T18:18:44Z,Core,3,马林康的Apple Watch
be0e01aa-4aae-46b1-a505-13a26fdcef1d,2026-06-16T18:18:44Z,2026-06-16T18:27:44Z,Deep,4,马林康的Apple Watch
81da9a7c-2713-489d-82a6-472f1cc392da,2026-06-16T18:27:44Z,2026-06-16T18:29:14Z,Core,3,马林康的Apple Watch
1ac1cbbb-83ff-4983-865e-8acd5eaddafa,2026-06-16T18:29:14Z,2026-06-16T18:44:43Z,Deep,4,马林康的Apple Watch
f9b793b5-7495-423a-a45f-2a4a60b5138e,2026-06-16T18:44:43Z,2026-06-16T18:45:13Z,Awake,2,马林康的Apple Watch
48cf2025-ec0e-4e34-9c5a-412221feb08b,2026-06-16T18:45:13Z,2026-06-16T18:56:42Z,Core,3,马林康的Apple Watch
2b1694c0-25bc-4c9f-98b8-215f69e5797f,2026-06-16T18:56:42Z,2026-06-16T19:01:41Z,Deep,4,马林康的Apple Watch
546ebbc7-69a4-4f0e-bc75-76291dac7d79,2026-06-16T19:01:41Z,2026-06-16T19:08:41Z,Core,3,马林康的Apple Watch
1cca8e89-f552-406c-8c36-65add9b5f9f7,2026-06-16T19:08:41Z,2026-06-16T19:13:41Z,REM,5,马林康的Apple Watch
db85047e-ff13-48b8-9162-1b688b726bf6,2026-06-16T19:13:41Z,2026-06-16T19:14:11Z,Core,3,马林康的Apple Watch
d82380d1-2c7a-4488-9d91-2bb47e1b4fc1,2026-06-16T19:14:11Z,2026-06-16T19:15:10Z,Awake,2,马林康的Apple Watch
624a7c67-b4c9-4ef5-93bd-25b8f7f6b60e,2026-06-16T19:15:10Z,2026-06-16T19:18:10Z,Core,3,马林康的Apple Watch
68882440-c019-48f3-a799-be2db0c8e5c9,2026-06-16T19:18:10Z,2026-06-16T19:19:10Z,Awake,2,马林康的Apple Watch
a5320c77-36e4-4ac0-947b-7e066bc7dc0f,2026-06-16T19:19:10Z,2026-06-16T19:42:09Z,Core,3,马林康的Apple Watch
aeec07fe-e409-4fb1-964b-86250d43c8e7,2026-06-16T19:42:09Z,2026-06-16T19:46:38Z,Deep,4,马林康的Apple Watch
9f2d3710-745f-4b8c-92df-4c6a5762d58f,2026-06-16T19:46:38Z,2026-06-16T19:49:08Z,Core,3,马林康的Apple Watch
373a82da-6124-4cfc-8757-3367a22704ae,2026-06-16T19:49:08Z,2026-06-16T19:49:38Z,Awake,2,马林康的Apple Watch
acdf86be-888c-4d1a-b59f-d6c0c84bb8dc,2026-06-16T19:49:38Z,2026-06-16T20:13:36Z,Core,3,马林康的Apple Watch
c6c520ca-f89e-4b72-8bf9-7e2d6bbadd36,2026-06-16T20:13:36Z,2026-06-16T20:20:06Z,Deep,4,马林康的Apple Watch
fe5293c4-5753-46d2-96f9-273dda50319c,2026-06-16T20:20:06Z,2026-06-16T20:22:06Z,Awake,2,马林康的Apple Watch
d9e56ca0-6aa9-4d23-b693-ff0afe5350a4,2026-06-16T20:22:06Z,2026-06-16T20:23:06Z,Core,3,马林康的Apple Watch
bbf464f3-3b4d-4ca7-a58c-25c02c39bb06,2026-06-16T20:23:06Z,2026-06-16T20:23:36Z,Awake,2,马林康的Apple Watch
4c9f07f2-6b65-4ccf-acdb-1f5a3671cb33,2026-06-16T20:23:36Z,2026-06-16T20:35:35Z,Core,3,马林康的Apple Watch
628df027-bc7e-4d28-8724-9b47a9d9710a,2026-06-16T20:35:35Z,2026-06-16T20:55:04Z,REM,5,马林康的Apple Watch
12c4081c-b8be-48e9-adc0-76b83565241c,2026-06-16T20:55:04Z,2026-06-16T21:56:59Z,Core,3,马林康的Apple Watch
6c09a176-868c-455d-8b4c-d2abc2e51ce9,2026-06-16T21:56:59Z,2026-06-16T21:59:59Z,REM,5,马林康的Apple Watch
a58ed87c-73ef-4510-8fa2-695f65f12bec,2026-06-16T21:59:59Z,2026-06-16T22:03:29Z,Awake,2,马林康的Apple Watch
54ba808d-90aa-4fd9-b7f1-ce6469f7ffa3,2026-06-16T22:03:29Z,2026-06-16T22:03:59Z,REM,5,马林康的Apple Watch
09afc855-8bf9-4bbc-93b6-000698999ecb,2026-06-16T22:03:59Z,2026-06-16T22:04:59Z,Core,3,马林康的Apple Watch
ac84210b-74f6-412a-aeb3-c902185177ab,2026-06-16T22:04:59Z,2026-06-16T22:05:59Z,Awake,2,马林康的Apple Watch
873aa1df-8c21-4471-a4bc-65a6a0413a7d,2026-06-16T22:05:59Z,2026-06-16T22:09:28Z,Core,3,马林康的Apple Watch
c5ba2bd3-8161-44c9-864e-75255f2e5316,2026-06-16T22:09:28Z,2026-06-16T22:13:58Z,REM,5,马林康的Apple Watch
cb2c9504-ec7e-467d-90b9-f8503b07f38c,2026-06-16T22:13:58Z,2026-06-16T22:20:28Z,Awake,2,马林康的Apple Watch
64257a41-7bc4-4b16-99ce-44360851ae1b,2026-06-16T22:20:28Z,2026-06-16T22:21:28Z,Core,3,马林康的Apple Watch
378a9562-92f0-4d7d-b070-d5dc0ec029d3,2026-06-16T22:21:28Z,2026-06-16T22:24:27Z,Awake,2,马林康的Apple Watch
3d7d9d93-0589-4541-b929-5b6fdb30b03b,2026-06-16T22:24:27Z,2026-06-16T22:25:27Z,Core,3,马林康的Apple Watch
1fd704c8-2be7-4d0e-a549-bd6a9c5ee36a,2026-06-16T22:25:27Z,2026-06-16T22:27:27Z,Awake,2,马林康的Apple Watch
8564dd88-ce94-486a-9876-cf10bbc5f1d6,2026-06-16T22:27:27Z,2026-06-16T22:38:57Z,Core,3,马林康的Apple Watch
f1b9f582-350f-4d8f-9df4-0aaa7e3d1c90,2026-06-16T22:38:57Z,2026-06-16T22:43:26Z,Awake,2,马林康的Apple Watch
1d8f1757-4c47-4292-bb74-1ef3f6e3a0e6,2026-06-16T22:43:26Z,2026-06-16T22:58:55Z,Core,3,马林康的Apple Watch
c486475b-90b7-4432-b410-053f7c17e650,2026-06-18T18:24:36Z,2026-06-18T18:44:34Z,Core,3,马林康的Apple Watch
795ebb2f-54d0-420a-9446-271d52e25e8d,2026-06-18T18:44:34Z,2026-06-18T19:14:32Z,Deep,4,马林康的Apple Watch
4729fbb4-e1b3-4530-9c89-4ba5c1aaa919,2026-06-18T19:14:32Z,2026-06-18T19:16:02Z,Awake,2,马林康的Apple Watch
3c0e299a-9745-4743-b03c-3bbf12380702,2026-06-18T19:16:02Z,2026-06-18T19:30:31Z,Core,3,马林康的Apple Watch
a16812fb-b858-45e5-aae2-0249ea2bb6ee,2026-06-18T19:30:31Z,2026-06-18T19:42:30Z,Deep,4,马林康的Apple Watch
db33ef9f-8e88-4ad5-8dea-638b79ac06c9,2026-06-18T19:42:30Z,2026-06-18T20:10:28Z,Core,3,马林康的Apple Watch
20fe0af5-4598-4356-8e40-177c38c97e31,2026-06-18T20:10:28Z,2026-06-18T20:13:58Z,Deep,4,马林康的Apple Watch
2d13ea98-d9ed-4fb1-9370-6a1d61ace3e8,2026-06-18T20:13:58Z,2026-06-18T20:20:27Z,Core,3,马林康的Apple Watch
53428d1a-6693-4b63-9e6c-43c4395e394c,2026-06-18T20:20:27Z,2026-06-18T20:37:56Z,Deep,4,马林康的Apple Watch
a8b72a6c-1d74-404b-a83d-e150fd980dc3,2026-06-18T20:37:56Z,2026-06-18T20:41:26Z,Core,3,马林康的Apple Watch
788ab360-ce9d-4f05-86f1-d75a85616034,2026-06-18T20:41:26Z,2026-06-18T21:08:54Z,REM,5,马林康的Apple Watch
97529d1c-4944-4b3f-b62a-cf987524537a,2026-06-18T21:08:54Z,2026-06-18T21:09:24Z,Core,3,马林康的Apple Watch
6c16dd4b-b51a-43ce-85b8-8ddf7ae9708e,2026-06-18T21:09:24Z,2026-06-18T21:11:24Z,REM,5,马林康的Apple Watch
1bee830d-00af-4355-951a-9555d9d34393,2026-06-18T21:11:24Z,2026-06-18T21:11:54Z,Core,3,马林康的Apple Watch
4f9e291f-d4f2-438f-bae7-d60d91f97753,2026-06-18T21:11:54Z,2026-06-18T21:14:54Z,REM,5,马林康的Apple Watch
135439a8-99d5-4a6e-bdd7-f165280cffe4,2026-06-18T21:14:54Z,2026-06-18T22:07:50Z,Core,3,马林康的Apple Watch
1dff26fd-88cb-4c79-a0c3-75ff43dbe950,2026-06-18T22:07:50Z,2026-06-18T22:19:19Z,REM,5,马林康的Apple Watch
4c1e2c45-8026-4485-94a8-5d5f5756385b,2026-06-18T22:19:19Z,2026-06-18T22:20:19Z,Core,3,马林康的Apple Watch
abf881fc-739c-4ea8-aab0-ddb3544f0ceb,2026-06-18T22:20:19Z,2026-06-18T22:25:49Z,REM,5,马林康的Apple Watch
8967bda6-db8c-44cb-8845-f50d77a8a616,2026-06-18T22:25:49Z,2026-06-18T22:28:19Z,Core,3,马林康的Apple Watch
e34d7d48-23bf-4e1a-b355-d3e651409883,2026-06-18T22:28:19Z,2026-06-18T22:28:49Z,Awake,2,马林康的Apple Watch
186c0070-d510-421c-9400-a22adfbe263b,2026-06-18T22:28:49Z,2026-06-18T22:39:48Z,Core,3,马林康的Apple Watch
fe23a49e-8838-4024-8542-d8916c3b1033,2026-06-18T22:39:48Z,2026-06-18T22:45:48Z,Awake,2,马林康的Apple Watch
07c31e82-b90b-4417-af52-b2dafe97a13c,2026-06-18T22:45:48Z,2026-06-18T23:16:15Z,Core,3,马林康的Apple Watch
ccc4a968-080a-41fd-9e3d-f6b696c438ca,2026-06-18T23:16:15Z,2026-06-18T23:17:45Z,Deep,4,马林康的Apple Watch
7115f7c7-1152-4d25-9419-a6caf6b2213e,2026-06-18T23:17:45Z,2026-06-18T23:25:45Z,Core,3,马林康的Apple Watch
6b18b3db-ee3d-4bee-b652-e062559601fb,2026-06-18T23:25:45Z,2026-06-18T23:38:14Z,REM,5,马林康的Apple Watch
00ffe223-21b0-4783-a939-ea92e7f23c8f,2026-06-18T23:38:14Z,2026-06-18T23:38:44Z,Core,3,马林康的Apple Watch
92eff059-beee-45c2-abff-b6c35ce55a33,2026-06-18T23:38:44Z,2026-06-18T23:40:14Z,Awake,2,马林康的Apple Watch
5be3086c-a21a-4ab7-8f3b-d12c11019653,2026-06-18T23:40:14Z,2026-06-19T00:37:40Z,Core,3,马林康的Apple Watch
d388651a-f72c-4e37-a1b7-3c50f97d9835,2026-06-19T00:37:40Z,2026-06-19T00:38:10Z,Awake,2,马林康的Apple Watch
9f6f8dea-0b73-4ebf-ab30-06703b8b897e,2026-06-19T00:38:10Z,2026-06-19T00:44:09Z,Core,3,马林康的Apple Watch
f26eec56-cf40-4f56-8887-6ffb80399fbf,2026-06-19T00:44:09Z,2026-06-19T01:03:38Z,REM,5,马林康的Apple Watch
ad3e6624-aa71-419f-aa68-08a58e96dfd3,2026-06-19T01:03:38Z,2026-06-19T01:56:34Z,Core,3,马林康的Apple Watch
631ed1e5-f4dc-43c2-9ade-16d4f99967cd,2026-06-19T01:56:34Z,2026-06-19T02:04:34Z,Awake,2,马林康的Apple Watch
87f410f6-56a1-4399-8d08-c05325f37ac0,2026-06-19T02:04:34Z,2026-06-19T02:06:04Z,Core,3,马林康的Apple Watch
526860a7-8db0-4588-88a7-8aad2b557320,2026-06-19T02:06:04Z,2026-06-19T02:07:34Z,REM,5,马林康的Apple Watch
d3a5381a-79e8-4d5a-bf5d-b77446639633,2026-06-19T17:09:06Z,2026-06-19T17:28:05Z,Core,3,马林康的Apple Watch
659a8b67-5aa5-4dcc-8e23-7506cd6e73ee,2026-06-19T17:28:05Z,2026-06-19T18:00:02Z,Deep,4,马林康的Apple Watch
010d6855-27d3-4b71-a4e1-dca91746c0f0,2026-06-19T18:00:02Z,2026-06-19T18:11:02Z,Core,3,马林康的Apple Watch
10fce951-e95a-4035-87a4-473268489abf,2026-06-19T18:11:02Z,2026-06-19T18:11:32Z,Awake,2,马林康的Apple Watch
0025ae40-3cc7-4b04-95ba-96baf1e3a426,2026-06-19T18:11:32Z,2026-06-19T18:34:30Z,Core,3,马林康的Apple Watch
128e5ccb-c80e-4fd5-a49c-de66fac68566,2026-06-19T18:34:30Z,2026-06-19T18:37:00Z,Awake,2,马林康的Apple Watch
9fe134cc-b6d0-4034-8d29-dcff96bb143b,2026-06-19T18:37:00Z,2026-06-19T18:49:59Z,Core,3,马林康的Apple Watch
9d057918-6f9b-4ab4-b464-93ce89fa0f44,2026-06-19T18:49:59Z,2026-06-19T18:50:59Z,Awake,2,马林康的Apple Watch
6bc6313c-5e86-443e-be37-d548f63ef177,2026-06-19T18:50:59Z,2026-06-19T19:30:56Z,Core,3,马林康的Apple Watch
758537d4-a72c-4132-9ded-2526784e3766,2026-06-19T19:30:56Z,2026-06-19T19:35:26Z,Deep,4,马林康的Apple Watch
98b10eb9-abd9-429e-b3fb-aa7f8c661ae1,2026-06-19T19:35:26Z,2026-06-19T19:42:25Z,Core,3,马林康的Apple Watch
3981861d-a2b7-4856-b00f-c231d6997179,2026-06-19T19:42:25Z,2026-06-19T19:47:55Z,Deep,4,马林康的Apple Watch
5d85fd60-a0a8-41f4-9255-269b211ee7f7,2026-06-19T19:47:55Z,2026-06-19T19:50:55Z,Awake,2,马林康的Apple Watch
95b1ea60-4b90-4b18-9ea1-d959ed688c84,2026-06-19T19:50:55Z,2026-06-19T20:14:23Z,Core,3,马林康的Apple Watch
073b85a5-8051-4175-a4bd-3317e7150c76,2026-06-19T20:14:23Z,2026-06-19T20:17:53Z,Deep,4,马林康的Apple Watch
d2c4c47d-63e8-4e59-a052-35ecf3ba646a,2026-06-19T20:17:53Z,2026-06-19T20:29:22Z,Core,3,马林康的Apple Watch
838d7a14-36d6-441b-8d30-6447a488c44b,2026-06-19T20:29:22Z,2026-06-19T20:32:52Z,Awake,2,马林康的Apple Watch
623f3371-1302-484f-9507-b9c29f746362,2026-06-19T20:32:52Z,2026-06-19T20:35:52Z,Core,3,马林康的Apple Watch
f49bf09d-6f93-41c4-b6ca-4b4682958548,2026-06-19T20:35:52Z,2026-06-19T20:39:22Z,Awake,2,马林康的Apple Watch
1b10167b-d726-4435-8151-757a680b6147,2026-06-19T20:39:22Z,2026-06-19T20:48:51Z,Core,3,马林康的Apple Watch
e22681ee-4bf7-468f-b671-6d1505eee84c,2026-06-19T20:48:51Z,2026-06-19T20:53:51Z,REM,5,马林康的Apple Watch
25eb3f20-e613-4f0b-b1d0-1f4e27a2e582,2026-06-19T20:53:51Z,2026-06-19T20:56:50Z,Core,3,马林康的Apple Watch
bd9f56f2-cb30-41c5-8b7a-7b7a9353e266,2026-06-19T20:56:50Z,2026-06-19T21:09:20Z,REM,5,马林康的Apple Watch
c7f257d3-19ef-4298-ba3a-f55040798c79,2026-06-19T21:09:20Z,2026-06-19T21:11:19Z,Awake,2,马林康的Apple Watch
11bfdb47-e80a-4db9-8090-769f9e45fbd0,2026-06-19T21:11:19Z,2026-06-19T21:18:49Z,REM,5,马林康的Apple Watch
8d1942f0-47e4-47a7-bd45-2975d896428e,2026-06-19T21:18:49Z,2026-06-19T22:20:15Z,Core,3,马林康的Apple Watch
af4ed473-359d-405a-829e-2adae77fb915,2026-06-19T22:20:15Z,2026-06-19T22:35:14Z,REM,5,马林康的Apple Watch
0ba9f012-e3c0-4149-9426-476f3c37c9e4,2026-06-19T22:35:14Z,2026-06-19T22:36:43Z,Awake,2,马林康的Apple Watch
8c9b0dc3-2868-450d-928e-6a43f465f10f,2026-06-19T22:36:43Z,2026-06-19T22:40:43Z,REM,5,马林康的Apple Watch
9fe1d81b-7ea6-4bbf-8fe7-fbe41f89dfdf,2026-06-19T22:40:54Z,2026-06-19T23:58:49Z,Asleep Unspecified,1,马林康的Apple Watch
630dd18c-672e-4a41-a3e7-ca9a0f9fc3b1,2026-06-21T18:08:58Z,2026-06-21T18:20:28Z,Core,3,马林康的Apple Watch
a84f3287-c4de-4c79-a290-028d722c69ab,2026-06-21T18:20:28Z,2026-06-21T18:21:27Z,Awake,2,马林康的Apple Watch
f602ad3e-e42c-4d46-9090-da35a68b67f6,2026-06-21T18:21:27Z,2026-06-21T18:34:27Z,Core,3,马林康的Apple Watch
ee26cc77-689b-4659-b1ad-d31214fd3754,2026-06-21T18:34:27Z,2026-06-21T19:01:55Z,Deep,4,马林康的Apple Watch
a2e8b8c1-8a00-431b-b17e-1fa8d2212d66,2026-06-21T19:01:55Z,2026-06-21T19:04:54Z,Core,3,马林康的Apple Watch
3693f7e5-59fb-4e18-8b0b-652569b953fe,2026-06-21T19:04:54Z,2026-06-21T19:14:24Z,Deep,4,马林康的Apple Watch
26be7796-73b4-4a8e-a472-344d341701d1,2026-06-21T19:14:24Z,2026-06-21T19:18:54Z,Core,3,马林康的Apple Watch
74cc6223-d158-4373-8204-b0fa77314f09,2026-06-21T19:18:54Z,2026-06-21T19:19:53Z,Awake,2,马林康的Apple Watch
e6ed2669-6c53-4b52-b26c-2070f9e219a9,2026-06-21T19:19:53Z,2026-06-21T19:35:52Z,Core,3,马林康的Apple Watch
c0b8312d-ca18-4a5c-9e3e-6e905e290a19,2026-06-21T19:35:52Z,2026-06-21T19:39:52Z,REM,5,马林康的Apple Watch
7f719b6f-d907-455b-8dce-3fa69ee9aa26,2026-06-21T19:39:52Z,2026-06-21T19:41:22Z,Awake,2,马林康的Apple Watch
62dde9f9-1620-4081-bb86-f2603852a1c9,2026-06-21T19:41:22Z,2026-06-21T19:59:51Z,Core,3,马林康的Apple Watch
584e8842-f379-4a0f-bfc2-22f2a81de8af,2026-06-21T19:59:51Z,2026-06-21T20:04:20Z,Awake,2,马林康的Apple Watch
e6c8c03f-ded7-4c37-913e-440ed6bf9a7b,2026-06-21T20:04:20Z,2026-06-21T20:08:50Z,Core,3,马林康的Apple Watch
cfcca31c-103d-462a-be05-ee96a8a51cec,2026-06-21T20:08:50Z,2026-06-21T20:10:20Z,Awake,2,马林康的Apple Watch
6855cb09-188f-4555-b2ed-248262623f6c,2026-06-21T20:10:20Z,2026-06-21T20:40:48Z,Core,3,马林康的Apple Watch
efed2fb6-e4f4-473c-a4e1-27bf8028fa74,2026-06-21T20:40:48Z,2026-06-21T21:09:16Z,Deep,4,马林康的Apple Watch
554fe13b-8658-454b-bc84-a29d88e5a37f,2026-06-21T21:09:16Z,2026-06-21T21:10:46Z,Awake,2,马林康的Apple Watch
1c2d75ce-12c0-4db3-b561-3a773f1e2cad,2026-06-21T21:10:46Z,2026-06-21T21:13:46Z,Core,3,马林康的Apple Watch
d949ac98-f14e-40f6-9b9a-8811d2a85245,2026-06-21T21:13:46Z,2026-06-21T21:33:44Z,REM,5,马林康的Apple Watch
a49a8ba1-5ce3-41af-bb27-9a3cd45ae3ab,2026-06-21T21:33:44Z,2026-06-21T22:09:12Z,Core,3,马林康的Apple Watch
b3fd5f26-1c2d-4f51-9cfa-26e70b5b7867,2026-06-21T22:09:12Z,2026-06-21T22:15:12Z,Deep,4,马林康的Apple Watch
e4afe7cb-6b09-41dd-b7b9-13d5e166ca77,2026-06-21T22:15:12Z,2026-06-21T22:18:41Z,Core,3,马林康的Apple Watch
5c38160e-910b-4dd3-b715-0cdd9f1e827a,2026-06-21T22:18:41Z,2026-06-21T22:19:41Z,Awake,2,马林康的Apple Watch
c6df8441-4b33-4e04-adba-e981a4af3bb9,2026-06-21T22:19:41Z,2026-06-21T22:25:41Z,Core,3,马林康的Apple Watch
1123a323-7dd6-42cd-883f-9e32da78c580,2026-06-21T22:25:41Z,2026-06-21T22:29:41Z,REM,5,马林康的Apple Watch
df890913-fa4b-4a1a-a014-598498c60243,2026-06-21T22:29:41Z,2026-06-21T22:30:11Z,Awake,2,马林康的Apple Watch
54b267f9-0774-4105-a46b-c720c44edeeb,2026-06-21T22:30:11Z,2026-06-21T22:38:40Z,REM,5,马林康的Apple Watch
becab4aa-f7c3-464c-8f70-0fd8153951dc,2026-06-21T23:03:53Z,2026-06-21T23:31:52Z,Asleep Unspecified,1,马林康的Apple Watch
30c3abe2-a639-45e6-bf9d-e5ff3fe63547,2026-06-21T23:31:52Z,2026-06-21T23:49:21Z,Awake,2,马林康的Apple Watch
3b7530e2-0a32-47d6-9e3c-7f8998b5e0fe,2026-06-21T23:49:21Z,2026-06-22T01:13:45Z,Asleep Unspecified,1,马林康的Apple Watch
dee04b32-2696-4879-b8f4-4eabea364dd7,2026-06-22T15:54:33Z,2026-06-22T16:12:01Z,Core,3,马林康的Apple Watch
ccae46d8-205c-423d-994e-0cc9653ba034,2026-06-22T16:12:01Z,2026-06-22T16:22:01Z,Deep,4,马林康的Apple Watch
f9cd8482-e633-4262-bc09-92f7276959a9,2026-06-22T16:22:01Z,2026-06-22T16:28:00Z,Core,3,马林康的Apple Watch
2b2b3fee-c278-45d3-99dc-9149e208e69d,2026-06-22T16:28:00Z,2026-06-22T16:56:29Z,Deep,4,马林康的Apple Watch
e68bae59-596a-4665-81c5-fbd16211d5f6,2026-06-22T16:56:29Z,2026-06-22T16:58:58Z,Awake,2,马林康的Apple Watch
9c251f31-a602-400b-a8e8-b73dffe5df96,2026-06-22T16:58:58Z,2026-06-22T17:08:28Z,Core,3,马林康的Apple Watch
b952949d-0c2f-47e9-9818-ec9d62fc737f,2026-06-22T17:08:28Z,2026-06-22T17:09:28Z,REM,5,马林康的Apple Watch
4082f221-557c-4ae5-8c7e-940e2d7cc433,2026-06-22T17:09:28Z,2026-06-22T17:43:55Z,Core,3,马林康的Apple Watch
6398a7d6-9479-444c-bb3b-6a2df0e57990,2026-06-22T17:43:55Z,2026-06-22T17:44:55Z,Deep,4,马林康的Apple Watch
aab86d4b-a068-4132-b598-e00fa2bf8f18,2026-06-22T17:44:55Z,2026-06-22T17:46:25Z,Core,3,马林康的Apple Watch
d28500f7-4c86-4ffc-a323-b73774700c65,2026-06-22T17:46:25Z,2026-06-22T17:51:25Z,Awake,2,马林康的Apple Watch
91d9a490-b4f0-4ce7-95df-1af80874803e,2026-06-22T17:51:25Z,2026-06-22T17:57:54Z,Core,3,马林康的Apple Watch
bbb60bda-1427-46e5-9a91-afcfee15efc8,2026-06-22T17:57:54Z,2026-06-22T18:02:54Z,Awake,2,马林康的Apple Watch
f77b795f-901e-47ac-a31e-0e1c6af83092,2026-06-22T18:02:54Z,2026-06-22T18:05:24Z,Core,3,马林康的Apple Watch
b995fd0c-c8ec-4223-af0b-a45ac8b3680e,2026-06-22T18:05:24Z,2026-06-22T18:15:53Z,Awake,2,马林康的Apple Watch
6f3d21f4-6c95-44a8-b5f0-77622fdcee86,2026-06-22T18:15:53Z,2026-06-22T18:21:53Z,Core,3,马林康的Apple Watch
079e2796-3a00-4167-a793-76f64a6c9dbd,2026-06-22T18:21:53Z,2026-06-22T18:34:22Z,Awake,2,马林康的Apple Watch
7773b7fc-c483-4655-a0ab-19ed2ae7b16c,2026-06-22T18:34:22Z,2026-06-22T18:39:22Z,Core,3,马林康的Apple Watch
09c9e33b-6259-4889-96f6-542b2d38723a,2026-06-22T18:39:22Z,2026-06-22T18:44:51Z,Awake,2,马林康的Apple Watch
d681e3a2-7be2-4f9d-9efe-9988fb037923,2026-06-22T18:44:51Z,2026-06-22T18:46:21Z,Core,3,马林康的Apple Watch
9c93903b-5950-4968-a941-234712738f4e,2026-06-22T18:46:21Z,2026-06-22T18:54:21Z,Awake,2,马林康的Apple Watch
68bae837-2383-488a-87dc-88d80b551660,2026-06-22T18:54:21Z,2026-06-22T18:56:21Z,Core,3,马林康的Apple Watch
0eebd429-ae76-461d-aed1-2be975c3cc22,2026-06-22T18:56:21Z,2026-06-22T19:00:20Z,Awake,2,马林康的Apple Watch
67114c53-088b-4273-a47f-a6be78715287,2026-06-22T19:00:20Z,2026-06-22T19:53:17Z,Core,3,马林康的Apple Watch
d938c58b-4c0d-4b43-8a66-2c8f3b717a00,2026-06-22T19:53:17Z,2026-06-22T19:54:47Z,Awake,2,马林康的Apple Watch
9a4873d1-9c0d-4da7-bfde-8b3f306ed278,2026-06-22T19:54:47Z,2026-06-22T19:55:47Z,Core,3,马林康的Apple Watch
a275fb26-a44b-4daf-b61c-caecf5c1222d,2026-06-22T19:55:47Z,2026-06-22T20:32:44Z,REM,5,马林康的Apple Watch
c5fc4fc9-5e07-458f-9f74-295c2a00417b,2026-06-22T20:32:44Z,2026-06-22T20:35:14Z,Awake,2,马林康的Apple Watch
2ca0437f-93bc-47be-aea6-4692780b2bf9,2026-06-22T20:35:14Z,2026-06-22T20:41:13Z,Core,3,马林康的Apple Watch
6c6b0236-4c02-47d0-adf0-d80361f4ca4e,2026-06-22T20:41:13Z,2026-06-22T20:44:13Z,Awake,2,马林康的Apple Watch
46a51dbe-131e-4c76-be9c-af5ade10286c,2026-06-22T20:44:13Z,2026-06-22T21:34:10Z,Core,3,马林康的Apple Watch
a6609fdd-11cb-4003-a5b8-1c2987f0aec7,2026-06-22T21:34:10Z,2026-06-22T21:46:39Z,Deep,4,马林康的Apple Watch
a3ddb112-7245-4d11-9a41-d6102816caab,2026-06-22T21:46:39Z,2026-06-22T21:52:39Z,Core,3,马林康的Apple Watch
d1d15995-f28f-42dc-b264-d531fd5ab60a,2026-06-22T21:52:39Z,2026-06-22T21:54:09Z,REM,5,马林康的Apple Watch
94157877-04eb-4521-a1b3-9a9835cd8e77,2026-06-22T21:54:09Z,2026-06-22T21:56:38Z,Core,3,马林康的Apple Watch
155e9cb3-c056-471d-b51a-74916f8dc602,2026-06-22T21:56:38Z,2026-06-22T22:20:37Z,REM,5,马林康的Apple Watch
77329e63-12eb-4fa0-8578-e0e2a9639e46,2026-06-23T16:32:01Z,2026-06-23T16:47:00Z,Core,3,马林康的Apple Watch
4acc336f-d388-4dd8-a0c3-f9c529fa0909,2026-06-23T16:47:00Z,2026-06-23T16:52:59Z,Deep,4,马林康的Apple Watch
70372a37-3475-4960-a35c-d9ad7ce4907f,2026-06-23T16:52:59Z,2026-06-23T17:05:58Z,Core,3,马林康的Apple Watch
5c84db0b-1b2d-4ae7-a78a-14b40dd584bd,2026-06-23T17:05:58Z,2026-06-23T17:23:57Z,Deep,4,马林康的Apple Watch
07179859-7f52-4e98-aa6a-9a989d6e47bb,2026-06-23T17:23:57Z,2026-06-23T17:34:27Z,Core,3,马林康的Apple Watch
586a4fdd-7569-4508-a2a4-56c4d6978a0c,2026-06-23T17:34:27Z,2026-06-23T17:44:56Z,REM,5,马林康的Apple Watch
bdb6f70a-578a-4316-9306-561320bd23b9,2026-06-23T17:44:56Z,2026-06-23T17:51:55Z,Awake,2,马林康的Apple Watch
9f046747-55ee-4b09-847b-7a19d507a0e1,2026-06-23T17:51:55Z,2026-06-23T18:12:24Z,Core,3,马林康的Apple Watch
8b3cfe8c-172e-4f92-9da8-ff3f660f7daf,2026-06-23T18:12:24Z,2026-06-23T18:46:22Z,Deep,4,马林康的Apple Watch
a9461572-b9a0-4a07-bd42-7849f45e4b79,2026-06-23T18:46:22Z,2026-06-23T18:58:21Z,Core,3,马林康的Apple Watch
06fd44bf-7706-4b04-8cc5-b19af6d1f9fa,2026-06-23T18:58:21Z,2026-06-23T19:04:51Z,Deep,4,马林康的Apple Watch
c59061dc-a28c-4c3c-af99-3c216cdfed9f,2026-06-23T19:04:51Z,2026-06-23T19:05:51Z,Awake,2,马林康的Apple Watch
95d808df-57ea-48cb-9e1b-b9c97e4625a0,2026-06-23T19:05:51Z,2026-06-23T19:12:20Z,Core,3,马林康的Apple Watch
bf2c8999-ed52-4f4a-9ffd-9d30526c0629,2026-06-23T19:12:20Z,2026-06-23T19:22:19Z,REM,5,马林康的Apple Watch
bfc7dc4e-1f7c-4462-8e46-1768e97432aa,2026-06-23T19:22:19Z,2026-06-23T19:25:19Z,Awake,2,马林康的Apple Watch
d8cae944-4990-4b5b-889e-eb562e29a248,2026-06-23T19:25:19Z,2026-06-23T20:01:17Z,Core,3,马林康的Apple Watch
0e648961-42f7-41ac-a78d-1e8d7c9bd840,2026-06-23T20:01:17Z,2026-06-23T20:12:46Z,REM,5,马林康的Apple Watch
f06c2116-6ec4-4e96-9fd5-80d25a0e466a,2026-06-23T20:12:46Z,2026-06-23T21:36:10Z,Core,3,马林康的Apple Watch
bfbf60fb-4bc0-4537-a57a-5f7092edd7d3,2026-06-23T21:36:10Z,2026-06-23T21:57:09Z,REM,5,马林康的Apple Watch
cd606d1e-53ca-4a09-94ee-26966d46db5f,2026-06-23T21:57:09Z,2026-06-23T22:37:06Z,Core,3,马林康的Apple Watch
03a4594b-3a03-4d4c-be7a-776d60dd4e6f,2026-06-25T16:38:29Z,2026-06-25T16:54:28Z,Core,3,马林康的Apple Watch
383c3383-47db-4f27-90b6-d160226cb03d,2026-06-25T16:54:28Z,2026-06-25T17:23:26Z,Deep,4,马林康的Apple Watch
b93e9140-2c60-46ba-9d39-e0b6977beda7,2026-06-25T17:23:26Z,2026-06-25T17:50:24Z,Core,3,马林康的Apple Watch
bf2ebf67-f46e-4e33-abde-14a26b9ef913,2026-06-25T17:50:24Z,2026-06-25T17:50:54Z,Awake,2,马林康的Apple Watch
601ccbfe-a9a8-4125-9f26-ceba3cee472b,2026-06-25T17:50:54Z,2026-06-25T18:01:53Z,Core,3,马林康的Apple Watch
1d2360db-c1d1-46d8-aa54-74d07bd26df0,2026-06-25T18:01:53Z,2026-06-25T18:03:53Z,Deep,4,马林康的Apple Watch
88c3d377-5cac-4588-a49b-690ec82a55ae,2026-06-25T18:03:53Z,2026-06-25T18:19:22Z,Core,3,马林康的Apple Watch
66437496-e914-435b-928c-23685f5ef6e3,2026-06-25T18:19:22Z,2026-06-25T18:31:21Z,REM,5,马林康的Apple Watch
8ed61fbc-a91e-4bf7-87e2-7595e63c851b,2026-06-25T18:31:21Z,2026-06-25T18:49:50Z,Core,3,马林康的Apple Watch
4334358b-f2ca-4434-9b07-aa955cfb6d03,2026-06-25T18:49:50Z,2026-06-25T18:59:19Z,Deep,4,马林康的Apple Watch
71b52a41-f2ec-4115-99f3-81279ede8d82,2026-06-25T18:59:19Z,2026-06-25T19:44:46Z,Core,3,马林康的Apple Watch
9896921a-37b1-48ee-92c0-6f472f143648,2026-06-25T19:44:46Z,2026-06-25T20:09:45Z,REM,5,马林康的Apple Watch
a0533af2-9304-4742-8299-49944c060da5,2026-06-25T20:09:45Z,2026-06-25T21:35:09Z,Core,3,马林康的Apple Watch
2c5ffb9a-05ad-454c-b6af-0160e60717fb,2026-06-25T21:35:09Z,2026-06-25T21:35:39Z,Awake,2,马林康的Apple Watch
c43e6a5c-a1ed-40c2-8050-e17ca630bb53,2026-06-25T21:35:39Z,2026-06-25T21:38:39Z,Core,3,马林康的Apple Watch
66917e01-f79e-459f-b5c8-793d7a06982a,2026-06-25T21:38:39Z,2026-06-25T21:49:38Z,REM,5,马林康的Apple Watch
c0b58ce5-551f-4f13-9900-91c302d4cfa7,2026-06-25T21:49:38Z,2026-06-25T22:04:07Z,Core,3,马林康的Apple Watch
d86c5acb-11d9-4ec9-b51b-a04cd1488872,2026-06-25T22:04:07Z,2026-06-25T22:05:37Z,Awake,2,马林康的Apple Watch
4b156983-d71e-45bc-8358-7455bce7628b,2026-06-25T22:05:37Z,2026-06-25T22:18:36Z,Core,3,马林康的Apple Watch
a421a316-47ec-4c62-87d6-21bf5c2cf851,2026-06-25T22:18:36Z,2026-06-25T22:19:36Z,Awake,2,马林康的Apple Watch
bd66813b-6085-45ce-889a-a4bdf18856fa,2026-06-25T22:19:36Z,2026-06-25T22:52:04Z,Core,3,马林康的Apple Watch
f0821b53-5ed9-47eb-a141-22859ed97c7a,2026-06-25T22:52:04Z,2026-06-25T23:25:02Z,REM,5,马林康的Apple Watch
8e464174-d1f6-4a73-89e8-f6dfebe4a41f,2026-06-25T23:25:02Z,2026-06-25T23:56:30Z,Core,3,马林康的Apple Watch
24e9da5b-25ff-403c-8442-9744f69493d0,2026-06-26T17:09:26Z,2026-06-26T17:27:55Z,Core,3,马林康的Apple Watch
82de654f-9b73-4ce6-924c-70c4de872ea7,2026-06-26T17:27:55Z,2026-06-26T17:55:53Z,Deep,4,马林康的Apple Watch
be7ffc4a-7eb9-4328-b7dd-c5f72a1613b8,2026-06-26T17:55:53Z,2026-06-26T17:57:53Z,Core,3,马林康的Apple Watch
6cfc8c9f-1d84-4ba4-a95b-70170fd29214,2026-06-26T17:57:53Z,2026-06-26T17:58:53Z,Awake,2,马林康的Apple Watch
a3d3385e-5e0b-421b-b29b-6bef5de37dc5,2026-06-26T17:58:53Z,2026-06-26T18:31:51Z,Core,3,马林康的Apple Watch
0689525d-e6b4-490c-b98a-c322dec30f3c,2026-06-26T18:31:51Z,2026-06-26T18:57:19Z,Deep,4,马林康的Apple Watch
89263cde-07fa-41b3-9801-7b0cd5b64ca3,2026-06-26T18:57:19Z,2026-06-26T19:15:18Z,Core,3,马林康的Apple Watch
bba04495-b6a7-431a-8d14-220614535dd9,2026-06-26T19:15:18Z,2026-06-26T19:23:47Z,REM,5,马林康的Apple Watch
b9476d15-b6f4-4df8-88c1-f378d2213f45,2026-06-26T19:23:47Z,2026-06-26T19:59:44Z,Core,3,马林康的Apple Watch
bb0e8f07-941e-489f-9683-467e06fa06d4,2026-06-26T19:59:44Z,2026-06-26T20:01:44Z,Awake,2,马林康的Apple Watch
12256930-72c5-40de-b48c-923236d0c84a,2026-06-26T20:01:44Z,2026-06-26T20:37:42Z,Core,3,马林康的Apple Watch
02cfa1a4-8642-4a46-9e03-db1b3e4a9e43,2026-06-26T20:37:42Z,2026-06-26T21:14:09Z,REM,5,马林康的Apple Watch
5f860715-7d85-4058-bb53-661869ce348a,2026-06-26T21:14:09Z,2026-06-26T21:46:37Z,Core,3,马林康的Apple Watch
db4940c9-e9a6-4bd2-b802-4a5ee1626ca0,2026-06-26T21:46:37Z,2026-06-26T21:57:07Z,Deep,4,马林康的Apple Watch
c7358e76-589d-40f8-8b0d-baf259699338,2026-06-26T21:57:07Z,2026-06-26T21:58:07Z,Awake,2,马林康的Apple Watch
ff5712b3-78d4-40c5-9a5f-f4129ef151c6,2026-06-26T21:58:07Z,2026-06-26T22:16:35Z,Core,3,马林康的Apple Watch
3132ecf5-5b78-46b6-a0a1-e3b4fc7e71b0,2026-06-26T22:16:35Z,2026-06-26T22:21:05Z,Awake,2,马林康的Apple Watch
71fb1ab9-0546-4ec0-8616-e31949dfc4f5,2026-06-26T22:21:05Z,2026-06-26T22:28:35Z,Core,3,马林康的Apple Watch
040e5e16-e0cb-495f-8e14-e0c0147bff6e,2026-06-29T16:34:17Z,2026-06-29T16:34:47Z,Core,3,马林康的Apple Watch
123ab203-e6b8-4799-b409-0bf608c50283,2026-06-29T16:34:47Z,2026-06-29T16:42:16Z,Awake,2,马林康的Apple Watch
f2d51610-a1be-4558-ade4-7a105936e68f,2026-06-29T16:42:16Z,2026-06-29T16:55:46Z,Core,3,马林康的Apple Watch
2ad302e1-ab52-4172-93df-7ff1bab8026e,2026-06-29T16:55:46Z,2026-06-29T17:18:14Z,Deep,4,马林康的Apple Watch
1dc89ccb-c998-43e3-904f-f5e709a9bd24,2026-06-29T17:18:14Z,2026-06-29T17:20:14Z,Awake,2,马林康的Apple Watch
0a8e519e-48b1-4e8c-85e4-140eced166b8,2026-06-29T17:20:14Z,2026-06-29T17:26:43Z,Core,3,马林康的Apple Watch
c1b3ec09-502f-45aa-ad86-906bd0ef25dc,2026-06-29T17:26:43Z,2026-06-29T17:28:43Z,Awake,2,马林康的Apple Watch
d3d1c450-c017-4e6a-ab86-eb9c303b3208,2026-06-29T17:28:43Z,2026-06-29T17:30:43Z,Core,3,马林康的Apple Watch
5d29c019-f959-4136-8674-c489602013f7,2026-06-29T17:30:43Z,2026-06-29T17:37:13Z,REM,5,马林康的Apple Watch
dda77261-cd88-49d9-8a21-8e2978a29af2,2026-06-29T17:37:13Z,2026-06-29T17:38:13Z,Awake,2,马林康的Apple Watch
52fa4fff-24c6-4cd7-9bd0-418dcec2d60c,2026-06-29T17:38:13Z,2026-06-29T18:05:41Z,Core,3,马林康的Apple Watch
e81366d1-e233-4e35-beaf-9b6a8e25ef65,2026-06-29T18:05:41Z,2026-06-29T18:39:38Z,Deep,4,马林康的Apple Watch
bf7343ed-ca2b-47e6-b0bf-2f5d171df4b1,2026-06-29T18:39:38Z,2026-06-29T18:43:38Z,Core,3,马林康的Apple Watch
2a66d710-cb23-48af-97b6-2c40a4125e47,2026-06-29T18:43:38Z,2026-06-29T18:48:38Z,Awake,2,马林康的Apple Watch
302c3807-d41c-49ad-8073-0de99169a152,2026-06-29T18:48:38Z,2026-06-29T18:53:07Z,Core,3,马林康的Apple Watch
225ea01f-c4db-4466-a674-0e0a3bb4262f,2026-06-29T18:53:07Z,2026-06-29T19:01:37Z,REM,5,马林康的Apple Watch
ff2c59d9-8775-45c3-94b9-46841298d55c,2026-06-29T19:01:37Z,2026-06-29T19:02:07Z,Awake,2,马林康的Apple Watch
503f0c44-2fa5-4cf2-a052-c35f6c9c04fb,2026-06-29T19:02:07Z,2026-06-29T19:04:07Z,REM,5,马林康的Apple Watch
1b5b56e8-486f-4fa1-8b4e-40b57fc5310f,2026-06-29T19:04:07Z,2026-06-29T19:06:06Z,Core,3,马林康的Apple Watch
a50b8a21-45cd-47a2-95c6-c9ffe11e1554,2026-06-29T19:06:06Z,2026-06-29T19:08:36Z,REM,5,马林康的Apple Watch
3992cc8b-7f46-494b-b066-5acb3fb2bf86,2026-06-29T19:08:36Z,2026-06-29T19:14:36Z,Core,3,马林康的Apple Watch
d18b25cd-9d1a-4937-a585-dd47c7ca32f4,2026-06-29T19:14:36Z,2026-06-29T19:34:34Z,Awake,2,马林康的Apple Watch
e07cbfbb-0c89-4a51-a43f-312f2bf09832,2026-06-29T19:34:34Z,2026-06-29T19:36:34Z,Core,3,马林康的Apple Watch
26775822-f27e-4e10-890d-01797a4e3b79,2026-06-29T19:36:34Z,2026-06-29T19:37:04Z,Awake,2,马林康的Apple Watch
5cb0a679-d7c5-43af-a816-f61c3cc7023b,2026-06-29T19:37:04Z,2026-06-29T19:51:03Z,Core,3,马林康的Apple Watch
9e363293-8f2e-4190-92e9-e7ac5492269e,2026-06-29T19:51:03Z,2026-06-29T19:54:03Z,Awake,2,马林康的Apple Watch
6091f09d-c6d0-4c06-8eb7-5997301429bd,2026-06-29T19:54:03Z,2026-06-29T20:26:31Z,Core,3,马林康的Apple Watch
9ea06c71-1c75-4710-ba8d-798f3373e002,2026-06-29T20:26:31Z,2026-06-29T20:54:29Z,REM,5,马林康的Apple Watch
700432ff-a553-44f1-a1ea-0856693fa09a,2026-06-29T20:54:29Z,2026-06-29T20:56:59Z,Awake,2,马林康的Apple Watch
eb5626d6-ae4e-409b-b6cd-7e035aff0b50,2026-06-29T20:56:59Z,2026-06-29T20:59:59Z,Core,3,马林康的Apple Watch
50aaec6c-b6c5-4617-bb9b-513ce6f8b1c4,2026-06-29T20:59:59Z,2026-06-29T21:01:59Z,Awake,2,马林康的Apple Watch
71163d34-dbee-44a1-86a0-88fceca356c8,2026-06-29T21:01:59Z,2026-06-29T21:29:27Z,Core,3,马林康的Apple Watch
94250305-1b42-4d1f-a24d-3a7ca144ff8a,2026-06-29T21:29:27Z,2026-06-29T21:33:56Z,Deep,4,马林康的Apple Watch
37327916-bc2d-41d1-a0d8-ea906b44e036,2026-06-29T21:33:56Z,2026-06-29T21:48:25Z,Core,3,马林康的Apple Watch
e10ebc72-67ec-45b3-988e-6ac3eef50ce5,2026-06-29T21:48:25Z,2026-06-29T21:48:55Z,REM,5,马林康的Apple Watch
17f34742-e6af-4b35-8a5b-ae8202a0ad54,2026-06-29T21:48:55Z,2026-06-29T21:56:55Z,Core,3,马林康的Apple Watch
d2485a6d-3b48-4f3a-92be-0497ab838e6a,2026-06-29T21:56:55Z,2026-06-29T22:01:55Z,REM,5,马林康的Apple Watch
2751eef5-2fc7-43e3-a32e-5b9750fd2ea1,2026-06-29T22:01:55Z,2026-06-29T22:27:53Z,Core,3,马林康的Apple Watch
1090dae9-d2f6-46f3-97b4-11f8b4657cea,2026-06-29T22:27:53Z,2026-06-29T22:30:23Z,Awake,2,马林康的Apple Watch
1a483d63-8183-42c7-bcf4-5f0b5a94f6f5,2026-06-29T22:30:23Z,2026-06-29T22:37:52Z,Core,3,马林康的Apple Watch
78d25a07-302d-4fec-901f-e81d51733d31,2026-06-29T22:41:51Z,2026-06-29T23:02:19Z,Asleep Unspecified,1,马林康的Apple Watch
8f005ff8-8987-4434-b1e8-b10eef0ad078,2026-06-29T23:02:19Z,2026-06-29T23:04:19Z,Awake,2,马林康的Apple Watch
3676972f-6990-44af-9d3a-47b8ffb7644e,2026-06-29T23:04:19Z,2026-06-29T23:05:49Z,Asleep Unspecified,1,马林康的Apple Watch
56e235ed-41bb-489a-ad0d-db430e45b3e8,2026-06-29T23:05:49Z,2026-06-29T23:09:19Z,Awake,2,马林康的Apple Watch
5dc9ee20-a022-4382-bdc6-3bd7960d4255,2026-06-29T23:09:19Z,2026-06-29T23:13:19Z,Asleep Unspecified,1,马林康的Apple Watch
4e4a2dd0-8447-45e8-b702-15c3766c2689,2026-06-29T23:13:19Z,2026-06-29T23:14:19Z,Awake,2,马林康的Apple Watch
293a0da0-0772-4024-b443-ed3614e0c4e4,2026-06-29T23:14:19Z,2026-06-29T23:26:18Z,Asleep Unspecified,1,马林康的Apple Watch
3b0a3847-ea39-43a3-9ff4-58b40e83e221,2026-06-29T23:26:18Z,2026-06-29T23:32:47Z,Awake,2,马林康的Apple Watch
1a0e8198-d6dc-4dc9-9abe-a372d28fbd46,2026-06-29T23:32:47Z,2026-06-29T23:39:47Z,Asleep Unspecified,1,马林康的Apple Watch
57cbde2b-1290-4f89-8d97-4e8915ae7267,2026-06-29T23:39:47Z,2026-06-29T23:43:17Z,Awake,2,马林康的Apple Watch
7d8153ef-ef2a-48f0-8aa4-c9af65d006c8,2026-06-29T23:43:17Z,2026-06-29T23:46:46Z,Asleep Unspecified,1,马林康的Apple Watch
7cc07c9b-e260-4ea1-9ef3-4544cc8b582b,2026-06-29T23:46:46Z,2026-06-29T23:48:16Z,Awake,2,马林康的Apple Watch
0fca9a90-2947-4796-bc8f-46236e076950,2026-06-29T23:48:16Z,2026-06-30T00:09:15Z,Asleep Unspecified,1,马林康的Apple Watch
6b29d2c9-e9e5-4808-936c-8e97fd5caa03,2026-06-30T15:25:18Z,2026-06-30T15:27:48Z,Core,3,马林康的Apple Watch
1b3b72e6-7758-4463-9e5b-0e0e0afc1576,2026-06-30T15:27:48Z,2026-06-30T15:29:17Z,Awake,2,马林康的Apple Watch
fe5aac9c-663b-445f-9f0c-bed29b653ce8,2026-06-30T15:29:17Z,2026-06-30T15:51:46Z,Core,3,马林康的Apple Watch
5480bdde-5c8f-44c9-868a-8b2e7ad5835d,2026-06-30T15:33:00Z,2026-06-30T23:14:00Z,In Bed,0,AutoSleep
ce43b8de-6511-4cb0-bb26-b477b2c7242d,2026-06-30T15:33:00Z,2026-06-30T23:14:00Z,Asleep Unspecified,1,AutoSleep
0972e3d8-eaf6-4ed7-baa5-f92a9d276863,2026-06-30T15:51:46Z,2026-06-30T16:08:45Z,Deep,4,马林康的Apple Watch
9f10b929-1c06-43ce-bb8a-b2b46aba3bb0,2026-06-30T16:08:45Z,2026-06-30T16:17:14Z,Core,3,马林康的Apple Watch
23e10987-1595-4749-9f3f-039cd4b336d1,2026-06-30T16:17:14Z,2026-06-30T16:17:44Z,Awake,2,马林康的Apple Watch
871f74f1-46f8-4c9c-bce3-d31c3c97d930,2026-06-30T16:17:44Z,2026-06-30T16:22:44Z,Core,3,马林康的Apple Watch
9ebdd1ca-267e-4b94-8c25-206b68334cdb,2026-06-30T16:22:44Z,2026-06-30T16:31:43Z,REM,5,马林康的Apple Watch
5a324f34-7966-482a-844d-ff30533d52f3,2026-06-30T16:31:43Z,2026-06-30T16:57:11Z,Core,3,马林康的Apple Watch
dc7ddd4b-5594-4e21-9b8b-69e9f8958a59,2026-06-30T16:57:11Z,2026-06-30T17:20:10Z,Deep,4,马林康的Apple Watch
76b52c5f-b2af-4197-813d-54ecdcfe5021,2026-06-30T17:20:10Z,2026-06-30T17:22:10Z,Awake,2,马林康的Apple Watch
7a56899d-920b-47bd-b236-0495d8e446ac,2026-06-30T17:22:10Z,2026-06-30T17:25:39Z,Core,3,马林康的Apple Watch
06198751-e8fa-45f7-81da-acf7b6e5c89b,2026-06-30T17:25:39Z,2026-06-30T17:30:09Z,Awake,2,马林康的Apple Watch
d574ec55-ef56-4655-967e-705d53fcda47,2026-06-30T17:30:09Z,2026-06-30T17:36:09Z,Core,3,马林康的Apple Watch
18a1c5d1-77c9-4ab1-b8ae-14e037bcfbc2,2026-06-30T17:36:09Z,2026-06-30T18:01:07Z,REM,5,马林康的Apple Watch
871b3e45-89a1-482a-9361-a12abeb0b3a9,2026-06-30T18:01:07Z,2026-06-30T18:22:05Z,Core,3,马林康的Apple Watch
83b67491-ac1c-4d32-b119-0798865572a8,2026-06-30T18:22:05Z,2026-06-30T18:23:35Z,Awake,2,马林康的Apple Watch
e71f302e-60f9-488c-b85e-d21819eeb8a5,2026-06-30T18:23:35Z,2026-06-30T18:43:34Z,Core,3,马林康的Apple Watch
ede6808b-f280-4596-980f-9f1d0e9d988c,2026-06-30T18:43:34Z,2026-06-30T18:51:03Z,Awake,2,马林康的Apple Watch
6548d559-4472-49db-aa50-d285dc8ee9af,2026-06-30T18:51:03Z,2026-06-30T18:55:03Z,Core,3,马林康的Apple Watch
acd66452-5783-4bcf-844a-f20567bafeb3,2026-06-30T18:55:03Z,2026-06-30T18:56:33Z,Awake,2,马林康的Apple Watch
a2d8adb0-e35d-4e45-aa17-8de44c37d1ac,2026-06-30T18:56:33Z,2026-06-30T19:40:30Z,Core,3,马林康的Apple Watch
ca7d6b56-82ba-4c40-a269-e38783dfae7d,2026-06-30T19:40:30Z,2026-06-30T20:06:58Z,REM,5,马林康的Apple Watch
20896df6-00da-4ab2-988b-f394a7827aad,2026-06-30T20:06:58Z,2026-06-30T20:42:26Z,Core,3,马林康的Apple Watch
5fecc08a-e556-4e37-94fc-c746bd26932a,2026-06-30T20:42:26Z,2026-06-30T21:00:54Z,Deep,4,马林康的Apple Watch
f4bdb1d0-0da0-45ca-9dcf-ab05b4438f72,2026-06-30T21:00:54Z,2026-06-30T21:01:24Z,Core,3,马林康的Apple Watch
d6d6a284-eb25-4ca1-b47e-be13b85e5ce6,2026-06-30T21:01:24Z,2026-06-30T21:02:54Z,Awake,2,马林康的Apple Watch
3b512a4b-2ff6-4404-ade1-9aa7bf0edff1,2026-06-30T21:02:54Z,2026-06-30T21:09:54Z,Core,3,马林康的Apple Watch
9ba4a2e8-1823-4779-881c-8ca3cdd35779,2026-06-30T21:09:54Z,2026-06-30T21:12:23Z,Awake,2,马林康的Apple Watch
19b8a1b0-ebc5-40bf-95fe-67afc3632a8e,2026-06-30T21:12:23Z,2026-06-30T21:28:52Z,Core,3,马林康的Apple Watch
20935a68-a757-4422-8339-67a4244cb1dd,2026-06-30T21:28:52Z,2026-06-30T21:39:22Z,REM,5,马林康的Apple Watch
fa2c8cd9-d97e-4446-9cde-aff3756c6fd5,2026-06-30T21:39:22Z,2026-06-30T21:39:52Z,Core,3,马林康的Apple Watch
8f369878-0b0d-4900-aa07-e1cb2c3fcfaf,2026-06-30T21:39:52Z,2026-06-30T21:52:21Z,REM,5,马林康的Apple Watch
8ff4a64b-b4c8-4b9a-b633-f7d7b61ed6d8,2026-06-30T21:52:21Z,2026-06-30T22:23:19Z,Core,3,马林康的Apple Watch
93d46b56-5b92-449c-af38-ae65c53f289a,2026-07-01T05:49:00Z,2026-07-01T06:17:00Z,In Bed,0,AutoSleep
dbe51ae0-6327-4c06-8eeb-3614c6f73f8d,2026-07-01T05:49:00Z,2026-07-01T06:17:00Z,Asleep Unspecified,1,AutoSleep
7e9d58c0-a993-4a28-ab54-470ce1138586,2026-07-01T15:55:00Z,2026-07-01T23:30:00Z,Asleep Unspecified,1,AutoSleep
88b5ecc3-eb49-48de-b27b-57cf2ee4aa89,2026-07-01T15:55:00Z,2026-07-01T23:30:00Z,In Bed,0,AutoSleep
d35115a7-9306-40a0-b78b-7ba9cdc53412,2026-07-01T16:11:24Z,2026-07-01T16:15:24Z,Core,3,马林康的Apple Watch
75686dd8-c0ee-403f-bd61-11d2be7fcce0,2026-07-01T16:15:24Z,2026-07-01T16:16:54Z,Awake,2,马林康的Apple Watch
4bccb6b6-c016-4a58-8135-77d229d59c2e,2026-07-01T16:16:54Z,2026-07-01T16:30:53Z,Core,3,马林康的Apple Watch
dc73df65-3b52-47ea-a667-6425a41f6dca,2026-07-01T16:30:53Z,2026-07-01T16:41:22Z,Deep,4,马林康的Apple Watch
1d7a9df3-941b-4029-a798-63b3fbc5b743,2026-07-01T16:41:22Z,2026-07-01T17:02:51Z,Core,3,马林康的Apple Watch
531aa822-db84-452f-9b9a-e54571dc78f1,2026-07-01T17:02:51Z,2026-07-01T17:08:50Z,Deep,4,马林康的Apple Watch
f62bffc8-a62f-4c55-a050-eeabaabef862,2026-07-01T17:08:50Z,2026-07-01T17:09:20Z,Core,3,马林康的Apple Watch
31d60e52-78bc-4a93-bc14-3a564766593f,2026-07-01T17:09:20Z,2026-07-01T17:10:20Z,Deep,4,马林康的Apple Watch
273db45d-5166-4e26-be85-369b3e7470d6,2026-07-01T17:10:20Z,2026-07-01T17:12:20Z,Core,3,马林康的Apple Watch
33cabd66-1dd2-4de2-8848-cb1b27512dc2,2026-07-01T17:12:20Z,2026-07-01T17:29:19Z,Deep,4,马林康的Apple Watch
07f9f115-b118-4339-8489-fd3c96adaa34,2026-07-01T17:29:19Z,2026-07-01T17:31:19Z,Core,3,马林康的Apple Watch
57678c6b-28e4-4ca6-9daf-060e62289733,2026-07-01T17:31:19Z,2026-07-01T17:42:18Z,REM,5,马林康的Apple Watch
c85b2e19-10ce-43d7-8d1f-555fdadb242d,2026-07-01T17:42:18Z,2026-07-01T17:58:17Z,Core,3,马林康的Apple Watch
adcf3af2-0092-4823-957b-53969cda9c95,2026-07-01T17:58:17Z,2026-07-01T18:13:16Z,Awake,2,马林康的Apple Watch
16fa6c33-3a04-4ceb-8cda-b2dd7f922757,2026-07-01T18:13:16Z,2026-07-01T18:46:14Z,Core,3,马林康的Apple Watch
4392021d-7bfc-4a30-9d01-3f94b5740a7b,2026-07-01T18:46:14Z,2026-07-01T18:50:14Z,Deep,4,马林康的Apple Watch
055371b4-5440-4d5c-b0fd-85bb53ac7cc8,2026-07-01T18:50:14Z,2026-07-01T19:06:43Z,Core,3,马林康的Apple Watch
95e00a38-6ba4-4f3b-b3ca-f6c4dd00e3f9,2026-07-01T19:06:43Z,2026-07-01T19:12:12Z,REM,5,马林康的Apple Watch
1f57fcd4-4fcd-40fd-b558-29fba31b8e95,2026-07-01T19:12:12Z,2026-07-01T19:59:39Z,Core,3,马林康的Apple Watch
c1494c79-d2f0-475f-9ad8-910294be725e,2026-07-01T19:59:39Z,2026-07-01T20:00:39Z,Awake,2,马林康的Apple Watch
ce183ec2-a79b-4517-bb3a-cf8295aeb4b8,2026-07-01T20:00:39Z,2026-07-01T20:09:38Z,Core,3,马林康的Apple Watch
317e36cd-8910-4ac8-b4bd-88ce383ee5e0,2026-07-01T20:09:38Z,2026-07-01T20:12:08Z,Awake,2,马林康的Apple Watch
893a7f44-0a0e-443b-b058-0d6ee5209a96,2026-07-01T20:12:08Z,2026-07-01T20:15:08Z,Core,3,马林康的Apple Watch
d507c190-10b2-4b96-8431-39ae7eecef47,2026-07-01T20:15:08Z,2026-07-01T20:45:06Z,REM,5,马林康的Apple Watch
f57c0693-3b17-4893-818e-a98b20db49b6,2026-07-01T20:45:06Z,2026-07-01T21:37:32Z,Core,3,马林康的Apple Watch
349e26e1-8b2f-4186-b920-c45262bc8677,2026-07-01T21:37:32Z,2026-07-01T21:42:02Z,Deep,4,马林康的Apple Watch
7a1204f2-2b5d-4c98-b37c-ad2727eeba0a,2026-07-01T21:42:02Z,2026-07-01T21:42:32Z,Core,3,马林康的Apple Watch
16a8b26f-5c49-468b-8bb7-3fe14cf7d03b,2026-07-01T21:42:32Z,2026-07-01T21:44:02Z,Awake,2,马林康的Apple Watch
dcf06ac8-b7bb-4451-81f7-5bb601195a3f,2026-07-01T21:44:02Z,2026-07-01T21:50:31Z,Core,3,马林康的Apple Watch
ff9aecf1-954d-4ec3-88f2-511bff9b364d,2026-07-01T21:50:31Z,2026-07-01T21:54:01Z,REM,5,马林康的Apple Watch
49d03a63-51a9-487d-aebf-38cbb9640ded,2026-07-01T21:54:01Z,2026-07-01T21:55:31Z,Awake,2,马林康的Apple Watch
9ab1841c-3603-40b0-a3e5-1be99d5daff6,2026-07-01T21:55:31Z,2026-07-01T22:08:00Z,REM,5,马林康的Apple Watch
6b5fcf82-c8bc-4ac3-adce-624ac2477968,2026-07-01T22:08:00Z,2026-07-01T22:37:58Z,Core,3,马林康的Apple Watch
9a278d5e-ae6e-4423-b7a7-94c47f943a44,2026-07-01T22:37:58Z,2026-07-01T22:41:58Z,Awake,2,马林康的Apple Watch
43e8a41f-f6ab-4550-9dd0-70cc36af96ef,2026-07-01T22:41:58Z,2026-07-01T23:10:56Z,Core,3,马林康的Apple Watch
cf41c8a4-a062-4ddb-bbed-0bf34def2893,2026-07-01T23:10:56Z,2026-07-01T23:13:55Z,Awake,2,马林康的Apple Watch
04840903-d9ab-471b-8b85-533c9ee5e501,2026-07-01T23:13:55Z,2026-07-01T23:15:55Z,Core,3,马林康的Apple Watch
079d3991-6123-4196-b6ea-7284f9bab236,2026-07-01T23:15:55Z,2026-07-01T23:16:55Z,Awake,2,马林康的Apple Watch
454a09f3-c397-43ab-bcbd-701f51d941d4,2026-07-01T23:16:55Z,2026-07-01T23:23:55Z,Core,3,马林康的Apple Watch
6e7b1768-7337-4b35-b4f1-706563a5b2fe,2026-07-01T23:23:55Z,2026-07-01T23:25:25Z,REM,5,马林康的Apple Watch
127492b8-415b-4d81-af32-39184ed67368,2026-07-02T05:42:00Z,2026-07-02T06:01:00Z,In Bed,0,AutoSleep
ef9c1e23-7c54-4418-b779-2782a3241d6a,2026-07-02T05:42:00Z,2026-07-02T06:01:00Z,Asleep Unspecified,1,AutoSleep
4dd36616-0671-4947-88b5-78fc518eb553,2026-07-02T17:15:00Z,2026-07-02T23:37:00Z,Asleep Unspecified,1,AutoSleep
cd0cd4d0-252e-421b-a846-f7e579b2717c,2026-07-02T17:15:00Z,2026-07-02T23:37:00Z,In Bed,0,AutoSleep
3971123f-5349-4fbb-a49f-cd1228f608af,2026-07-02T17:25:24Z,2026-07-02T17:41:53Z,Core,3,马林康的Apple Watch
f95e2bf8-281b-4a00-8356-380df349c808,2026-07-02T17:41:53Z,2026-07-02T17:52:23Z,Deep,4,马林康的Apple Watch
f956f8b3-7695-4653-848e-0a9d21aead41,2026-07-02T17:52:23Z,2026-07-02T18:02:52Z,Core,3,马林康的Apple Watch
ab4b6b0d-69f6-46c0-9df1-962789b03edf,2026-07-02T18:02:52Z,2026-07-02T18:04:22Z,Awake,2,马林康的Apple Watch
202c3b08-5ed3-4972-9c16-7a98006233b0,2026-07-02T18:04:22Z,2026-07-02T18:14:51Z,Core,3,马林康的Apple Watch
72eac7c4-3700-429b-8b5a-a06305a247d1,2026-07-02T18:14:51Z,2026-07-02T18:19:51Z,Deep,4,马林康的Apple Watch
b11065ad-b648-453b-893f-d6adea0378c5,2026-07-02T18:19:51Z,2026-07-02T18:31:50Z,Core,3,马林康的Apple Watch
9488e660-18c9-4c11-bbde-62431dc17339,2026-07-02T18:31:50Z,2026-07-02T18:38:49Z,Deep,4,马林康的Apple Watch
ea5c5889-2279-4a2f-84d5-29f90ae1f8db,2026-07-02T18:38:49Z,2026-07-02T18:46:19Z,Core,3,马林康的Apple Watch
fb2473b6-2433-4ae5-a9c6-2c9bbfbd2fa8,2026-07-02T18:46:19Z,2026-07-02T18:47:19Z,Awake,2,马林康的Apple Watch
734c1928-a9b1-4420-a5a9-312ecfa8c285,2026-07-02T18:47:19Z,2026-07-02T18:53:48Z,Core,3,马林康的Apple Watch
3f4a64ef-4442-4ad4-a1c3-44cd2c47eb66,2026-07-02T18:53:48Z,2026-07-02T19:02:18Z,REM,5,马林康的Apple Watch
fdaec218-a2eb-46aa-9210-53a3f3345a50,2026-07-02T19:02:18Z,2026-07-02T19:03:48Z,Awake,2,马林康的Apple Watch
f228ef8e-4853-4eb8-b94a-f19909d02f4e,2026-07-02T19:03:48Z,2026-07-02T19:27:46Z,Core,3,马林康的Apple Watch
22110e72-d764-4f78-913b-7b5feb452ec5,2026-07-02T19:27:46Z,2026-07-02T19:33:16Z,Deep,4,马林康的Apple Watch
b1d0d65c-01bf-455b-828c-03489a152fd9,2026-07-02T19:33:16Z,2026-07-02T19:41:15Z,Core,3,马林康的Apple Watch
3132e0d0-4129-444f-b8f6-e3956f824c8a,2026-07-02T19:41:15Z,2026-07-02T19:45:45Z,Deep,4,马林康的Apple Watch
778a9c3b-82e7-415b-9cd4-ab1b6bb17e3e,2026-07-02T19:45:45Z,2026-07-02T19:52:14Z,Core,3,马林康的Apple Watch
ba0ab25e-8bb4-469a-b8c4-a88fb198e598,2026-07-02T19:52:14Z,2026-07-02T20:06:43Z,Deep,4,马林康的Apple Watch
2452d59c-db8d-4a18-bc4d-9604c0188b9c,2026-07-02T20:06:43Z,2026-07-02T20:18:43Z,Core,3,马林康的Apple Watch
10e57090-c5bf-4988-950c-dc09c5062900,2026-07-02T20:18:43Z,2026-07-02T20:27:12Z,REM,5,马林康的Apple Watch
edd8da03-bc7e-4ce6-b7ff-f46cf1ab1132,2026-07-02T20:27:12Z,2026-07-02T20:28:12Z,Awake,2,马林康的Apple Watch
84ae5539-4bd6-477a-8ff1-217f6f01822c,2026-07-02T20:28:12Z,2026-07-02T20:32:42Z,Core,3,马林康的Apple Watch
a31315c7-57d6-4dc4-afe8-1c253cf5274e,2026-07-02T20:32:42Z,2026-07-02T20:38:41Z,REM,5,马林康的Apple Watch
b8b90ba3-9dc9-492b-bbbc-a987d773b2f9,2026-07-02T20:38:41Z,2026-07-02T21:08:09Z,Core,3,马林康的Apple Watch
20acec62-b759-4039-8b2b-59df72469e81,2026-07-02T21:08:09Z,2026-07-02T21:08:39Z,Deep,4,马林康的Apple Watch
37e20478-f5e3-418a-8530-f8e197f777f0,2026-07-02T21:08:39Z,2026-07-02T21:09:39Z,Core,3,马林康的Apple Watch
8f412fbd-a2cd-4686-85f0-06c923a07afe,2026-07-02T21:09:39Z,2026-07-02T21:11:09Z,Awake,2,马林康的Apple Watch
6ef3b533-e411-48d2-b52e-bba939ef57e2,2026-07-02T21:11:09Z,2026-07-02T21:45:37Z,Core,3,马林康的Apple Watch
84b5148d-5c1a-47de-984d-9950cdb123a5,2026-07-02T21:45:37Z,2026-07-02T21:47:07Z,REM,5,马林康的Apple Watch
78102c2b-e1e1-411a-b779-12ec219859bf,2026-07-02T21:47:07Z,2026-07-02T21:48:06Z,Core,3,马林康的Apple Watch
b937270e-e048-46ad-be79-d1f7639b9009,2026-07-02T21:48:06Z,2026-07-02T21:51:06Z,REM,5,马林康的Apple Watch
120f709b-c126-4c44-bc56-8939c26a6b28,2026-07-02T21:51:06Z,2026-07-02T21:54:36Z,Core,3,马林康的Apple Watch
c636a164-972a-480b-95b2-9cd1d58a3580,2026-07-02T21:54:36Z,2026-07-02T22:10:35Z,REM,5,马林康的Apple Watch
67cdbbfa-ba96-45dc-88d6-9ecd5f2b9d11,2026-07-02T22:10:35Z,2026-07-02T22:14:05Z,Awake,2,马林康的Apple Watch
9cc1cd98-753d-476b-9c9a-8c0ae5bfe5e9,2026-07-02T22:14:05Z,2026-07-02T22:18:34Z,Core,3,马林康的Apple Watch
0af8698e-70c0-4f0a-8a2b-ad0557e95f09,2026-07-02T22:18:34Z,2026-07-02T22:27:34Z,Awake,2,马林康的Apple Watch
a7c96c18-d584-445f-81cf-96a85ba46b53,2026-07-02T22:27:34Z,2026-07-02T22:30:04Z,Core,3,马林康的Apple Watch
22a8042b-c690-4302-8757-eff514d83b20,2026-07-03T15:42:00Z,2026-07-04T01:19:00Z,In Bed,0,AutoSleep
3ddc1a14-652e-4c1f-99f9-6cad174eea31,2026-07-03T15:42:00Z,2026-07-04T01:19:00Z,Asleep Unspecified,1,AutoSleep
c5c4ea05-52af-440c-a1c5-228272a9f5e7,2026-07-03T15:46:40Z,2026-07-03T16:09:39Z,Core,3,马林康的Apple Watch
72ebceeb-cf89-412d-baaa-9c24beba5f61,2026-07-03T16:09:39Z,2026-07-03T16:29:37Z,Deep,4,马林康的Apple Watch
b48fc0d1-e153-4396-a5bd-003465a5b4f8,2026-07-03T16:29:37Z,2026-07-03T16:46:06Z,Core,3,马林康的Apple Watch
79334785-b2c0-4d85-9b8e-7fab1d3e1d73,2026-07-03T16:46:06Z,2026-07-03T16:54:06Z,REM,5,马林康的Apple Watch
64ff87e7-e323-4a9f-9acb-8b921da8bebb,2026-07-03T16:54:06Z,2026-07-03T16:54:36Z,Awake,2,马林康的Apple Watch
6c2c78d8-57a9-4bea-b182-d59dc16fd567,2026-07-03T16:54:36Z,2026-07-03T17:20:04Z,Core,3,马林康的Apple Watch
c5e0cd10-b8b1-471a-a0a5-e1b600db46f4,2026-07-03T17:20:04Z,2026-07-03T17:23:34Z,Deep,4,马林康的Apple Watch
6c0ac809-6b95-4712-89ae-d0be8600fb2e,2026-07-03T17:23:34Z,2026-07-03T17:25:34Z,Awake,2,马林康的Apple Watch
a3563a24-ba59-4e91-86ba-119c78d90701,2026-07-03T17:25:34Z,2026-07-03T17:47:32Z,Core,3,马林康的Apple Watch
084a796c-81e4-4e13-85fc-caa3acf9bdb2,2026-07-03T17:47:32Z,2026-07-03T18:10:30Z,Deep,4,马林康的Apple Watch
137aa5a4-3eb3-4102-910e-01ba9f5c0838,2026-07-03T18:10:30Z,2026-07-03T18:12:30Z,Core,3,马林康的Apple Watch
9ed6f47c-fbb0-4b2d-891e-8ea23bdcb775,2026-07-03T18:12:30Z,2026-07-03T18:14:30Z,Awake,2,马林康的Apple Watch
9709812c-95b4-49a1-990a-9557e708ec52,2026-07-03T18:14:30Z,2026-07-03T18:23:00Z,Core,3,马林康的Apple Watch
87adc8d6-aff0-4881-9cb0-49ca6f85df0e,2026-07-03T18:23:00Z,2026-07-03T18:24:59Z,Awake,2,马林康的Apple Watch
f0fcbdea-3644-4cc7-9d85-cef2e3da7973,2026-07-03T18:24:59Z,2026-07-03T18:25:59Z,Core,3,马林康的Apple Watch
c091d245-b7cc-449a-8915-1a9bb91a61c5,2026-07-03T18:25:59Z,2026-07-03T18:33:29Z,REM,5,马林康的Apple Watch
08c51a6c-cb88-4182-bff5-ad228cd0d160,2026-07-03T18:33:29Z,2026-07-03T18:33:59Z,Core,3,马林康的Apple Watch
efbafbfb-faa5-4d79-b30f-c6bdbec59f76,2026-07-03T18:33:59Z,2026-07-03T18:37:59Z,REM,5,马林康的Apple Watch
df69bf7e-2409-4b7b-a7d9-0bbce554d357,2026-07-03T18:37:59Z,2026-07-03T18:44:58Z,Core,3,马林康的Apple Watch
2b7e7892-9433-4186-8f82-d938d4bdf246,2026-07-03T18:44:58Z,2026-07-03T18:45:28Z,Awake,2,马林康的Apple Watch
4900b120-cf4a-4025-88d1-a2a0f1d257fb,2026-07-03T18:45:28Z,2026-07-03T19:33:25Z,Core,3,马林康的Apple Watch
2a3a7fa8-b5a7-41be-837b-82b63371a89f,2026-07-03T19:33:25Z,2026-07-03T19:34:24Z,Awake,2,马林康的Apple Watch
de6c1773-8115-438b-93be-89edb9c4db09,2026-07-03T19:34:24Z,2026-07-03T19:51:53Z,Core,3,马林康的Apple Watch
4ec1551c-85a8-4dc6-9747-d3bda7c2065d,2026-07-03T19:51:53Z,2026-07-03T19:53:53Z,Awake,2,马林康的Apple Watch
0c986044-2576-43de-9b24-5f6cf3d75369,2026-07-03T19:53:53Z,2026-07-03T19:55:23Z,Core,3,马林康的Apple Watch
5f30a046-87ba-44b5-833d-8f49e50bdd5f,2026-07-03T19:55:23Z,2026-07-03T20:14:22Z,REM,5,马林康的Apple Watch
623dbe16-ec0d-4269-9e1b-2adf7a591056,2026-07-03T20:14:22Z,2026-07-03T20:15:52Z,Awake,2,马林康的Apple Watch
d437b1e7-2c0c-4a18-a5a0-4cee26be4417,2026-07-03T20:15:52Z,2026-07-03T21:12:18Z,Core,3,马林康的Apple Watch
960e7c6e-2a8d-4179-925d-4b6581631f84,2026-07-03T21:12:18Z,2026-07-03T21:20:17Z,REM,5,马林康的Apple Watch
b8bc9a01-541c-4b4c-bf5e-2b0d0a5929d9,2026-07-03T21:20:17Z,2026-07-03T21:26:17Z,Core,3,马林康的Apple Watch
4dc9f874-ca74-418e-a2b3-fc795d792d0e,2026-07-03T21:26:17Z,2026-07-03T21:26:47Z,REM,5,马林康的Apple Watch
89eaac2c-f14c-45e1-9a55-00a240a2d3be,2026-07-03T21:26:47Z,2026-07-03T21:37:46Z,Core,3,马林康的Apple Watch
8eaf7b41-0c93-48b9-b3f6-f366d50155d3,2026-07-03T21:37:46Z,2026-07-03T21:45:15Z,REM,5,马林康的Apple Watch
fdb96bc4-0621-440f-99d8-cc2b1375487b,2026-07-03T21:45:15Z,2026-07-03T22:00:44Z,Core,3,马林康的Apple Watch
10ff0f11-999d-4200-b87b-80a51cd9bde4,2026-07-03T22:00:44Z,2026-07-03T22:30:12Z,REM,5,马林康的Apple Watch
b74db3b7-71c4-4164-9c1d-aead80e54a62,2026-07-03T22:30:12Z,2026-07-03T22:36:12Z,Awake,2,马林康的Apple Watch
828760df-dc29-4e7c-a866-b1c33f587379,2026-07-03T22:36:12Z,2026-07-03T22:37:42Z,Core,3,马林康的Apple Watch
c4b436af-f62b-4388-98b1-ca886fbdacdc,2026-07-03T22:37:42Z,2026-07-03T22:43:12Z,Awake,2,马林康的Apple Watch
bdeb0e86-7c0d-41f0-9158-19f5a5b7e21f,2026-07-03T22:43:12Z,2026-07-03T22:45:12Z,Core,3,马林康的Apple Watch
0038746b-f4b4-4b74-b2e3-5b4f895f53ce,2026-07-03T22:45:12Z,2026-07-03T22:51:41Z,REM,5,马林康的Apple Watch
c4c5421e-db08-44a9-a05b-f74a7965a428,2026-07-03T22:51:41Z,2026-07-03T23:02:10Z,Core,3,马林康的Apple Watch
c948f1e1-1739-4b26-8f73-f46e682921ae,2026-07-03T23:02:10Z,2026-07-03T23:02:40Z,Awake,2,马林康的Apple Watch
8d28ee7c-d2f9-49dc-9665-0b1378443192,2026-07-03T23:02:40Z,2026-07-03T23:29:09Z,Core,3,马林康的Apple Watch
9d4490bc-93c1-406e-a912-42e6c2c54953,2026-07-03T23:29:09Z,2026-07-03T23:31:08Z,Awake,2,马林康的Apple Watch
a94d24f8-1d0f-49a0-92c2-2f2f546b774f,2026-07-03T23:31:08Z,2026-07-03T23:37:38Z,Core,3,马林康的Apple Watch
9841476d-5355-4048-ae34-279237126d01,2026-07-03T23:37:38Z,2026-07-03T23:55:37Z,REM,5,马林康的Apple Watch
f958aead-9db8-4fbe-8777-dbe9649e1368,2026-07-03T23:55:37Z,2026-07-04T00:05:36Z,Core,3,马林康的Apple Watch
d0c3320f-68d0-4d98-b2b2-11f54f6d1c3d,2026-07-04T00:05:36Z,2026-07-04T00:14:36Z,REM,5,马林康的Apple Watch
6f9a6435-bb7a-4536-bd72-5e2817382f37,2026-07-04T00:14:36Z,2026-07-04T00:16:35Z,Awake,2,马林康的Apple Watch
38db4e44-f691-47b8-aedb-41f01c4d60e3,2026-07-04T00:16:35Z,2026-07-04T00:27:35Z,Core,3,马林康的Apple Watch
c185d534-0c2d-4ec7-9d11-74c8261d9585,2026-07-04T00:27:35Z,2026-07-04T00:29:35Z,Awake,2,马林康的Apple Watch
25062319-bf13-45a0-9c79-5de5e8cfa8d1,2026-07-04T00:29:35Z,2026-07-04T00:36:34Z,Core,3,马林康的Apple Watch
b60e3ad8-7fb3-43e2-9a81-5d488736bb73,2026-07-04T00:36:34Z,2026-07-04T00:37:34Z,Awake,2,马林康的Apple Watch
be78fad8-38f3-4806-aa46-ca691aad7fb1,2026-07-04T00:37:34Z,2026-07-04T00:58:33Z,Core,3,马林康的Apple Watch
6c04ec55-69d5-4bb3-9417-6346ca8df619,2026-07-04T00:58:33Z,2026-07-04T01:11:02Z,REM,5,马林康的Apple Watch
3488d1a1-a601-4a9a-9f01-660da2cf0cff,2026-07-04T01:11:02Z,2026-07-04T01:14:31Z,Core,3,马林康的Apple Watch
7240f30f-1b95-47c7-ac80-fd2acb0d1206,2026-07-04T01:14:31Z,2026-07-04T01:16:31Z,Awake,2,马林康的Apple Watch
12ca4272-610c-4001-9478-8064791e22dd,2026-07-04T01:16:31Z,2026-07-04T01:18:31Z,Core,3,马林康的Apple Watch
0ed9219b-6f5c-4170-9101-a7f906a350f1,2026-07-04T09:45:00Z,2026-07-04T10:32:00Z,Asleep Unspecified,1,AutoSleep
fa24b6d6-4087-4a46-9094-918765783a55,2026-07-04T09:45:00Z,2026-07-04T10:32:00Z,In Bed,0,AutoSleep
4aacd215-e1b1-4a31-8321-39f74f054171,2026-07-05T16:45:00Z,2026-07-05T22:26:00Z,In Bed,0,AutoSleep
ece4c3f4-75c1-4a48-9082-5da94e8b2123,2026-07-05T16:45:00Z,2026-07-05T22:26:00Z,Asleep Unspecified,1,AutoSleep
5b09d3bf-1eee-4e0b-b659-4a9156fadbeb,2026-07-05T16:52:39Z,2026-07-05T17:05:08Z,Core,3,马林康的Apple Watch
e785a518-7041-4a98-aa82-b4be8eb250d2,2026-07-05T17:05:08Z,2026-07-05T17:09:08Z,Awake,2,马林康的Apple Watch
a6eae3c6-167f-4024-aabf-a88cbaf55a6b,2026-07-05T17:09:08Z,2026-07-05T17:21:07Z,Core,3,马林康的Apple Watch
a58d57e4-d485-4f7c-88f9-da5041949e48,2026-07-05T17:21:07Z,2026-07-05T17:37:36Z,Deep,4,马林康的Apple Watch
0ae47110-f8b3-4a1a-bf41-cb674fbd8a6e,2026-07-05T17:37:36Z,2026-07-05T17:38:06Z,Core,3,马林康的Apple Watch
cb4dd007-4a26-49a8-a735-fa9c9f572ba5,2026-07-05T17:38:06Z,2026-07-05T18:02:34Z,Deep,4,马林康的Apple Watch
4ba0a154-96e4-4a52-b99e-3cfc1ccc461d,2026-07-05T18:02:34Z,2026-07-05T18:17:03Z,Core,3,马林康的Apple Watch
ce0aea4b-2e1f-462a-952c-71b40b3bd91e,2026-07-05T18:17:03Z,2026-07-05T18:19:03Z,REM,5,马林康的Apple Watch
0fd5ab1e-3bf7-4e38-af51-5bdf6c5fb335,2026-07-05T18:19:03Z,2026-07-05T18:21:33Z,Awake,2,马林康的Apple Watch
efbf5088-4343-4e99-99e0-b08993b65784,2026-07-05T18:21:33Z,2026-07-05T18:24:03Z,Core,3,马林康的Apple Watch
2e34dd2c-2662-48b6-85df-9c9efc2c0ff3,2026-07-05T18:24:03Z,2026-07-05T18:33:02Z,REM,5,马林康的Apple Watch
39eddfb0-6b6a-4b04-a0e2-86b49778d388,2026-07-05T18:33:02Z,2026-07-05T18:38:32Z,Awake,2,马林康的Apple Watch
b3e54cf7-8bfc-4a02-a04f-3acd2ea723bb,2026-07-05T18:38:32Z,2026-07-05T19:14:59Z,Core,3,马林康的Apple Watch
707bdf0c-070d-4b00-874d-69c0322b8d14,2026-07-05T19:14:59Z,2026-07-05T19:15:59Z,Awake,2,马林康的Apple Watch
8532f6ef-b443-461f-9527-ad9af2177e65,2026-07-05T19:15:59Z,2026-07-05T19:22:59Z,Core,3,马林康的Apple Watch
0b5ee236-0db3-4e61-a4f1-910b06d2acdc,2026-07-05T19:22:59Z,2026-07-05T19:24:28Z,Awake,2,马林康的Apple Watch
5574ea66-11bd-4165-8a21-2e1cc6c20f63,2026-07-05T19:24:28Z,2026-07-05T19:41:57Z,Core,3,马林康的Apple Watch
e86ed790-55e2-40b4-96ae-443dcbbbb984,2026-07-05T19:41:57Z,2026-07-05T19:43:57Z,Awake,2,马林康的Apple Watch
7eb93580-d517-4579-b9f6-f2b39a6f1ef3,2026-07-05T19:43:57Z,2026-07-05T19:56:56Z,Core,3,马林康的Apple Watch
2f365b00-2c36-489d-a5e8-91c1532c0c8b,2026-07-05T19:56:56Z,2026-07-05T19:57:56Z,Awake,2,马林康的Apple Watch
fd1f4158-b28b-4862-ba2f-1cdd1e311d4b,2026-07-05T19:57:56Z,2026-07-05T20:02:56Z,Core,3,马林康的Apple Watch
650629b5-45ee-4679-b569-ead2bb6f18cb,2026-07-05T20:02:56Z,2026-07-05T20:05:26Z,Awake,2,马林康的Apple Watch
dc2cfee1-e1e1-4bbe-8f00-74cab5a7653a,2026-07-05T20:05:26Z,2026-07-05T20:28:54Z,Core,3,马林康的Apple Watch
04fde91f-a4c0-4781-a077-3cf3c2c38a83,2026-07-05T20:28:54Z,2026-07-05T20:29:54Z,Awake,2,马林康的Apple Watch
66415d6d-6563-4fd5-8c12-3b75d1513957,2026-07-05T20:29:54Z,2026-07-05T21:08:51Z,Core,3,马林康的Apple Watch
37d456f5-9ec6-49cc-9a53-717788a86547,2026-07-05T21:08:51Z,2026-07-05T21:11:21Z,Deep,4,马林康的Apple Watch
a90af8c6-bf65-47b9-8a23-561ac9e71379,2026-07-05T21:11:21Z,2026-07-05T21:12:51Z,Core,3,马林康的Apple Watch
4d2e310c-ce14-428a-844c-26a2800c7aef,2026-07-05T21:12:51Z,2026-07-05T21:21:20Z,Deep,4,马林康的Apple Watch
7e1c7cb4-6d83-49b2-92cd-c6e8181e423e,2026-07-05T21:21:20Z,2026-07-05T21:26:50Z,Core,3,马林康的Apple Watch
87b1dd24-bc7c-4f04-aab4-5f7328eacf92,2026-07-05T21:26:50Z,2026-07-05T21:27:50Z,Awake,2,马林康的Apple Watch
d99c8613-feba-4766-8218-43101f58511f,2026-07-05T21:27:50Z,2026-07-05T21:29:20Z,Core,3,马林康的Apple Watch
7ac50063-edef-4e90-9831-fa117048a58a,2026-07-05T21:29:20Z,2026-07-05T21:42:19Z,REM,5,马林康的Apple Watch
18a76ec5-f6ea-4aeb-9e15-56a4d753fd9c,2026-07-05T21:42:19Z,2026-07-05T21:45:49Z,Awake,2,马林康的Apple Watch
c345485d-ad25-424f-8c6d-9655b808b2f4,2026-07-05T21:45:49Z,2026-07-05T22:25:46Z,Core,3,马林康的Apple Watch
2a24f2c5-d23a-4b08-8aba-8276493b8610,2026-07-05T22:25:46Z,2026-07-05T22:27:46Z,Awake,2,马林康的Apple Watch
a7f181b9-3df6-4924-ba45-6df1af7068ce,2026-07-05T22:27:46Z,2026-07-05T22:30:16Z,Core,3,马林康的Apple Watch
35576a09-4884-4c59-95ad-a1e6a8070ed6,2026-07-06T15:17:00Z,2026-07-06T22:30:00Z,In Bed,0,AutoSleep
9e61f2a3-9daf-4a98-a9bd-89319c7eeaf3,2026-07-06T15:17:00Z,2026-07-06T15:47:00Z,Asleep Unspecified,1,AutoSleep
84820b79-8f79-4c92-a49c-948aaf879ebe,2026-07-06T15:24:27Z,2026-07-06T15:38:26Z,Core,3,马林康的Apple Watch
40dba53b-7e03-4dec-9ac6-1bb139a52823,2026-07-06T15:38:26Z,2026-07-06T15:46:55Z,Deep,4,马林康的Apple Watch
7d4d584f-189d-4788-aa08-739aa0119172,2026-07-06T15:46:55Z,2026-07-06T15:48:25Z,Awake,2,马林康的Apple Watch
c70c531c-db83-472c-8b0a-d7fb70a01472,2026-07-06T15:48:00Z,2026-07-06T19:01:00Z,Asleep Unspecified,1,AutoSleep
12a9e54e-1731-44f9-98e3-450701a780c7,2026-07-06T15:48:25Z,2026-07-06T15:52:25Z,Core,3,马林康的Apple Watch
892f925c-807d-48d6-8d7f-12ed128a1513,2026-07-06T15:52:25Z,2026-07-06T15:53:25Z,Awake,2,马林康的Apple Watch
3e0195dc-d70e-457c-94ff-aa4444920745,2026-07-06T15:53:25Z,2026-07-06T16:06:54Z,Core,3,马林康的Apple Watch
51e6d39c-e4e8-403f-a978-95a241f2e426,2026-07-06T16:06:54Z,2026-07-06T16:25:23Z,Deep,4,马林康的Apple Watch
6df02a8f-e8d4-4c89-8adb-7dd1082c479a,2026-07-06T16:25:23Z,2026-07-06T16:27:52Z,Awake,2,马林康的Apple Watch
4a6283b7-4efb-4553-a819-6248c8874348,2026-07-06T16:27:52Z,2026-07-06T16:33:22Z,Core,3,马林康的Apple Watch
9f6baf90-0e04-43f3-a446-04ce653c037d,2026-07-06T16:33:22Z,2026-07-06T16:34:22Z,Awake,2,马林康的Apple Watch
46f433a6-4b2f-4d8b-a18f-d77196710535,2026-07-06T16:34:22Z,2026-07-06T17:17:19Z,Core,3,马林康的Apple Watch
2fca0f05-65b0-4be3-a474-25f40f935d1c,2026-07-06T17:17:19Z,2026-07-06T17:26:18Z,Deep,4,马林康的Apple Watch
1922ef9d-1ddc-489a-841b-a9a6a0b40bf2,2026-07-06T17:26:18Z,2026-07-06T17:27:18Z,Awake,2,马林康的Apple Watch
82d2a4f9-9aaa-4ced-b6b6-7675536fc424,2026-07-06T17:27:18Z,2026-07-06T18:01:16Z,Core,3,马林康的Apple Watch
d5f0c197-952f-4f36-b741-d55032ac2787,2026-07-06T18:01:16Z,2026-07-06T18:14:15Z,REM,5,马林康的Apple Watch
5554e643-0876-42e9-af3e-fa66c614f28f,2026-07-06T18:14:15Z,2026-07-06T18:17:45Z,Awake,2,马林康的Apple Watch
c38cfd7c-3805-4c51-8d21-f0b44fd1d39a,2026-07-06T18:17:45Z,2026-07-06T18:30:14Z,Core,3,马林康的Apple Watch
b2b825b8-6f46-402f-8866-456aa5734311,2026-07-06T18:30:14Z,2026-07-06T18:31:14Z,Awake,2,马林康的Apple Watch
f2f55109-a40a-4668-a4b4-c6db4cdfd252,2026-07-06T18:31:14Z,2026-07-06T19:00:12Z,Core,3,马林康的Apple Watch
90237c23-f8d1-4c53-91ee-26ad73421d88,2026-07-06T19:00:12Z,2026-07-06T19:10:41Z,Awake,2,马林康的Apple Watch
def34b60-4649-4bd1-a8bd-8da8db614ae1,2026-07-06T19:10:41Z,2026-07-06T19:16:40Z,Core,3,马林康的Apple Watch
71b06a1b-53c9-4e98-bfd3-3dd932de673a,2026-07-06T19:15:00Z,2026-07-06T21:30:00Z,Asleep Unspecified,1,AutoSleep
cd659744-6f4d-4076-8e15-a90abe1da8ed,2026-07-06T19:16:40Z,2026-07-06T19:17:10Z,Awake,2,马林康的Apple Watch
0a300c72-45a4-4cdf-9f6d-c4c577f18370,2026-07-06T19:17:10Z,2026-07-06T19:18:40Z,Core,3,马林康的Apple Watch
31af6280-1705-40da-ab50-c5cdc15d44ce,2026-07-06T19:18:40Z,2026-07-06T19:23:10Z,REM,5,马林康的Apple Watch
2595b570-6d5b-4a40-baef-28604a1fe54c,2026-07-06T19:23:10Z,2026-07-06T19:28:10Z,Core,3,马林康的Apple Watch
3bf3f703-60c0-41ef-823d-9d23c7506524,2026-07-06T19:28:10Z,2026-07-06T19:29:40Z,Awake,2,马林康的Apple Watch
9d79a933-719f-4fab-b162-61c31df98e5c,2026-07-06T19:29:40Z,2026-07-06T20:00:38Z,Core,3,马林康的Apple Watch
a62b8ad5-4527-46c1-9cc6-6f36161f7008,2026-07-06T20:00:38Z,2026-07-06T20:21:06Z,Deep,4,马林康的Apple Watch
96056eef-1d6f-482c-81e1-b4e8a9e4a384,2026-07-06T20:21:06Z,2026-07-06T20:32:06Z,Core,3,马林康的Apple Watch
e71fb732-22a8-4f77-a2f0-dfc1fb03315e,2026-07-06T20:32:06Z,2026-07-06T20:32:36Z,REM,5,马林康的Apple Watch
a3555f13-8a83-4ed1-97b0-e6bef44768ae,2026-07-06T20:32:36Z,2026-07-06T20:35:05Z,Core,3,马林康的Apple Watch
fb36540e-7459-446e-bf74-186f26755482,2026-07-06T20:35:05Z,2026-07-06T20:49:04Z,REM,5,马林康的Apple Watch
e8786fcd-f917-4b9e-ba24-f6a2237bde61,2026-07-06T20:49:04Z,2026-07-06T21:37:01Z,Core,3,马林康的Apple Watch
3650987d-6cf1-453c-807d-b9e4e0da7200,2026-07-06T21:37:01Z,2026-07-06T21:44:01Z,REM,5,马林康的Apple Watch
80053eeb-0546-410b-84a5-4b8793a43ebb,2026-07-06T21:44:01Z,2026-07-06T21:46:01Z,Awake,2,马林康的Apple Watch
db076a1a-76b1-4918-b489-bc4907de86d5,2026-07-06T21:45:00Z,2026-07-06T22:30:00Z,Asleep Unspecified,1,AutoSleep
7292ab3e-a4d3-4a8e-8735-a754d0bfdb7d,2026-07-06T21:46:01Z,2026-07-06T21:47:30Z,Core,3,马林康的Apple Watch
5b0a4458-8ef9-48b5-bd59-21e77896ece2,2026-07-06T21:47:30Z,2026-07-06T22:29:28Z,REM,5,马林康的Apple Watch
c5900b75-aa6d-48b4-898d-e5b7542206d1,2026-07-07T15:52:00Z,2026-07-07T23:44:00Z,Asleep Unspecified,1,AutoSleep
eaeb27ac-8bed-498c-81e5-a62cd3cc6458,2026-07-07T15:52:00Z,2026-07-07T23:44:00Z,In Bed,0,AutoSleep
b523df0e-1130-4dfe-868e-19337b7a3a6f,2026-07-07T16:06:16Z,2026-07-07T16:26:44Z,Core,3,马林康的Apple Watch
4cd0753c-e021-4156-96f5-502694a35d14,2026-07-07T16:26:44Z,2026-07-07T16:44:43Z,Deep,4,马林康的Apple Watch
d48269ad-8f0f-4951-8099-0a5fc5d8ef37,2026-07-07T16:44:43Z,2026-07-07T17:14:11Z,Core,3,马林康的Apple Watch
7ab328a2-3353-4d85-a5b7-e22977faaf20,2026-07-07T17:14:11Z,2026-07-07T17:31:10Z,Deep,4,马林康的Apple Watch
cdda8ae6-25d6-496a-a1b9-be01499a3c43,2026-07-07T17:31:10Z,2026-07-07T17:33:10Z,Core,3,马林康的Apple Watch
fc2700ad-c473-4678-8ed9-e49c57fba77c,2026-07-07T17:33:10Z,2026-07-07T17:50:09Z,REM,5,马林康的Apple Watch
0d41d56f-131f-4dbd-bd9e-4a1ad4f4f5a8,2026-07-07T17:50:09Z,2026-07-07T19:09:03Z,Core,3,马林康的Apple Watch
04856367-5912-4361-92a0-cfc3aa69ef38,2026-07-07T19:09:03Z,2026-07-07T19:13:03Z,Awake,2,马林康的Apple Watch
b5720f92-0339-4b06-abdb-68922aebcd29,2026-07-07T19:13:03Z,2026-07-07T20:07:29Z,Core,3,马林康的Apple Watch
002a10cd-aa57-46ed-8994-f885855234ca,2026-07-07T20:07:29Z,2026-07-07T20:16:29Z,REM,5,马林康的Apple Watch
49bbd885-c330-45f7-a3a7-58b97f93f0ab,2026-07-07T20:16:29Z,2026-07-07T21:03:56Z,Core,3,马林康的Apple Watch
cbd8b95b-c64e-4b40-930f-3ef3d80b221f,2026-07-07T21:03:56Z,2026-07-07T21:49:22Z,REM,5,马林康的Apple Watch
c5c92bf5-99d9-46b1-bcd8-7e9073bbab3c,2026-07-07T21:49:22Z,2026-07-07T21:58:22Z,Awake,2,马林康的Apple Watch
d3022c2e-d378-4c67-93bc-d64295ea01db,2026-07-07T21:58:22Z,2026-07-07T22:32:20Z,Core,3,马林康的Apple Watch
6881d911-2906-46b4-959d-5e87fa69ae8d,2026-07-07T22:32:20Z,2026-07-07T22:34:49Z,Awake,2,马林康的Apple Watch
5d76fbdc-8401-4ec8-bcae-52272c3731f2,2026-07-07T22:34:49Z,2026-07-07T22:46:19Z,Core,3,马林康的Apple Watch
9ae76d88-e313-4db4-bbf2-51092dd24deb,2026-07-07T22:46:19Z,2026-07-07T22:48:48Z,REM,5,马林康的Apple Watch
b5998fa9-01bc-46ec-bcbf-de49e1c7e486,2026-07-07T22:48:48Z,2026-07-07T22:50:18Z,Core,3,马林康的Apple Watch
44d9505b-1ba8-4e48-93fa-9ba53b48e601,2026-07-07T22:50:18Z,2026-07-07T22:54:48Z,REM,5,马林康的Apple Watch
10c98f5d-fc0b-4b7d-a665-486e9e9d4882,2026-07-07T22:54:48Z,2026-07-07T22:56:48Z,Awake,2,马林康的Apple Watch
12320056-4b21-4a06-bedb-3c3b0886aa13,2026-07-07T22:56:48Z,2026-07-07T23:12:47Z,Core,3,马林康的Apple Watch
b2b6e3bb-58e5-408f-a49c-91788b528888,2026-07-07T23:12:47Z,2026-07-07T23:20:46Z,Awake,2,马林康的Apple Watch
1bcf288b-890a-4a7b-8f75-fb83de2686b9,2026-07-07T23:20:46Z,2026-07-07T23:22:46Z,Core,3,马林康的Apple Watch
0a53c380-7af5-439f-9554-e963a7328687,2026-07-08T16:39:00Z,2026-07-09T00:57:00Z,In Bed,0,AutoSleep
7d9a3ef5-6884-4a5e-9083-7a0049a979ab,2026-07-08T16:39:00Z,2026-07-09T00:57:00Z,Asleep Unspecified,1,AutoSleep
47ffea88-7eba-4422-8955-ea0815920f96,2026-07-08T17:09:01Z,2026-07-08T17:29:30Z,Core,3,马林康的Apple Watch
0be1bcc8-3d6d-4ef1-966b-e6c0f127b119,2026-07-08T17:29:30Z,2026-07-08T17:35:00Z,Deep,4,马林康的Apple Watch
fe505d7a-9e2f-47cb-8f28-17bdedf24d0a,2026-07-08T17:35:00Z,2026-07-08T17:40:59Z,Core,3,马林康的Apple Watch
e64a9ecd-f765-4e7d-a7bd-8da6695b4725,2026-07-08T17:40:59Z,2026-07-08T17:55:28Z,Deep,4,马林康的Apple Watch
ff44ca62-4bd3-4291-b7b3-002e364502ea,2026-07-08T17:55:28Z,2026-07-08T18:08:57Z,Core,3,马林康的Apple Watch
5039d4c9-4e7f-437a-9ccf-c40450ade0ec,2026-07-08T18:08:57Z,2026-07-08T18:12:27Z,Awake,2,马林康的Apple Watch
a38e346a-1c38-48ec-acf6-c7b48b0aee99,2026-07-08T18:12:27Z,2026-07-08T18:42:55Z,Core,3,马林康的Apple Watch
796d6fb0-ff3b-4e9e-8b5d-284f30e43dfb,2026-07-08T18:42:55Z,2026-07-08T18:45:25Z,Awake,2,马林康的Apple Watch
ad408007-b9af-440f-baaa-7c03b15eb77c,2026-07-08T18:45:25Z,2026-07-08T19:02:54Z,Core,3,马林康的Apple Watch
8b196e74-3977-40ba-93b6-e71d838d270c,2026-07-08T19:02:54Z,2026-07-08T19:07:23Z,REM,5,马林康的Apple Watch
7ed2cf7e-e0cf-4b21-8d16-f9f033630163,2026-07-08T19:07:23Z,2026-07-08T19:11:23Z,Awake,2,马林康的Apple Watch
8647c5f2-141b-4c34-91fb-9066845ada29,2026-07-08T19:11:23Z,2026-07-08T19:12:23Z,Core,3,马林康的Apple Watch
863e8a98-bd0d-4d8a-92fa-13ca5550ac2a,2026-07-08T19:12:23Z,2026-07-08T19:19:22Z,Awake,2,马林康的Apple Watch
cfe033aa-730f-4ec8-891e-3a0a82e2e071,2026-07-08T19:19:22Z,2026-07-08T19:51:20Z,Core,3,马林康的Apple Watch
bde73789-ff68-4bbd-8fe9-fdd03ec711cc,2026-07-08T19:51:20Z,2026-07-08T19:51:50Z,Deep,4,马林康的Apple Watch
0a3d8dac-356c-43d0-8ba5-c83bf8a38b33,2026-07-08T19:51:50Z,2026-07-08T19:53:20Z,Core,3,马林康的Apple Watch
bb240c7c-dad0-45e6-8e7d-26763e7466a9,2026-07-08T19:53:20Z,2026-07-08T20:02:20Z,Deep,4,马林康的Apple Watch
55bb522a-633d-42ab-bd14-504b0bcf0c89,2026-07-08T20:02:20Z,2026-07-08T20:03:50Z,Core,3,马林康的Apple Watch
cca98e8b-5d30-405d-a552-5248279f661f,2026-07-08T20:03:50Z,2026-07-08T20:06:50Z,Deep,4,马林康的Apple Watch
0c3d4fa8-891b-48b0-a8f8-a7eaf63c9587,2026-07-08T20:06:50Z,2026-07-08T20:19:19Z,Core,3,马林康的Apple Watch
86046d00-816e-4e92-9e4b-22b3a1ac36da,2026-07-08T20:19:19Z,2026-07-08T20:24:18Z,REM,5,马林康的Apple Watch
0853ca77-8958-4673-aa39-a5f41f22a086,2026-07-08T20:24:18Z,2026-07-08T20:28:48Z,Core,3,马林康的Apple Watch
5e9f6c13-2c80-4624-8e03-4a5809a6e49d,2026-07-08T20:28:48Z,2026-07-08T20:41:17Z,REM,5,马林康的Apple Watch
36386205-1398-43fd-9154-6a680e52b3d1,2026-07-08T20:41:17Z,2026-07-08T20:46:17Z,Awake,2,马林康的Apple Watch
9e870f3b-bf23-4b1d-bb08-5c894c2ce285,2026-07-08T20:46:17Z,2026-07-08T21:57:12Z,Core,3,马林康的Apple Watch
cb08b6e3-32de-4886-9bd8-9fb7ddee1929,2026-07-08T21:57:12Z,2026-07-08T22:02:12Z,Awake,2,马林康的Apple Watch
b6d03e6b-feb8-4e60-b66d-f33c4a1aca0c,2026-07-08T22:02:12Z,2026-07-08T22:03:12Z,Core,3,马林康的Apple Watch
9bb87905-7c14-4a09-a3a1-f022b73d2a6b,2026-07-08T22:03:12Z,2026-07-08T22:20:11Z,REM,5,马林康的Apple Watch
00cbffab-c964-4daa-83ae-bb7b9ee05f9c,2026-07-08T22:20:11Z,2026-07-08T23:43:05Z,Core,3,马林康的Apple Watch
ec55350d-8a2e-4eed-bdff-48c4e47e8b25,2026-07-08T23:43:05Z,2026-07-09T00:07:33Z,REM,5,马林康的Apple Watch
d2fac8a5-fe58-425f-a1a2-43b73d077b9b,2026-07-09T00:07:33Z,2026-07-09T00:11:33Z,Awake,2,马林康的Apple Watch
0c3682c0-983b-476d-8eb8-ae7d2da7b1c2,2026-07-09T00:11:33Z,2026-07-09T00:54:00Z,Core,3,马林康的Apple Watch
bd6fdc45-9b57-4c42-9ca2-9f1255fdb0eb,2026-07-09T00:54:00Z,2026-07-09T00:56:30Z,Deep,4,马林康的Apple Watch
b746e193-e07e-4ff8-9834-b665613cc97a,2026-07-09T00:56:30Z,2026-07-09T00:57:00Z,Core,3,马林康的Apple Watch
8b84f271-ee14-47d1-9b3a-0d14d35bb3ee,2026-07-09T00:57:00Z,2026-07-09T01:02:30Z,Awake,2,马林康的Apple Watch
a136fc0e-ebaa-4398-9243-7a299132ce55,2026-07-09T01:02:30Z,2026-07-09T01:03:30Z,Core,3,马林康的Apple Watch
b0487910-2c8a-4df2-a2cb-9277985c2674,2026-07-09T16:45:00Z,2026-07-09T23:48:00Z,In Bed,0,AutoSleep
d2563f73-82be-4583-af96-3191540d08f8,2026-07-09T16:45:00Z,2026-07-09T16:56:00Z,Asleep Unspecified,1,AutoSleep
07c84c4a-01b0-4df6-8d8d-9226679c1a66,2026-07-09T18:29:19Z,2026-07-09T19:04:47Z,Core,3,马林康的Apple Watch
f4e9adbc-ec59-4099-86e4-cb56c517afa2,2026-07-09T18:30:00Z,2026-07-09T23:48:00Z,Asleep Unspecified,1,AutoSleep
8e0e9758-6ab7-48e4-8768-685b71dff0d4,2026-07-09T19:04:47Z,2026-07-09T19:25:15Z,Deep,4,马林康的Apple Watch
fb6a6ede-c6e0-4155-9298-8fe0b9c2db2f,2026-07-09T19:25:15Z,2026-07-09T19:49:44Z,Core,3,马林康的Apple Watch
b8598c31-1e71-4d88-9e80-6de1a9fd2506,2026-07-09T19:49:44Z,2026-07-09T19:52:44Z,Awake,2,马林康的Apple Watch
598d341a-7b1b-4262-a6c8-d47fb355b774,2026-07-09T19:52:44Z,2026-07-09T20:22:42Z,Core,3,马林康的Apple Watch
54b451f0-be2c-4b4f-94c7-3650c3947427,2026-07-09T20:22:42Z,2026-07-09T20:38:40Z,Deep,4,马林康的Apple Watch
da593fd7-3fea-47f1-85f9-63ed02725091,2026-07-09T20:38:40Z,2026-07-09T20:55:09Z,Core,3,马林康的Apple Watch
44d9f0e3-8e52-43a7-a8fb-6966279935a4,2026-07-09T20:55:09Z,2026-07-09T21:05:38Z,REM,5,马林康的Apple Watch
ee6becbf-2f48-4d44-a01f-46a52b847688,2026-07-09T21:05:38Z,2026-07-09T21:10:38Z,Awake,2,马林康的Apple Watch
1064a2ae-63e3-4876-a3f5-aceb0d23ae12,2026-07-09T21:10:38Z,2026-07-09T22:26:03Z,Core,3,马林康的Apple Watch
c0aca337-e7f6-4496-95a3-fd6858afe39b,2026-07-09T22:26:03Z,2026-07-09T23:06:01Z,REM,5,马林康的Apple Watch
c1a754a1-34cf-43ee-b5e3-f277f119b561,2026-07-09T23:06:01Z,2026-07-09T23:46:58Z,Core,3,马林康的Apple Watch
8cc48e57-5336-4f83-804a-e68a6d2032a1,2026-07-10T06:26:00Z,2026-07-10T07:23:00Z,Asleep Unspecified,1,AutoSleep
eb33e8f2-44b7-4076-a1bb-b12e580bed48,2026-07-10T06:26:00Z,2026-07-10T07:23:00Z,In Bed,0,AutoSleep
40d842b7-31b8-43ab-9ad2-349ecba3a793,2026-07-10T18:44:18Z,2026-07-10T19:03:46Z,Core,3,马林康的Apple Watch
1ccfe4f4-abba-43e4-96fe-34abfcbeb74f,2026-07-10T18:45:00Z,2026-07-10T23:15:00Z,Asleep Unspecified,1,AutoSleep
b6d08c4d-6dc9-4da4-ba40-910e25ed2517,2026-07-10T18:45:00Z,2026-07-11T02:13:00Z,In Bed,0,AutoSleep
d922d08e-c34f-4c25-866c-ba866d2a6fbb,2026-07-10T19:03:46Z,2026-07-10T19:12:46Z,Deep,4,马林康的Apple Watch
41158853-dc95-46d2-94c7-3593555c914c,2026-07-10T19:12:46Z,2026-07-10T19:19:45Z,Core,3,马林康的Apple Watch
c32ff923-6e66-4f2d-8766-0b7f3d673ed5,2026-07-10T19:19:45Z,2026-07-10T19:56:13Z,Deep,4,马林康的Apple Watch
d3363b53-c515-4d80-9a82-d80198e608dc,2026-07-10T19:56:13Z,2026-07-10T19:58:12Z,Awake,2,马林康的Apple Watch
90e1e05c-380a-44de-97cc-e64739a9fdcd,2026-07-10T19:58:12Z,2026-07-10T20:02:12Z,Core,3,马林康的Apple Watch
19493ea4-7fa1-4302-8d6a-be52905d6896,2026-07-10T20:02:12Z,2026-07-10T20:11:41Z,REM,5,马林康的Apple Watch
d8e4f2df-4c41-45eb-be96-f87a766ceee9,2026-07-10T20:11:41Z,2026-07-10T20:20:11Z,Core,3,马林康的Apple Watch
525fae0c-21d2-4216-b371-1522ea3e04af,2026-07-10T20:20:11Z,2026-07-10T20:22:41Z,REM,5,马林康的Apple Watch
295e191a-79aa-4678-937b-792789e888ee,2026-07-10T20:22:41Z,2026-07-10T21:09:38Z,Core,3,马林康的Apple Watch
f60ca0ef-766e-4e38-80d6-9ed6138bb8e3,2026-07-10T21:09:38Z,2026-07-10T21:12:07Z,Deep,4,马林康的Apple Watch
1ae3218a-d70c-4473-8e6c-d2dd02b2f1cc,2026-07-10T21:12:07Z,2026-07-10T21:36:06Z,Core,3,马林康的Apple Watch
17834dd8-af22-49fd-8f70-2214de0bbf41,2026-07-10T21:36:06Z,2026-07-10T22:19:03Z,REM,5,马林康的Apple Watch
35902ad9-2987-4091-a504-7c72be7a499c,2026-07-10T22:19:03Z,2026-07-10T22:59:30Z,Core,3,马林康的Apple Watch
1b113b8e-63f8-4465-81a7-212efc567d0a,2026-07-10T22:59:30Z,2026-07-10T23:11:59Z,Deep,4,马林康的Apple Watch
594069e7-42b5-4a29-b19e-5f56f68e22d8,2026-07-10T23:11:59Z,2026-07-10T23:13:59Z,Core,3,马林康的Apple Watch
cbd4a204-dd5e-4dfd-bb7c-936cbf087aa5,2026-07-10T23:13:59Z,2026-07-10T23:14:59Z,Deep,4,马林康的Apple Watch
a3c245e7-00a0-4bbe-aa7e-027f44bafb9c,2026-07-10T23:14:59Z,2026-07-10T23:15:29Z,Core,3,马林康的Apple Watch
4822458e-a775-4048-a1ff-083d43ed5ee0,2026-07-10T23:15:29Z,2026-07-10T23:17:29Z,Awake,2,马林康的Apple Watch
f740d4c6-8802-4889-b92c-0a72a134b734,2026-07-10T23:17:29Z,2026-07-10T23:20:59Z,Core,3,马林康的Apple Watch
8c071357-0c6f-4d18-b5e2-d379e219e988,2026-07-10T23:20:59Z,2026-07-10T23:28:28Z,Awake,2,马林康的Apple Watch
982b9b67-1cce-449a-9fdb-6931d837debf,2026-07-10T23:28:28Z,2026-07-10T23:28:58Z,Core,3,马林康的Apple Watch
abe2b86f-414c-4675-8460-e0b0d2dbc16b,2026-07-10T23:28:58Z,2026-07-10T23:31:28Z,REM,5,马林康的Apple Watch
1ec76c17-bd16-4e08-b6bd-3737ed8719ab,2026-07-10T23:31:28Z,2026-07-10T23:35:58Z,Awake,2,马林康的Apple Watch
1cbdd1ff-83d3-479d-bb46-f771b60c9d22,2026-07-10T23:33:00Z,2026-07-11T02:13:00Z,Asleep Unspecified,1,AutoSleep
bb206775-428b-4536-8012-1c1567cbd724,2026-07-10T23:35:58Z,2026-07-10T23:44:57Z,Core,3,马林康的Apple Watch
52e229ff-d1be-4162-beac-7ca5b9e17c54,2026-07-10T23:44:57Z,2026-07-10T23:47:27Z,Awake,2,马林康的Apple Watch
22677fed-2668-4c69-a40e-9bd5a307f2c0,2026-07-10T23:47:27Z,2026-07-10T23:50:57Z,Core,3,马林康的Apple Watch
8ccced74-28a3-4431-838f-1f2bff1400c8,2026-07-10T23:50:57Z,2026-07-10T23:52:57Z,Awake,2,马林康的Apple Watch
1fad089d-e920-42bb-baa5-b80078102b66,2026-07-10T23:52:57Z,2026-07-10T23:56:56Z,Core,3,马林康的Apple Watch
7a2608d6-b2b7-42e0-ac36-a7cf6716acf3,2026-07-10T23:56:56Z,2026-07-10T23:58:56Z,Awake,2,马林康的Apple Watch
cc67bf8f-df15-4abb-a021-5aafa7603f67,2026-07-10T23:58:56Z,2026-07-11T00:49:53Z,Core,3,马林康的Apple Watch
b8f8c4f4-b296-42d9-874e-9b27963eb92a,2026-07-11T00:49:53Z,2026-07-11T00:52:52Z,REM,5,马林康的Apple Watch
3bbf1ba4-83e1-4c06-b17d-b9e6b72f404c,2026-07-11T00:52:52Z,2026-07-11T00:55:52Z,Awake,2,马林康的Apple Watch
4ebe1083-dc19-4fa0-a5a4-2f9b23867186,2026-07-11T00:55:52Z,2026-07-11T00:57:52Z,Core,3,马林康的Apple Watch
ce7f5b53-1af5-43fd-a858-1e93c9e56749,2026-07-11T00:57:52Z,2026-07-11T01:29:50Z,REM,5,马林康的Apple Watch
8234d305-1592-45be-8232-2c0225a2882f,2026-07-11T01:29:50Z,2026-07-11T01:31:20Z,Core,3,马林康的Apple Watch
56f784cf-9866-4408-bdd7-1d7d88ebe7e8,2026-07-11T01:31:20Z,2026-07-11T01:33:20Z,Awake,2,马林康的Apple Watch
6651ed2b-f270-4015-ae6d-c9279c36a063,2026-07-11T01:33:20Z,2026-07-11T02:16:46Z,Core,3,马林康的Apple Watch
74f09609-8e24-4078-beda-6253edc91550,2026-07-12T16:15:00Z,2026-07-12T23:09:00Z,In Bed,0,AutoSleep
fe63f546-999a-4bd4-97e7-9122a242c7e9,2026-07-12T16:15:00Z,2026-07-12T23:09:00Z,Asleep Unspecified,1,AutoSleep
cb8a6943-ff5b-4904-bdb4-b39aa0376622,2026-07-12T16:25:23Z,2026-07-12T16:29:53Z,Core,3,马林康的Apple Watch
ef118de5-9bef-4f34-bec9-c77c6ace0dc9,2026-07-12T16:29:53Z,2026-07-12T16:33:23Z,Awake,2,马林康的Apple Watch
f3c39881-6b0d-4c20-97bd-3bb9f2029136,2026-07-12T16:33:23Z,2026-07-12T16:45:22Z,Core,3,马林康的Apple Watch
3c486c2e-86a3-45dd-a4e7-9395b3f4920d,2026-07-12T16:45:22Z,2026-07-12T16:56:21Z,Deep,4,马林康的Apple Watch
c2befb04-997e-4970-a3df-e00e9b811c9f,2026-07-12T16:56:21Z,2026-07-12T17:20:19Z,Core,3,马林康的Apple Watch
7bb2990c-b554-4dba-933a-0c182a7b4382,2026-07-12T17:20:19Z,2026-07-12T17:34:48Z,Deep,4,马林康的Apple Watch
b2e7eeb8-7bdc-40d0-afc5-2f3072dbeac4,2026-07-12T17:34:48Z,2026-07-12T17:39:18Z,Core,3,马林康的Apple Watch
d1d6c633-a989-44eb-bd4b-64b93857c209,2026-07-12T17:39:18Z,2026-07-12T17:42:18Z,Deep,4,马林康的Apple Watch
cdc29fb8-4f62-4839-98d6-e198edcc2442,2026-07-12T17:42:18Z,2026-07-12T17:47:47Z,Core,3,马林康的Apple Watch
ed5172a4-92c5-4a09-8228-57b8a50b9434,2026-07-12T17:47:47Z,2026-07-12T18:08:16Z,REM,5,马林康的Apple Watch
877cf3d7-10ae-4973-95ab-e90a5a8600dd,2026-07-12T18:08:16Z,2026-07-12T18:11:46Z,Awake,2,马林康的Apple Watch
1eedf9f3-5702-43e9-85b9-00f778053eac,2026-07-12T18:11:46Z,2026-07-12T18:45:43Z,Core,3,马林康的Apple Watch
905455ff-179c-4fa2-937c-d0ed7259ae42,2026-07-12T18:45:43Z,2026-07-12T18:48:13Z,Deep,4,马林康的Apple Watch
af11f9cf-646a-451d-9388-75f95862e27a,2026-07-12T18:48:13Z,2026-07-12T18:52:13Z,Core,3,马林康的Apple Watch
c28fb9d8-59b9-47cd-8091-3875e81e222a,2026-07-12T18:52:13Z,2026-07-12T18:55:42Z,Deep,4,马林康的Apple Watch
1fd4ee3d-265b-42bc-b7e3-ff950010a1dc,2026-07-12T18:55:42Z,2026-07-12T19:24:40Z,Core,3,马林康的Apple Watch
eecc9945-5322-44d9-85ba-a9bcb7f14c76,2026-07-12T19:24:40Z,2026-07-12T19:25:40Z,Awake,2,马林康的Apple Watch
78d2e8cb-2bf4-4402-a1ba-af9296548b86,2026-07-12T19:25:40Z,2026-07-12T19:44:39Z,Core,3,马林康的Apple Watch
8e8c07db-8881-42a8-b300-c3eabf7043f3,2026-07-12T19:44:39Z,2026-07-12T19:59:38Z,Deep,4,马林康的Apple Watch
0b6255aa-aec9-43f6-903b-cd10aa4cc1c9,2026-07-12T19:59:38Z,2026-07-12T20:02:08Z,Awake,2,马林康的Apple Watch
7c780a3e-cb46-4de9-9452-fe6e61366d82,2026-07-12T20:02:08Z,2026-07-12T20:11:37Z,Core,3,马林康的Apple Watch
a4d93a23-4cec-4f38-acb8-f898ce5ce3cc,2026-07-12T20:11:37Z,2026-07-12T20:15:07Z,REM,5,马林康的Apple Watch
7b4697c4-a09d-447d-8cd9-928b80934f29,2026-07-12T20:15:07Z,2026-07-12T20:18:06Z,Core,3,马林康的Apple Watch
c8f7930a-443c-4a30-a33b-3262f902d3cc,2026-07-12T20:18:06Z,2026-07-12T20:20:06Z,Awake,2,马林康的Apple Watch
f39070f7-aecb-4814-8b7f-3a2f26ab3916,2026-07-12T20:20:06Z,2026-07-12T20:33:35Z,Core,3,马林康的Apple Watch
97473313-bf7c-44e0-84d9-4c076373f4fe,2026-07-12T20:33:35Z,2026-07-12T20:34:35Z,Awake,2,马林康的Apple Watch
a106ef40-8145-4904-8375-8bafa42c14c6,2026-07-12T20:34:35Z,2026-07-12T21:08:33Z,Core,3,马林康的Apple Watch
3bf2ecf6-4fef-4ebf-bf11-db9fdde12edb,2026-07-12T21:08:33Z,2026-07-12T21:13:03Z,Deep,4,马林康的Apple Watch
8a5b5013-bbab-4d10-8aa3-6a5294e9ae49,2026-07-12T21:13:03Z,2026-07-12T21:15:33Z,Core,3,马林康的Apple Watch
b4ea2e38-d969-4ff5-b1c5-b0c7528f5669,2026-07-12T21:15:33Z,2026-07-12T21:16:33Z,Awake,2,马林康的Apple Watch
cad3453a-c3bb-4d4c-afbe-9373305b7ba5,2026-07-12T21:16:33Z,2026-07-12T21:21:32Z,Core,3,马林康的Apple Watch
ef0c7e58-f3e1-4523-b09c-d63fa877c03a,2026-07-12T21:21:32Z,2026-07-12T21:59:00Z,REM,5,马林康的Apple Watch
c0beb0f0-24cd-464c-815d-0bd6b54e4093,2026-07-12T21:59:00Z,2026-07-12T22:02:29Z,Awake,2,马林康的Apple Watch
7c740bad-a04d-46c2-83f6-83649da9f4ac,2026-07-12T22:02:29Z,2026-07-12T22:30:27Z,Core,3,马林康的Apple Watch
77b86f9b-b163-4893-8a8e-a2b0a9f5088b,2026-07-12T22:30:27Z,2026-07-12T22:33:57Z,Awake,2,马林康的Apple Watch
6487f07b-c41a-4e00-9244-d3e1668fe55a,2026-07-12T22:33:57Z,2026-07-12T22:35:27Z,Core,3,马林康的Apple Watch
2d776533-0b57-4274-8c28-2bebcef6b17c,2026-07-12T22:35:27Z,2026-07-12T22:36:27Z,Awake,2,马林康的Apple Watch
b311cf1a-0da7-42e8-a0bc-124718993698,2026-07-12T22:36:27Z,2026-07-12T22:40:27Z,Core,3,马林康的Apple Watch
6c209f7d-d849-4dd3-8e2b-bd884248d2b6,2026-07-13T16:15:00Z,2026-07-13T22:48:00Z,In Bed,0,AutoSleep
6cdd8ad3-2ea8-4171-8a3d-ef0ad8eb93d0,2026-07-13T16:15:00Z,2026-07-13T21:19:00Z,Asleep Unspecified,1,AutoSleep
82499d9d-7b69-4214-8012-c61fb8f60d58,2026-07-13T16:20:14Z,2026-07-13T16:44:42Z,Core,3,马林康的Apple Watch
0ed91e29-969f-433e-b360-02713e87b62e,2026-07-13T16:44:42Z,2026-07-13T17:20:40Z,Deep,4,马林康的Apple Watch
7fd24994-13f4-4c67-8787-e5408eed507a,2026-07-13T17:20:40Z,2026-07-13T17:21:10Z,Awake,2,马林康的Apple Watch
508c8c9d-8dff-4d97-9d2a-19daee6e252d,2026-07-13T17:21:10Z,2026-07-13T17:34:39Z,Core,3,马林康的Apple Watch
517a6717-8c05-4cd0-8e77-9ffea392528a,2026-07-13T17:34:39Z,2026-07-13T17:35:39Z,Awake,2,马林康的Apple Watch
729b173e-4366-42e2-91a9-96b8118140bf,2026-07-13T17:35:39Z,2026-07-13T17:58:37Z,Core,3,马林康的Apple Watch
0a969e52-ffec-4c22-a117-dd0e271ed6c4,2026-07-13T17:58:37Z,2026-07-13T18:12:06Z,Deep,4,马林康的Apple Watch
ef327a53-ba3d-4ed7-8766-384412222d7a,2026-07-13T18:12:06Z,2026-07-13T18:17:35Z,Core,3,马林康的Apple Watch
4804718e-f8d8-4937-9f6d-4d420b0daf27,2026-07-13T18:17:35Z,2026-07-13T18:47:03Z,REM,5,马林康的Apple Watch
b9ca5e16-6232-45d3-97a7-8945a27c6e8c,2026-07-13T18:47:03Z,2026-07-13T18:53:03Z,Awake,2,马林康的Apple Watch
cbe9b8fc-d3e6-4aa4-a344-4b60f4a0f845,2026-07-13T18:53:03Z,2026-07-13T19:43:29Z,Core,3,马林康的Apple Watch
a3aef44b-48b7-4ad3-a5ea-e91f53686da8,2026-07-13T19:43:29Z,2026-07-13T19:44:59Z,Awake,2,马林康的Apple Watch
cf6e8b19-208f-48ab-a9d4-d78c935182e3,2026-07-13T19:44:59Z,2026-07-13T20:11:27Z,Core,3,马林康的Apple Watch
f67c6859-3158-414b-b726-5e06f3bf9fa1,2026-07-13T20:11:27Z,2026-07-13T20:15:27Z,REM,5,马林康的Apple Watch
d8bf0f4d-9539-4c9e-83cb-90e412ece158,2026-07-13T20:15:27Z,2026-07-13T20:17:27Z,Core,3,马林康的Apple Watch
e54e632d-62e0-40b4-a454-d0ea735f5b5a,2026-07-13T20:17:27Z,2026-07-13T20:27:56Z,REM,5,马林康的Apple Watch
48110a93-08db-495b-ab97-76dde5ae77fd,2026-07-13T20:27:56Z,2026-07-13T20:29:56Z,Awake,2,马林康的Apple Watch
11ad58a9-e2ee-46d8-9dd6-9012ca08ce45,2026-07-13T20:29:56Z,2026-07-13T21:18:23Z,Core,3,马林康的Apple Watch
f3737ff2-1754-4e4f-ad1e-0a12706d3cbe,2026-07-13T21:18:23Z,2026-07-13T21:24:22Z,Awake,2,马林康的Apple Watch
58ce6c94-36fc-4630-a354-90897eda61c1,2026-07-13T21:24:00Z,2026-07-13T22:03:00Z,Asleep Unspecified,1,AutoSleep
1b828f37-db14-4daa-bf6c-d90a8673e7bc,2026-07-13T21:24:22Z,2026-07-13T22:02:50Z,Core,3,马林康的Apple Watch
7ab3438c-4e54-4dd1-85a6-781cb979c473,2026-07-13T22:02:50Z,2026-07-13T22:08:49Z,Awake,2,马林康的Apple Watch
c8e5d77c-ad2b-48e6-9796-7c5e13b596ac,2026-07-13T22:08:49Z,2026-07-13T22:12:49Z,Core,3,马林康的Apple Watch
aa717771-aafc-42cb-af6d-a6a1e0d6fc2b,2026-07-13T22:12:49Z,2026-07-13T22:19:48Z,REM,5,马林康的Apple Watch
3060af79-2cc3-48a3-bc10-e3017aed184c,2026-07-13T22:14:00Z,2026-07-13T22:48:00Z,Asleep Unspecified,1,AutoSleep
e0cefba1-5ac5-4c6e-9ea8-a38f07f8d17f,2026-07-13T22:19:48Z,2026-07-13T22:23:48Z,Awake,2,马林康的Apple Watch
ae1ef45c-053e-44d4-a083-b350936524d0,2026-07-13T22:23:48Z,2026-07-13T22:38:47Z,Core,3,马林康的Apple Watch
60c65c9a-df41-4e4a-ba83-961b7c0b015f,2026-07-14T05:10:00Z,2026-07-14T05:32:00Z,In Bed,0,AutoSleep
e88b2eee-d600-4c02-94b6-04a3484d5d02,2026-07-14T05:10:00Z,2026-07-14T05:32:00Z,Asleep Unspecified,1,AutoSleep
6118607c-e5ef-47a0-a9dc-2829f43bf040,2026-07-16T16:00:00Z,2026-07-16T23:31:00Z,In Bed,0,AutoSleep
e0cb5329-111d-4cc2-bd3d-e144b54d119b,2026-07-16T16:00:00Z,2026-07-16T16:31:00Z,Asleep Unspecified,1,AutoSleep
bc90c74c-74bf-4bc2-ae00-06a48d67dbb4,2026-07-16T17:25:00Z,2026-07-16T19:00:00Z,Asleep Unspecified,1,AutoSleep
6f1e04ef-8ff9-48f7-a542-247aeb0b0d75,2026-07-16T17:34:12Z,2026-07-16T17:37:42Z,Core,3,马林康的Apple Watch
bfbf8bb7-0196-452b-bb0a-a859705fec8e,2026-07-16T17:37:42Z,2026-07-16T17:39:12Z,Awake,2,马林康的Apple Watch
8fbf9260-6055-4207-8abe-c6a71ea9e3e9,2026-07-16T17:39:12Z,2026-07-16T17:55:41Z,Core,3,马林康的Apple Watch
3f7c3151-6593-439c-bf1d-035ed4645df3,2026-07-16T17:55:41Z,2026-07-16T17:58:11Z,Deep,4,马林康的Apple Watch
e9ac60b3-7061-4505-93e4-454d0099aeb7,2026-07-16T17:58:11Z,2026-07-16T18:00:10Z,Awake,2,马林康的Apple Watch
30561f31-89ef-4070-aae3-f8ea2735ead5,2026-07-16T18:00:10Z,2026-07-16T18:10:10Z,Core,3,马林康的Apple Watch
0e4a1f41-302f-4326-a885-1220a376508e,2026-07-16T18:10:10Z,2026-07-16T18:27:39Z,Deep,4,马林康的Apple Watch
c64c2673-cd75-4d3f-81dc-6ec208cb780b,2026-07-16T18:27:39Z,2026-07-16T18:33:38Z,Core,3,马林康的Apple Watch
077aeb7f-ad62-4086-8fd8-fb4ef1fb5e48,2026-07-16T18:33:38Z,2026-07-16T19:00:36Z,Deep,4,马林康的Apple Watch
0f5df35e-d7f8-4591-9585-98745b86327b,2026-07-16T19:00:36Z,2026-07-16T19:02:06Z,Awake,2,马林康的Apple Watch
3be43154-2f3c-4400-86ff-1725b6aca7da,2026-07-16T19:02:06Z,2026-07-16T19:05:06Z,Core,3,马林康的Apple Watch
28c83bbf-e346-48b9-bab7-1d39e228852a,2026-07-16T19:05:06Z,2026-07-16T19:14:06Z,REM,5,马林康的Apple Watch
12eb020a-7151-49e8-83e8-b4c729973fc3,2026-07-16T19:14:06Z,2026-07-16T19:38:04Z,Core,3,马林康的Apple Watch
7980e1d2-647a-4a44-96d0-364ae6bdb51a,2026-07-16T19:15:00Z,2026-07-16T21:54:00Z,Asleep Unspecified,1,AutoSleep
9842ed53-d5e9-4828-b119-c40e8f66c577,2026-07-16T19:38:04Z,2026-07-16T19:47:33Z,Deep,4,马林康的Apple Watch
6a3c8776-941a-42c1-aae8-bc54f12932f1,2026-07-16T19:47:33Z,2026-07-16T20:34:00Z,Core,3,马林康的Apple Watch
bd64fcef-e74f-48a4-a38b-daac7f3b57ab,2026-07-16T20:34:00Z,2026-07-16T20:35:00Z,REM,5,马林康的Apple Watch
6b10f8cc-b5bb-476a-accc-86d2772a36c0,2026-07-16T20:35:00Z,2026-07-16T20:37:00Z,Core,3,马林康的Apple Watch
60ef8206-7ac7-43b3-91b7-f5984e6008f4,2026-07-16T20:37:00Z,2026-07-16T20:47:29Z,REM,5,马林康的Apple Watch
c30ea769-da88-4379-8575-d38629fc380f,2026-07-16T20:47:29Z,2026-07-16T21:31:26Z,Core,3,马林康的Apple Watch
11a87235-9f5c-4ef0-aeae-a0dd2486d7d1,2026-07-16T21:31:26Z,2026-07-16T21:48:25Z,Deep,4,马林康的Apple Watch
baa90bc9-88ce-4210-84ef-f93b32783f54,2026-07-16T21:48:25Z,2026-07-16T21:51:25Z,Core,3,马林康的Apple Watch
790c313b-f85f-4b10-869b-bad9885b1702,2026-07-16T21:51:25Z,2026-07-16T21:59:24Z,REM,5,马林康的Apple Watch
b33e3d6b-2f68-4345-a77e-ec851c9c04f0,2026-07-16T21:59:24Z,2026-07-16T21:59:54Z,Core,3,马林康的Apple Watch
30eb6634-51f1-4bd7-9e9d-e02e92e23ae7,2026-07-16T21:59:54Z,2026-07-16T22:07:24Z,Awake,2,马林康的Apple Watch
3052dd03-c402-4718-b46c-cbfcc9042231,2026-07-16T22:07:24Z,2026-07-16T22:11:24Z,REM,5,马林康的Apple Watch
b5be32d5-1edc-45b7-a8db-4ceff010fa53,2026-07-16T22:11:24Z,2026-07-16T22:12:53Z,Core,3,马林康的Apple Watch
062dc157-5bad-4fe2-8a59-ddaebce45b2f,2026-07-16T22:12:00Z,2026-07-16T23:31:00Z,Asleep Unspecified,1,AutoSleep
f0ce3938-46e5-4a38-90ad-8b113c803823,2026-07-16T22:12:53Z,2026-07-16T22:39:22Z,REM,5,马林康的Apple Watch
810a2001-7299-47e7-97b4-21023f3747b4,2026-07-16T22:39:22Z,2026-07-16T23:08:20Z,Core,3,马林康的Apple Watch
e7a1eec0-e142-425c-b595-52576eef6c35,2026-07-16T23:08:20Z,2026-07-16T23:15:19Z,Awake,2,马林康的Apple Watch
1f37d1af-c526-4f38-a5d3-7441b83a3684,2026-07-16T23:15:19Z,2026-07-16T23:19:19Z,Core,3,马林康的Apple Watch
bf3fb3f2-8fa8-4d54-9c15-101aed8c7b66,2026-07-16T23:19:19Z,2026-07-16T23:25:18Z,Awake,2,马林康的Apple Watch
25dfac33-b892-40ac-bda9-f59209566cae,2026-07-16T23:25:18Z,2026-07-16T23:29:18Z,REM,5,马林康的Apple Watch
34cb72c2-0218-47e5-8ffe-57f8fecc4f9f,2026-07-17T15:51:00Z,2026-07-17T18:17:00Z,Asleep Unspecified,1,AutoSleep
a40f2eda-5a39-4f51-9ab2-b1e4616d7098,2026-07-17T15:51:00Z,2026-07-17T22:54:00Z,In Bed,0,AutoSleep
518460e6-1257-433e-8ed2-e1edbef7f3b3,2026-07-17T16:02:41Z,2026-07-17T16:17:40Z,Core,3,马林康的Apple Watch
b153c1c1-a386-4972-95a0-c40b5c05a354,2026-07-17T16:17:40Z,2026-07-17T16:58:07Z,Deep,4,马林康的Apple Watch
e0726873-c0f5-43fb-8377-ceaf36c6e66c,2026-07-17T16:58:07Z,2026-07-17T17:03:07Z,Awake,2,马林康的Apple Watch
e7a6ccce-d469-4189-a7d2-598dd15bc498,2026-07-17T17:03:07Z,2026-07-17T17:36:35Z,Core,3,马林康的Apple Watch
c978d040-7f41-4299-8530-9ea331c829ac,2026-07-17T17:36:35Z,2026-07-17T17:38:34Z,Deep,4,马林康的Apple Watch
523beba1-a2ff-4416-8240-db729bfaf8e2,2026-07-17T17:38:34Z,2026-07-17T18:02:03Z,Core,3,马林康的Apple Watch
3d09a58f-6997-4b48-8c81-0e4278657b37,2026-07-17T18:02:03Z,2026-07-17T18:02:33Z,REM,5,马林康的Apple Watch
38b1b1db-7373-49ea-8d96-13313d116e1e,2026-07-17T18:02:33Z,2026-07-17T18:06:33Z,Core,3,马林康的Apple Watch
13f3dabc-44ed-4aa9-aa00-546841a6232c,2026-07-17T18:06:33Z,2026-07-17T18:13:02Z,Awake,2,马林康的Apple Watch
ae9f6274-c25e-4d7b-945a-3773c7848f4b,2026-07-17T18:13:02Z,2026-07-17T18:15:32Z,Core,3,马林康的Apple Watch
56aa505d-3bc3-48ac-91d6-b2c2029bd9a0,2026-07-17T18:15:32Z,2026-07-17T18:17:32Z,REM,5,马林康的Apple Watch
545679f4-54d7-4f24-9c01-f7e7d61b6fd0,2026-07-17T18:17:32Z,2026-07-17T18:19:02Z,Awake,2,马林康的Apple Watch
00efce96-e0bc-43a1-bc98-5365a6c36a21,2026-07-17T18:19:02Z,2026-07-17T18:35:30Z,REM,5,马林康的Apple Watch
172ba2ec-e00d-4ea2-9d91-677510ae0df5,2026-07-17T18:35:30Z,2026-07-17T18:57:59Z,Core,3,马林康的Apple Watch
72934517-8ab4-4d51-9aaa-6b3694ba08f5,2026-07-17T18:39:00Z,2026-07-17T22:54:00Z,Asleep Unspecified,1,AutoSleep
a2ac19fa-f4e2-4daa-9fa8-6b08fa7ae47c,2026-07-17T18:57:59Z,2026-07-17T18:58:59Z,Awake,2,马林康的Apple Watch
75416cb5-e37a-4c5e-bb4f-c22611e008cf,2026-07-17T18:58:59Z,2026-07-17T19:18:28Z,Core,3,马林康的Apple Watch
299c5149-c9af-44ed-87aa-2906e13f6bdc,2026-07-17T19:18:28Z,2026-07-17T19:55:25Z,Deep,4,马林康的Apple Watch
d4d479ef-8d2d-4754-ba8a-afcdade04932,2026-07-17T19:55:25Z,2026-07-17T19:57:55Z,Core,3,马林康的Apple Watch
e3fc5dbe-821c-49c6-b19a-0ac79a5725e9,2026-07-17T19:57:55Z,2026-07-17T19:58:25Z,Awake,2,马林康的Apple Watch
ba54600d-d4cf-4ede-bfb6-ec511af7fef0,2026-07-17T19:58:25Z,2026-07-17T20:38:52Z,Core,3,马林康的Apple Watch
f36e7375-559d-4f98-b4ec-94e9d70a4fbd,2026-07-17T20:38:52Z,2026-07-17T20:58:20Z,REM,5,马林康的Apple Watch
19335081-8d98-473c-bd8c-bf6a33853753,2026-07-17T20:58:20Z,2026-07-17T20:58:50Z,Core,3,马林康的Apple Watch
8744fb45-cce3-4328-9918-3bdb50a43df5,2026-07-17T20:58:50Z,2026-07-17T21:00:50Z,Awake,2,马林康的Apple Watch
630ba43d-13a7-42a2-ac79-93bdb63c7bcb,2026-07-17T21:00:50Z,2026-07-17T21:39:48Z,Core,3,马林康的Apple Watch
3e07f11f-3c33-402a-962a-343d2c734f8c,2026-07-17T21:39:48Z,2026-07-17T21:44:47Z,Awake,2,马林康的Apple Watch
755b9cb3-df91-48f9-804f-ef91af9539f6,2026-07-17T21:44:47Z,2026-07-17T21:50:47Z,Core,3,马林康的Apple Watch
824e0e47-8edf-44f3-97da-0fc5e17f8e5c,2026-07-17T21:50:47Z,2026-07-17T21:51:47Z,REM,5,马林康的Apple Watch
a44f0d9b-eb59-42e2-b0ca-4e05eee2508e,2026-07-17T21:51:47Z,2026-07-17T21:54:17Z,Awake,2,马林康的Apple Watch
04c4cb91-0409-4389-a84c-12a609b1540a,2026-07-17T21:54:17Z,2026-07-17T21:56:17Z,Core,3,马林康的Apple Watch
2fbe20ff-cbe8-4ca2-83c9-35f7da59edcd,2026-07-17T21:56:17Z,2026-07-17T22:14:15Z,REM,5,马林康的Apple Watch
c34803ec-477a-41f7-aa0d-3f21f9dc3e52,2026-07-17T22:14:15Z,2026-07-17T22:15:15Z,Awake,2,马林康的Apple Watch
37527f29-d7c0-42cd-8b12-917849e7ea45,2026-07-17T22:15:15Z,2026-07-17T22:17:45Z,REM,5,马林康的Apple Watch
170f97c9-9a68-4384-9432-02961ab2cf3c,2026-07-17T22:17:45Z,2026-07-17T22:22:15Z,Awake,2,马林康的Apple Watch
925d33d2-67b1-489c-bc7f-72a0882c60ee,2026-07-17T22:22:15Z,2026-07-17T22:25:45Z,Core,3,马林康的Apple Watch
12c94da1-3c93-4d48-937c-9a5f54854db5,2026-07-17T22:25:45Z,2026-07-17T22:26:45Z,Awake,2,马林康的Apple Watch
74a03576-3fb7-4ae8-9d3b-f0272b3d2223,2026-07-17T22:26:45Z,2026-07-17T22:30:44Z,Core,3,马林康的Apple Watch
ff437805-60e5-42cc-9b9f-e4a83568d198,2026-07-19T16:52:22Z,2026-07-19T17:01:21Z,Core,3,马林康的Apple Watch
61fca2c3-2eca-4cd5-a94d-70af4cda564d,2026-07-19T16:54:00Z,2026-07-19T23:50:00Z,In Bed,0,AutoSleep
f3f6677e-a17b-4900-b143-9d1e7a7457c4,2026-07-19T16:54:00Z,2026-07-19T22:06:00Z,Asleep Unspecified,1,AutoSleep
72f23b05-d228-49e1-b8cf-652ed1e0cc94,2026-07-19T17:01:21Z,2026-07-19T17:03:51Z,Awake,2,马林康的Apple Watch
e13a6aba-ab2e-43c2-95ef-0b1af7e39736,2026-07-19T17:03:51Z,2026-07-19T17:11:21Z,Core,3,马林康的Apple Watch
a1ce2c21-7e1e-43e7-9975-16170184669c,2026-07-19T17:11:21Z,2026-07-19T17:41:49Z,Deep,4,马林康的Apple Watch
ecb437cf-e43f-4655-9c56-98da23c063c7,2026-07-19T17:41:49Z,2026-07-19T18:42:45Z,Core,3,马林康的Apple Watch
3d3802d7-f2fc-4412-a272-8c052c4f9f69,2026-07-19T18:42:45Z,2026-07-19T18:43:15Z,Awake,2,马林康的Apple Watch
f0447ad3-d933-4397-a411-9a156778a01b,2026-07-19T18:43:15Z,2026-07-19T18:48:14Z,Core,3,马林康的Apple Watch
9ccc4044-7ac0-4cc3-abe3-c54b2e3c5d2d,2026-07-19T18:48:14Z,2026-07-19T18:53:14Z,REM,5,马林康的Apple Watch
e9de2c66-7cdf-42fd-8134-fb62cb4aaba9,2026-07-19T18:53:14Z,2026-07-19T18:56:44Z,Awake,2,马林康的Apple Watch
774cf374-ef8c-4bea-8508-b71b6615ce04,2026-07-19T18:56:44Z,2026-07-19T19:21:12Z,Core,3,马林康的Apple Watch
7d017b1a-7906-478e-957b-601aaed09582,2026-07-19T19:21:12Z,2026-07-19T19:34:11Z,Deep,4,马林康的Apple Watch
ec3e2033-3ca8-439c-aafd-8f8b5f2f6c97,2026-07-19T19:34:11Z,2026-07-19T19:35:11Z,Awake,2,马林康的Apple Watch
42da8a3e-c510-4080-a54f-7b047528a11d,2026-07-19T19:35:11Z,2026-07-19T19:50:10Z,Core,3,马林康的Apple Watch
52b5822c-5f2e-4805-be93-c4780b16d365,2026-07-19T19:50:10Z,2026-07-19T19:58:10Z,Deep,4,马林康的Apple Watch
bc8679ab-a27d-48fa-9654-8225196509f3,2026-07-19T19:58:10Z,2026-07-19T20:02:39Z,Core,3,马林康的Apple Watch
ef0bac03-3596-4216-a2ca-d0a04325346d,2026-07-19T20:02:39Z,2026-07-19T20:04:09Z,REM,5,马林康的Apple Watch
84ce6173-9761-401b-82f2-6ee466874775,2026-07-19T20:04:09Z,2026-07-19T20:06:09Z,Core,3,马林康的Apple Watch
a5538436-2baa-4989-ab1c-428ca331a67d,2026-07-19T20:06:09Z,2026-07-19T20:24:08Z,REM,5,马林康的Apple Watch
dd3dc4ed-78df-4beb-8be4-fb23d1d42bbd,2026-07-19T20:24:08Z,2026-07-19T20:29:37Z,Core,3,马林康的Apple Watch
0c2a195b-1c75-4990-949c-f7f60868cb6c,2026-07-19T20:29:37Z,2026-07-19T20:30:37Z,REM,5,马林康的Apple Watch
74080d7a-c62a-45ca-ba0e-81b9b1be707a,2026-07-19T20:30:37Z,2026-07-19T20:54:06Z,Core,3,马林康的Apple Watch
3112c99f-9cc4-45a6-a2d3-c22cfcb8a0e5,2026-07-19T20:54:06Z,2026-07-19T20:55:06Z,Awake,2,马林康的Apple Watch
a20bd2e7-f83a-4932-ae29-0adc6375aca0,2026-07-19T20:55:06Z,2026-07-19T21:28:03Z,Core,3,马林康的Apple Watch
b35bcbfe-d434-4eae-ab49-8343b83a210f,2026-07-19T21:28:03Z,2026-07-19T21:45:32Z,Deep,4,马林康的Apple Watch
25265933-8f35-433b-b87a-6695b5122136,2026-07-19T21:45:32Z,2026-07-19T21:49:32Z,Core,3,马林康的Apple Watch
735e9930-64d1-4b54-83e5-6a67fe02c89c,2026-07-19T21:49:32Z,2026-07-19T22:06:01Z,REM,5,马林康的Apple Watch
26af9702-7e72-4718-b465-2d9305b1c532,2026-07-19T22:06:01Z,2026-07-19T22:15:00Z,Awake,2,马林康的Apple Watch
3408b25c-88a0-457f-9bb6-eb17ede19e0f,2026-07-19T22:15:00Z,2026-07-19T23:50:00Z,Asleep Unspecified,1,AutoSleep
da746c6b-1738-4e1a-a937-e1a326e95bc0,2026-07-19T22:15:00Z,2026-07-19T22:22:30Z,Core,3,马林康的Apple Watch
c76b6953-074d-4d9f-ad90-50e67fb85cea,2026-07-19T22:22:30Z,2026-07-19T22:31:59Z,REM,5,马林康的Apple Watch
61b8d1c3-3776-43be-8790-26b81bcffb67,2026-07-19T22:31:59Z,2026-07-19T22:34:59Z,Awake,2,马林康的Apple Watch
4adaa519-8d1b-436f-b0a8-c292290f674a,2026-07-19T22:34:59Z,2026-07-19T23:32:25Z,Core,3,马林康的Apple Watch
5ee16f06-5f5c-4185-be26-2a9447a19d01,2026-07-19T23:32:25Z,2026-07-19T23:43:25Z,REM,5,马林康的Apple Watch
3b77c4f3-9957-44cc-8081-cfc77a4cace1,2026-07-20T15:14:00Z,2026-07-20T22:49:00Z,In Bed,0,AutoSleep
7d6249bd-6dd0-452c-a6b1-ef1580e170ad,2026-07-20T15:14:00Z,2026-07-20T22:49:00Z,Asleep Unspecified,1,AutoSleep
acae5620-4d05-49f4-84c5-cdb637776dec,2026-07-20T15:21:00Z,2026-07-20T15:38:59Z,Core,3,马林康的Apple Watch
5b2e4b38-21ab-4675-8289-d3b0be814bb3,2026-07-20T15:38:59Z,2026-07-20T15:41:59Z,Deep,4,马林康的Apple Watch
de09046d-5a4c-49b8-8243-366db46b1d7b,2026-07-20T15:41:59Z,2026-07-20T15:55:58Z,Core,3,马林康的Apple Watch
ba44b67c-fd13-4dea-a41e-107840a8da48,2026-07-20T15:55:58Z,2026-07-20T16:04:27Z,Deep,4,马林康的Apple Watch
1a82f997-71ad-4b60-b1e5-5c700679fa1a,2026-07-20T16:04:27Z,2026-07-20T16:11:57Z,Core,3,马林康的Apple Watch
a8fc02a7-8bea-4cf4-9a07-4d9d419e2b70,2026-07-20T16:11:57Z,2026-07-20T16:29:26Z,Deep,4,马林康的Apple Watch
6202461e-fc86-4273-a1a8-fe694e431e88,2026-07-20T16:29:26Z,2026-07-20T16:41:55Z,Core,3,马林康的Apple Watch
b79b343a-bbce-48db-8678-48b3f9e692be,2026-07-20T16:41:55Z,2026-07-20T16:47:24Z,REM,5,马林康的Apple Watch
ec28abfa-4de8-4a62-a54c-9164f7e61443,2026-07-20T16:47:24Z,2026-07-20T16:49:24Z,Awake,2,马林康的Apple Watch
d62f9fd6-89b2-40f3-b9f9-c95ff7e8a7ed,2026-07-20T16:49:24Z,2026-07-20T16:51:24Z,Core,3,马林康的Apple Watch
516e836e-2fbc-41d5-af97-c6c7f7f01381,2026-07-20T16:51:24Z,2026-07-20T16:53:24Z,REM,5,马林康的Apple Watch
e4e57045-eb08-4cd4-97d3-a2639cb15f4a,2026-07-20T16:53:24Z,2026-07-20T16:57:54Z,Core,3,马林康的Apple Watch
ca32d54a-02eb-4932-9f81-3b6b6cccf98c,2026-07-20T16:57:54Z,2026-07-20T16:59:54Z,Awake,2,马林康的Apple Watch
2d7b00b4-6a07-4159-b01d-33ab97361c4d,2026-07-20T16:59:54Z,2026-07-20T17:27:52Z,Core,3,马林康的Apple Watch
d37d7cd3-f229-4db7-9487-355b2c1c79a2,2026-07-20T17:27:52Z,2026-07-20T17:50:20Z,Deep,4,马林康的Apple Watch
0d51a516-3117-45c6-8223-a468f6c59d24,2026-07-20T17:50:20Z,2026-07-20T17:51:20Z,Awake,2,马林康的Apple Watch
e0dfe0ce-99d7-4049-b07d-3efee344a9b0,2026-07-20T17:51:20Z,2026-07-20T17:56:50Z,Core,3,马林康的Apple Watch
7f4e1f9d-b8d1-4b16-89c3-90c16f8d7c8a,2026-07-20T17:56:50Z,2026-07-20T17:59:19Z,REM,5,马林康的Apple Watch
d72dec74-0a21-40e3-a10e-88d2286eba86,2026-07-20T17:59:19Z,2026-07-20T18:00:49Z,Core,3,马林康的Apple Watch
8b396667-e8b3-4f31-86f1-f47553688e1c,2026-07-20T18:00:49Z,2026-07-20T18:09:19Z,REM,5,马林康的Apple Watch
8df67d1a-3d77-4fe2-b22e-e91ad81682b7,2026-07-20T18:09:19Z,2026-07-20T18:09:49Z,Core,3,马林康的Apple Watch
10714e9b-5265-4a64-a2d7-c0935e8135e1,2026-07-20T18:09:49Z,2026-07-20T18:12:18Z,Awake,2,马林康的Apple Watch
ec197367-1f72-4245-820d-721bc1542a8c,2026-07-20T18:12:18Z,2026-07-20T18:43:46Z,Core,3,马林康的Apple Watch
0493acd8-06b4-49c5-9903-2424e2840ad8,2026-07-20T18:43:46Z,2026-07-20T18:45:46Z,Awake,2,马林康的Apple Watch
03d3c1d7-414b-49ee-8487-f7ca3a89e108,2026-07-20T18:45:46Z,2026-07-20T19:15:44Z,Core,3,马林康的Apple Watch
a043b1c6-646b-4287-a93a-19c00201e894,2026-07-20T19:15:44Z,2026-07-20T19:17:14Z,Awake,2,马林康的Apple Watch
dff613c1-c126-4562-a02b-379a01b195d7,2026-07-20T19:17:14Z,2026-07-20T19:31:43Z,Core,3,马林康的Apple Watch
87ed68b2-5a75-4df7-90ac-a7aefb252275,2026-07-20T19:31:43Z,2026-07-20T19:56:41Z,REM,5,马林康的Apple Watch
66ec9756-ea73-4537-b096-b5a8f7b0cc92,2026-07-20T19:56:41Z,2026-07-20T20:01:41Z,Core,3,马林康的Apple Watch
f53fa33a-3109-4bd7-a81d-722445d830e4,2026-07-20T20:01:41Z,2026-07-20T20:06:11Z,REM,5,马林康的Apple Watch
ceae245d-c13f-4de7-9f12-92b0b6c10df2,2026-07-20T20:06:11Z,2026-07-20T20:40:38Z,Core,3,马林康的Apple Watch
4afe46f0-204d-4e88-a6e4-2f128d513426,2026-07-20T20:40:38Z,2026-07-20T20:45:38Z,Deep,4,马林康的Apple Watch
d0f8f76f-29de-4041-94af-35e7415081fb,2026-07-20T20:45:38Z,2026-07-20T20:52:38Z,Core,3,马林康的Apple Watch
60737c07-62c3-4602-83de-a0e1723f913c,2026-07-20T20:52:38Z,2026-07-20T20:55:37Z,REM,5,马林康的Apple Watch
06d73249-94be-407a-98e4-82622c9b9355,2026-07-20T20:55:37Z,2026-07-20T21:01:37Z,Awake,2,马林康的Apple Watch
438147f9-1875-4a9c-a982-23244f88ecaf,2026-07-20T21:01:37Z,2026-07-20T21:08:06Z,Core,3,马林康的Apple Watch
3565facc-943b-4e93-9e0e-7c191554dfbf,2026-07-20T21:08:06Z,2026-07-20T21:15:36Z,REM,5,马林康的Apple Watch
927b576c-8341-4a87-bca5-15fe7eaa780e,2026-07-20T21:15:36Z,2026-07-20T21:16:06Z,Awake,2,马林康的Apple Watch
f047b2b1-f8d2-417b-aec8-9e50a7d81265,2026-07-20T21:16:06Z,2026-07-20T21:18:06Z,Core,3,马林康的Apple Watch
fcaade0f-b6f5-47f9-bb97-459e44c6f3a3,2026-07-20T21:18:06Z,2026-07-20T21:18:36Z,REM,5,马林康的Apple Watch
367de812-447a-4822-8039-0e70e616387f,2026-07-20T21:18:36Z,2026-07-20T21:19:06Z,Core,3,马林康的Apple Watch
eb08661e-a3a3-427f-a857-6e0c4ebf323d,2026-07-20T21:19:06Z,2026-07-20T21:39:04Z,REM,5,马林康的Apple Watch
3f262ae3-fc7b-41a9-92d3-8b8db03b8a4b,2026-07-20T21:39:04Z,2026-07-20T21:56:03Z,Awake,2,马林康的Apple Watch
40a93034-0c36-4d76-9ad0-cd05ed6ec7af,2026-07-20T21:56:03Z,2026-07-20T22:05:33Z,Core,3,马林康的Apple Watch
f06d5bd4-460a-4c3d-b7a9-5d13876f78e6,2026-07-20T22:05:33Z,2026-07-20T22:12:02Z,Awake,2,马林康的Apple Watch
f9b9bb70-6bcc-4061-b061-6b4018cc96a8,2026-07-20T22:12:02Z,2026-07-20T22:37:00Z,Core,3,马林康的Apple Watch
5552c938-b69a-4580-a686-75330b1bcb41,2026-07-21T16:12:00Z,2026-07-21T16:31:00Z,Asleep Unspecified,1,AutoSleep
d0fae999-9b27-42ea-ad7a-36d0bfba21cc,2026-07-21T16:12:00Z,2026-07-21T23:45:00Z,In Bed,0,AutoSleep
0a4ed7af-d684-4455-b9b6-e16226e73727,2026-07-21T17:44:00Z,2026-07-21T23:45:00Z,Asleep Unspecified,1,AutoSleep
176a86e5-3b6f-4477-a5ab-572d271b859e,2026-07-21T17:55:00Z,2026-07-21T18:09:29Z,Core,3,马林康的Apple Watch
2ad5fccf-dd0c-455a-bc42-9ccccc5abb36,2026-07-21T18:09:29Z,2026-07-21T18:30:27Z,Deep,4,马林康的Apple Watch
689e35bf-9ee1-4092-878f-a87a72025451,2026-07-21T18:30:27Z,2026-07-21T18:42:56Z,Core,3,马林康的Apple Watch
7e94bdda-8b12-4cc5-b35f-6a141d103760,2026-07-21T18:42:56Z,2026-07-21T18:56:25Z,Deep,4,马林康的Apple Watch
731ead7f-b91d-4952-96c2-2a37bda18d1d,2026-07-21T18:56:25Z,2026-07-21T19:04:55Z,Core,3,马林康的Apple Watch
7d9f08e8-e5f0-4011-9073-48c01a12fed6,2026-07-21T19:04:55Z,2026-07-21T19:28:53Z,REM,5,马林康的Apple Watch
2ee3e6f2-fc14-4c93-8f1a-d12e19508084,2026-07-21T19:28:53Z,2026-07-21T19:32:53Z,Awake,2,马林康的Apple Watch
457ccf0d-4c89-456c-bd8e-f31a863ba6cd,2026-07-21T19:32:53Z,2026-07-21T19:57:51Z,Core,3,马林康的Apple Watch
f6bc5c71-0f3b-498d-a279-b8503bbc5f8d,2026-07-21T19:57:51Z,2026-07-21T20:22:19Z,Deep,4,马林康的Apple Watch
e8083e9e-4a70-457e-af91-b971ebeaa561,2026-07-21T20:22:19Z,2026-07-21T20:23:19Z,Awake,2,马林康的Apple Watch
ee4c2d04-49ac-4077-add8-ecfbaf90159d,2026-07-21T20:23:19Z,2026-07-21T20:32:19Z,Core,3,马林康的Apple Watch
37ef61b1-8bb2-4e08-b1a1-dfacc96d6429,2026-07-21T20:32:19Z,2026-07-21T20:33:49Z,REM,5,马林康的Apple Watch
18a6cec3-c49a-49fc-a527-36bcc63a11c4,2026-07-21T20:33:49Z,2026-07-21T21:20:45Z,Core,3,马林康的Apple Watch
cfc5cdd0-2c83-4ad0-aa5c-6b53af7666f8,2026-07-21T21:20:45Z,2026-07-21T21:56:43Z,REM,5,马林康的Apple Watch
4bddf036-d52a-4a41-9cec-a559fc4164ba,2026-07-21T21:56:43Z,2026-07-21T22:08:42Z,Core,3,马林康的Apple Watch
13c6fef4-eb77-4032-8241-7ef1d5711ea5,2026-07-21T22:08:42Z,2026-07-21T22:09:42Z,Awake,2,马林康的Apple Watch
dc6e3c87-cce0-421a-b527-83c997f5467f,2026-07-21T22:09:42Z,2026-07-21T22:30:10Z,Core,3,马林康的Apple Watch
929e7dc3-d791-4307-8a2b-61b08bf2e72b,2026-07-21T22:30:10Z,2026-07-21T22:34:40Z,Awake,2,马林康的Apple Watch
6e53274f-25f1-46a4-9209-6d552c045412,2026-07-21T22:34:40Z,2026-07-21T22:36:10Z,Core,3,马林康的Apple Watch
2582b01d-684d-452d-a5a5-c02db4b525c1,2026-07-23T15:16:00Z,2026-07-23T23:54:00Z,Asleep Unspecified,1,AutoSleep
5744ce61-01ea-425f-bd05-baaedd6774c6,2026-07-23T15:16:00Z,2026-07-23T23:54:00Z,In Bed,0,AutoSleep
6dedaec6-ed1d-4028-98f5-16910d5a2e3f,2026-07-23T15:25:25Z,2026-07-23T15:45:54Z,Core,3,马林康的Apple Watch
13339fc4-77dd-4948-9270-8792791d327e,2026-07-23T15:45:54Z,2026-07-23T16:23:21Z,Deep,4,马林康的Apple Watch
ce6f2236-5add-403b-b155-576954cb974b,2026-07-23T16:23:21Z,2026-07-23T16:24:51Z,Awake,2,马林康的Apple Watch
913a4280-30c8-4779-b5db-9aedd6b08b5c,2026-07-23T16:24:51Z,2026-07-23T16:34:51Z,Core,3,马林康的Apple Watch
22d9b0a7-d5a7-4d21-a200-042e7e0f1724,2026-07-23T16:34:51Z,2026-07-23T16:36:50Z,REM,5,马林康的Apple Watch
d187b0ee-0032-410f-8b1b-c7f71293a676,2026-07-23T16:36:50Z,2026-07-23T17:30:47Z,Core,3,马林康的Apple Watch
f9e59dad-e2d0-42fe-8bcd-2cc130bc1e40,2026-07-23T17:30:47Z,2026-07-23T17:43:16Z,REM,5,马林康的Apple Watch
4f19a6d1-b250-421f-b0d2-34cc6ca9ae66,2026-07-23T17:43:16Z,2026-07-23T18:08:14Z,Core,3,马林康的Apple Watch
b889d849-fa38-4266-92a9-9b5165ca23b8,2026-07-23T18:08:14Z,2026-07-23T18:24:43Z,Deep,4,马林康的Apple Watch
0d388847-6b26-4969-b591-bbd2d98cc8fd,2026-07-23T18:24:43Z,2026-07-23T18:51:41Z,Core,3,马林康的Apple Watch
71626670-7dee-473e-8405-f730c0174623,2026-07-23T18:51:41Z,2026-07-23T19:18:39Z,REM,5,马林康的Apple Watch
3ebab100-3e01-48d3-9b76-1e6e62dd115d,2026-07-23T19:18:39Z,2026-07-23T19:53:37Z,Core,3,马林康的Apple Watch
a7b963c1-c2b8-437a-99e5-9dfa12ebe8b1,2026-07-23T19:53:37Z,2026-07-23T19:54:37Z,Awake,2,马林康的Apple Watch
c2fd066d-822b-418c-b737-e0604b0dc010,2026-07-23T19:54:37Z,2026-07-23T20:22:35Z,Core,3,马林康的Apple Watch
1ce3f65c-2fa9-4c7c-85b0-aae029ae7a55,2026-07-23T20:22:35Z,2026-07-23T20:26:05Z,Awake,2,马林康的Apple Watch
8f37f7be-dbe6-49c1-a202-33a34cbd5024,2026-07-23T20:26:05Z,2026-07-23T20:56:33Z,Core,3,马林康的Apple Watch
10f8b479-a4b6-41ab-af7a-84dde049581e,2026-07-23T20:56:33Z,2026-07-23T20:57:03Z,Awake,2,马林康的Apple Watch
3b2f9c01-715c-4c0a-af5d-22f7d5b9d8f6,2026-07-23T20:57:03Z,2026-07-23T21:06:32Z,Core,3,马林康的Apple Watch
35f0744e-403b-445a-a76a-5036314161a1,2026-07-23T21:06:32Z,2026-07-23T21:30:00Z,REM,5,马林康的Apple Watch
152d3198-26c9-4e44-9479-5321e43e2a86,2026-07-23T21:30:00Z,2026-07-23T21:30:30Z,Core,3,马林康的Apple Watch
26a68910-753e-4c96-a87c-efd5a04ef18b,2026-07-23T21:30:30Z,2026-07-23T21:31:00Z,REM,5,马林康的Apple Watch
cda27d40-0acc-47ba-ba73-5742a1daa01e,2026-07-23T21:31:00Z,2026-07-23T22:29:27Z,Core,3,马林康的Apple Watch
2e9e304e-702a-451b-bd4c-cbc8631cbdf4,2026-07-23T22:29:27Z,2026-07-23T22:36:26Z,Awake,2,马林康的Apple Watch
d15997c3-545a-4e57-9599-dc6a713cb234,2026-07-23T22:36:26Z,2026-07-23T22:37:56Z,Core,3,马林康的Apple Watch
f2401ffc-4fa8-4aaa-8b5f-05377dc9ecb6,2026-07-23T22:37:56Z,2026-07-23T22:39:26Z,REM,5,马林康的Apple Watch
0e51003a-222f-49bd-9cdb-2e79415185cd,2026-07-23T22:39:26Z,2026-07-23T22:40:56Z,Awake,2,马林康的Apple Watch
86e3aa59-40f1-44c0-bdd4-63a3e785ad7b,2026-07-23T22:40:56Z,2026-07-23T22:49:55Z,REM,5,马林康的Apple Watch
340e2502-7dd9-4dbc-87af-dff92d159a09,2026-07-24T05:30:00Z,2026-07-24T06:01:00Z,Asleep Unspecified,1,AutoSleep
d37491b5-ace4-4068-8805-aecf48f4e732,2026-07-24T05:30:00Z,2026-07-24T06:01:00Z,In Bed,0,AutoSleep
92a1ddcf-762b-4a29-a0e9-a1f1e24a513f,2026-07-24T16:20:00Z,2026-07-25T01:19:00Z,In Bed,0,AutoSleep
d003fc5c-8f42-48e1-9836-63157b6e5bc7,2026-07-24T16:20:00Z,2026-07-24T18:15:00Z,Asleep Unspecified,1,AutoSleep
87ee3286-96a6-42f6-ad8a-7dd002a10c68,2026-07-24T16:35:53Z,2026-07-24T16:52:51Z,Asleep Unspecified,1,马林康的Apple Watch
c43df63a-fea2-4a6f-80d8-0379135d7811,2026-07-24T16:52:51Z,2026-07-24T16:56:21Z,Awake,2,马林康的Apple Watch
37fb063d-c627-4d2a-b0b5-ada31c4c0d3c,2026-07-24T16:56:21Z,2026-07-24T17:29:19Z,Asleep Unspecified,1,马林康的Apple Watch
f193bb3e-3a15-4923-8c10-f91e6005ac12,2026-07-24T17:29:19Z,2026-07-24T17:30:19Z,Awake,2,马林康的Apple Watch
5bf8a3d9-3e38-4d00-b309-bf52e42b9cdc,2026-07-24T17:30:19Z,2026-07-24T17:47:48Z,Asleep Unspecified,1,马林康的Apple Watch
b78b82b8-e03c-4823-b117-5b18226523c8,2026-07-24T17:47:48Z,2026-07-24T17:49:47Z,Awake,2,马林康的Apple Watch
0fece6fd-b447-49e6-9fcb-af8fb9bc6009,2026-07-24T17:49:47Z,2026-07-24T18:02:47Z,Asleep Unspecified,1,马林康的Apple Watch
eb957d93-731d-42c8-b258-d49a73dfbce1,2026-07-24T19:03:00Z,2026-07-24T21:12:00Z,Asleep Unspecified,1,AutoSleep
08a2844a-3472-4577-82b0-eb057776ae80,2026-07-24T19:08:04Z,2026-07-24T19:17:33Z,REM,5,马林康的Apple Watch
f4aca411-b032-4c02-ad65-a7e837273bc8,2026-07-24T19:17:33Z,2026-07-24T19:21:33Z,Core,3,马林康的Apple Watch
64f961ea-4183-43ee-a8b8-edec6a35153d,2026-07-24T19:21:33Z,2026-07-24T19:23:03Z,Awake,2,马林康的Apple Watch
1ceb7173-92a7-4572-a1b2-1a45adc0015a,2026-07-24T19:23:03Z,2026-07-24T19:45:31Z,Core,3,马林康的Apple Watch
116c0b4d-f99c-4415-b857-49ecd4aadce9,2026-07-24T19:45:31Z,2026-07-24T19:56:01Z,Deep,4,马林康的Apple Watch
1dc93a32-1c3d-4279-8ffd-93cdcf91191d,2026-07-24T19:56:01Z,2026-07-24T20:09:00Z,Core,3,马林康的Apple Watch
94108117-0f3e-4dd2-b25e-a3208add2ccb,2026-07-24T20:09:00Z,2026-07-24T20:23:59Z,Deep,4,马林康的Apple Watch
f9fe9237-16a7-48da-9b0e-337108058d7b,2026-07-24T20:23:59Z,2026-07-24T20:24:59Z,Awake,2,马林康的Apple Watch
3d9fd1ca-5cc2-4220-9259-451d46d3c8ea,2026-07-24T20:24:59Z,2026-07-24T20:39:58Z,Core,3,马林康的Apple Watch
a712d798-0ba9-4852-93dc-a5566b1fb3bb,2026-07-24T20:39:58Z,2026-07-24T21:02:26Z,REM,5,马林康的Apple Watch
d3bd49dc-e8c9-4a12-83d8-9b56a46c3e33,2026-07-24T21:02:26Z,2026-07-24T21:09:26Z,Core,3,马林康的Apple Watch
18578f30-1935-4427-9ce3-d3b11ea9f9d6,2026-07-24T21:09:26Z,2026-07-24T21:11:55Z,REM,5,马林康的Apple Watch
0e314b17-bbf7-494f-9e14-6425b5785804,2026-07-24T21:11:55Z,2026-07-24T21:12:55Z,Awake,2,马林康的Apple Watch
86244f07-bcbe-4345-b19a-870758bda28c,2026-07-24T21:12:55Z,2026-07-24T21:17:55Z,Core,3,马林康的Apple Watch
ce7a6de9-3452-450e-800d-74c069be54bb,2026-07-24T21:17:55Z,2026-07-24T21:19:25Z,Awake,2,马林康的Apple Watch
cd7878b2-c435-437b-bb17-66a7016a4876,2026-07-24T21:19:25Z,2026-07-24T21:31:24Z,Core,3,马林康的Apple Watch
acee414e-ea8c-4233-9968-b1003760affe,2026-07-24T21:25:00Z,2026-07-25T00:02:00Z,Asleep Unspecified,1,AutoSleep
10b17413-35d6-4218-a78f-1adb93522644,2026-07-24T21:31:24Z,2026-07-24T21:32:24Z,Awake,2,马林康的Apple Watch
d83c0fa2-4089-4cef-be40-92f7a30d1ed8,2026-07-24T21:32:24Z,2026-07-24T21:44:23Z,Core,3,马林康的Apple Watch
c485ceb0-6e60-4ec5-b9f3-2ffdfbab71d0,2026-07-24T21:44:23Z,2026-07-24T21:48:23Z,Deep,4,马林康的Apple Watch
cd5f503e-289e-4c91-90b8-e0a74389965f,2026-07-24T21:48:23Z,2026-07-24T22:15:21Z,Core,3,马林康的Apple Watch
32f6f531-9783-4230-90e8-0453f9eab3a5,2026-07-24T22:15:21Z,2026-07-24T22:17:51Z,Deep,4,马林康的Apple Watch
c065d61e-e073-4454-b1f0-af6c2f88b117,2026-07-24T22:17:51Z,2026-07-24T22:18:21Z,Core,3,马林康的Apple Watch
6a6ab141-a249-4f0b-b32b-b81876328815,2026-07-24T22:18:21Z,2026-07-24T22:20:51Z,Deep,4,马林康的Apple Watch
c4842d80-89d1-4da0-9103-c803618dff79,2026-07-24T22:20:51Z,2026-07-24T22:24:50Z,Core,3,马林康的Apple Watch
07fb3285-66a5-4f06-862d-6e579a3f7727,2026-07-24T22:24:50Z,2026-07-24T22:42:19Z,REM,5,马林康的Apple Watch
9864b790-38c4-4c49-b1b0-be9383701c5c,2026-07-24T22:42:19Z,2026-07-24T22:42:49Z,Core,3,马林康的Apple Watch
080be8f5-2275-43b0-b939-38bb5cace476,2026-07-24T22:42:49Z,2026-07-24T22:43:19Z,REM,5,马林康的Apple Watch
aeb7b673-712f-426b-baef-a3aedcd3a390,2026-07-24T22:43:19Z,2026-07-24T22:44:19Z,Awake,2,马林康的Apple Watch
dc711e59-0194-4c52-9ae9-fac153bfa4d4,2026-07-24T22:44:19Z,2026-07-24T22:55:18Z,Core,3,马林康的Apple Watch
7eb8abea-a9dd-4bf6-8cfe-2f56b8898206,2026-07-24T22:55:18Z,2026-07-24T22:55:48Z,Awake,2,马林康的Apple Watch
4917c798-a086-495e-acc6-2c56a0d40b58,2026-07-24T22:55:48Z,2026-07-24T22:57:48Z,Core,3,马林康的Apple Watch
d57d97af-03ad-414c-a162-7b9eb0ccebb9,2026-07-24T22:57:48Z,2026-07-24T22:58:18Z,Awake,2,马林康的Apple Watch
ac200d86-0120-4eb2-9eef-d6bdffcd2e34,2026-07-24T22:58:18Z,2026-07-24T23:44:45Z,Core,3,马林康的Apple Watch
b0c5c8f2-804d-4031-a26b-bd8d98c76ef1,2026-07-24T23:44:45Z,2026-07-24T23:47:15Z,Awake,2,马林康的Apple Watch
b344adee-3e18-4783-a431-c38b14c7c06a,2026-07-24T23:47:15Z,2026-07-24T23:48:15Z,Core,3,马林康的Apple Watch
169d9716-1011-4ce9-aebf-5599bb00b613,2026-07-24T23:48:15Z,2026-07-24T23:50:44Z,Awake,2,马林康的Apple Watch
e8c08b65-f873-4870-acf4-325e726c0dc5,2026-07-24T23:50:44Z,2026-07-24T23:56:44Z,Core,3,马林康的Apple Watch
adaaadc5-0a90-4f49-891a-9f8455a19524,2026-07-24T23:56:44Z,2026-07-25T00:00:44Z,REM,5,马林康的Apple Watch
7c02ef35-c73d-457c-bb1f-f9218694fef0,2026-07-25T00:00:44Z,2026-07-25T00:04:14Z,Core,3,马林康的Apple Watch
28686284-c578-4d22-b17a-57714c557070,2026-07-25T00:04:14Z,2026-07-25T00:07:43Z,Awake,2,马林康的Apple Watch
4653988d-67dd-4b2a-a698-ee2c8f04ba87,2026-07-25T00:07:43Z,2026-07-25T00:09:43Z,Core,3,马林康的Apple Watch
2fb2fd07-9999-40e6-a698-9a976f7abd20,2026-07-25T00:09:43Z,2026-07-25T00:11:43Z,REM,5,马林康的Apple Watch
22c466ac-8a7a-4424-9697-bed51809f71b,2026-07-25T00:11:43Z,2026-07-25T00:15:13Z,Awake,2,马林康的Apple Watch
7569da4e-ed97-4742-8da1-8feabe0f181d,2026-07-25T00:15:00Z,2026-07-25T01:19:00Z,Asleep Unspecified,1,AutoSleep
69562177-fcb0-4940-ac64-ed0c3bc575ad,2026-07-25T00:15:13Z,2026-07-25T00:16:43Z,REM,5,马林康的Apple Watch
1342105f-9bef-4159-9632-407d555bd08a,2026-07-25T00:16:43Z,2026-07-25T00:40:11Z,Core,3,马林康的Apple Watch
abcaa1a3-50ce-4004-8b03-abeec46ba73f,2026-07-25T00:40:11Z,2026-07-25T00:44:11Z,Awake,2,马林康的Apple Watch
1fb00638-dcd7-4b30-be65-8c2fdd9ca93f,2026-07-25T00:44:11Z,2026-07-25T00:47:41Z,Core,3,马林康的Apple Watch
e87a9296-c978-4561-835e-4dff39bb542e,2026-07-25T00:47:41Z,2026-07-25T00:52:40Z,Awake,2,马林康的Apple Watch
50ab593e-29e3-4510-a697-644e4bb3df85,2026-07-25T00:52:40Z,2026-07-25T00:58:40Z,Core,3,马林康的Apple Watch
412c8972-c7c9-4044-a847-2e5f024a1b8f,2026-07-25T00:58:40Z,2026-07-25T01:00:40Z,Awake,2,马林康的Apple Watch
eb60a6c5-e228-49ca-aa02-b4d5b1e3b0a8,2026-07-25T01:00:40Z,2026-07-25T01:03:40Z,Core,3,马林康的Apple Watch
2f5c53df-8ee4-4eb0-83c2-670b333d2b1b,2026-07-25T01:03:40Z,2026-07-25T01:05:09Z,Awake,2,马林康的Apple Watch
f311436b-0fa7-4518-84de-8b1859f17beb,2026-07-25T01:05:09Z,2026-07-25T01:13:39Z,Core,3,马林康的Apple Watch
e73a6c42-291f-419a-a2fd-b94a872ac655,2026-07-25T01:13:39Z,2026-07-25T01:15:09Z,Awake,2,马林康的Apple Watch
ab34b977-f625-4e38-bbc2-2f5542016ebd,2026-07-25T01:15:09Z,2026-07-25T01:19:09Z,Core,3,马林康的Apple Watch
8fbbaf98-f146-4d4c-a5a0-d652720c072a,2026-07-25T15:31:00Z,2026-07-25T21:32:00Z,Asleep Unspecified,1,AutoSleep
903dc720-1788-4f07-aad6-909338b3e940,2026-07-25T15:31:00Z,2026-07-25T23:46:00Z,In Bed,0,AutoSleep
15817b87-01c9-4616-8fc1-d1dc972a50d8,2026-07-25T15:41:23Z,2026-07-25T16:29:20Z,Core,3,马林康的Apple Watch
616e0733-4ef0-4b6a-8fe4-d060298b34b1,2026-07-25T16:29:20Z,2026-07-25T16:46:18Z,Deep,4,马林康的Apple Watch
980057bd-9c34-4f2e-995d-1b5c2dd05240,2026-07-25T16:46:18Z,2026-07-25T16:46:48Z,Awake,2,马林康的Apple Watch
80f6e7cd-b13d-4815-944f-b956b90ff2c8,2026-07-25T16:46:48Z,2026-07-25T16:53:48Z,Core,3,马林康的Apple Watch
2db4b165-af06-48e9-822b-c1bbf18b7b26,2026-07-25T16:53:48Z,2026-07-25T16:56:18Z,REM,5,马林康的Apple Watch
698d76f7-c7d1-4a5f-8a68-2a25a1a0a888,2026-07-25T16:56:18Z,2026-07-25T16:56:48Z,Core,3,马林康的Apple Watch
29ffea21-33b4-4cd3-b53a-faf5d504f2df,2026-07-25T16:56:48Z,2026-07-25T17:14:16Z,REM,5,马林康的Apple Watch
55db09d2-6286-41d4-9f6d-e314527ed7aa,2026-07-25T17:14:16Z,2026-07-25T17:18:16Z,Core,3,马林康的Apple Watch
2422c380-acde-46f6-a74c-1a0bd5c4085f,2026-07-25T17:18:16Z,2026-07-25T17:19:16Z,Awake,2,马林康的Apple Watch
57bae4a5-65a9-484f-91a7-b4865ea07b89,2026-07-25T17:19:16Z,2026-07-25T17:49:14Z,Core,3,马林康的Apple Watch
591c09b0-6566-46fe-976f-8a01a6c886a3,2026-07-25T17:49:14Z,2026-07-25T17:50:14Z,Deep,4,马林康的Apple Watch
c48018b3-ba8c-4a4c-ad5a-3b76d800f03b,2026-07-25T17:50:14Z,2026-07-25T18:04:43Z,Core,3,马林康的Apple Watch
1441f881-8f98-4a62-a842-184c2403fb20,2026-07-25T18:04:43Z,2026-07-25T18:17:12Z,Deep,4,马林康的Apple Watch
c327ca9e-7741-45a7-aa4a-9ec1c4269481,2026-07-25T18:17:12Z,2026-07-25T18:27:11Z,Core,3,马林康的Apple Watch
a79f8de5-ea98-4fcc-918e-b677388b1ce9,2026-07-25T18:27:11Z,2026-07-25T18:45:40Z,REM,5,马林康的Apple Watch
74f142b8-9439-4111-8ff0-8d8550fb78cc,2026-07-25T18:45:40Z,2026-07-25T19:25:07Z,Core,3,马林康的Apple Watch
0fbd4ceb-0fd2-448e-a23c-dab7cd934283,2026-07-25T19:25:07Z,2026-07-25T19:27:07Z,Awake,2,马林康的Apple Watch
6074c6b2-526c-4aa3-85fb-5b0a6337318e,2026-07-25T19:27:07Z,2026-07-25T19:44:06Z,Core,3,马林康的Apple Watch
2e568ba5-a076-4d1b-a40a-b7b504438d2e,2026-07-25T19:44:06Z,2026-07-25T19:46:06Z,Awake,2,马林康的Apple Watch
229f3ab2-f195-4d3e-9f18-717f8eae3433,2026-07-25T19:46:06Z,2026-07-25T19:56:35Z,Core,3,马林康的Apple Watch
52277fd0-af68-4355-965c-a195fdba30c0,2026-07-25T19:56:35Z,2026-07-25T20:06:04Z,Awake,2,马林康的Apple Watch
baa8fbd4-11e1-4c91-94a4-3eadb7b6f493,2026-07-25T20:06:04Z,2026-07-25T20:16:03Z,Core,3,马林康的Apple Watch
52c96954-5e1b-420f-94aa-0e39dbd26cd7,2026-07-25T20:16:03Z,2026-07-25T20:31:02Z,Awake,2,马林康的Apple Watch
db1aad73-06c0-462f-bbc4-38d4eff9ef51,2026-07-25T20:31:02Z,2026-07-25T20:33:32Z,Core,3,马林康的Apple Watch
c730536d-97c8-45ab-a1eb-8a90fbd5111c,2026-07-25T20:33:32Z,2026-07-25T20:37:02Z,Awake,2,马林康的Apple Watch
c6825ff1-1b1b-40cc-b245-ee5dd6c05df9,2026-07-25T20:37:02Z,2026-07-25T21:11:00Z,Core,3,马林康的Apple Watch
efb505a7-cdee-4a34-b927-fe400ec9d47c,2026-07-25T21:11:00Z,2026-07-25T21:20:59Z,Deep,4,马林康的Apple Watch
ec015773-c563-4a96-8512-5d394f03665e,2026-07-25T21:20:59Z,2026-07-25T21:26:58Z,Core,3,马林康的Apple Watch
a04937ad-3bff-4ce1-8196-68f6d255de07,2026-07-25T21:26:58Z,2026-07-25T21:28:58Z,Awake,2,马林康的Apple Watch
1c41b881-547e-4a75-a7a6-9b078839aa9f,2026-07-25T21:28:58Z,2026-07-25T21:30:58Z,Core,3,马林康的Apple Watch
e9c45250-2e9c-41ca-aa6e-2ed4fa7ce6a5,2026-07-25T21:30:58Z,2026-07-25T21:36:58Z,REM,5,马林康的Apple Watch
6a11006b-a89c-4225-a910-523629a216d1,2026-07-25T21:36:58Z,2026-07-25T21:47:27Z,Awake,2,马林康的Apple Watch
ede1dadb-5dfa-49d5-818f-3f3f4b5c9a95,2026-07-25T21:47:27Z,2026-07-25T21:49:57Z,Core,3,马林康的Apple Watch
6c9d88f2-2dbb-4161-9004-cafcacb02225,2026-07-25T21:49:57Z,2026-07-25T21:56:56Z,Awake,2,马林康的Apple Watch
e6e44afc-14c3-4014-92d1-1145ea389f2a,2026-07-25T21:56:56Z,2026-07-25T21:57:56Z,Core,3,马林康的Apple Watch
a960833e-0e1f-4f12-9a48-e678fd70602d,2026-07-25T21:57:56Z,2026-07-25T21:58:56Z,Awake,2,马林康的Apple Watch
3c57989f-0d0a-49b4-b6ea-56772e4fbd91,2026-07-25T21:58:56Z,2026-07-25T22:16:25Z,Core,3,马林康的Apple Watch
145add08-c8fd-461e-955b-6785ae1a3c94,2026-07-25T22:14:00Z,2026-07-25T23:46:00Z,Asleep Unspecified,1,AutoSleep
1fb8e150-9c7a-4f19-ac92-490b91ce9cb9,2026-07-25T22:16:25Z,2026-07-25T22:30:54Z,Awake,2,马林康的Apple Watch
7482bb3c-1a17-4a1f-b4c3-c4b49a5ff062,2026-07-25T22:30:54Z,2026-07-25T22:41:23Z,Core,3,马林康的Apple Watch
34d87527-309f-4fa5-bad9-f2e9df6cfd55,2026-07-25T22:41:23Z,2026-07-25T22:42:23Z,Awake,2,马林康的Apple Watch
645c7839-8865-474d-9aad-5612fc99be5d,2026-07-25T22:42:23Z,2026-07-25T22:52:53Z,Core,3,马林康的Apple Watch
59ee0da6-4918-4974-8b8a-6964b0a44e0e,2026-07-25T22:52:53Z,2026-07-25T22:53:52Z,Awake,2,马林康的Apple Watch
d54de89d-201e-4062-b328-728d8e2199c1,2026-07-25T22:53:52Z,2026-07-25T22:56:22Z,Core,3,马林康的Apple Watch
db5c87d4-9fc0-4000-856f-8167e241bb72,2026-07-25T22:56:22Z,2026-07-25T23:18:21Z,REM,5,马林康的Apple Watch
9b8cc947-8bbf-4b51-b8e7-1c738c18c8ad,2026-07-26T17:08:00Z,2026-07-26T23:57:00Z,In Bed,0,AutoSleep
9c81179d-0b90-4508-bcc1-0345428c172b,2026-07-26T17:08:00Z,2026-07-26T23:57:00Z,Asleep Unspecified,1,AutoSleep
befb13cc-f981-4511-8b9a-eb4405c9e148,2026-07-26T17:11:05Z,2026-07-26T17:27:34Z,Core,3,马林康的Apple Watch
e26284f2-ddeb-4be0-b6e4-f31b0e601003,2026-07-26T17:27:34Z,2026-07-26T17:46:03Z,Deep,4,马林康的Apple Watch
1d92a0c1-bc54-4e7e-84e5-06a1d900d7be,2026-07-26T17:46:03Z,2026-07-26T18:01:02Z,Core,3,马林康的Apple Watch
6fd5e5ec-5e56-41d1-acbd-f94fd7dc3959,2026-07-26T18:01:02Z,2026-07-26T18:09:31Z,Deep,4,马林康的Apple Watch
43a9a754-0fba-4f9d-9750-e2b622249c06,2026-07-26T18:09:31Z,2026-07-26T18:13:01Z,Core,3,马林康的Apple Watch
3ee5feb3-25ec-40a0-9ac0-5907a4fa9b4a,2026-07-26T18:13:01Z,2026-07-26T18:35:00Z,Deep,4,马林康的Apple Watch
5f9aad6a-4116-47eb-b94f-d84cae052ce9,2026-07-26T18:35:00Z,2026-07-26T18:36:29Z,Core,3,马林康的Apple Watch
fdc3f8b8-0023-482f-8b71-cff81056f8c9,2026-07-26T18:36:29Z,2026-07-26T18:48:29Z,REM,5,马林康的Apple Watch
ba4c1adf-4e0f-497b-bc3a-ed6f149e9358,2026-07-26T18:48:29Z,2026-07-26T18:57:58Z,Core,3,马林康的Apple Watch
dcccad61-2d9b-40e4-a9a9-4a8bc056741d,2026-07-26T18:57:58Z,2026-07-26T19:00:58Z,Awake,2,马林康的Apple Watch
707bf185-5afb-4ed6-92ad-90ce006eb0aa,2026-07-26T19:00:58Z,2026-07-26T19:26:56Z,Core,3,马林康的Apple Watch
d71ae924-c083-4d84-894d-f940979e5355,2026-07-26T19:26:56Z,2026-07-26T19:27:56Z,Awake,2,马林康的Apple Watch
4d715b46-569f-49d5-af72-24b7e2a3d6b8,2026-07-26T19:27:56Z,2026-07-26T19:49:24Z,Core,3,马林康的Apple Watch
c3235d34-23bc-4d23-9b71-58a8481ff010,2026-07-26T19:49:24Z,2026-07-26T20:10:23Z,REM,5,马林康的Apple Watch
dc075536-fda8-4d54-93a4-4ce591b7f88e,2026-07-26T20:10:23Z,2026-07-26T20:11:53Z,Awake,2,马林康的Apple Watch
334e2d84-fe51-4724-b49f-08cbe606a091,2026-07-26T20:11:53Z,2026-07-26T20:17:23Z,Core,3,马林康的Apple Watch
0e754eb8-f582-4159-a9e3-f24be5e96999,2026-07-26T20:17:23Z,2026-07-26T20:20:22Z,Awake,2,马林康的Apple Watch
bf85c101-ad5b-46da-a848-1a46439b12e4,2026-07-26T20:20:22Z,2026-07-26T20:53:50Z,Core,3,马林康的Apple Watch
0e8e3381-f620-4408-903e-2d2a2595df57,2026-07-26T20:53:50Z,2026-07-26T21:12:19Z,Deep,4,马林康的Apple Watch
0384c175-c806-437c-9ed1-23647eeb9d57,2026-07-26T21:12:19Z,2026-07-26T21:13:19Z,Awake,2,马林康的Apple Watch
8f1edabf-7310-4718-89c2-ee1b550aa35a,2026-07-26T21:13:19Z,2026-07-26T21:25:18Z,Core,3,马林康的Apple Watch
cece1f7a-8dff-4a5c-b593-e40335c36e9e,2026-07-26T21:25:18Z,2026-07-26T21:33:47Z,REM,5,马林康的Apple Watch
54905fd8-b907-4891-a218-3eff1054469e,2026-07-26T21:33:47Z,2026-07-26T21:37:47Z,Core,3,马林康的Apple Watch
e83b6fbf-cd2d-4338-9005-97287d575f2d,2026-07-26T21:37:47Z,2026-07-26T21:39:47Z,Awake,2,马林康的Apple Watch
2e082b4a-6d78-45e1-ad0b-ea1a2d30ffa3,2026-07-26T21:39:47Z,2026-07-26T22:29:14Z,Core,3,马林康的Apple Watch
972f10c9-6dca-4ed9-8170-dbb475592b70,2026-07-26T22:29:14Z,2026-07-26T22:50:42Z,REM,5,马林康的Apple Watch
f3c908f5-543b-4f40-9104-4157cc83af9c,2026-07-26T22:50:42Z,2026-07-26T22:52:12Z,Awake,2,马林康的Apple Watch
ad85032d-7b90-430d-93f5-40a611277d6e,2026-07-26T22:52:12Z,2026-07-26T22:52:42Z,Core,3,马林康的Apple Watch
6f6563e2-6b96-4aac-b9c2-71a41cf3f780,2026-07-26T22:52:42Z,2026-07-26T22:53:12Z,REM,5,马林康的Apple Watch
29d27f54-0959-4493-92cf-111cc671aa47,2026-07-26T22:53:12Z,2026-07-26T22:56:12Z,Core,3,马林康的Apple Watch
1d3cae97-5d54-46ca-979e-d44adc33457d,2026-07-26T22:56:12Z,2026-07-26T22:59:12Z,REM,5,马林康的Apple Watch
23a1b8c7-d4ca-46fc-8781-9882e7638fe9,2026-07-26T22:59:12Z,2026-07-26T22:59:42Z,Core,3,马林康的Apple Watch
d6141bbf-6230-454c-8541-d0238f6f3c79,2026-07-26T22:59:42Z,2026-07-26T23:01:12Z,REM,5,马林康的Apple Watch
aca07785-89f3-4b62-b2d9-30434bc7e1d6,2026-07-26T23:01:12Z,2026-07-26T23:10:41Z,Core,3,马林康的Apple Watch
010b4964-9abb-4211-8d93-39645b11c874,2026-07-26T23:10:41Z,2026-07-26T23:13:41Z,REM,5,马林康的Apple Watch
f6745bff-80b5-41a6-ac06-d90267ea2865,2026-07-26T23:13:41Z,2026-07-26T23:14:11Z,Core,3,马林康的Apple Watch
23d773e6-c946-4139-b19a-edc1d0d34606,2026-07-26T23:14:11Z,2026-07-26T23:25:40Z,REM,5,马林康的Apple Watch
1ff7b034-deb9-471f-a77a-f47afec9fe16,2026-07-26T23:25:40Z,2026-07-26T23:27:10Z,Awake,2,马林康的Apple Watch
d18f25f5-788d-4b94-a988-6d8ff3728106,2026-07-26T23:27:10Z,2026-07-26T23:56:38Z,Core,3,马林康的Apple Watch
8ed84860-97b1-48cb-9f54-2b165cfa182b,2026-07-26T23:56:38Z,2026-07-26T23:58:38Z,Awake,2,马林康的Apple Watch
568b50a8-9ac7-48cb-b6e5-2bbfcc35e463,2026-07-26T23:58:38Z,2026-07-27T00:03:37Z,Core,3,马林康的Apple Watch
bbc2c481-8419-4375-8375-d68fcba5072a,2026-07-27T00:03:37Z,2026-07-27T00:06:07Z,Awake,2,马林康的Apple Watch
e24f56de-f63e-496c-bab6-71c5fa036682,2026-07-27T00:06:07Z,2026-07-27T00:10:07Z,Core,3,马林康的Apple Watch
394f14d0-1cb3-424f-bafc-d5634959bc5d,2026-07-31T16:49:00Z,2026-08-01T01:04:00Z,In Bed,0,AutoSleep
ca1e9f2e-aa02-42c2-bfee-feff03e60904,2026-07-31T16:49:00Z,2026-07-31T17:30:00Z,Asleep Unspecified,1,AutoSleep
74ab779f-b147-4d0d-b181-e3b3d2248093,2026-07-31T16:53:53Z,2026-07-31T17:10:52Z,Core,3,马林康的Apple Watch
92a44f27-f354-4c7f-a71e-28c6879cecc8,2026-07-31T17:10:52Z,2026-07-31T17:22:51Z,Deep,4,马林康的Apple Watch
96ad1c90-6e86-48eb-8928-5880abd483e1,2026-07-31T17:22:51Z,2026-07-31T17:26:21Z,Awake,2,马林康的Apple Watch
9e3cd23a-0175-41bb-b07b-91d6185f543d,2026-07-31T17:26:21Z,2026-07-31T17:42:50Z,Core,3,马林康的Apple Watch
387869ab-a9cb-407a-85b0-885e1b0d2362,2026-07-31T17:42:50Z,2026-07-31T18:09:18Z,Deep,4,马林康的Apple Watch
0352f2bf-ba6e-4c07-b142-737b2b963ba5,2026-07-31T18:00:00Z,2026-08-01T01:04:00Z,Asleep Unspecified,1,AutoSleep
a198ab63-e7aa-4910-ab80-2dbd1a7233c3,2026-07-31T18:09:18Z,2026-07-31T18:14:18Z,Core,3,马林康的Apple Watch
6ad0ca7e-d7c2-490f-9f36-c30a5b3c7b77,2026-07-31T18:14:18Z,2026-07-31T18:27:17Z,REM,5,马林康的Apple Watch
02cd2080-acc8-4d1c-b3e1-813973b2d835,2026-07-31T18:27:17Z,2026-07-31T19:16:43Z,Core,3,马林康的Apple Watch
a118c914-92cf-4bb7-8328-80ac503f20c4,2026-07-31T19:16:43Z,2026-07-31T19:43:42Z,Deep,4,马林康的Apple Watch
0e928196-09b4-4959-b09e-ee8436519ec0,2026-07-31T19:43:42Z,2026-07-31T19:45:12Z,Awake,2,马林康的Apple Watch
bb5b4807-5da4-46cd-b453-6354842ee162,2026-07-31T19:45:12Z,2026-07-31T19:51:11Z,Core,3,马林康的Apple Watch
d485f67d-5c4d-457c-83fc-2231ca24e843,2026-07-31T19:51:11Z,2026-07-31T19:56:41Z,REM,5,马林康的Apple Watch
cb3b900a-03c5-4df0-b5c4-0ecab5d691f3,2026-07-31T19:56:41Z,2026-07-31T19:57:11Z,Awake,2,马林康的Apple Watch
659857ea-91d9-46b6-b0e1-f85cdcb4ca70,2026-07-31T19:57:11Z,2026-07-31T20:13:10Z,REM,5,马林康的Apple Watch
8fdfd2bb-6d13-45a7-b17b-6090487b138b,2026-07-31T20:13:10Z,2026-07-31T20:15:39Z,Awake,2,马林康的Apple Watch
1df591d0-22ca-4631-90a7-86bd20b03f94,2026-07-31T20:15:39Z,2026-07-31T20:22:39Z,Core,3,马林康的Apple Watch
2617fbe2-39a1-4a66-a1fa-2d988b4d6b07,2026-07-31T20:22:39Z,2026-07-31T20:23:39Z,Awake,2,马林康的Apple Watch
b15fee41-5151-410e-a5ee-18005d3caf7b,2026-07-31T20:23:39Z,2026-07-31T21:27:04Z,Core,3,马林康的Apple Watch
7ef0bc4d-9bb5-47e5-8ab4-6fe363835b8c,2026-07-31T21:27:04Z,2026-07-31T21:39:03Z,REM,5,马林康的Apple Watch
44fa6e18-bb5e-4529-983a-8463e1a8a1dd,2026-07-31T21:39:03Z,2026-07-31T21:52:03Z,Core,3,马林康的Apple Watch
4c562487-ea16-424e-9f54-05adb206fb5c,2026-07-31T21:52:03Z,2026-07-31T21:54:02Z,Awake,2,马林康的Apple Watch
d319a909-6208-4f11-81e0-8817aa1a95d6,2026-07-31T21:54:02Z,2026-07-31T22:19:31Z,Core,3,马林康的Apple Watch
b048d8d7-c647-4d20-8a3a-b07a0528f757,2026-07-31T22:19:31Z,2026-07-31T22:22:30Z,Awake,2,马林康的Apple Watch
0af0b7bd-6d5b-4733-bf7a-791d04a69569,2026-07-31T22:22:30Z,2026-07-31T22:28:00Z,Core,3,马林康的Apple Watch
f720cf3d-8ddc-4c50-ab9d-498e59f60786,2026-07-31T22:28:00Z,2026-07-31T22:29:30Z,REM,5,马林康的Apple Watch
e88efc0d-fc0b-4404-b4df-827efe208a00,2026-07-31T22:29:30Z,2026-07-31T22:30:00Z,Core,3,马林康的Apple Watch
b184a751-6bd8-4f92-9ed6-446129d0eae6,2026-07-31T22:30:00Z,2026-07-31T22:35:29Z,Awake,2,马林康的Apple Watch
6790b4cb-11ac-451f-8daf-040303b3bfaa,2026-07-31T22:35:29Z,2026-07-31T22:44:29Z,REM,5,马林康的Apple Watch
a304f7ed-208a-43e2-82d4-cfabc3433ba5,2026-07-31T22:44:29Z,2026-07-31T22:47:29Z,Awake,2,马林康的Apple Watch
2be419e9-297b-4207-90be-4f277fb8a190,2026-07-31T22:47:29Z,2026-07-31T23:03:58Z,REM,5,马林康的Apple Watch
f2b96c31-5e51-4376-8cc0-a635732053a1,2026-07-31T23:03:58Z,2026-07-31T23:35:55Z,Core,3,马林康的Apple Watch
0c7a5a2b-d16b-427b-aedb-038c7cc9e8d1,2026-07-31T23:35:55Z,2026-07-31T23:39:55Z,Awake,2,马林康的Apple Watch
0a4079ba-6e6f-4bf4-9a57-d69ec4d09bb4,2026-07-31T23:39:55Z,2026-07-31T23:51:24Z,Core,3,马林康的Apple Watch
45a7cdbe-ef03-4c53-8d35-07114d7cf32f,2026-07-31T23:51:24Z,2026-08-01T00:11:23Z,Awake,2,马林康的Apple Watch
5ade1654-a947-4854-be4c-8431cb6565e0,2026-08-01T00:11:23Z,2026-08-01T00:21:22Z,Core,3,马林康的Apple Watch
cea275eb-da69-4561-b24e-251065a2e3c2,2026-08-01T00:21:22Z,2026-08-01T00:26:52Z,REM,5,马林康的Apple Watch
c24fc732-f75c-4dc6-973f-dded7d333272,2026-08-01T00:26:52Z,2026-08-01T00:27:22Z,Core,3,马林康的Apple Watch
d54025d8-33fd-444e-8ebe-fbf3c3622c1a,2026-08-01T00:27:22Z,2026-08-01T00:30:52Z,Awake,2,马林康的Apple Watch
82c50c2e-87b4-4da0-8972-7702fcb26d27,2026-08-01T00:30:52Z,2026-08-01T00:31:52Z,Core,3,马林康的Apple Watch
6bfed21e-f7b5-43fa-9ecd-7049e3c8a649,2026-08-01T00:31:52Z,2026-08-01T00:40:21Z,REM,5,马林康的Apple Watch
1e8ee0d6-f6a1-46d9-8e07-46c01b35c21e,2026-08-01T00:40:21Z,2026-08-01T00:48:20Z,Awake,2,马林康的Apple Watch
0a7d7cfb-c5cb-4caa-a85f-b22662d9f034,2026-08-01T00:48:20Z,2026-08-01T00:51:20Z,Core,3,马林康的Apple Watch
f6fa0380-e9cd-4a99-9ba2-540229b7815a,2026-08-01T00:51:20Z,2026-08-01T00:55:20Z,Awake,2,马林康的Apple Watch
398df243-000a-43b5-9d25-c29e6099e30c,2026-08-01T00:55:20Z,2026-08-01T01:00:20Z,Core,3,马林康的Apple Watch
485441b8-bcac-4763-8ce6-bbc72bff2295,2026-08-03T15:02:59Z,2026-08-03T15:03:59Z,REM,5,马林康的Apple Watch
5fac061b-10a3-435b-8b93-dd78a5dc3dfe,2026-08-03T15:03:59Z,2026-08-03T15:04:59Z,Awake,2,马林康的Apple Watch
ed741a54-b138-4e02-a5c6-898cf9bb090e,2026-08-03T15:04:59Z,2026-08-03T15:07:59Z,Core,3,马林康的Apple Watch
ef82b4c6-6d4b-431a-930b-5d7ed2c637fa,2026-08-03T15:07:59Z,2026-08-03T15:12:28Z,REM,5,马林康的Apple Watch
8966d167-21ac-4c6c-9920-b3e6d73f83c4,2026-08-03T15:12:28Z,2026-08-03T15:14:58Z,Core,3,马林康的Apple Watch
e5230439-232c-4ea3-ba2b-bf532f4be36c,2026-08-03T15:14:58Z,2026-08-03T15:16:58Z,Awake,2,马林康的Apple Watch
5ff2e963-41e2-4744-9142-d17bd1e4cb5a,2026-08-03T15:16:58Z,2026-08-03T15:31:57Z,Core,3,马林康的Apple Watch
6cccb70f-1d90-4834-9bbd-579021fb5a2d,2026-08-03T15:31:57Z,2026-08-03T15:40:56Z,Deep,4,马林康的Apple Watch
431d8f16-08b4-4a8f-86b5-37285ffefdfb,2026-08-03T15:40:56Z,2026-08-03T15:57:55Z,Awake,2,马林康的Apple Watch
e6d9ffc0-3699-4d65-a5d2-939a1c1a0c8c,2026-08-03T15:57:55Z,2026-08-03T16:16:54Z,Core,3,马林康的Apple Watch
77d5b098-f687-4316-90c4-41e8766acc9a,2026-08-03T16:16:54Z,2026-08-03T16:18:54Z,Deep,4,马林康的Apple Watch
8251dfa6-2c50-49d4-bf7f-dd71e9dbba14,2026-08-03T16:18:54Z,2026-08-03T16:28:23Z,Core,3,马林康的Apple Watch
3cbb7548-f563-46bc-9acc-03ae2b8f27bb,2026-08-03T16:28:23Z,2026-08-03T16:37:53Z,Deep,4,马林康的Apple Watch
57eece7a-0a4c-490f-81d5-6b68617d119b,2026-08-03T16:37:53Z,2026-08-03T16:38:53Z,Awake,2,马林康的Apple Watch
5e31eaa2-77ce-4a5d-a901-707a4749a452,2026-08-03T16:38:53Z,2026-08-03T16:46:22Z,Core,3,马林康的Apple Watch
ebb5efa7-d5ab-4d75-a214-2a9bd650c473,2026-08-03T16:46:22Z,2026-08-03T16:55:51Z,REM,5,马林康的Apple Watch
973f16ea-77e0-40d3-93ba-71960efa3eb4,2026-08-03T16:55:51Z,2026-08-03T17:13:50Z,Core,3,马林康的Apple Watch
5c500e05-f3f1-4147-b200-7e6c655f4b91,2026-08-03T17:13:50Z,2026-08-03T17:20:20Z,Deep,4,马林康的Apple Watch
ab249701-d7c1-4579-83e8-0f0af61c824f,2026-08-03T17:20:20Z,2026-08-03T17:23:50Z,Awake,2,马林康的Apple Watch
4cec0663-a046-42d5-971d-50b7bbe18f1d,2026-08-03T17:23:50Z,2026-08-03T17:33:19Z,Core,3,马林康的Apple Watch
f4fc15d6-33d9-452e-b318-ff32cce8f35b,2026-08-03T17:33:19Z,2026-08-03T17:34:49Z,Awake,2,马林康的Apple Watch
5e5d9c6f-9992-4cbe-8b14-d06f91ceed3e,2026-08-03T17:34:49Z,2026-08-03T18:00:47Z,Core,3,马林康的Apple Watch
82e7b542-020d-466d-a889-e3e5d0675c0a,2026-08-03T18:00:47Z,2026-08-03T18:03:47Z,Deep,4,马林康的Apple Watch
4f04c237-c204-42e5-9114-c96cf5929333,2026-08-03T18:03:47Z,2026-08-03T18:04:17Z,Core,3,马林康的Apple Watch
f3a1de2f-6950-4873-b7ad-792d38034038,2026-08-03T18:04:17Z,2026-08-03T18:04:47Z,Awake,2,马林康的Apple Watch
2ac8ee5e-7ebc-4d69-a7d4-2e646b3abecb,2026-08-03T18:04:47Z,2026-08-03T18:05:47Z,Core,3,马林康的Apple Watch
768d5d4a-ac5f-4750-bd60-e12b0c7c84e4,2026-08-03T18:05:47Z,2026-08-03T18:08:17Z,Awake,2,马林康的Apple Watch
5e28a248-66bf-4997-a37b-699785bebede,2026-08-03T18:08:17Z,2026-08-03T18:31:15Z,Core,3,马林康的Apple Watch
090146f2-5715-499b-b354-858c59a02777,2026-08-03T18:31:15Z,2026-08-03T18:50:44Z,REM,5,马林康的Apple Watch
4e1c0637-f8a2-43b8-83df-5911ad5083d3,2026-08-03T18:50:44Z,2026-08-03T18:52:44Z,Awake,2,马林康的Apple Watch
bb17f67f-7e27-45f0-9f90-e6aa609e6db2,2026-08-03T18:52:44Z,2026-08-03T18:56:43Z,Core,3,马林康的Apple Watch
75b1a3d8-f87c-4553-8c57-305d4d60f6bd,2026-08-03T18:56:43Z,2026-08-03T18:57:43Z,Awake,2,马林康的Apple Watch
0943c170-1ab8-470f-8741-590d771a33ac,2026-08-03T18:57:43Z,2026-08-03T18:58:43Z,Core,3,马林康的Apple Watch
02277f85-6f7d-4426-a425-03e40bc002a6,2026-08-03T18:58:43Z,2026-08-03T19:03:13Z,Awake,2,马林康的Apple Watch
473c22c8-a625-4337-b470-8bfd432c9113,2026-08-03T19:03:13Z,2026-08-03T19:14:42Z,Core,3,马林康的Apple Watch
599f7858-47b1-44af-a248-7ca0912387d6,2026-08-04T16:40:00Z,2026-08-05T00:46:00Z,Asleep Unspecified,1,AutoSleep
d0001b8f-8097-4203-a26d-243d05253b26,2026-08-04T16:40:00Z,2026-08-05T00:46:00Z,In Bed,0,AutoSleep
7b60bb39-2718-4d84-94aa-9c83678585b3,2026-08-04T16:42:22Z,2026-08-04T16:56:21Z,Core,3,马林康的Apple Watch
95d5d2cc-173e-403b-8a7c-1c800774b661,2026-08-04T16:56:21Z,2026-08-04T16:59:20Z,Deep,4,马林康的Apple Watch
b2d71cb4-2d99-4571-a27b-6a496ef35c93,2026-08-04T16:59:20Z,2026-08-04T17:05:20Z,Awake,2,马林康的Apple Watch
de174f59-05f2-4799-b4f6-5a7ce85cd210,2026-08-04T17:05:20Z,2026-08-04T17:19:19Z,Core,3,马林康的Apple Watch
807f23ca-5fa4-46ce-a77c-66e6b011a0af,2026-08-04T17:19:19Z,2026-08-04T17:47:17Z,Deep,4,马林康的Apple Watch
36b99fe5-c12f-4ed8-8430-fd6a8b807093,2026-08-04T17:47:17Z,2026-08-04T17:48:47Z,Awake,2,马林康的Apple Watch
b450dbc4-c423-4bda-a0d1-817380a8b1b4,2026-08-04T17:48:47Z,2026-08-04T18:19:15Z,Core,3,马林康的Apple Watch
b10ed88f-3165-4612-adc6-e1e1fba10f82,2026-08-04T18:19:15Z,2026-08-04T18:25:14Z,Deep,4,马林康的Apple Watch
c9d05a8c-8fbd-4ff6-9028-c44c058d8523,2026-08-04T18:25:14Z,2026-08-04T18:38:44Z,Core,3,马林康的Apple Watch
ccbb44e5-de2f-4a5c-a43f-9c6ec4526dc5,2026-08-04T18:38:44Z,2026-08-04T18:42:13Z,Deep,4,马林康的Apple Watch
94b6e470-44e0-4959-9231-47512a2aceb3,2026-08-04T18:42:13Z,2026-08-04T19:01:12Z,Core,3,马林康的Apple Watch
28946b03-c2bd-4f7e-975f-61f4c748bf26,2026-08-04T19:01:12Z,2026-08-04T19:02:12Z,Awake,2,马林康的Apple Watch
65c6a715-e71b-4846-ab44-465a3320f0dd,2026-08-04T19:02:12Z,2026-08-04T19:10:41Z,Core,3,马林康的Apple Watch
a0b2cbcc-6c99-426c-bd4d-6036af002229,2026-08-04T19:10:41Z,2026-08-04T19:11:11Z,Awake,2,马林康的Apple Watch
f60f610d-60be-4299-b153-3e8d34fbac84,2026-08-04T19:11:11Z,2026-08-04T19:16:41Z,Core,3,马林康的Apple Watch
d50ad919-d421-4b50-a0b6-4130b314223d,2026-08-04T19:16:41Z,2026-08-04T19:20:11Z,REM,5,马林康的Apple Watch
6aee980c-ac82-4194-ab0b-7273bac33e3c,2026-08-04T19:20:11Z,2026-08-04T19:22:40Z,Awake,2,马林康的Apple Watch
96a735f7-6eb5-469d-bbc4-2e8d54951e4a,2026-08-04T19:22:40Z,2026-08-04T19:23:40Z,Core,3,马林康的Apple Watch
c5dbe22d-8e7d-476a-ba3d-c887eb7095e7,2026-08-04T19:23:40Z,2026-08-04T19:35:40Z,REM,5,马林康的Apple Watch
6dffa404-d757-44d2-a61f-6366ae4ae471,2026-08-04T19:35:40Z,2026-08-04T19:39:09Z,Awake,2,马林康的Apple Watch
acf7f72a-acd1-4f49-a404-e9d95ceebe65,2026-08-04T19:39:09Z,2026-08-04T19:50:09Z,Core,3,马林康的Apple Watch
297d82e1-a3f1-4d52-84d0-77d653f3d7be,2026-08-04T19:50:09Z,2026-08-04T19:53:08Z,Awake,2,马林康的Apple Watch
03c429c5-b32a-4972-9bac-a52c28828409,2026-08-04T19:53:08Z,2026-08-04T20:25:06Z,Core,3,马林康的Apple Watch
6be6b385-cc63-41c2-adac-fdd221de9954,2026-08-04T20:25:06Z,2026-08-04T20:47:05Z,Deep,4,马林康的Apple Watch
3a2945a8-4223-4bfb-918c-96f1a0369b49,2026-08-04T20:47:05Z,2026-08-04T20:48:04Z,Awake,2,马林康的Apple Watch
63295a5e-54c8-44e9-818c-3403edd4e04d,2026-08-04T20:48:04Z,2026-08-04T21:14:33Z,Core,3,马林康的Apple Watch
d2b149ca-b9be-462f-81ac-a41208ed2090,2026-08-04T21:14:33Z,2026-08-04T21:22:02Z,REM,5,马林康的Apple Watch
07e8427a-2128-44aa-b424-9244fcafcfde,2026-08-04T21:22:02Z,2026-08-04T21:26:02Z,Awake,2,马林康的Apple Watch
a7e18d6b-6c0d-4251-b2ba-2972c798416a,2026-08-04T21:26:02Z,2026-08-04T21:41:01Z,Core,3,马林康的Apple Watch
55764735-f242-4650-ab93-26e057ed3180,2026-08-04T21:41:01Z,2026-08-04T21:45:00Z,Awake,2,马林康的Apple Watch
67f5bd50-8647-4425-a13e-cba9c38c8413,2026-08-04T21:45:00Z,2026-08-04T21:58:30Z,Core,3,马林康的Apple Watch
bcca6acb-d8e0-49fd-88b7-201242796a9f,2026-08-04T21:58:30Z,2026-08-04T22:00:59Z,Awake,2,马林康的Apple Watch
3ea57297-2437-488d-b5e3-33fc7d52ca52,2026-08-04T22:00:59Z,2026-08-04T22:06:59Z,Core,3,马林康的Apple Watch
c801ccc6-bd30-453b-8c32-18df0c7a3907,2026-08-04T22:06:59Z,2026-08-04T22:08:59Z,Awake,2,马林康的Apple Watch
6dd98c55-3500-474b-801d-936b34eeaa0a,2026-08-04T22:08:59Z,2026-08-04T22:12:29Z,Core,3,马林康的Apple Watch
d1c4c4ff-f392-4253-84f4-def802be173a,2026-08-04T22:12:29Z,2026-08-04T22:12:59Z,REM,5,马林康的Apple Watch
ab61e78d-74f3-4c35-8adb-bab99975dce8,2026-08-04T22:12:59Z,2026-08-04T22:13:29Z,Core,3,马林康的Apple Watch
c4e502ef-1353-4f07-8ed2-c11c386d8d38,2026-08-04T22:13:29Z,2026-08-04T22:37:57Z,REM,5,马林康的Apple Watch
b69dbfa2-ffbf-41b2-9020-4bf75dc8fa19,2026-08-04T22:37:57Z,2026-08-04T22:40:57Z,Awake,2,马林康的Apple Watch
bc75c352-439d-49b7-84c7-a6c8fa7294cd,2026-08-04T22:40:57Z,2026-08-04T23:39:53Z,Core,3,马林康的Apple Watch
9f2fa04c-05fd-412d-8dda-3de883ea5e98,2026-08-04T23:39:53Z,2026-08-04T23:57:52Z,REM,5,马林康的Apple Watch
d77d3dc0-a648-433f-96ff-5d02ece2024b,2026-08-04T23:57:52Z,2026-08-05T00:09:21Z,Awake,2,马林康的Apple Watch
16bc552e-4716-4ba3-b679-3dcb902c1573,2026-08-05T00:09:21Z,2026-08-05T00:29:20Z,Core,3,马林康的Apple Watch
7c342a4f-865a-4d3f-a765-40896ef0c793,2026-08-05T00:29:20Z,2026-08-05T00:31:19Z,Awake,2,马林康的Apple Watch
3d595763-2385-4561-9c18-6520461a7e01,2026-08-05T00:31:19Z,2026-08-05T00:43:49Z,Core,3,马林康的Apple Watch
4f86676c-3c28-4c56-92ae-2e262ac1812c,2026-08-05T17:35:00Z,2026-08-05T22:15:00Z,Asleep Unspecified,1,AutoSleep
bd094f81-fd6e-44d9-a9ab-8f6e71f7e53f,2026-08-05T17:35:00Z,2026-08-05T22:15:00Z,In Bed,0,AutoSleep
eacfab90-e1e9-4149-afc6-ac5ec4569ec2,2026-08-05T17:48:57Z,2026-08-05T17:52:57Z,Core,3,马林康的Apple Watch
a193cb0b-f8b2-4f36-a57a-3e5f314a181f,2026-08-05T17:52:57Z,2026-08-05T17:53:57Z,Awake,2,马林康的Apple Watch
2182132e-5966-4b63-a806-4e8d3e4ea332,2026-08-05T17:53:57Z,2026-08-05T17:55:57Z,Core,3,马林康的Apple Watch
b57f745d-d1fe-40af-9c69-681d96dee90b,2026-08-05T17:55:57Z,2026-08-05T17:56:57Z,Awake,2,马林康的Apple Watch
d2a7472c-bd10-4399-b96a-723e4d15b4b2,2026-08-05T17:56:57Z,2026-08-05T18:11:56Z,Core,3,马林康的Apple Watch
c57917de-06fb-4650-ac1d-bd5d9ec8f08f,2026-08-05T18:11:56Z,2026-08-05T18:22:55Z,Deep,4,马林康的Apple Watch
4d4b2ef7-38eb-4cba-9bfa-c6c50f9736a4,2026-08-05T18:22:55Z,2026-08-05T18:25:25Z,Awake,2,马林康的Apple Watch
c43ae072-0e69-4b83-95ff-a3c2cdf4cd8b,2026-08-05T18:25:25Z,2026-08-05T18:37:24Z,Core,3,马林康的Apple Watch
7c4ca0eb-2c0b-4f33-8e23-ae451755de7d,2026-08-05T18:37:24Z,2026-08-05T18:53:53Z,Deep,4,马林康的Apple Watch
b9b7554d-e086-4311-899c-3300b245bdcc,2026-08-05T18:53:53Z,2026-08-05T18:57:53Z,Awake,2,马林康的Apple Watch
dcbbad5c-fc24-4e9e-ace0-ba2a75b72efc,2026-08-05T18:57:53Z,2026-08-05T19:19:21Z,Core,3,马林康的Apple Watch
a52dc222-a82c-4793-a13c-724a7b5e9ec1,2026-08-05T19:19:21Z,2026-08-05T19:21:21Z,Awake,2,马林康的Apple Watch
1c79a395-cc20-42a1-aa8c-788e7c43fa70,2026-08-05T19:21:21Z,2026-08-05T19:47:49Z,Core,3,马林康的Apple Watch
3bc1c241-d256-450c-a2f2-9fa488511f45,2026-08-05T19:47:49Z,2026-08-05T20:13:47Z,Deep,4,马林康的Apple Watch
af8b9139-30ef-40c5-b84a-c30765708690,2026-08-05T20:13:47Z,2026-08-05T20:17:47Z,Core,3,马林康的Apple Watch
728502e6-119d-40e4-8ddc-424d97a6f5bd,2026-08-05T20:17:47Z,2026-08-05T20:39:16Z,REM,5,马林康的Apple Watch
23c77b3d-269f-4fca-b21f-71537c81cee8,2026-08-05T20:39:16Z,2026-08-05T20:57:14Z,Core,3,马林康的Apple Watch
17302420-5295-4862-b785-e2fae07386d4,2026-08-05T20:57:14Z,2026-08-05T20:59:44Z,Awake,2,马林康的Apple Watch
fd28ebb3-e387-401d-95c1-28a6c67a6365,2026-08-05T20:59:44Z,2026-08-05T21:37:11Z,Core,3,马林康的Apple Watch
a5f2221a-8438-48d8-b3f5-d6fa6624e21a,2026-08-05T21:37:11Z,2026-08-05T21:39:41Z,Deep,4,马林康的Apple Watch
6a39e00d-75f2-4552-92ec-ef6e841ac2a4,2026-08-05T21:39:41Z,2026-08-05T21:50:10Z,Core,3,马林康的Apple Watch
6a4a71c6-6dc4-436b-9821-986c853315a9,2026-08-05T21:50:10Z,2026-08-05T22:18:09Z,REM,5,马林康的Apple Watch
d6e5f9a5-f0cb-4959-b092-da37361c3e18,2026-08-06T17:10:15Z,2026-08-06T17:15:14Z,Core,3,马林康的Apple Watch
3a9228f2-0f36-4737-9461-612c5d0edab3,2026-08-06T17:15:14Z,2026-08-06T17:29:43Z,Awake,2,马林康的Apple Watch
fac19539-3f6d-4070-a22c-99f1eb1b0778,2026-08-06T17:29:43Z,2026-08-06T17:31:13Z,Core,3,马林康的Apple Watch
c9b70bb6-b873-4533-91f3-ed4bd6398116,2026-08-06T17:31:13Z,2026-08-06T17:39:13Z,Awake,2,马林康的Apple Watch
1e1de75b-d7b3-46f0-bfc6-0ec40993f6b0,2026-08-06T17:33:00Z,2026-08-07T00:31:00Z,Asleep Unspecified,1,AutoSleep
3f84e315-3ddc-4245-a19f-232a4819ab55,2026-08-06T17:33:00Z,2026-08-07T00:31:00Z,In Bed,0,AutoSleep
378a9d87-21be-4631-9958-6d11bfc2594d,2026-08-06T17:39:13Z,2026-08-06T17:43:42Z,Core,3,马林康的Apple Watch
91673b66-6ba5-4894-8480-2903af961bfd,2026-08-06T17:43:42Z,2026-08-06T17:44:42Z,Awake,2,马林康的Apple Watch
c949a77a-5dc8-42e7-bfa4-71ca378933da,2026-08-06T17:44:42Z,2026-08-06T17:56:12Z,Core,3,马林康的Apple Watch
5918463b-907b-4a20-ac19-ca4f32e0daf7,2026-08-06T17:56:12Z,2026-08-06T18:13:40Z,Deep,4,马林康的Apple Watch
8c78c6b9-cd17-47c3-8202-5204f9b0c3b8,2026-08-06T18:13:40Z,2026-08-06T18:25:10Z,Core,3,马林康的Apple Watch
5d070933-50dc-437e-920d-ab171ce1e0be,2026-08-06T18:25:10Z,2026-08-06T18:25:40Z,Awake,2,马林康的Apple Watch
4a6cdc85-298d-4e37-872b-e2c452455b0f,2026-08-06T18:25:40Z,2026-08-06T18:32:09Z,Core,3,马林康的Apple Watch
3f888c78-d40a-4a80-ba66-d10dbae58978,2026-08-06T18:32:09Z,2026-08-06T18:35:39Z,Awake,2,马林康的Apple Watch
8f3d0590-dfef-4558-acc6-0ebd112da6ce,2026-08-06T18:35:39Z,2026-08-06T18:49:08Z,Core,3,马林康的Apple Watch
a987cbb1-1961-4712-ab0f-d5ebf704b75d,2026-08-06T18:49:08Z,2026-08-06T19:09:36Z,Deep,4,马林康的Apple Watch
93f556e2-c888-4295-bf7d-d696d7120431,2026-08-06T19:09:36Z,2026-08-06T19:24:35Z,Core,3,马林康的Apple Watch
d6547820-0e0b-4e60-ad63-4a39eae74ce2,2026-08-06T19:24:35Z,2026-08-06T19:25:35Z,Awake,2,马林康的Apple Watch
60c6aa2f-c0ad-4e82-a06a-a7bfab98d7a2,2026-08-06T19:25:35Z,2026-08-06T19:30:35Z,Core,3,马林康的Apple Watch
a7b09c09-cfa0-4101-bf68-a64ecacc7d40,2026-08-06T19:30:35Z,2026-08-06T19:43:04Z,REM,5,马林康的Apple Watch
14fe027b-5428-4221-af8f-ac10fbc0dd37,2026-08-06T19:43:04Z,2026-08-06T19:47:04Z,Awake,2,马林康的Apple Watch
1c5b2372-a9ac-4faf-b920-a3f5faaf8242,2026-08-06T19:47:04Z,2026-08-06T19:53:33Z,REM,5,马林康的Apple Watch
45457959-7f46-4ae4-a5bc-efa5bb7f21f8,2026-08-06T19:53:33Z,2026-08-06T19:55:33Z,Awake,2,马林康的Apple Watch
50f03648-fecb-4618-b105-3547fbe56383,2026-08-06T19:55:33Z,2026-08-06T19:57:03Z,Core,3,马林康的Apple Watch
c0bfeab1-1177-4f69-92e0-4d852e02246c,2026-08-06T19:57:03Z,2026-08-06T20:02:03Z,REM,5,马林康的Apple Watch
4ee9afa6-1209-4808-8821-c4393362a54e,2026-08-06T20:02:03Z,2026-08-06T20:31:31Z,Core,3,马林康的Apple Watch
f223d382-6288-4964-8a2e-cbab732e1b04,2026-08-06T20:31:31Z,2026-08-06T20:33:31Z,Deep,4,马林康的Apple Watch
21fe0b3c-3e54-40b0-8c21-fca384e2bc86,2026-08-06T20:33:31Z,2026-08-06T20:37:00Z,Awake,2,马林康的Apple Watch
b3c33d63-e4e3-40ba-b8ea-c9133f5aa461,2026-08-06T20:37:00Z,2026-08-06T20:58:29Z,Core,3,马林康的Apple Watch
c9900a46-31ce-4118-a330-39f87776d126,2026-08-06T20:58:29Z,2026-08-06T20:59:59Z,Awake,2,马林康的Apple Watch
eee1d4be-9eb8-4503-97fe-e4b041aee10f,2026-08-06T20:59:59Z,2026-08-06T21:24:27Z,Core,3,马林康的Apple Watch
b4a239a2-94b5-4f8a-b3e1-021f498ab1ee,2026-08-06T21:24:27Z,2026-08-06T21:27:57Z,Deep,4,马林康的Apple Watch
46381bcc-2beb-47bf-ace5-5c6f5ffb4366,2026-08-06T21:27:57Z,2026-08-06T21:31:57Z,Core,3,马林康的Apple Watch
ea6c5622-db90-4d6a-a109-ec3803d64ccf,2026-08-06T21:31:57Z,2026-08-06T21:43:56Z,REM,5,马林康的Apple Watch
692b2690-546f-4994-a1a7-33b72be9e22d,2026-08-06T21:43:56Z,2026-08-06T21:45:26Z,Awake,2,马林康的Apple Watch
d89666bf-74e7-45cb-848b-7a814f2854ae,2026-08-06T21:45:26Z,2026-08-06T21:47:56Z,Core,3,马林康的Apple Watch
5958874a-8c51-46c7-aa52-e8b19ed39c03,2026-08-06T21:47:56Z,2026-08-06T21:55:25Z,REM,5,马林康的Apple Watch
a61579c6-c7f6-4e19-aad0-586407f05485,2026-08-06T21:55:25Z,2026-08-06T22:42:22Z,Core,3,马林康的Apple Watch
ce52c6e8-75fc-45a4-94b7-d2fe85fb6d91,2026-08-06T22:42:22Z,2026-08-06T23:09:20Z,REM,5,马林康的Apple Watch
fc9bc834-f9b4-4c5e-b856-1f87f5a24b39,2026-08-06T23:09:20Z,2026-08-06T23:22:49Z,Awake,2,马林康的Apple Watch
86b57be7-e5d2-45c9-8347-04c19a26db3a,2026-08-06T23:22:49Z,2026-08-07T00:23:15Z,Core,3,马林康的Apple Watch
19f75daf-ff8c-42d2-92d5-972afd00b472,2026-08-07T00:23:15Z,2026-08-07T00:30:14Z,REM,5,马林康的Apple Watch
d9abf8d5-b0e5-4ac7-a115-001b6d5dba3b,2026-08-07T00:30:14Z,2026-08-07T00:35:44Z,Awake,2,马林康的Apple Watch
48943dab-6686-476b-8b9a-a2b5881428c2,2026-08-07T00:35:44Z,2026-08-07T00:37:14Z,REM,5,马林康的Apple Watch
3056c814-b78d-4fe2-a1aa-8f70027fc918,2026-08-07T16:28:00Z,2026-08-07T17:11:00Z,Asleep Unspecified,1,AutoSleep
32087c94-a378-48cd-90ef-1f446c4dbeef,2026-08-07T16:28:00Z,2026-08-08T00:46:00Z,In Bed,0,AutoSleep
76a21401-9ff0-461e-91f7-1f3cee1cf8e0,2026-08-07T16:34:09Z,2026-08-07T16:53:07Z,Core,3,马林康的Apple Watch
c365fad5-427f-49fe-bae5-5e60fd5057a6,2026-08-07T16:53:07Z,2026-08-07T17:08:36Z,Deep,4,马林康的Apple Watch
f2f8bed2-a119-45c2-94c6-5b3ae2610222,2026-08-07T17:08:36Z,2026-08-07T17:21:35Z,Awake,2,马林康的Apple Watch
43bbb353-06cd-48a3-912d-70500b1c6d75,2026-08-07T17:21:35Z,2026-08-07T17:23:35Z,Core,3,马林康的Apple Watch
2d931fb0-367b-42c7-a02c-06aa4f5c6d64,2026-08-07T17:23:35Z,2026-08-07T17:29:35Z,Awake,2,马林康的Apple Watch
618574b7-a028-4f56-ae28-69ed5b215d1c,2026-08-07T17:26:00Z,2026-08-07T21:49:00Z,Asleep Unspecified,1,AutoSleep
151fc120-7b1b-4ecd-ac08-00314b00d915,2026-08-07T17:29:35Z,2026-08-07T17:39:34Z,Core,3,马林康的Apple Watch
be47b54f-a10c-40e4-8dc8-0f46f3f6aa56,2026-08-07T17:39:34Z,2026-08-07T17:45:34Z,REM,5,马林康的Apple Watch
bc348b97-5813-4a9e-a72e-ae56bb46364f,2026-08-07T17:45:34Z,2026-08-07T17:51:03Z,Core,3,马林康的Apple Watch
dcc7364e-c572-4668-a579-2e5b213e406b,2026-08-07T17:51:03Z,2026-08-07T17:54:33Z,Awake,2,马林康的Apple Watch
46672602-4287-4efa-a276-cc763751cfcb,2026-08-07T17:54:33Z,2026-08-07T18:07:02Z,Core,3,马林康的Apple Watch
251b316c-aaad-4838-b5cd-0a87f8a3483a,2026-08-07T18:07:02Z,2026-08-07T18:24:01Z,Deep,4,马林康的Apple Watch
fd715086-2fd4-487e-b0de-791ca7e76606,2026-08-07T18:24:01Z,2026-08-07T18:32:01Z,Core,3,马林康的Apple Watch
2ba6b745-992d-4c5a-84f5-b5b9efa23f4b,2026-08-07T18:32:01Z,2026-08-07T19:00:29Z,Deep,4,马林康的Apple Watch
293a757a-865d-428b-b64f-06a52ede2436,2026-08-07T19:00:29Z,2026-08-07T19:01:59Z,Awake,2,马林康的Apple Watch
714c2663-0949-4674-9ed2-bc4779626af3,2026-08-07T19:01:59Z,2026-08-07T19:05:28Z,Core,3,马林康的Apple Watch
11b35dd0-c6f5-499d-b020-cad41cce70f9,2026-08-07T19:05:28Z,2026-08-07T19:22:27Z,REM,5,马林康的Apple Watch
8afb9fa3-1d2b-48b3-a3b8-896ef18970eb,2026-08-07T19:22:27Z,2026-08-07T19:51:55Z,Core,3,马林康的Apple Watch
8d818d3e-a928-4425-a783-bfe4d5ee3858,2026-08-07T19:51:55Z,2026-08-07T19:53:55Z,Awake,2,马林康的Apple Watch
21d772d7-7c2d-4f6f-8530-654446d9cd9d,2026-08-07T19:53:55Z,2026-08-07T20:41:22Z,Core,3,马林康的Apple Watch
98358b44-5040-42f0-9d12-59c2907661ab,2026-08-07T20:41:22Z,2026-08-07T20:43:52Z,Awake,2,马林康的Apple Watch
4194852a-c3f7-406f-9f72-8fc9fdde00c8,2026-08-07T20:43:52Z,2026-08-07T20:44:22Z,Core,3,马林康的Apple Watch
847dc28c-73c1-403d-a0d4-6435dcfebdad,2026-08-07T20:44:22Z,2026-08-07T20:47:22Z,REM,5,马林康的Apple Watch
ea4cf0af-da9b-4fa0-8c12-816c7f2565cb,2026-08-07T20:47:22Z,2026-08-07T20:48:51Z,Core,3,马林康的Apple Watch
acdab7ec-20bc-48bd-953f-c1b9bc128342,2026-08-07T20:48:51Z,2026-08-07T20:50:21Z,REM,5,马林康的Apple Watch
607b687a-c680-435b-b1bf-2b1b5ca70a32,2026-08-07T20:50:21Z,2026-08-07T20:57:51Z,Core,3,马林康的Apple Watch
046d5976-5cb7-488f-a71b-d2afb3990ab4,2026-08-07T20:57:51Z,2026-08-07T21:00:51Z,Awake,2,马林康的Apple Watch
120200ba-2361-4df9-a27b-7925a83d3795,2026-08-07T21:00:51Z,2026-08-07T21:05:50Z,Core,3,马林康的Apple Watch
31deac76-f7db-4e4d-98a9-7381fceda78b,2026-08-07T21:05:50Z,2026-08-07T21:08:50Z,REM,5,马林康的Apple Watch
55e52e77-8f0f-41d6-9d13-4ff90046dcbe,2026-08-07T21:08:50Z,2026-08-07T21:55:47Z,Core,3,马林康的Apple Watch
44f3df37-436c-4c25-86c9-3e0904991403,2026-08-07T21:55:47Z,2026-08-07T21:58:46Z,Awake,2,马林康的Apple Watch
6c3edda6-7e59-4abb-9387-8b4994334ebf,2026-08-07T21:58:46Z,2026-08-07T22:10:46Z,Core,3,马林康的Apple Watch
45e5bcc1-4df9-456a-b288-72eba97f1634,2026-08-07T22:00:00Z,2026-08-08T00:46:00Z,Asleep Unspecified,1,AutoSleep
df1c90d0-5294-4b60-ae32-bea90cd5014d,2026-08-07T22:10:46Z,2026-08-07T22:39:14Z,REM,5,马林康的Apple Watch
4fa5c4c6-f199-494e-8caf-8b0660a6b84e,2026-08-07T22:39:14Z,2026-08-07T22:40:14Z,Core,3,马林康的Apple Watch
4c8fcf66-b533-45bc-8aa0-c2d2d06aefe8,2026-08-07T22:40:14Z,2026-08-07T22:41:14Z,Awake,2,马林康的Apple Watch
48badf21-5435-4e56-a0a1-29b18ec1dc17,2026-08-07T22:41:14Z,2026-08-07T23:51:39Z,Core,3,马林康的Apple Watch
35c43dbb-6b0d-41d7-9bb3-a630530d6dea,2026-08-07T23:51:39Z,2026-08-07T23:54:39Z,Awake,2,马林康的Apple Watch
d5841923-62e5-471b-9369-8e53c31734d5,2026-08-07T23:54:39Z,2026-08-08T00:02:08Z,Core,3,马林康的Apple Watch
aee18f89-e93d-4999-8947-9ebe6072e49f,2026-08-08T00:02:08Z,2026-08-08T00:18:07Z,REM,5,马林康的Apple Watch
c2436a52-aba7-4b5f-88e1-d3512d010d8f,2026-08-08T00:18:07Z,2026-08-08T00:24:37Z,Awake,2,马林康的Apple Watch
f63a5ff2-c8cd-4d70-9310-caee321fcf02,2026-08-08T00:24:37Z,2026-08-08T00:27:07Z,Core,3,马林康的Apple Watch
45ff2cb6-dc74-4971-92fd-8c6ec28e7104,2026-08-08T06:15:00Z,2026-08-08T06:47:00Z,Asleep Unspecified,1,AutoSleep
b7073c69-5aaa-464e-bddf-b18631847c61,2026-08-08T06:15:00Z,2026-08-08T06:47:00Z,In Bed,0,AutoSleep
7eddcca7-cc27-4762-8ccb-7c1d447d41c3,2026-08-09T06:54:00Z,2026-08-09T08:45:00Z,Asleep Unspecified,1,AutoSleep
d8fe19d6-6fc1-4964-9b87-12500d1b30a3,2026-08-09T06:54:00Z,2026-08-09T08:45:00Z,In Bed,0,AutoSleep
3f6ad149-4f87-4352-99f1-0cf8c3ad9f8d,2026-08-09T07:26:26Z,2026-08-09T08:15:52Z,Asleep Unspecified,1,马林康的Apple Watch
424158b0-51ad-4015-b9c3-ba8d6cb05cd6,2026-08-09T08:15:52Z,2026-08-09T08:18:52Z,Awake,2,马林康的Apple Watch
fb51ba3e-f87d-4f24-b59c-00e332d9083e,2026-08-09T08:18:52Z,2026-08-09T08:21:52Z,Asleep Unspecified,1,马林康的Apple Watch
fada8bf0-c112-4dad-945c-69e38a15e7de,2026-08-09T08:21:52Z,2026-08-09T08:28:21Z,Awake,2,马林康的Apple Watch
ad50fca8-9cc0-4a09-9bac-c9b9d8a90893,2026-08-09T08:28:21Z,2026-08-09T08:50:20Z,Asleep Unspecified,1,马林康的Apple Watch
ec392412-063b-4e1b-b301-5afa692d8907,2026-08-09T08:50:20Z,2026-08-09T08:54:20Z,Awake,2,马林康的Apple Watch
ff79082c-1e00-4981-b3f2-6f77e2d6964b,2026-08-09T08:54:20Z,2026-08-09T08:55:50Z,Asleep Unspecified,1,马林康的Apple Watch
