Date,Latitude,Longitude,Altitude,Speed,Course,Horizontal Accuracy,Vertical Accuracy
2024-09-05T10:13:06Z,40.041880870523158,116.299131071488148,62.94,0.86,206.23,7.78,5.01
2024-09-05T10:13:07Z,40.041876978517891,116.299132847465231,62.09,0.94,207.66,7.22,4.67
2024-09-05T10:13:08Z,40.041869193900745,116.299130996128085,62.10,1.04,185.30,6.70,4.36
2024-09-05T10:13:09Z,40.041859311061714,116.299129513094087,61.90,1.25,170.52,6.24,4.09
2024-09-05T10:13:10Z,40.041847722634017,116.299124891561291,61.60,1.90,179.24,5.74,3.86
2024-09-05T10:13:11Z,40.041830393175672,116.299117999515076,61.17,2.49,190.00,5.42,3.66
2024-09-05T10:13:12Z,40.041803655279381,116.299106493686935,60.99,3.24,175.41,5.02,3.47
2024-09-05T10:13:14Z,40.041767330592705,116.299116064102122,60.79,2.66,147.05,4.70,3.29
2024-09-05T10:13:14Z,40.041766453506042,116.299115162579525,60.84,2.64,145.26,4.54,3.19
2024-09-05T10:13:15Z,40.041754371020211,116.299118199373396,60.67,2.45,141.38,4.28,3.00
2024-09-05T10:13:16Z,40.041738343954101,116.299130886860667,60.64,2.29,137.31,4.09,2.83
2024-09-05T10:13:17Z,40.041721090092871,116.299143857284022,60.55,2.13,141.66,3.89,2.69
2024-09-05T10:13:18Z,40.041703546748785,116.299154277823234,60.46,2.01,152.58,3.71,2.61
2024-09-05T10:13:19Z,40.041685344530471,116.299161207402221,60.61,2.02,163.75,3.58,2.53
2024-09-05T10:13:20Z,40.041666316923340,116.299163708000336,60.78,2.00,176.24,3.48,2.49
2024-09-05T10:13:21Z,40.041646272797671,116.299160332509928,60.91,2.01,188.09,3.36,2.44
2024-09-05T10:13:22Z,40.041626434314345,116.299151523839797,61.02,2.03,202.42,3.25,2.40
2024-09-05T10:13:23Z,40.041609349934120,116.299139631413993,61.24,1.94,212.33,3.17,2.38
2024-09-05T10:13:24Z,40.041594005699508,116.299127648149465,61.40,1.81,208.64,3.14,2.37
2024-09-05T10:13:25Z,40.041578301908359,116.299115433593215,61.55,1.80,211.74,3.10,2.34
2024-09-05T10:13:26Z,40.041560846601286,116.299100520608150,61.61,2.05,213.92,3.06,2.33
2024-09-05T10:13:27Z,40.041544786196852,116.299084988732702,61.96,2.15,219.48,3.10,2.33
2024-09-05T10:13:28Z,40.041529040201283,116.299066436358331,62.40,2.35,225.43,3.15,2.35
2024-09-05T10:13:29Z,40.041513826080362,116.299044828145810,62.65,2.45,230.82,3.23,2.38
2024-09-05T10:13:30Z,40.041499211987613,116.299020830004807,62.85,2.59,233.96,3.31,2.43
2024-09-05T10:13:31Z,40.041485595963849,116.298995274378370,63.11,2.56,238.17,3.41,2.47
2024-09-05T10:13:32Z,40.041473190708416,116.298968294257008,63.37,2.65,241.59,3.50,2.53
2024-09-05T10:13:33Z,40.041461171149962,116.298939444599753,63.60,2.77,242.63,3.59,2.58
2024-09-05T10:13:34Z,40.041448907482533,116.298909367472746,63.85,2.91,242.17,3.68,2.64
2024-09-05T10:13:35Z,40.041435944296381,116.298878475633316,64.06,2.98,241.07,3.78,2.70
2024-09-05T10:13:36Z,40.041422649530297,116.298847627860539,64.23,2.98,241.30,3.89,2.76
2024-09-05T10:13:37Z,40.041408334219426,116.298815760313161,64.29,3.05,240.76,3.98,2.82
2024-09-05T10:13:38Z,40.041394059546697,116.298783901656449,64.44,3.04,240.72,4.11,2.88
2024-09-05T10:13:39Z,40.041379886304277,116.298751764319746,64.53,3.09,240.86,4.23,2.94
2024-09-05T10:13:40Z,40.041365694640220,116.298718931256531,64.61,3.09,241.70,4.30,3.00
2024-09-05T10:13:41Z,40.041352387238419,116.298685140002050,64.68,3.04,245.13,4.37,3.06
2024-09-05T10:13:42Z,40.041341420358783,116.298652187743485,64.67,2.95,250.51,4.44,3.11
2024-09-05T10:13:43Z,40.041332415213247,116.298617838433572,64.62,2.88,256.50,4.47,3.12
2024-09-05T10:13:44Z,40.041325113331872,116.298583760071921,64.41,2.82,256.47,4.50,3.12
2024-09-05T10:13:45Z,40.041315188071195,116.298548831272115,63.76,2.83,247.74,4.46,3.06
2024-09-05T10:13:46Z,40.041300857743735,116.298511617340964,62.56,2.88,237.49,4.36,2.87
2024-09-05T10:13:47Z,40.041284364948929,116.298477541582486,61.92,2.96,234.76,4.30,2.84
2024-09-05T10:13:48Z,40.041266535709113,116.298442185879168,61.20,3.10,234.20,4.21,2.80
2024-09-05T10:13:50Z,40.041241637048053,116.298390882445347,59.95,3.03,238.70,4.15,2.69
2024-09-05T10:13:50Z,40.041232774347790,116.298370432278332,59.54,3.04,238.77,4.08,2.64
2024-09-05T10:13:51Z,40.041217543175506,116.298336349874987,59.07,3.02,239.76,4.01,2.61
2024-09-05T10:13:52Z,40.041201503335230,116.298302092739576,58.45,3.15,235.94,3.89,2.58
2024-09-05T10:13:53Z,40.041183589339816,116.298268227975171,57.89,3.13,232.62,3.80,2.55
2024-09-05T10:13:54Z,40.041164717638239,116.298236062434384,57.10,3.00,230.94,3.74,2.45
2024-09-05T10:13:55Z,40.041145115596024,116.298202864454055,56.57,3.09,233.92,3.63,2.31
2024-09-05T10:13:56Z,40.041127071545553,116.298169463147417,56.35,3.17,237.70,3.52,2.19
2024-09-05T10:13:57Z,40.041110705176472,116.298134641159820,56.37,3.25,239.79,3.42,2.10
2024-09-05T10:13:58Z,40.041095154055370,116.298099344885614,56.60,3.28,240.83,3.35,2.04
2024-09-05T10:13:59Z,40.041080835735805,116.298064418042074,56.66,3.22,242.16,3.31,1.99
2024-09-05T10:14:00Z,40.041067694913686,116.298030140497858,56.65,3.17,244.23,3.28,1.96
2024-09-05T10:14:01Z,40.041055740935576,116.297995316256092,56.69,3.15,246.82,3.23,1.94
2024-09-05T10:14:02Z,40.041044570844875,116.297959744462986,56.79,3.20,247.90,3.18,1.92
2024-09-05T10:14:03Z,40.041033640275742,116.297922648035922,57.05,3.25,247.09,3.10,1.89
2024-09-05T10:14:04Z,40.041022316628151,116.297885856423306,57.09,3.21,244.99,3.04,1.85
2024-09-05T10:14:05Z,40.041011090611811,116.297849939850437,57.17,3.13,244.65,3.00,1.79
2024-09-05T10:14:06Z,40.041000453407591,116.297815243630524,57.28,3.12,247.35,2.95,1.77
2024-09-05T10:14:07Z,40.040992427380992,116.297779123519092,57.29,3.21,254.98,2.89,1.74
2024-09-05T10:14:08Z,40.040987462211852,116.297741603517181,57.37,3.19,261.32,2.85,1.73
2024-09-05T10:14:09Z,40.040985458601263,116.297704033058068,57.42,3.21,267.05,2.82,1.71
2024-09-05T10:14:10Z,40.040985436486039,116.297666201790548,57.53,3.22,269.97,2.80,1.72
2024-09-05T10:14:11Z,40.040986544759143,116.297628994355918,57.63,3.18,272.07,2.79,1.73
2024-09-05T10:14:12Z,40.040989220669502,116.297592461891455,58.18,3.14,274.74,2.75,1.72
2024-09-05T10:14:13Z,40.040994301175928,116.297556980321929,58.51,3.11,281.16,2.71,1.69
2024-09-05T10:14:14Z,40.041003047101022,116.297522474220344,58.74,3.13,290.39,2.66,1.68
2024-09-05T10:14:15Z,40.041016270625732,116.297489762044066,58.73,3.19,300.76,2.62,1.65
2024-09-05T10:14:16Z,40.041034361666171,116.297454758597354,59.17,3.32,310.35,2.58,1.64
2024-09-05T10:14:17Z,40.041056657837061,116.297425335450058,58.19,3.43,317.67,2.54,1.51
2024-09-05T10:14:18Z,40.041081128393792,116.297397643734783,58.09,3.41,322.68,2.55,1.46
2024-09-05T10:14:19Z,40.041107110206411,116.297372577011018,58.07,3.42,327.25,2.54,1.42
2024-09-05T10:14:20Z,40.041134681088785,116.297350860255790,58.11,3.52,332.80,2.49,1.37
2024-09-05T10:14:21Z,40.041163983561439,116.297330896421471,58.20,3.61,334.20,2.43,1.33
2024-09-05T10:14:22Z,40.041194983414634,116.297308704004536,58.35,3.46,333.05,2.38,1.28
2024-09-05T10:14:23Z,40.041220936510271,116.297291586702642,58.51,3.60,335.50,2.30,1.24
2024-09-05T10:14:24Z,40.041249862846293,116.297274442731023,58.82,3.50,337.31,2.26,1.19
2024-09-05T10:14:25Z,40.041278860784544,116.297259199978825,59.15,3.49,339.58,2.22,1.14
2024-09-05T10:14:26Z,40.041307123881211,116.297242968586815,59.44,3.37,333.30,2.16,1.09
2024-09-05T10:14:27Z,40.041320000746083,116.297234205206507,59.65,3.34,331.33,2.13,1.07
2024-09-05T10:14:28Z,40.041346315362176,116.297213439643485,59.92,3.42,326.22,2.08,1.03
2024-09-05T10:14:29Z,40.041371808599905,116.297189616116697,60.21,3.55,322.47,2.01,0.99
2024-09-05T10:14:30Z,40.041396795001660,116.297164030285543,60.51,3.53,321.12,1.91,0.96
2024-09-05T10:14:31Z,40.041421276682641,116.297139138524457,60.87,3.33,322.86,1.80,0.93
2024-09-05T10:14:32Z,40.041444856605771,116.297118249944603,61.23,3.01,328.89,1.71,0.90
2024-09-05T10:14:33Z,40.041466863338009,116.297101059221120,61.59,2.71,329.19,1.62,0.87
2024-09-05T10:14:34Z,40.041487330241722,116.297084684627265,61.91,2.60,327.66,1.55,0.85
2024-09-05T10:14:35Z,40.041507135457877,116.297069306419402,62.19,2.52,330.77,1.48,0.83
2024-09-05T10:14:36Z,40.041527435244781,116.297056341020223,62.44,2.51,337.00,1.45,0.81
2024-09-05T10:14:37Z,40.041548216564095,116.297044520120181,62.66,2.53,335.78,1.46,0.80
2024-09-05T10:14:38Z,40.041568773193909,116.297032140133439,62.88,2.51,334.53,1.44,0.79
2024-09-05T10:14:39Z,40.041588992810979,116.297018954717416,63.07,2.49,332.20,1.42,0.78
2024-09-05T10:14:40Z,40.041608593838909,116.297004366077090,63.24,2.53,328.28,1.42,0.77
2024-09-05T10:14:41Z,40.041627738856327,116.296987605421577,63.37,2.60,323.93,1.45,0.77
2024-09-05T10:14:42Z,40.041646379577777,116.296968252185664,63.45,2.71,319.02,1.44,0.76
2024-09-05T10:14:43Z,40.041664781247903,116.296947283968578,63.52,2.74,318.61,1.43,0.76
2024-09-05T10:14:44Z,40.041683557121836,116.296926576081120,63.55,2.74,320.83,1.43,0.76
2024-09-05T10:14:45Z,40.041703368353915,116.296906245049115,63.56,2.85,322.59,1.43,0.76
2024-09-05T10:14:46Z,40.041725704478196,116.296884459190309,63.55,2.87,323.67,1.46,0.76
2024-09-05T10:14:47Z,40.041745194563454,116.296865624512023,63.50,3.04,323.30,1.49,0.76
2024-09-05T10:14:48Z,40.041767443625965,116.296843574077585,63.40,3.14,322.23,1.53,0.76
2024-09-05T10:14:49Z,40.041789401687360,116.296821158756941,63.27,3.07,321.62,1.58,0.76
2024-09-05T10:14:50Z,40.041810848093704,116.296799619346089,63.12,2.94,323.13,1.63,0.76
2024-09-05T10:14:51Z,40.041832083964664,116.296779960784178,62.94,2.90,325.94,1.68,0.76
2024-09-05T10:14:52Z,40.041854379925930,116.296761643531184,62.75,2.96,329.35,1.71,0.76
2024-09-05T10:14:53Z,40.041878192042759,116.296744400603373,62.55,3.16,332.22,1.72,0.76
2024-09-05T10:14:54Z,40.041903377851391,116.296728189431505,62.36,3.09,335.06,1.72,0.76
2024-09-05T10:14:55Z,40.041928190401606,116.296714203791709,62.15,2.89,338.18,1.74,0.76
2024-09-05T10:14:56Z,40.041951762173632,116.296703819261836,61.95,2.65,344.70,1.76,0.76
2024-09-05T10:14:57Z,40.041975835911728,116.296697512198492,61.73,2.83,352.22,1.76,0.76
2024-09-05T10:14:58Z,40.042001266761083,116.296695464709927,61.52,2.84,0.65,1.73,0.76
2024-09-05T10:14:59Z,40.042026401521120,116.296696549123084,61.32,2.76,3.05,1.73,0.76
2024-09-05T10:15:00Z,40.042051142814195,116.296697337916612,61.13,2.75,359.70,1.73,0.76
2024-09-05T10:15:01Z,40.042075878899325,116.296694997961623,60.96,2.80,352.14,1.72,0.76
2024-09-05T10:15:02Z,40.042100687796754,116.296688375959093,60.82,2.83,344.73,1.71,0.76
2024-09-05T10:15:03Z,40.042124985909624,116.296678103577094,60.68,2.85,339.29,1.71,0.76
2024-09-05T10:15:04Z,40.042149377119507,116.296665390946941,60.56,2.93,337.07,1.73,0.76
2024-09-05T10:15:05Z,40.042173461940891,116.296652216250649,60.40,2.95,337.37,1.72,0.76
2024-09-05T10:15:06Z,40.042198120871788,116.296639051355669,60.30,2.98,338.12,1.72,0.76
2024-09-05T10:15:07Z,40.042223105038175,116.296625784642004,60.21,3.02,337.75,1.73,0.76
2024-09-05T10:15:08Z,40.042248295953634,116.296612245326799,60.13,3.04,337.83,1.75,0.76
2024-09-05T10:15:09Z,40.042273661602813,116.296598420421034,60.08,3.08,337.10,1.77,0.77
2024-09-05T10:15:10Z,40.042299105119213,116.296584505468886,60.02,3.04,337.58,1.78,0.77
2024-09-05T10:15:11Z,40.042323753399430,116.296571219410453,59.95,2.88,337.66,1.79,0.77
2024-09-05T10:15:12Z,40.042346947762894,116.296557464333489,59.91,2.79,333.58,1.81,0.78
2024-09-05T10:15:13Z,40.042368781971113,116.296541573248959,59.87,2.75,328.11,1.86,0.79
2024-09-05T10:15:14Z,40.042400061540860,116.296511596755678,59.82,3.00,319.69,1.90,0.79
2024-09-05T10:15:15Z,40.042410269711453,116.296500100906272,59.82,3.06,319.34,1.90,0.79
2024-09-05T10:15:16Z,40.042431340143544,116.296476136443019,59.81,3.17,318.67,1.92,0.79
2024-09-05T10:15:17Z,40.042452960374753,116.296451843748315,59.80,3.18,319.94,1.91,0.80
2024-09-05T10:15:18Z,40.042474944198453,116.296428327235375,59.78,3.16,321.32,1.89,0.81
2024-09-05T10:15:19Z,40.042497023740808,116.296405207529716,59.77,3.15,321.13,1.87,0.82
2024-09-05T10:15:20Z,40.042520411905549,116.296381021357305,59.75,3.01,322.06,1.88,0.83
2024-09-05T10:15:21Z,40.042540143022485,116.296361154341682,59.73,2.96,322.61,1.91,0.84
2024-09-05T10:15:22Z,40.042560977952711,116.296340575402311,59.70,2.90,323.08,1.96,0.85
2024-09-05T10:15:23Z,40.042581393761445,116.296319989086541,59.65,2.85,321.45,2.01,0.86
2024-09-05T10:15:24Z,40.042601145665408,116.296299528169058,59.58,2.78,321.40,2.06,0.87
2024-09-05T10:15:25Z,40.042620334913067,116.296279926583580,59.52,2.71,322.08,2.14,0.88
2024-09-05T10:15:26Z,40.042639458096403,116.296261234778612,59.46,2.64,323.68,2.24,0.90
2024-09-05T10:15:27Z,40.042658551042926,116.296243989052627,59.39,2.54,326.25,2.41,0.90
2024-09-05T10:15:28Z,40.042677781369719,116.296228420676542,59.33,2.50,329.78,2.63,0.91
2024-09-05T10:15:29Z,40.042697393407515,116.296214623504810,59.27,2.49,333.59,2.87,0.92
2024-09-05T10:15:30Z,40.042717935579233,116.296202503173333,59.18,2.56,337.30,3.08,0.93
2024-09-05T10:15:31Z,40.042740037615971,116.296191972275381,59.07,2.60,341.19,3.25,0.93
2024-09-05T10:15:32Z,40.042763031480256,116.296183269877716,58.97,2.71,344.19,3.38,0.93
2024-09-05T10:15:33Z,40.042787766681634,116.296175690994929,58.86,2.89,346.60,3.48,0.94
2024-09-05T10:15:34Z,40.042813765978330,116.296168747633729,58.75,2.97,346.88,3.54,0.94
2024-09-05T10:15:35Z,40.042840255726119,116.296161176974621,58.54,3.02,344.12,3.57,0.93
2024-09-05T10:15:36Z,40.042866247532835,116.296151436488913,58.42,2.98,339.63,3.55,0.93
2024-09-05T10:15:37Z,40.042891259794608,116.296139638900144,58.28,2.96,335.94,3.53,0.93
2024-09-05T10:15:38Z,40.042916016597530,116.296126902782447,58.13,2.95,336.47,3.49,0.93
2024-09-05T10:15:39Z,40.042940629806729,116.296115165702375,58.00,2.89,338.94,3.46,0.93
2024-09-05T10:15:40Z,40.042967858311478,116.296104299335795,57.88,2.75,343.06,3.45,0.93
2024-09-05T10:15:41Z,40.042988393008912,116.296098102836751,57.79,2.55,346.00,3.45,0.93
2024-09-05T10:15:42Z,40.043009333771195,116.296092923912212,57.66,2.17,348.95,3.45,0.92
2024-09-05T10:15:43Z,40.043027648171886,116.296088871813879,57.54,2.04,349.49,3.43,0.92
2024-09-05T10:15:44Z,40.043045052848846,116.296084666934718,57.44,1.98,349.16,3.39,0.92
2024-09-05T10:15:45Z,40.043061823017965,116.296080119510265,57.36,1.94,347.55,3.36,0.92
2024-09-05T10:15:46Z,40.043078520463993,116.296074069258808,57.29,1.84,343.10,3.34,0.92
2024-09-05T10:15:47Z,40.043092197711516,116.296066965343115,57.22,1.87,337.55,3.33,0.92
2024-09-05T10:15:48Z,40.043105976686888,116.296058100631910,57.14,1.73,334.20,3.33,0.93
2024-09-05T10:15:49Z,40.043118633619990,116.296049002092573,57.05,1.68,333.98,3.32,0.93
2024-09-05T10:15:50Z,40.043129316147976,116.296040012786875,56.98,1.35,325.94,3.32,0.93
2024-09-05T10:15:51Z,40.043135718640862,116.296029043317290,56.89,1.24,301.05,3.29,0.93
2024-09-05T10:15:52Z,40.043137396148943,116.296014077577809,56.81,1.45,270.76,3.27,0.93
2024-09-05T10:15:53Z,40.043135394880238,116.295995767138734,56.74,1.73,254.51,3.33,0.95
2024-09-05T10:15:54Z,40.043129411109931,116.295975271464982,56.67,2.02,244.65,3.43,0.97
2024-09-05T10:15:55Z,40.043119895456037,116.295952532974297,56.61,2.37,238.69,3.51,0.99
2024-09-05T10:15:56Z,40.043107752183623,116.295928775950159,56.54,2.53,234.21,3.57,1.03
2024-09-05T10:15:57Z,40.043093911696523,116.295904633538200,56.47,2.58,232.37,3.64,1.08
2024-09-05T10:15:58Z,40.043079584124754,116.295880499251936,56.40,2.54,232.26,3.76,1.15
2024-09-05T10:15:59Z,40.043066571171288,116.295856979206832,56.33,2.41,236.35,3.91,1.24
2024-09-05T10:16:00Z,40.043055890166819,116.295832923277672,56.26,2.35,243.71,4.06,1.34
2024-09-05T10:16:01Z,40.043048734679864,116.295807428394895,56.20,2.31,256.31,4.19,1.47
2024-09-05T10:16:02Z,40.043044435880859,116.295781325209504,56.13,2.27,259.53,4.29,1.62
2024-09-05T10:16:27Z,40.042922717719932,116.295763169580539,53.21,0.01,348.43,4.24,1.67
2024-09-05T10:16:28Z,40.042925015861016,116.295762261292822,53.44,0.00,346.80,4.07,1.48
2024-09-05T10:16:29Z,40.042927369044335,116.295761295485036,53.68,0.00,344.78,3.94,1.33
2024-09-05T10:16:30Z,40.042929411380406,116.295760312255780,53.88,0.00,343.45,3.83,1.22
2024-09-05T10:16:31Z,40.042931980346637,116.295758820184659,54.08,0.00,341.95,3.73,1.14
2024-09-05T10:16:32Z,40.042934925079372,116.295756856022834,54.26,0.04,340.18,3.62,1.08
2024-09-05T10:16:33Z,40.042937762010105,116.295754649294210,54.44,0.03,338.13,3.54,1.03
2024-09-05T10:16:34Z,40.042940348168102,116.295752386968715,54.63,0.03,336.20,3.48,1.01
2024-09-05T10:16:35Z,40.042942658993070,116.295750092932579,54.82,0.02,335.19,3.43,0.99
2024-09-05T10:16:36Z,40.042944954932238,116.295747832616740,54.99,0.07,337.61,3.38,0.97
2024-09-05T10:16:37Z,40.042950111899003,116.295744310888722,55.17,0.75,339.02,3.29,0.97
2024-09-05T10:16:38Z,40.042962236673084,116.295737644608067,55.36,1.70,340.22,3.23,0.96
2024-09-05T10:16:39Z,40.042981269244500,116.295727203065127,55.57,2.32,337.92,3.22,0.95
2024-09-05T10:16:40Z,40.043004405050901,116.295713312948607,55.75,2.73,335.15,3.25,0.94
2024-09-05T10:16:41Z,40.043028683196077,116.295696745470053,55.92,2.87,331.02,3.26,0.94
2024-09-05T10:16:42Z,40.043052745928776,116.295677747491339,56.06,2.90,327.35,3.24,0.93
2024-09-05T10:16:43Z,40.043076271866887,116.295657282405870,56.22,2.85,325.55,3.22,0.92
2024-09-05T10:16:44Z,40.043098953394413,116.295637302145181,56.35,2.74,326.21,3.23,0.90
2024-09-05T10:16:45Z,40.043121129303522,116.295618974977529,56.47,2.75,328.85,3.23,0.89
2024-09-05T10:16:46Z,40.043144920514500,116.295601847696858,56.58,2.89,333.68,3.22,0.88
2024-09-05T10:16:47Z,40.043172300338938,116.295585887547787,56.67,3.25,339.05,3.21,0.86
2024-09-05T10:16:48Z,40.043201633339223,116.295571902398919,56.76,3.46,343.03,3.19,0.85
2024-09-05T10:16:49Z,40.043232602445840,116.295559475155116,56.85,3.30,345.98,3.19,0.83
2024-09-05T10:16:50Z,40.043261834100441,116.295548838364013,56.96,3.10,346.61,3.19,0.82
2024-09-05T10:16:51Z,40.043289842532722,116.295538681506187,57.05,2.98,345.98,3.18,0.81
2024-09-05T10:16:52Z,40.043316030482096,116.295528830132596,57.13,2.81,345.97,3.18,0.79
2024-09-05T10:16:53Z,40.043341839533973,116.295518738451136,57.21,2.78,344.37,3.17,0.78
2024-09-05T10:16:54Z,40.043366891803842,116.295507952574511,57.28,2.88,341.98,3.17,0.78
2024-09-05T10:16:55Z,40.043392860694183,116.295495008160984,57.34,2.96,338.97,3.18,0.77
2024-09-05T10:16:56Z,40.043419246669103,116.295479182131103,57.38,3.18,334.09,3.17,0.77
2024-09-05T10:16:57Z,40.043445470000982,116.295460279142048,57.41,3.25,330.13,3.16,0.76
2024-09-05T10:16:58Z,40.043471603621732,116.295439370554874,57.44,3.23,328.56,3.16,0.76
2024-09-05T10:16:59Z,40.043497472114296,116.295418421880029,57.47,3.21,329.48,3.15,0.76
2024-09-05T10:17:00Z,40.043524012108044,116.295397992367597,57.50,3.22,330.78,3.13,0.76
2024-09-05T10:17:01Z,40.043550633203417,116.295378857633509,57.52,3.21,332.36,3.12,0.76
2024-09-05T10:17:02Z,40.043577352977401,116.295360681879956,57.57,3.20,333.13,3.12,0.76
2024-09-05T10:17:03Z,40.043604250523508,116.295343088612881,57.62,3.17,334.13,3.12,0.76
2024-09-05T10:17:04Z,40.043630940127912,116.295325025004942,57.66,3.21,331.52,3.13,0.76
2024-09-05T10:17:05Z,40.043657296768700,116.295305146453330,57.71,3.28,328.67,3.13,0.76
2024-09-05T10:17:06Z,40.043682898404462,116.295283735157810,57.77,3.16,325.88,3.13,0.76
2024-09-05T10:17:07Z,40.043707219998566,116.295262394313141,57.83,3.13,326.06,3.13,0.76
2024-09-05T10:17:08Z,40.043731409843865,116.295241885979010,57.90,3.07,327.69,3.14,0.76
2024-09-05T10:17:09Z,40.043755781641266,116.295222897674549,57.97,3.02,330.37,3.14,0.76
2024-09-05T10:17:10Z,40.043779714004550,116.295205561953622,58.06,2.85,331.41,3.14,0.76
2024-09-05T10:17:11Z,40.043803935564291,116.295188265193147,58.14,3.10,331.32,3.15,0.76
2024-09-05T10:17:12Z,40.043829318105622,116.295169777356747,58.23,3.06,330.69,3.15,0.76
2024-09-05T10:17:13Z,40.043853893405753,116.295151409575936,58.31,3.06,329.94,3.16,0.76
2024-09-05T10:17:14Z,40.043878347119943,116.295132972560296,58.37,3.14,329.92,3.17,0.76
2024-09-05T10:17:15Z,40.043904257655157,116.295114283655238,58.41,3.33,331.37,3.17,0.76
2024-09-05T10:17:16Z,40.043931699819701,116.295096132384984,58.46,3.34,333.49,3.18,0.76
2024-09-05T10:17:17Z,40.043959196544492,116.295080049246693,58.50,3.21,336.53,3.19,0.76
2024-09-05T10:17:18Z,40.043986407334955,116.295066047711273,58.54,3.11,338.71,3.22,0.76
2024-09-05T10:17:19Z,40.044013223971007,116.295052189987331,58.55,3.11,336.44,3.22,0.76
2024-09-05T10:17:20Z,40.044039974786180,116.295035840053671,58.56,3.36,331.87,3.22,0.76
2024-09-05T10:17:21Z,40.044066205468660,116.295016580529378,58.55,3.12,327.56,3.22,0.76
2024-09-05T10:17:22Z,40.044090351775431,116.294997221725779,58.55,3.06,327.30,3.21,0.76
2024-09-05T10:17:23Z,40.044114693304792,116.294978401049761,58.54,3.04,329.26,3.20,0.76
2024-09-05T10:17:24Z,40.044139829801814,116.294960707196239,58.53,3.10,332.19,3.19,0.76
2024-09-05T10:17:25Z,40.044165762976348,116.294944382843852,58.51,3.07,334.41,3.20,0.76
2024-09-05T10:17:26Z,40.044191610733264,116.294928951135475,58.50,2.90,334.53,3.21,0.76
2024-09-05T10:17:27Z,40.044215029666930,116.294914621599773,58.46,2.88,333.00,3.21,0.76
2024-09-05T10:17:28Z,40.044239031029242,116.294898809710034,58.42,2.92,331.01,3.19,0.76
2024-09-05T10:17:29Z,40.044263076642423,116.294882361817614,58.38,2.84,331.31,3.18,0.76
2024-09-05T10:17:30Z,40.044286189575793,116.294867238292554,58.35,2.83,333.03,3.18,0.76
2024-09-05T10:17:31Z,40.044309916376129,116.294852776543280,58.32,2.85,334.18,3.18,0.76
2024-09-05T10:17:32Z,40.044334411314502,116.294838223663689,58.28,2.97,334.70,3.17,0.76
2024-09-05T10:17:33Z,40.044359540011186,116.294823068827952,58.24,3.08,334.01,3.17,0.76
2024-09-05T10:17:34Z,40.044388783226943,116.294805327551899,58.19,3.00,335.18,3.17,0.76
2024-09-05T10:17:35Z,40.044410288309713,116.294792854323333,58.13,2.99,335.77,3.16,0.76
2024-09-05T10:17:36Z,40.044436801111331,116.294777965481373,58.03,2.97,336.71,3.15,0.76
2024-09-05T10:17:37Z,40.044460134451256,116.294765057107341,57.96,2.94,336.22,3.17,0.76
2024-09-05T10:17:38Z,40.044484541767169,116.294751530669700,57.89,2.89,336.20,3.20,0.76
2024-09-05T10:17:39Z,40.044508098333267,116.294738778288703,57.81,2.68,336.13,3.20,0.76
2024-09-05T10:17:40Z,40.044530548966108,116.294726813736133,57.73,2.71,336.02,3.18,0.76
2024-09-05T10:17:41Z,40.044552893509398,116.294714570759069,57.62,2.63,333.98,3.18,0.76
2024-09-05T10:17:42Z,40.044574580631334,116.294701381357214,57.53,2.64,330.90,3.19,0.76
2024-09-05T10:17:43Z,40.044595675391044,116.294686788243169,57.43,2.68,328.00,3.20,0.76
2024-09-05T10:17:44Z,40.044617036418444,116.294670423038085,57.33,2.80,326.40,3.20,0.76
2024-09-05T10:17:45Z,40.044641559847143,116.294651608031458,57.24,2.81,328.37,3.19,0.76
2024-09-05T10:17:46Z,40.044661364669409,116.294637915159583,57.20,2.75,331.17,3.18,0.76
2024-09-05T10:17:47Z,40.044683844381140,116.294624455508028,57.15,2.71,335.58,3.18,0.76
2024-09-05T10:17:48Z,40.044707048804696,116.294613182230790,57.13,2.73,340.43,3.18,0.76
2024-09-05T10:17:49Z,40.044731426964439,116.294604098794366,57.10,2.80,345.10,3.18,0.76
2024-09-05T10:17:50Z,40.044756440709953,116.294597134643539,57.10,2.76,348.82,3.16,0.76
2024-09-05T10:17:51Z,40.044780437815248,116.294591721091038,57.09,2.57,349.60,3.16,0.76
2024-09-05T10:17:52Z,40.044803676117674,116.294585603482346,57.08,2.52,345.65,3.15,0.76
2024-09-05T10:17:53Z,40.044827119951357,116.294577161023184,57.07,2.64,341.22,3.15,0.76
2024-09-05T10:17:54Z,40.044850309997720,116.294566789797869,57.06,2.77,337.85,3.15,0.76
2024-09-05T10:17:55Z,40.044874044121649,116.294554889870355,57.06,2.71,336.65,3.16,0.76
2024-09-05T10:17:56Z,40.044897169709039,116.294542670908413,57.05,2.71,335.28,3.16,0.76
2024-09-05T10:17:57Z,40.044920064743742,116.294529725040093,57.04,2.70,333.83,3.15,0.76
2024-09-05T10:17:58Z,40.044942691198521,116.294516528551313,57.02,2.68,333.65,3.14,0.76
2024-09-05T10:17:59Z,40.044965229094338,116.294503312451724,56.99,2.68,334.26,3.14,0.76
2024-09-05T10:18:00Z,40.044987641475338,116.294490055940415,56.97,2.69,333.59,3.15,0.76
2024-09-05T10:18:01Z,40.045010321704794,116.294476110452294,56.93,2.73,332.99,3.16,0.76
2024-09-05T10:18:02Z,40.045033357059637,116.294461961413973,56.89,2.84,333.98,3.15,0.76
2024-09-05T10:18:03Z,40.045057898229558,116.294447933013473,56.86,2.89,336.34,3.13,0.76
2024-09-05T10:18:04Z,40.045082412222371,116.294434577724772,56.82,2.86,336.48,3.14,0.76
2024-09-05T10:18:05Z,40.045106171030191,116.294421341271345,56.79,2.75,335.33,3.14,0.76
2024-09-05T10:18:06Z,40.045129189760075,116.294407693427900,56.75,2.78,334.43,3.15,0.76
2024-09-05T10:18:07Z,40.045152741857720,116.294393493862827,56.70,2.79,334.52,3.15,0.76
2024-09-05T10:18:08Z,40.045175664811310,116.294379624082978,56.66,2.77,334.29,3.14,0.76
2024-09-05T10:18:09Z,40.045198213810963,116.294365541327892,56.60,2.72,333.00,3.14,0.76
2024-09-05T10:18:10Z,40.045220900780436,116.294350848947872,56.54,2.75,331.59,3.14,0.76
2024-09-05T10:18:11Z,40.045243226977384,116.294335968919711,56.48,2.76,330.72,3.14,0.76
2024-09-05T10:18:12Z,40.045265591274514,116.294320739605226,56.43,2.76,330.31,3.13,0.76
2024-09-05T10:18:13Z,40.045287962919289,116.294305237086888,56.37,2.76,330.56,3.14,0.76
2024-09-05T10:18:14Z,40.045310355810223,116.294290156925683,56.30,2.77,331.74,3.14,0.76
2024-09-05T10:18:15Z,40.045333364750604,116.294275231152767,56.25,2.80,332.55,3.15,0.76
2024-09-05T10:18:16Z,40.045356793975266,116.294260536434578,56.18,2.95,333.52,3.14,0.76
2024-09-05T10:18:17Z,40.045381048264233,116.294245695717521,56.13,2.95,334.12,3.13,0.76
2024-09-05T10:18:18Z,40.045415234025803,116.294225659799764,56.07,2.90,336.47,3.16,0.76
2024-09-05T10:18:19Z,40.045429861520162,116.294217887622992,56.05,2.86,337.67,3.15,0.76
2024-09-05T10:18:20Z,40.045454457467770,116.294206343901024,56.04,2.83,342.17,3.16,0.76
2024-09-05T10:18:21Z,40.045478804992158,116.294196856819568,56.04,2.81,344.13,3.15,0.76
2024-09-05T10:18:22Z,40.045502978291722,116.294187272872549,56.05,2.76,341.43,3.15,0.76
2024-09-05T10:18:23Z,40.045526290539357,116.294175871803176,56.06,2.72,336.59,3.15,0.76
2024-09-05T10:18:24Z,40.045548771861242,116.294162429990394,56.08,2.72,332.94,3.15,0.76
2024-09-05T10:18:25Z,40.045571843480616,116.294146612506111,56.11,2.83,330.48,3.16,0.76
2024-09-05T10:18:26Z,40.045593402982931,116.294130661113726,56.14,2.86,329.30,3.16,0.76
2024-09-05T10:18:27Z,40.045615629511765,116.294113223669072,56.17,2.85,327.57,3.17,0.76
2024-09-05T10:18:28Z,40.045637446643617,116.294095221248881,56.19,2.84,326.81,3.17,0.76
2024-09-05T10:18:29Z,40.045659026252657,116.294076886747121,56.21,2.81,326.32,3.18,0.76
2024-09-05T10:18:30Z,40.045679721922774,116.294059256528669,56.21,2.75,326.69,3.18,0.76
2024-09-05T10:18:31Z,40.045700819442523,116.294042330131575,56.20,2.73,329.25,3.17,0.76
2024-09-05T10:18:32Z,40.045722388830555,116.294026756251711,56.19,2.74,332.11,3.16,0.76
2024-09-05T10:18:33Z,40.045744572907026,116.294012249848151,56.16,2.74,334.28,3.17,0.76
2024-09-05T10:18:34Z,40.045766853124519,116.293998340707205,56.11,2.74,334.61,3.16,0.76
2024-09-05T10:18:35Z,40.045789074540430,116.293984313237260,56.04,2.74,334.16,3.15,0.76
2024-09-05T10:18:36Z,40.045811289456822,116.293969927017557,55.95,2.73,333.66,3.14,0.76
2024-09-05T10:18:37Z,40.045833540946511,116.293955049915297,55.87,2.73,332.74,3.14,0.76
2024-09-05T10:18:38Z,40.045856141288027,116.293939732213957,55.77,2.84,332.71,3.13,0.76
2024-09-05T10:18:39Z,40.045879558454445,116.293924075629150,55.65,2.91,333.25,3.12,0.76
2024-09-05T10:18:40Z,40.045905099118883,116.293907953562453,55.53,2.86,335.14,3.11,0.76
2024-09-05T10:18:41Z,40.045927100950088,116.293894670880121,55.41,2.80,335.15,3.10,0.76
2024-09-05T10:18:42Z,40.045950133196357,116.293880249064571,55.29,2.74,333.43,3.10,0.76
2024-09-05T10:18:43Z,40.045972052255202,116.293865456352535,55.19,2.61,331.64,3.09,0.76
2024-09-05T10:18:44Z,40.045993241772145,116.293850675441249,55.07,2.64,331.93,3.09,0.76
2024-09-05T10:18:45Z,40.046014542993888,116.293836488844960,54.97,2.59,334.14,3.09,0.76
2024-09-05T10:18:46Z,40.046036324773183,116.293822843088734,54.87,2.65,335.09,3.09,0.76
2024-09-05T10:18:47Z,40.046058018199687,116.293809285837483,54.78,2.61,334.41,3.08,0.76
2024-09-05T10:18:48Z,40.046079403016577,116.293795135793673,54.69,2.66,332.89,3.08,0.77
2024-09-05T10:18:49Z,40.046101585022001,116.293779698132596,54.61,2.83,332.30,3.09,0.78
2024-09-05T10:18:50Z,40.046124381323843,116.293763330266472,54.54,2.89,331.32,3.09,0.78
2024-09-05T10:18:51Z,40.046147558547403,116.293746553629660,54.47,2.93,331.60,3.08,0.79
2024-09-05T10:18:52Z,40.046171494173876,116.293729563117623,54.40,3.05,331.94,3.08,0.79
2024-09-05T10:18:53Z,40.046196097288451,116.293712619823026,54.34,3.09,332.99,3.09,0.80
2024-09-05T10:18:54Z,40.046220818382956,116.293696649167032,54.28,3.07,334.66,3.09,0.80
2024-09-05T10:18:55Z,40.046245739104322,116.293681883147073,54.21,3.03,336.26,3.10,0.81
2024-09-05T10:18:56Z,40.046270738683198,116.293668240908033,54.17,2.88,337.62,3.12,0.81
2024-09-05T10:18:57Z,40.046294350961411,116.293655449483865,54.13,2.86,336.36,3.12,0.81
2024-09-05T10:18:58Z,40.046317852749681,116.293642019633296,54.09,2.84,335.01,3.11,0.81
2024-09-05T10:18:59Z,40.046341044804628,116.293628312927666,54.07,2.80,334.56,3.11,0.81
2024-09-05T10:19:00Z,40.046363666391947,116.293614351843601,54.05,2.72,333.60,3.11,0.80
2024-09-05T10:19:01Z,40.046384969093900,116.293599788231347,54.03,2.65,331.94,3.12,0.80
2024-09-05T10:19:02Z,40.046404894039142,116.293584776352958,54.01,2.48,329.80,3.13,0.79
2024-09-05T10:19:03Z,40.046423529141876,116.293570180972054,53.98,2.42,330.44,3.14,0.79
2024-09-05T10:19:04Z,40.046441820872865,116.293556265389839,53.95,2.40,332.42,3.15,0.78
2024-09-05T10:19:05Z,40.046460404831322,116.293544002794377,53.92,2.38,336.71,3.14,0.78
2024-09-05T10:19:06Z,40.046479680580255,116.293532972503513,53.88,2.45,338.45,3.12,0.78
2024-09-05T10:19:07Z,40.046510257446478,116.293516035633161,53.82,2.56,336.91,3.15,0.77
2024-09-05T10:19:08Z,40.046520174256841,116.293510104522213,53.78,2.55,335.41,3.15,0.77
2024-09-05T10:19:09Z,40.046538809141751,116.293495818188504,53.73,2.43,323.85,3.17,0.76
2024-09-05T10:19:10Z,40.046552619998558,116.293475901481571,53.67,2.38,301.62,3.16,0.76
2024-09-05T10:19:11Z,40.046559982961526,116.293450362825482,53.62,2.45,281.55,3.14,0.76
2024-09-05T10:19:12Z,40.046561168562022,116.293421508610706,53.56,2.58,266.93,3.15,0.76
2024-09-05T10:19:13Z,40.046557676920429,116.293390734667838,53.51,2.79,258.31,3.17,0.76
2024-09-05T10:19:14Z,40.046551298289323,116.293359429415204,53.46,2.73,253.29,3.17,0.76
2024-09-05T10:19:15Z,40.046543395934513,116.293328843137203,53.41,2.83,251.31,3.17,0.76
2024-09-05T10:19:16Z,40.046535002983980,116.293297968222859,53.36,2.86,251.31,3.18,0.76
2024-09-05T10:19:17Z,40.046526493918492,116.293266604408700,53.33,2.84,251.77,3.18,0.76
2024-09-05T10:19:18Z,40.046518414615164,116.293235475989846,53.30,2.76,253.01,3.17,0.76
2024-09-05T10:19:19Z,40.046511094470944,116.293204668998428,53.28,2.74,254.82,3.18,0.76
2024-09-05T10:19:20Z,40.046504532417664,116.293173389869082,53.28,2.77,256.95,3.19,0.76
2024-09-05T10:19:21Z,40.046498887420931,116.293141626410844,53.30,2.76,259.10,3.19,0.76
2024-09-05T10:19:22Z,40.046494385960166,116.293110248960772,53.32,2.69,261.56,3.19,0.76
2024-09-05T10:19:23Z,40.046490800004655,116.293079101796735,53.35,2.65,263.07,3.20,0.76
2024-09-05T10:19:24Z,40.046487454106824,116.293048479767094,53.38,2.63,261.93,3.20,0.76
2024-09-05T10:19:25Z,40.046483808972511,116.293018418866708,53.43,2.56,261.01,3.20,0.76
2024-09-05T10:19:26Z,40.046479603050216,116.292987182093313,53.49,2.83,260.12,3.20,0.76
2024-09-05T10:19:27Z,40.046474687878231,116.292953809439396,53.54,2.86,259.30,3.22,0.76
2024-09-05T10:19:28Z,40.046468487885029,116.292917844788633,53.61,3.15,256.85,3.20,0.76
2024-09-05T10:19:29Z,40.046460912297107,116.292881488830915,53.67,3.38,254.57,3.20,0.76
2024-09-05T10:19:30Z,40.046452147171593,116.292844002612910,53.73,3.43,253.42,3.21,0.76
2024-09-05T10:19:31Z,40.046443317164716,116.292807668868633,53.80,3.09,253.55,3.21,0.76
2024-09-05T10:19:32Z,40.046435338730149,116.292773968157221,53.86,2.96,254.96,3.20,0.76
2024-09-05T10:19:33Z,40.046428239075439,116.292741302973212,53.92,2.85,256.79,3.20,0.76
2024-09-05T10:19:34Z,40.046422260207088,116.292710665073315,53.98,2.67,257.89,3.20,0.77
2024-09-05T10:19:35Z,40.046416525053118,116.292680484949258,54.04,2.65,257.62,3.20,0.78
2024-09-05T10:19:36Z,40.046410502823917,116.292650687259155,54.10,2.70,255.31,3.19,0.79
2024-09-05T10:19:37Z,40.046402872231532,116.292619969132971,54.17,2.91,251.73,3.17,0.80
2024-09-05T10:19:38Z,40.046393835676994,116.292588307417063,54.24,2.93,249.74,3.16,0.81
2024-09-05T10:19:39Z,40.046384253281175,116.292556947966617,54.32,2.92,248.98,3.15,0.82
2024-09-05T10:19:40Z,40.046374213746091,116.292525854116590,54.46,2.89,247.39,3.14,0.83
2024-09-05T10:19:41Z,40.046363708105005,116.292496380582776,54.60,2.81,244.58,3.14,0.84
2024-09-05T10:19:42Z,40.046352328723643,116.292467510746349,54.74,2.79,243.01,3.13,0.85
2024-09-05T10:19:43Z,40.046340768964235,116.292438637749527,54.91,2.79,243.69,3.12,0.85
2024-09-05T10:19:44Z,40.046329874161849,116.292409418094650,55.09,2.84,246.37,3.10,0.85
2024-09-05T10:19:45Z,40.046320163735629,116.292379825049053,55.26,2.75,249.51,3.10,0.86
2024-09-05T10:19:46Z,40.046312261666202,116.292351259460588,55.43,2.66,253.13,3.08,0.86
2024-09-05T10:19:47Z,40.046306082236420,116.292321676431087,55.61,2.63,258.86,3.09,0.86
2024-09-05T10:19:48Z,40.046300466383734,116.292290647369427,55.79,2.82,256.97,3.09,0.86
2024-09-05T10:19:49Z,40.046294062648400,116.292258686005511,56.00,2.87,256.24,3.08,0.85
2024-09-05T10:19:50Z,40.046287222825761,116.292227807703199,56.19,2.87,254.59,3.06,0.84
2024-09-05T10:19:51Z,40.046279199403671,116.292195716433199,56.40,2.83,252.03,3.04,0.84
2024-09-05T10:19:52Z,40.046270210477275,116.292165683542123,56.62,2.72,248.19,3.03,0.83
2024-09-05T10:19:53Z,40.046260022585599,116.292136462724926,56.83,2.83,245.72,3.06,0.83
2024-09-05T10:19:54Z,40.046249093639702,116.292106865996004,57.03,2.81,244.59,3.06,0.82
2024-09-05T10:19:55Z,40.046238315739920,116.292077310563215,57.21,2.83,245.37,3.07,0.82
2024-09-05T10:19:56Z,40.046227758555510,116.292046912198643,57.38,2.93,245.84,3.08,0.82
2024-09-05T10:19:57Z,40.046216643027776,116.292014413232053,57.54,3.26,245.58,3.08,0.82
2024-09-05T10:19:58Z,40.046204235136429,116.291979944390818,57.69,3.29,243.55,3.09,0.82
2024-09-05T10:19:59Z,40.046190903765243,116.291945881295945,57.84,3.20,242.34,3.12,0.81
2024-09-05T10:20:00Z,40.046178124167810,116.291913396203356,57.98,3.00,243.22,3.14,0.81
2024-09-05T10:20:01Z,40.046166867677179,116.291882235992759,58.10,2.92,246.26,3.17,0.82
2024-09-05T10:20:02Z,40.046157212262450,116.291850735600747,58.21,2.89,250.21,3.18,0.82
2024-09-05T10:20:03Z,40.046149416675206,116.291817811683714,58.30,2.93,255.17,3.21,0.83
2024-09-05T10:20:04Z,40.046143961366631,116.291784054143349,58.36,2.90,260.47,3.23,0.84
2024-09-05T10:20:05Z,40.046140833412132,116.291749327827219,58.40,2.97,265.16,3.25,0.85
2024-09-05T10:20:06Z,40.046139168097575,116.291714302622552,58.43,2.98,266.35,3.26,0.86
2024-09-05T10:20:07Z,40.046137201557606,116.291677584462576,58.43,3.20,263.51,3.28,0.87
2024-09-05T10:20:08Z,40.046133585198923,116.291640853491486,58.42,3.06,259.06,3.29,0.88
2024-09-05T10:20:09Z,40.046128264182641,116.291605066808060,58.38,3.02,255.34,3.30,0.89
2024-09-05T10:20:10Z,40.046121724569304,116.291570270588991,58.31,3.00,253.37,3.32,0.90
2024-09-05T10:20:11Z,40.046115108365903,116.291535765805492,58.23,2.99,254.32,3.32,0.91
2024-09-05T10:20:12Z,40.046109232988535,116.291500587602030,58.13,3.00,256.35,3.30,0.92
2024-09-05T10:20:13Z,40.046104486138923,116.291465611837992,58.03,3.01,258.37,3.30,0.92
2024-09-05T10:20:14Z,40.046100720520712,116.291429939446388,57.93,3.02,259.90,3.31,0.92
2024-09-05T10:20:15Z,40.046097399184866,116.291392361787132,57.80,3.00,260.89,3.34,0.93
2024-09-05T10:20:16Z,40.046094912626941,116.291357076009120,57.66,2.99,263.05,3.35,0.93
2024-09-05T10:20:17Z,40.046093239603977,116.291320757075823,57.51,2.98,264.83,3.32,0.93
2024-09-05T10:20:18Z,40.046092165940046,116.291284929669473,57.34,2.93,266.08,3.29,0.93
2024-09-05T10:20:19Z,40.046091040550039,116.291250502550085,57.18,2.74,264.59,3.28,0.93
2024-09-05T10:20:20Z,40.046089698968593,116.291219425877600,57.01,2.38,264.66,3.27,0.93
2024-09-05T10:20:21Z,40.046088903750558,116.291189483503615,56.83,2.35,267.25,3.25,0.92
2024-09-05T10:20:22Z,40.046089126773232,116.291161662972740,56.68,2.43,270.41,3.23,0.91
2024-09-05T10:20:23Z,40.046090342597097,116.291131293552382,56.51,2.60,272.34,3.23,0.90
2024-09-05T10:20:24Z,40.046091245602504,116.291098999235516,56.33,2.81,270.32,3.26,0.90
2024-09-05T10:20:25Z,40.046091114293709,116.291065344319833,56.16,2.92,269.38,3.26,0.89
2024-09-05T10:20:26Z,40.046090417459951,116.291031392378315,56.00,2.95,269.43,3.24,0.89
2024-09-05T10:20:27Z,40.046089569798148,116.290997099703333,55.83,3.00,269.57,3.23,0.88
2024-09-05T10:20:28Z,40.046088240578740,116.290963029579345,55.67,3.01,268.20,3.23,0.87
2024-09-05T10:20:29Z,40.046085756108916,116.290929815423482,55.53,2.96,265.19,3.25,0.86
2024-09-05T10:20:30Z,40.046081766080889,116.290896673400042,55.39,2.94,261.23,3.27,0.86
2024-09-05T10:20:31Z,40.046075377909069,116.290864830609024,55.24,2.85,254.36,3.28,0.85
2024-09-05T10:20:32Z,40.046065622551282,116.290835071627725,55.10,2.78,243.88,3.27,0.84
2024-09-05T10:20:33Z,40.046051610238187,116.290808926105186,54.95,2.83,229.17,3.27,0.83
2024-09-05T10:20:34Z,40.046031665814489,116.290788938284621,54.79,2.87,210.37,3.27,0.82
2024-09-05T10:20:35Z,40.046006868191739,116.290778077706008,54.65,2.94,191.07,3.24,0.82
2024-09-05T10:20:36Z,40.045979616710810,116.290776124521045,54.51,3.08,177.99,3.23,0.82
2024-09-05T10:20:37Z,40.045951258973083,116.290780514958641,54.38,3.20,170.39,3.24,0.81
2024-09-05T10:20:38Z,40.045922453031437,116.290788465085924,54.26,3.32,166.78,3.25,0.81
2024-09-05T10:20:39Z,40.045893264870990,116.290797713841570,54.15,3.33,166.44,3.27,0.81
2024-09-05T10:20:40Z,40.045864128835753,116.290806213692051,54.04,3.26,168.47,3.28,0.82
2024-09-05T10:20:41Z,40.045836185880184,116.290812736073534,53.94,3.05,171.00,3.31,0.82
2024-09-05T10:20:42Z,40.045809454482281,116.290817757600507,53.86,2.95,172.44,3.34,0.83
2024-09-05T10:20:43Z,40.045772491774990,116.290824959725654,53.75,3.09,170.76,3.36,0.84
2024-09-05T10:20:44Z,40.045755384838984,116.290828834225380,53.70,3.07,170.49,3.36,0.85
2024-09-05T10:20:45Z,40.045728557591545,116.290834898169464,53.63,3.00,170.79,3.37,0.86
2024-09-05T10:20:46Z,40.045702402308777,116.290840061720928,53.56,2.86,173.58,3.41,0.87
2024-09-05T10:20:47Z,40.045677448117907,116.290843125843480,53.48,2.77,177.61,3.47,0.88
2024-09-05T10:20:48Z,40.045652625540193,116.290844096429836,53.41,2.73,180.97,3.51,0.89
2024-09-05T10:20:49Z,40.045628051167647,116.290843815400635,53.34,2.70,181.87,3.55,0.90
2024-09-05T10:20:50Z,40.045603770356315,116.290843307544620,53.27,2.70,180.96,3.59,0.91
2024-09-05T10:20:51Z,40.045579258457288,116.290843230366860,53.18,2.73,179.00,3.61,0.92
2024-09-05T10:20:52Z,40.045554156550814,116.290844518208914,53.10,2.81,175.61,3.63,0.92
2024-09-05T10:20:53Z,40.045528925803481,116.290847798148775,53.02,2.88,171.11,3.63,0.93
2024-09-05T10:20:54Z,40.045503007190291,116.290852835198848,52.94,2.98,168.70,3.62,0.93
2024-09-05T10:20:55Z,40.045476143302260,116.290858486956822,52.86,3.03,168.36,3.62,0.94
2024-09-05T10:20:56Z,40.045449044150011,116.290863547760367,52.77,3.06,169.35,3.62,0.94
2024-09-05T10:20:57Z,40.045421696246812,116.290867823767471,52.68,3.09,170.16,3.63,0.94
2024-09-05T10:20:58Z,40.045394014170888,116.290871623767529,52.58,3.13,170.87,3.62,0.94
2024-09-05T10:20:59Z,40.045365508299426,116.290874744747143,52.49,3.25,172.57,3.60,0.94
2024-09-05T10:21:00Z,40.045336251861961,116.290876997125693,52.40,3.28,174.64,3.57,0.94
2024-09-05T10:21:01Z,40.045307097777460,116.290877499287802,52.33,3.22,178.01,3.53,0.94
2024-09-05T10:21:02Z,40.045278384582645,116.290875915443266,52.29,3.21,181.46,3.51,0.94
2024-09-05T10:21:03Z,40.045249404442814,116.290871921026550,52.26,3.18,185.73,3.51,0.94
2024-09-05T10:21:04Z,40.045221090980625,116.290865098213899,52.23,3.18,190.60,3.51,0.94
2024-09-05T10:21:05Z,40.045193700941176,116.290855093903886,52.20,3.11,196.62,3.50,0.94
2024-09-05T10:21:06Z,40.045167986845286,116.290842488966561,52.18,3.06,200.70,3.51,0.94
2024-09-05T10:21:07Z,40.045142933081415,116.290828527538594,52.14,2.97,202.07,3.54,0.94
2024-09-05T10:21:08Z,40.045118570469484,116.290814528413165,52.11,2.89,202.51,3.54,0.93
2024-09-05T10:21:09Z,40.045094545335196,116.290800602501307,52.08,2.95,202.78,3.51,0.92
2024-09-05T10:21:10Z,40.045069016434063,116.290786128345985,52.03,3.13,202.25,3.48,0.92
2024-09-05T10:21:11Z,40.045043198727967,116.290772330654320,51.98,3.19,200.97,3.47,0.91
2024-09-05T10:21:12Z,40.045016603872838,116.290758756139084,51.91,3.18,201.18,3.47,0.90
2024-09-05T10:21:13Z,40.044990373465168,116.290745121479233,51.85,3.13,202.36,3.48,0.89
2024-09-05T10:21:14Z,40.044964511228514,116.290731236669743,51.77,3.12,202.62,3.47,0.88
2024-09-05T10:21:15Z,40.044938483597463,116.290717503231264,51.70,3.15,201.64,3.46,0.86
2024-09-05T10:21:16Z,40.044902314057062,116.290700820305474,51.57,3.07,197.50,3.50,0.84
2024-09-05T10:21:17Z,40.044886216829859,116.290694449664443,51.50,3.00,196.70,3.48,0.83
2024-09-05T10:21:18Z,40.044860993872227,116.290684608299500,51.38,2.92,196.82,3.47,0.82
2024-09-05T10:21:19Z,40.044835935566283,116.290674487533650,51.26,2.94,198.04,3.45,0.80
2024-09-05T10:21:20Z,40.044810865764255,116.290663750626933,51.15,2.99,198.67,3.43,0.79
2024-09-05T10:21:21Z,40.044785438482769,116.290652885582730,51.04,2.95,198.35,3.42,0.79
2024-09-05T10:21:22Z,40.044760263078743,116.290642381936337,50.95,2.95,197.73,3.42,0.78
2024-09-05T10:21:23Z,40.044727461737367,116.290627786080705,50.86,2.86,200.09,3.43,0.77
2024-09-05T10:21:24Z,40.044711643116031,116.290619662176141,50.83,2.88,202.37,3.40,0.77
2024-09-05T10:21:25Z,40.044688147958190,116.290605492139477,50.79,2.88,206.50,3.37,0.76
2024-09-05T10:21:26Z,40.044665408750198,116.290589846164366,50.78,2.86,208.23,3.36,0.76
2024-09-05T10:21:27Z,40.044643134087650,116.290574133405997,50.78,2.79,207.51,3.33,0.76
2024-09-05T10:21:28Z,40.044620963055394,116.290558995525387,50.81,2.81,206.57,3.33,0.76
2024-09-05T10:21:29Z,40.044598325688085,116.290544194748250,50.85,2.82,205.12,3.36,0.76
2024-09-05T10:21:30Z,40.044575569206295,116.290530288832841,50.90,2.82,203.20,3.41,0.76
2024-09-05T10:21:31Z,40.044552642712915,116.290517006077664,50.96,2.80,202.69,3.42,0.76
2024-09-05T10:21:32Z,40.044530465885977,116.290503458107480,51.03,2.70,205.62,3.40,0.76
2024-09-05T10:21:33Z,40.044510361020912,116.290489140233504,51.10,2.56,209.95,3.37,0.76
2024-09-05T10:21:34Z,40.044490826886403,116.290472850181075,51.17,2.60,213.08,3.35,0.76
2024-09-05T10:21:35Z,40.044471447871715,116.290454699812955,51.26,2.64,215.73,3.34,0.76
2024-09-05T10:21:36Z,40.044452687835765,116.290435360792841,51.34,2.70,218.47,3.36,0.76
2024-09-05T10:21:37Z,40.044434353213020,116.290414448701839,51.39,2.79,221.67,3.37,0.76
2024-09-05T10:21:38Z,40.044416021803571,116.290391097471826,51.42,2.95,225.10,3.36,0.76
2024-09-05T10:21:39Z,40.044398098319320,116.290365602419939,51.44,2.93,228.53,3.35,0.76
2024-09-05T10:21:40Z,40.044381016462872,116.290339647157722,51.44,2.92,228.46,3.33,0.76
2024-09-05T10:21:41Z,40.044363553367411,116.290314636004084,51.43,2.90,224.83,3.31,0.76
2024-09-05T10:21:42Z,40.044344473159143,116.290290293563942,51.40,3.07,221.88,3.28,0.76
2024-09-05T10:21:43Z,40.044316701467324,116.290256354019874,51.34,3.15,222.99,3.28,0.76
2024-09-05T10:21:44Z,40.044304290831406,116.290240041829463,51.31,3.16,224.54,3.25,0.76
2024-09-05T10:21:45Z,40.044284852843056,116.290213515591901,51.25,3.14,226.54,3.22,0.76
2024-09-05T10:21:46Z,40.044266042552415,116.290186926653249,51.19,3.09,226.21,3.22,0.76
2024-09-05T10:21:47Z,40.044247759246431,116.290161647998090,51.12,2.90,225.35,3.24,0.76
2024-09-05T10:21:48Z,40.044230175287176,116.290137459992508,51.05,2.84,225.91,3.24,0.76
2024-09-05T10:21:49Z,40.044213565114809,116.290112346099690,50.98,2.85,230.89,3.24,0.76
2024-09-05T10:21:50Z,40.044198301566816,116.290085200570886,50.90,2.93,235.01,3.23,0.76
2024-09-05T10:21:51Z,40.044183464583533,116.290056377213133,50.84,3.02,235.75,3.23,0.76
2024-09-05T10:21:52Z,40.044168031085817,116.290027462880147,50.78,2.98,232.91,3.24,0.76
2024-09-05T10:21:53Z,40.044151668788700,116.289999371862052,50.72,3.03,230.29,3.26,0.76
2024-09-05T10:21:54Z,40.044135040087930,116.289971980088467,50.68,2.94,230.03,3.27,0.76
2024-09-05T10:21:55Z,40.044119007336043,116.289944882495178,50.63,2.91,231.59,3.28,0.76
2024-09-05T10:21:56Z,40.044103658057438,116.289917355452246,50.59,2.88,232.98,3.28,0.77
2024-09-05T10:21:57Z,40.044088895676616,116.289889551522450,50.56,2.86,234.34,3.29,0.77
2024-09-05T10:21:58Z,40.044074961358255,116.289861548837564,50.53,2.80,236.39,3.32,0.77
2024-09-05T10:21:59Z,40.044061690433779,116.289832158164899,50.51,2.68,238.82,3.34,0.77
2024-09-05T10:22:00Z,40.044049862035259,116.289803744550852,50.50,2.70,240.91,3.36,0.77
2024-09-05T10:22:01Z,40.044038437447071,116.289774649306338,50.50,2.69,241.82,3.37,0.77
2024-09-05T10:22:02Z,40.044027751482368,116.289745744004051,50.51,2.66,243.72,3.38,0.77
2024-09-05T10:22:03Z,40.044018077770552,116.289717134756131,50.52,2.51,245.62,3.37,0.77
2024-09-05T10:22:04Z,40.044010192483789,116.289691162873297,50.53,2.11,247.64,3.34,0.77
2024-09-05T10:22:05Z,40.044003501105195,116.289667169954342,50.54,2.15,248.22,3.31,0.77
2024-09-05T10:22:06Z,40.043996551499482,116.289641401532151,50.56,2.37,248.80,3.31,0.77
2024-09-05T10:22:07Z,40.043988454856624,116.289612254379776,50.59,2.75,248.80,3.34,0.78
2024-09-05T10:22:08Z,40.043979395460731,116.289579899008956,50.62,2.94,249.56,3.38,0.78
2024-09-05T10:22:09Z,40.043970631834462,116.289547105533742,50.65,2.86,251.05,3.37,0.79
2024-09-05T10:22:10Z,40.043962264734034,116.289513978236201,50.68,2.95,252.20,3.35,0.80
2024-09-05T10:22:11Z,40.043954409760119,116.289480304307588,50.71,2.98,253.12,3.35,0.81
2024-09-05T10:22:12Z,40.043946767574681,116.289445917867667,50.74,3.00,253.33,3.34,0.82
2024-09-05T10:22:13Z,40.043939182608412,116.289410582377457,50.77,3.11,253.75,3.32,0.84
2024-09-05T10:22:14Z,40.043931523674424,116.289374781431405,50.79,3.16,253.09,3.30,0.85
2024-09-05T10:22:15Z,40.043923463178075,116.289338305039621,50.81,3.18,252.77,3.29,0.86
2024-09-05T10:22:16Z,40.043915131630058,116.289301915128533,50.82,3.20,251.79,3.29,0.87
2024-09-05T10:22:17Z,40.043906456552030,116.289266038440658,50.84,3.22,250.61,3.29,0.88
2024-09-05T10:22:18Z,40.043897551519564,116.289229619838451,50.85,3.22,250.84,3.29,0.88
2024-09-05T10:22:19Z,40.043889558811721,116.289193467942098,50.85,3.17,253.00,3.28,0.88
2024-09-05T10:22:20Z,40.043883149600546,116.289157698932200,50.86,3.04,256.64,3.28,0.88
2024-09-05T10:22:21Z,40.043878239630622,116.289123419227238,50.88,2.93,258.29,3.27,0.88
2024-09-05T10:22:22Z,40.043873806106674,116.289089364722329,50.90,2.95,258.80,3.26,0.88
2024-09-05T10:22:23Z,40.043869315671316,116.289055173178298,50.93,2.88,258.15,3.24,0.87
2024-09-05T10:22:24Z,40.043864573305754,116.289021367147214,50.97,2.94,257.11,3.23,0.86
2024-09-05T10:22:25Z,40.043859490896381,116.288987794387197,51.00,2.90,256.65,3.22,0.85
2024-09-05T10:22:26Z,40.043854508321743,116.288953505846663,51.04,3.01,258.36,3.19,0.84
2024-09-05T10:22:27Z,40.043850116649551,116.288917811426913,51.07,3.23,260.28,3.19,0.83
2024-09-05T10:22:28Z,40.043846069365060,116.288880567023071,51.10,3.27,261.09,3.19,0.83
2024-09-05T10:22:29Z,40.043841554770815,116.288841744059511,51.14,3.22,259.30,3.21,0.82
2024-09-05T10:22:30Z,40.043836488595808,116.288807840622979,51.18,3.03,256.39,3.22,0.81
2024-09-05T10:22:31Z,40.043830160890131,116.288772645907926,51.21,3.17,255.83,3.20,0.81
2024-09-05T10:22:32Z,40.043823494915863,116.288737133060877,51.24,3.19,255.80,3.19,0.81
2024-09-05T10:22:33Z,40.043816626314559,116.288701509582310,51.26,3.14,255.60,3.18,0.81
2024-09-05T10:22:34Z,40.043809474368437,116.288667392590938,51.28,3.00,253.83,3.20,0.81
2024-09-05T10:22:35Z,40.043802167585767,116.288635087438166,51.29,2.86,253.08,3.21,0.81
2024-09-05T10:22:36Z,40.043795020337122,116.288604475376715,51.31,2.69,252.44,3.24,0.81
2024-09-05T10:22:37Z,40.043787835666549,116.288574197094221,51.33,2.88,252.51,3.25,0.81
2024-09-05T10:22:38Z,40.043780515914264,116.288541929585634,51.35,2.94,253.56,3.25,0.80
2024-09-05T10:22:39Z,40.043773465082040,116.288508845638773,51.38,2.99,254.26,3.23,0.80
2024-09-05T10:22:40Z,40.043766484474268,116.288475148086320,51.41,3.06,254.46,3.22,0.80
2024-09-05T10:22:41Z,40.043759473951390,116.288441036548662,51.45,3.10,254.35,3.24,0.79
2024-09-05T10:22:42Z,40.043752511909169,116.288406996124991,51.48,3.01,254.84,3.25,0.79
2024-09-05T10:22:43Z,40.043746094277296,116.288373721287314,51.50,2.89,256.09,3.25,0.78
2024-09-05T10:22:44Z,40.043740293430886,116.288341304728533,51.52,2.92,257.48,3.24,0.78
2024-09-05T10:22:45Z,40.043735177235071,116.288308777140116,51.54,2.82,259.23,3.23,0.78
2024-09-05T10:22:46Z,40.043730743089540,116.288275971687256,51.58,2.81,260.84,3.23,0.78
2024-09-05T10:22:47Z,40.043726812169048,116.288243656815936,51.61,2.82,261.37,3.23,0.77
2024-09-05T10:22:48Z,40.043722987317210,116.288211525492287,51.64,2.81,260.71,3.23,0.77
2024-09-05T10:22:49Z,40.043719344933493,116.288179617199475,51.65,2.76,261.32,3.21,0.77
2024-09-05T10:22:50Z,40.043716056555489,116.288147887170510,51.68,2.74,261.66,3.19,0.77
2024-09-05T10:22:51Z,40.043712565189963,116.288116393226503,51.72,2.75,259.81,3.19,0.76
2024-09-05T10:22:52Z,40.043707749564824,116.288085005866577,51.77,2.79,255.59,3.19,0.76
2024-09-05T10:22:53Z,40.043700986675766,116.288053768893676,51.83,2.88,251.33,3.20,0.76
2024-09-05T10:22:54Z,40.043692643633314,116.288021664820846,51.89,2.98,249.65,3.20,0.76
2024-09-05T10:22:55Z,40.043683443126483,116.287988227408391,51.97,3.07,249.73,3.20,0.76
2024-09-05T10:22:56Z,40.043674781092321,116.287954855031359,52.04,2.97,252.25,3.19,0.76
2024-09-05T10:22:57Z,40.043667993497188,116.287922126682915,52.12,2.84,257.11,3.19,0.77
2024-09-05T10:22:58Z,40.043663894184213,116.287889986519147,52.20,2.76,263.22,3.19,0.77
2024-09-05T10:22:59Z,40.043661980083115,116.287857239329767,52.29,2.83,267.14,3.19,0.78
2024-09-05T10:23:00Z,40.043661098817090,116.287824691780273,52.38,2.76,267.30,3.18,0.79
2024-09-05T10:23:01Z,40.043659897977996,116.287792604389580,52.49,2.72,265.25,3.17,0.80
2024-09-05T10:23:02Z,40.043657781159297,116.287760935187904,52.60,2.65,262.40,3.16,0.81
2024-09-05T10:23:03Z,40.043654789996083,116.287730919627364,52.71,2.63,259.57,3.15,0.82
2024-09-05T10:23:04Z,40.043650365770660,116.287700812464251,52.83,2.65,255.69,3.16,0.84
2024-09-05T10:23:05Z,40.043644515654613,116.287670877575380,52.95,2.71,253.04,3.16,0.85
2024-09-05T10:23:06Z,40.043637646156895,116.287640546498451,53.05,2.80,251.69,3.16,0.86
2024-09-05T10:23:07Z,40.043630280733815,116.287609098444534,53.14,2.90,252.24,3.17,0.87
2024-09-05T10:23:08Z,40.043623581266310,116.287576921049066,53.23,2.91,254.87,3.18,0.88
2024-09-05T10:23:09Z,40.043617912030193,116.287544685960768,53.30,2.91,257.35,3.21,0.89
2024-09-05T10:23:10Z,40.043613185958080,116.287512184645578,53.35,2.83,259.79,3.21,0.90
2024-09-05T10:23:11Z,40.043609224529035,116.287480004900530,53.40,2.78,261.11,3.22,0.90
2024-09-05T10:23:12Z,40.043605827978290,116.287448367692249,53.43,2.73,262.42,3.23,0.91
2024-09-05T10:23:13Z,40.043602976688319,116.287417371601975,53.45,2.68,263.47,3.23,0.91
2024-09-05T10:23:14Z,40.043600051093740,116.287383692609012,53.47,2.56,263.25,3.23,0.92
2024-09-05T10:23:15Z,40.043597509436076,116.287357638780421,53.48,2.51,261.71,3.23,0.92
2024-09-05T10:23:16Z,40.043594078401405,116.287329866926584,53.51,2.46,258.71,3.23,0.92
2024-09-05T10:23:17Z,40.043589339055082,116.287302210556746,53.52,2.50,254.61,3.24,0.92
2024-09-05T10:23:18Z,40.043582436963099,116.287274225329625,53.52,2.57,248.29,3.25,0.92
2024-09-05T10:23:19Z,40.043573243151897,116.287246436875890,53.51,2.73,243.49,3.25,0.93
2024-09-05T10:23:20Z,40.043562097772060,116.287217379692009,53.49,2.94,241.69,3.24,0.93
2024-09-05T10:23:21Z,40.043549957296186,116.287185816140109,53.43,3.23,242.91,3.24,0.93
2024-09-05T10:23:22Z,40.043537821711922,116.287152057486850,53.40,3.25,244.35,3.24,0.93
2024-09-05T10:23:23Z,40.043526722465423,116.287118308963855,53.36,3.08,246.57,3.26,0.93
2024-09-05T10:23:24Z,40.043517308404319,116.287085617302807,53.31,3.00,249.24,3.27,0.93
2024-09-05T10:23:25Z,40.043509082579561,116.287052058574758,53.22,3.13,251.99,3.28,0.92
2024-09-05T10:23:26Z,40.043500841357314,116.287014550367175,53.16,3.58,252.96,3.29,0.92
2024-09-05T10:23:27Z,40.043492262966758,116.286973821152387,53.08,3.66,253.72,3.29,0.92
2024-09-05T10:23:28Z,40.043484336994432,116.286933869990207,52.99,3.42,254.72,3.30,0.92
2024-09-05T10:23:29Z,40.043477733692278,116.286896512662366,52.89,3.20,256.84,3.31,0.92
2024-09-05T10:23:30Z,40.043471160654860,116.286847806956771,52.75,2.93,261.91,3.34,0.92
2024-09-05T10:23:31Z,40.043469558584619,116.286827150371195,52.69,2.91,262.87,3.33,0.91
2024-09-05T10:23:32Z,40.043466995945380,116.286793830829083,52.59,2.88,263.30,3.35,0.91
2024-09-05T10:23:33Z,40.043464686518718,116.286760676919997,52.49,2.86,263.69,3.34,0.91
2024-09-05T10:23:34Z,40.043462038928325,116.286720381927239,52.37,2.75,264.29,3.31,0.91
2024-09-05T10:23:35Z,40.043460891312030,116.286696764725988,52.30,2.75,264.67,3.30,0.91
2024-09-05T10:23:36Z,40.043459183937927,116.286665395746056,52.20,2.74,264.85,3.31,0.91
2024-09-05T10:23:37Z,40.043457148351600,116.286633589409135,52.12,2.75,263.16,3.33,0.92
2024-09-05T10:23:38Z,40.043453989431796,116.286602207268984,52.04,2.79,260.00,3.33,0.92
2024-09-05T10:23:39Z,40.043449520329339,116.286570644339349,51.97,2.79,257.70,3.33,0.92
2024-09-05T10:23:40Z,40.043444738368002,116.286539243182716,51.91,2.76,259.09,3.32,0.92
2024-09-05T10:23:41Z,40.043440781714999,116.286507105176824,51.84,2.91,262.25,3.30,0.92
2024-09-05T10:23:42Z,40.043437776973164,116.286473337787314,51.78,2.94,264.18,3.29,0.91
2024-09-05T10:23:43Z,40.043435086149401,116.286439020727940,51.72,2.90,263.23,3.28,0.91
2024-09-05T10:23:44Z,40.043431966739789,116.286406766839193,51.68,2.73,260.90,3.27,0.91
2024-09-05T10:23:45Z,40.043428094706790,116.286376125158711,51.64,2.61,258.46,3.28,0.90
2024-09-05T10:23:46Z,40.043423475856898,116.286346242328676,51.60,2.63,256.72,3.27,0.90
2024-09-05T10:23:47Z,40.043418067551677,116.286316765354329,51.56,2.62,254.72,3.25,0.90
2024-09-05T10:23:48Z,40.043411458132368,116.286286965386651,51.52,2.70,251.94,3.24,0.89
2024-09-05T10:23:49Z,40.043403472752217,116.286255451053208,51.48,3.00,250.89,3.23,0.89
2024-09-05T10:23:50Z,40.043395189269731,116.286221404149586,51.45,3.09,253.68,3.22,0.89
2024-09-05T10:23:51Z,40.043388461329698,116.286186992635422,51.42,2.97,257.88,3.21,0.89
2024-09-05T10:23:52Z,40.043383998775369,116.286153729226271,51.38,2.80,262.89,3.20,0.89
2024-09-05T10:23:53Z,40.043381569619690,116.286121931734300,51.36,2.62,266.40,3.20,0.89
2024-09-05T10:23:54Z,40.043380360192131,116.286091422315053,51.36,2.57,267.99,3.20,0.90
2024-09-05T10:23:55Z,40.043379073214773,116.286060527183949,51.38,2.58,266.34,3.20,0.90
2024-09-05T10:23:56Z,40.043376766008635,116.286029734848427,51.41,2.65,263.10,3.20,0.91
2024-09-05T10:23:57Z,40.043373185722459,116.285998493849789,51.44,2.68,260.31,3.20,0.92
2024-09-05T10:23:58Z,40.043368563597028,116.285966836687393,51.48,2.68,258.56,3.20,0.92
2024-09-05T10:23:59Z,40.043362968238114,116.285934082316359,51.53,2.91,256.40,3.19,0.93
2024-09-05T10:24:00Z,40.043356842302408,116.285901405729049,51.59,2.77,256.08,3.19,0.93
2024-09-05T10:24:01Z,40.043351098699780,116.285869436906637,51.65,2.82,257.03,3.20,0.93
2024-09-05T10:24:02Z,40.043345663523809,116.285836143940500,51.70,2.87,258.14,3.21,0.93
2024-09-05T10:24:03Z,40.043340308284805,116.285801221512585,51.74,3.07,258.78,3.22,0.94
2024-09-05T10:24:04Z,40.043334978184880,116.285763925489519,51.78,3.35,259.39,3.22,0.94
2024-09-05T10:24:05Z,40.043329708998122,116.285724260438130,51.83,3.44,259.89,3.23,0.94
2024-09-05T10:24:06Z,40.043324814026164,116.285685051568450,51.87,3.43,260.41,3.23,0.94
2024-09-05T10:24:07Z,40.043320064044920,116.285645169362354,51.92,3.34,260.50,3.23,0.94
2024-09-05T10:24:08Z,40.043316429263378,116.285609105401022,51.94,2.81,263.28,3.24,0.94
2024-09-05T10:24:09Z,40.043314467471937,116.285575770695701,51.96,2.65,267.02,3.24,0.94
2024-09-05T10:24:10Z,40.043313903362353,116.285545453721397,51.97,2.50,270.12,3.26,0.94
2024-09-05T10:24:11Z,40.043313883151633,116.285516660774533,51.98,2.33,270.42,3.28,0.94
2024-09-05T10:24:12Z,40.043313972518327,116.285491387977757,51.99,1.81,272.62,3.30,0.94
2024-09-05T10:24:13Z,40.043314714056521,116.285470021101958,51.99,1.68,277.77,3.30,0.94
2024-09-05T10:24:14Z,40.043316898525902,116.285449386824652,51.99,1.78,284.52,3.30,0.94
2024-09-05T10:24:15Z,40.043320764196174,116.285426155941735,51.99,2.18,286.26,3.31,0.94
2024-09-05T10:24:16Z,40.043325254260210,116.285396775461422,52.00,2.81,282.05,3.31,0.94
2024-09-05T10:24:17Z,40.043328409627762,116.285361711745153,51.98,3.07,277.32,3.29,0.94
2024-09-05T10:24:18Z,40.043330046884499,116.285323990405487,51.97,3.21,275.00,3.30,0.94
2024-09-05T10:24:19Z,40.043330720909644,116.285285182306566,51.97,3.30,272.91,3.32,0.94
2024-09-05T10:24:20Z,40.043329886108602,116.285244127314058,51.96,3.46,269.59,3.33,0.94
2024-09-05T10:24:21Z,40.043326386747879,116.285201702977943,51.96,3.51,263.74,3.33,0.94
2024-09-05T10:24:22Z,40.043320084798935,116.285159713827497,51.96,3.47,259.11,3.32,0.93
2024-09-05T10:24:23Z,40.043312004381583,116.285120075966489,51.96,3.25,255.62,3.31,0.93
2024-09-05T10:24:24Z,40.043302946981761,116.285083069232925,51.95,3.10,253.93,3.30,0.93
2024-09-05T10:24:25Z,40.043293528985672,116.285047326383079,51.95,3.06,253.17,3.30,0.92
2024-09-05T10:24:26Z,40.043284412176874,116.285011901931071,51.96,3.04,254.35,3.30,0.92
2024-09-05T10:24:27Z,40.043275638093924,116.284975719447118,51.98,3.13,254.44,3.28,0.91
2024-09-05T10:24:28Z,40.043266300822964,116.284936706911935,52.00,3.32,253.58,3.26,0.90
2024-09-05T10:24:29Z,40.043254846755516,116.284886838984349,52.01,3.32,254.93,3.30,0.89
2024-09-05T10:24:30Z,40.043249236250148,116.284862345522185,52.01,3.34,254.31,3.28,0.88
2024-09-05T10:24:31Z,40.043239955549289,116.284822948410365,52.03,3.42,252.46,3.26,0.87
2024-09-05T10:24:32Z,40.043229775433531,116.284784346577595,52.05,3.33,250.52,3.26,0.86
2024-09-05T10:24:33Z,40.043219948044587,116.284748388449174,52.06,3.06,250.75,3.28,0.85
2024-09-05T10:24:34Z,40.043211099261498,116.284714288013106,52.06,3.03,251.64,3.30,0.83
2024-09-05T10:24:35Z,40.043203209596236,116.284680221684383,52.07,2.92,254.18,3.30,0.82
2024-09-05T10:24:36Z,40.043196964037385,116.284647665447224,52.07,2.98,257.35,3.29,0.82
2024-09-05T10:24:37Z,40.043192459499465,116.284612704366467,52.07,3.09,263.30,3.27,0.81
2024-09-05T10:24:38Z,40.043190671211349,116.284576154731340,52.07,3.22,269.12,3.23,0.81
2024-09-05T10:24:39Z,40.043194706570269,116.284521994623404,52.06,3.06,281.46,3.26,0.81
2024-09-05T10:24:40Z,40.043198090147335,116.284504820965708,52.04,3.04,284.07,3.24,0.80
2024-09-05T10:24:41Z,40.043207281053498,116.284472399919636,52.02,2.86,295.18,3.23,0.81
2024-09-05T10:24:42Z,40.043220836962469,116.284445157360352,51.99,2.71,309.70,3.23,0.82
2024-09-05T10:24:43Z,40.043238871240852,116.284424171037870,51.96,2.68,326.02,3.22,0.83
2024-09-05T10:24:44Z,40.043260658170418,116.284409654000257,51.92,2.71,339.42,3.21,0.84
2024-09-05T10:24:45Z,40.043284243996929,116.284400409982283,51.89,2.78,347.59,3.20,0.85
2024-09-05T10:24:46Z,40.043309094814830,116.284393874231512,51.83,2.81,350.64,3.19,0.87
2024-09-05T10:24:47Z,40.043334585872287,116.284388580760449,51.76,2.83,352.50,3.19,0.88
2024-09-05T10:24:48Z,40.043360256946805,116.284383664171827,51.69,2.91,351.91,3.18,0.89
2024-09-05T10:24:49Z,40.043386281146205,116.284378150257112,51.61,2.94,350.60,3.19,0.90
2024-09-05T10:24:50Z,40.043412408280062,116.284371202306360,51.53,2.95,347.47,3.19,0.91
2024-09-05T10:24:51Z,40.043438175359036,116.284362548536208,51.45,2.95,344.93,3.19,0.92
2024-09-05T10:24:52Z,40.043463503537005,116.284352272472518,51.37,2.94,342.24,3.20,0.92
2024-09-05T10:24:53Z,40.043488327150975,116.284341031015302,51.29,2.91,341.55,3.19,0.93
2024-09-05T10:24:54Z,40.043512504800731,116.284329885514069,51.21,2.85,341.80,3.19,0.93
2024-09-05T10:24:55Z,40.043536601741607,116.284319469410761,51.11,2.78,343.51,3.18,0.94
2024-09-05T10:24:56Z,40.043561060428488,116.284310439563328,51.03,2.89,346.44,3.19,0.94
2024-09-05T10:24:57Z,40.043586414342741,116.284302857825168,50.96,2.92,348.71,3.19,0.94
2024-09-05T10:24:58Z,40.043612234057967,116.284296216568791,50.87,2.92,349.77,3.18,0.94
2024-09-05T10:24:59Z,40.043637884315338,116.284289826849744,50.80,2.90,349.22,3.19,0.94
2024-09-05T10:25:00Z,40.043663563383909,116.284283259533936,50.73,2.85,349.13,3.19,0.94
2024-09-05T10:25:01Z,40.043688377449094,116.284276767761710,50.66,2.80,348.39,3.18,0.94
2024-09-05T10:25:02Z,40.043712720656970,116.284270441530410,50.60,2.72,349.26,3.18,0.94
2024-09-05T10:25:03Z,40.043736944994222,116.284265022959161,50.54,2.69,351.20,3.20,0.94
2024-09-05T10:25:04Z,40.043761096475293,116.284260651827736,50.48,2.71,352.56,3.20,0.94
2024-09-05T10:25:05Z,40.043785983203932,116.284256346622243,50.42,2.83,351.86,3.20,0.94
2024-09-05T10:25:06Z,40.043811442483111,116.284251314626459,50.37,2.88,350.25,3.20,0.94
2024-09-05T10:25:07Z,40.043836908673399,116.284245502956111,50.34,2.91,349.06,3.22,0.94
2024-09-05T10:25:08Z,40.043863041233791,116.284238810565867,50.33,2.94,348.11,3.23,0.94
2024-09-05T10:25:09Z,40.043890624851514,116.284230854398302,50.34,2.87,346.81,3.23,0.94
2024-09-05T10:25:10Z,40.043914458589867,116.284223602072075,50.38,2.92,347.16,3.24,0.93
2024-09-05T10:25:11Z,40.043940540607508,116.284216215420486,50.43,2.95,349.07,3.22,0.92
2024-09-05T10:25:12Z,40.043966845536673,116.284209982363009,50.46,2.97,351.00,3.21,0.92
2024-09-05T10:25:13Z,40.043993971002870,116.284204496366797,50.50,3.00,352.11,3.21,0.91
2024-09-05T10:25:14Z,40.044020700022294,116.284199915697172,50.54,2.97,353.95,3.19,0.91
2024-09-05T10:25:15Z,40.044047579752480,116.284196465872384,50.58,2.97,355.71,3.18,0.90
2024-09-05T10:25:16Z,40.044074608321090,116.284193915878262,50.61,2.97,357.00,3.16,0.90
2024-09-05T10:25:17Z,40.044107419495411,116.284191279045132,50.66,2.99,356.63,3.17,0.89
2024-09-05T10:25:18Z,40.044128668310265,116.284188970484109,50.68,3.00,355.06,3.15,0.89
2024-09-05T10:25:19Z,40.044156942832217,116.284184791189361,50.70,3.17,353.05,3.14,0.89
2024-09-05T10:25:20Z,40.044185432698335,116.284179166287856,50.70,3.21,351.11,3.12,0.89
2024-09-05T10:25:21Z,40.044214407866008,116.284172692836378,50.72,3.18,351.18,3.12,0.89
2024-09-05T10:25:22Z,40.044242475096780,116.284166539438559,50.74,3.17,351.98,3.13,0.89
2024-09-05T10:25:23Z,40.044270900919443,116.284160667330653,50.75,3.17,352.83,3.14,0.90
2024-09-05T10:25:24Z,40.044299855504242,116.284155282085166,50.75,3.27,354.15,3.13,0.91
2024-09-05T10:25:25Z,40.044329383301374,116.284150173591286,50.74,3.28,354.18,3.13,0.91
2024-09-05T10:25:26Z,40.044358805655953,116.284145219095578,50.73,3.22,354.60,3.13,0.92
2024-09-05T10:25:27Z,40.044387508271321,116.284140312305340,50.74,3.12,354.74,3.14,0.92
2024-09-05T10:25:28Z,40.044415342703985,116.284135628941542,50.75,3.03,354.75,3.15,0.93
2024-09-05T10:25:29Z,40.044442753881164,116.284130416768065,50.75,3.06,352.78,3.13,0.93
2024-09-05T10:25:30Z,40.044469588219165,116.284124012769155,50.73,2.94,350.57,3.13,0.93
2024-09-05T10:25:31Z,40.044494966324372,116.284116884885592,50.70,2.76,349.39,3.13,0.94
2024-09-05T10:25:32Z,40.044520145087120,116.284109432528297,50.67,2.88,350.04,3.13,0.94
2024-09-05T10:25:33Z,40.044545692475928,116.284102302619885,50.66,2.91,350.62,3.12,0.94
2024-09-05T10:25:34Z,40.044571588263246,116.284095754366533,50.66,2.87,352.16,3.12,0.94
2024-09-05T10:25:35Z,40.044597426990236,116.284089742563978,50.65,2.86,351.83,3.11,0.94
2024-09-05T10:25:36Z,40.044623180542445,116.284083553529442,50.67,2.88,350.99,3.11,0.94
2024-09-05T10:25:37Z,40.044649209576768,116.284076221926114,50.68,2.99,347.77,3.10,0.93
2024-09-05T10:25:38Z,40.044675411013195,116.284067110397629,50.69,3.00,345.63,3.10,0.93
2024-09-05T10:25:39Z,40.044701360231180,116.284056551468694,50.74,2.92,343.12,3.10,0.93
2024-09-05T10:25:40Z,40.044724919694730,116.284045220448320,50.76,2.65,340.67,3.11,0.92
2024-09-05T10:25:41Z,40.044747024411109,116.284032980957448,50.77,2.58,337.35,3.12,0.91
2024-09-05T10:25:42Z,40.044768821161348,116.284019798906115,50.79,2.66,336.83,3.11,0.91
2024-09-05T10:25:43Z,40.044791492864796,116.284006530888760,50.81,2.73,338.79,3.10,0.90
2024-09-05T10:25:44Z,40.044815103231791,116.283995110910510,50.84,2.75,343.89,3.12,0.89
2024-09-05T10:25:45Z,40.044840936637790,116.283985471582071,50.89,2.76,347.47,3.14,0.89
2024-09-05T10:25:46Z,40.044864000124093,116.283977491723590,50.93,2.81,346.79,3.15,0.88
2024-09-05T10:25:47Z,40.044890665276981,116.283966452543623,50.97,2.96,340.90,3.15,0.88
2024-09-05T10:25:48Z,40.044914345578604,116.283953061157177,51.00,2.90,335.40,3.16,0.88
2024-09-05T10:25:49Z,40.044936944649557,116.283937556588683,51.01,2.89,332.19,3.19,0.88
2024-09-05T10:25:50Z,40.044966605405875,116.283915789211520,51.01,2.65,330.94,3.21,0.88
2024-09-05T10:25:51Z,40.044980384222598,116.283905080806917,50.97,2.74,331.13,3.20,0.88
2024-09-05T10:25:52Z,40.045002686937671,116.283888527167449,50.90,2.83,331.87,3.21,0.88
2024-09-05T10:25:53Z,40.045025709435656,116.283871456517616,50.83,2.91,331.82,3.22,0.88
2024-09-05T10:25:54Z,40.045049177996049,116.283854145159793,50.76,2.96,332.24,3.24,0.88
2024-09-05T10:25:55Z,40.045072846807194,116.283836331723222,50.68,2.97,331.90,3.27,0.88
2024-09-05T10:25:56Z,40.045096172617079,116.283818264785907,50.59,2.97,331.29,3.29,0.87
2024-09-05T10:25:57Z,40.045119522569962,116.283799557176465,50.49,2.96,330.66,3.33,0.87
2024-09-05T10:25:58Z,40.045142723712864,116.283781173366350,50.38,2.95,331.53,3.35,0.86
2024-09-05T10:25:59Z,40.045165839216530,116.283764044018483,50.27,2.89,332.98,3.36,0.86
2024-09-05T10:26:00Z,40.045188539574731,116.283747943283458,50.16,2.76,333.61,3.37,0.85
2024-09-05T10:26:01Z,40.045210665972164,116.283731699299665,50.05,2.82,330.86,3.37,0.84
2024-09-05T10:26:02Z,40.045232131931336,116.283712972173092,49.96,2.85,324.16,3.38,0.82
2024-09-05T10:26:03Z,40.045252016166295,116.283690813834511,49.86,2.88,316.82,3.38,0.81
2024-09-05T10:26:04Z,40.045269989293615,116.283666203490753,49.75,2.87,311.88,3.38,0.80
2024-09-05T10:26:05Z,40.045286930865480,116.283640380211054,49.65,2.81,310.22,3.40,0.79
2024-09-05T10:26:06Z,40.045303475321447,116.283614829549990,49.55,2.85,311.04,3.41,0.78
2024-09-05T10:26:07Z,40.045320596112390,116.283590040358220,49.47,2.81,313.61,3.42,0.78
2024-09-05T10:26:08Z,40.045338291155964,116.283566662851712,49.40,2.79,316.27,3.41,0.77
2024-09-05T10:26:09Z,40.045356366647653,116.283544402113264,49.34,2.74,317.42,3.40,0.77
2024-09-05T10:26:10Z,40.045374637522180,116.283522435222068,49.28,2.76,317.52,3.41,0.76
2024-09-05T10:26:11Z,40.045392657368929,116.283500121945053,49.24,2.77,315.69,3.44,0.76
2024-09-05T10:26:12Z,40.045410225027148,116.283477049294305,49.21,2.79,313.75,3.47,0.76
2024-09-05T10:26:13Z,40.045427701016976,116.283452822357702,49.21,2.87,312.41,3.48,0.76
2024-09-05T10:26:14Z,40.045445706389152,116.283427990284110,49.21,2.96,312.73,3.49,0.76
2024-09-05T10:26:15Z,40.045464439206640,116.283402867558536,49.22,2.98,313.27,3.50,0.76
2024-09-05T10:26:16Z,40.045483573343404,116.283378549923597,49.23,2.95,314.01,3.51,0.76
2024-09-05T10:26:17Z,40.045502872899739,116.283354803318133,49.26,2.88,313.96,3.51,0.76
2024-09-05T10:26:18Z,40.045521469741168,116.283331217628927,49.28,2.86,311.64,3.50,0.76
2024-09-05T10:26:19Z,40.045538853017717,116.283306570497331,49.30,2.84,306.88,3.49,0.76
2024-09-05T10:26:20Z,40.045554649690111,116.283280454644967,49.31,2.81,303.01,3.49,0.76
2024-09-05T10:26:21Z,40.045569355738358,116.283254390713566,49.31,2.76,303.12,3.49,0.76
2024-09-05T10:26:22Z,40.045584439602891,116.283229121161185,49.31,2.71,306.40,3.48,0.76
2024-09-05T10:26:23Z,40.045600083657703,116.283206127476220,49.31,2.51,310.49,3.47,0.76
2024-09-05T10:26:24Z,40.045616050496214,116.283185976326109,49.29,2.48,314.36,3.45,0.76
2024-09-05T10:26:25Z,40.045633269390031,116.283166948705613,49.26,2.51,318.36,3.43,0.76
2024-09-05T10:26:26Z,40.045651854629561,116.283148879646646,49.22,2.63,322.82,3.41,0.76
2024-09-05T10:26:27Z,40.045672068620114,116.283131280551373,49.16,2.69,325.19,3.39,0.76
2024-09-05T10:26:28Z,40.045692732863841,116.283113490013690,49.10,2.72,324.25,3.38,0.76
2024-09-05T10:26:29Z,40.045713565215600,116.283094360284267,49.04,2.82,322.12,3.38,0.76
2024-09-05T10:26:30Z,40.045733397545803,116.283073185215287,48.99,2.74,316.57,3.39,0.76
2024-09-05T10:26:31Z,40.045751901769712,116.283049722105261,48.94,2.79,312.04,3.37,0.76
2024-09-05T10:26:32Z,40.045769328876318,116.283025480491787,48.89,2.68,310.65,3.36,0.76
2024-09-05T10:26:33Z,40.045786378946083,116.283002210534590,48.83,2.58,312.41,3.35,0.76
2024-09-05T10:26:34Z,40.045803686234549,116.282979764718590,48.79,2.64,313.87,3.35,0.76
2024-09-05T10:26:35Z,40.045820898244230,116.282956479112855,48.75,2.66,310.12,3.36,0.76
2024-09-05T10:26:36Z,40.045836796427508,116.282931614781432,48.72,2.67,305.77,3.36,0.76
2024-09-05T10:26:37Z,40.045851536844637,116.282904639628725,48.70,2.52,301.79,3.37,0.76
2024-09-05T10:26:38Z,40.045863933185259,116.282880168361629,48.70,2.56,302.20,3.36,0.76
2024-09-05T10:26:39Z,40.045877605870764,116.282853843953490,48.69,2.66,304.35,3.34,0.76
2024-09-05T10:26:40Z,40.045892446736033,116.282826706494447,48.70,2.79,305.38,3.34,0.76
2024-09-05T10:26:41Z,40.045907842927988,116.282799617763530,48.72,2.79,306.53,3.34,0.76
2024-09-05T10:26:42Z,40.045923560320006,116.282773414406009,48.74,2.67,308.00,3.34,0.76
2024-09-05T10:26:43Z,40.045939460617220,116.282747864907051,48.76,2.73,308.53,3.33,0.76
2024-09-05T10:26:44Z,40.045955534508572,116.282721994263341,48.79,2.74,306.81,3.33,0.76
2024-09-05T10:26:45Z,40.045970680926274,116.282695318470985,48.82,2.75,303.30,3.33,0.76
2024-09-05T10:26:46Z,40.045984447336124,116.282666893412369,48.86,2.80,298.04,3.33,0.76
2024-09-05T10:26:47Z,40.045996375169068,116.282636098684605,48.90,2.91,293.12,3.34,0.76
2024-09-05T10:26:48Z,40.046006586455995,116.282603609848948,48.94,2.94,289.41,3.34,0.76
2024-09-05T10:26:49Z,40.046016382696450,116.282569598349227,48.98,2.96,290.34,3.34,0.76
2024-09-05T10:26:50Z,40.046026646744814,116.282537713859270,49.02,2.95,293.27,3.35,0.76
2024-09-05T10:26:51Z,40.046038921805717,116.282505810587210,49.05,3.04,298.36,3.35,0.76
2024-09-05T10:26:52Z,40.046053770014936,116.282474200395811,49.07,3.21,302.50,3.34,0.76
2024-09-05T10:26:53Z,40.046070340237826,116.282442818263732,49.08,3.24,304.41,3.35,0.76
2024-09-05T10:26:54Z,40.046087362990463,116.282411285707298,49.09,3.14,303.59,3.34,0.76
2024-09-05T10:26:55Z,40.046102578989576,116.282381423895998,49.08,3.00,300.97,3.36,0.76
2024-09-05T10:26:56Z,40.046115995558026,116.282351078071571,49.08,2.90,296.08,3.38,0.76
2024-09-05T10:26:57Z,40.046127824064087,116.282319716909598,49.08,2.95,293.61,3.38,0.76
2024-09-05T10:26:58Z,40.046139358544501,116.282288056715501,49.07,2.94,294.72,3.37,0.76
2024-09-05T10:26:59Z,40.046152046112432,116.282257255984945,49.05,2.89,299.87,3.35,0.76
2024-09-05T10:27:00Z,40.046166696737913,116.282228396553535,49.01,2.86,306.03,3.34,0.76
2024-09-05T10:27:01Z,40.046182869770021,116.282201464077019,48.98,2.81,309.51,3.36,0.76
2024-09-05T10:27:02Z,40.046199253547293,116.282176122857294,48.92,2.70,310.43,3.36,0.76
2024-09-05T10:27:03Z,40.046215885063539,116.282150523062896,48.86,2.87,310.16,3.34,0.76
2024-09-05T10:27:04Z,40.046233235121043,116.282123559618896,48.78,2.92,309.88,3.35,0.76
2024-09-05T10:27:05Z,40.046250823395432,116.282095992677938,48.71,2.96,309.70,3.35,0.76
2024-09-05T10:27:06Z,40.046267865511155,116.282068964918793,48.62,2.98,309.09,3.33,0.76
2024-09-05T10:27:07Z,40.046284573438889,116.282041965463065,48.52,2.99,308.24,3.30,0.76
2024-09-05T10:27:08Z,40.046301300633480,116.282014211326654,48.42,3.00,307.08,3.29,0.76
2024-09-05T10:27:09Z,40.046317929842779,116.281986017187620,48.31,3.00,306.58,3.30,0.76
2024-09-05T10:27:10Z,40.046334622945899,116.281957839748870,48.20,3.05,306.91,3.31,0.76
2024-09-05T10:27:11Z,40.046351139660175,116.281930331107816,48.11,2.86,306.91,3.31,0.76
2024-09-05T10:27:12Z,40.046367433592330,116.281902821839793,48.02,3.00,306.05,3.31,0.76
2024-09-05T10:27:13Z,40.046383809588619,116.281873967567449,47.94,2.98,304.84,3.31,0.76
2024-09-05T10:27:14Z,40.046400015832560,116.281845172119347,47.86,2.97,305.53,3.31,0.76
2024-09-05T10:27:15Z,40.046416575442457,116.281817493570585,47.80,2.98,307.98,3.31,0.76
2024-09-05T10:27:16Z,40.046434307835007,116.281791147149789,47.76,2.99,311.93,3.31,0.76
2024-09-05T10:27:17Z,40.046453637497557,116.281765656390974,47.74,3.01,314.84,3.31,0.76
2024-09-05T10:27:18Z,40.046473968895931,116.281740854694107,47.72,3.04,316.50,3.31,0.76
2024-09-05T10:27:19Z,40.046494774056029,116.281716083586900,47.71,3.08,316.48,3.33,0.76
2024-09-05T10:27:20Z,40.046515517961609,116.281690621647442,47.72,3.16,315.26,3.35,0.76
2024-09-05T10:27:21Z,40.046536259034745,116.281664437669420,47.73,3.13,314.76,3.35,0.76
2024-09-05T10:27:22Z,40.046556759708068,116.281638731178973,47.75,3.13,315.23,3.35,0.75
2024-09-05T10:27:23Z,40.046577834812453,116.281613960499612,47.77,3.10,318.36,3.35,0.75
2024-09-05T10:27:24Z,40.046598986931293,116.281592034120948,47.79,3.06,321.83,3.36,0.75
2024-09-05T10:27:25Z,40.046622002811240,116.281571559760934,47.81,3.04,326.67,3.37,0.76
2024-09-05T10:27:26Z,40.046646202513436,116.281553573783384,47.84,3.01,330.35,3.37,0.76
2024-09-05T10:27:27Z,40.046670885058163,116.281537288065010,47.86,3.01,332.26,3.38,0.76
2024-09-05T10:27:28Z,40.046696030039165,116.281521504610240,47.90,3.05,332.94,3.39,0.77
2024-09-05T10:27:29Z,40.046721429516793,116.281505576917525,47.95,3.08,332.99,3.40,0.77
2024-09-05T10:27:30Z,40.046747097347932,116.281489664363960,48.01,3.10,333.92,3.40,0.78
2024-09-05T10:27:31Z,40.046773334837603,116.281474435869313,48.09,3.11,336.37,3.41,0.78
2024-09-05T10:27:32Z,40.046800528024391,116.281460952987942,48.20,3.15,340.14,3.41,0.79
2024-09-05T10:27:33Z,40.046828558171441,116.281449770861386,48.32,3.13,344.17,3.40,0.79
2024-09-05T10:27:34Z,40.046856777563782,116.281440750496998,48.45,3.04,346.67,3.38,0.80
2024-09-05T10:27:35Z,40.046884721807395,116.281432897868427,48.60,3.07,347.78,3.38,0.80
2024-09-05T10:27:36Z,40.046912301403836,116.281425077328805,48.75,2.93,346.46,3.37,0.80
2024-09-05T10:27:37Z,40.046938778782938,116.281415897104068,48.90,2.92,342.26,3.35,0.80
2024-09-05T10:27:38Z,40.046964747535696,116.281404437482578,49.06,2.91,337.99,3.31,0.80
2024-09-05T10:27:39Z,40.046990427956935,116.281391263936726,49.20,2.97,335.89,3.28,0.79
2024-09-05T10:27:40Z,40.047016006944737,116.281377550496373,49.34,2.96,335.85,3.29,0.79
2024-09-05T10:27:41Z,40.047041797687740,116.281364888358510,49.45,2.96,339.30,3.30,0.78
2024-09-05T10:27:42Z,40.047068540335971,116.281354378182201,49.56,3.02,343.22,3.27,0.78
2024-09-05T10:27:43Z,40.047096221888118,116.281345715449561,49.65,3.05,346.03,3.23,0.77
2024-09-05T10:27:44Z,40.047124061822487,116.281338418756022,49.72,2.99,347.65,3.20,0.77
2024-09-05T10:27:45Z,40.047152246009190,116.281332455777502,49.77,3.11,350.50,3.19,0.77
2024-09-05T10:27:46Z,40.047181238441361,116.281328335553894,49.79,3.07,354.01,3.18,0.76
2024-09-05T10:27:47Z,40.047210358917233,116.281325599247438,49.80,3.11,355.43,3.19,0.76
2024-09-05T10:27:48Z,40.047239131872658,116.281323358861542,49.78,2.99,355.46,3.19,0.76
2024-09-05T10:27:49Z,40.047266737822973,116.281321132993057,49.75,2.84,354.91,3.18,0.76
2024-09-05T10:27:50Z,40.047294207529028,116.281318770790591,49.71,2.99,355.11,3.17,0.76
2024-09-05T10:27:51Z,40.047322423047966,116.281316815186017,49.65,2.98,356.39,3.15,0.76
2024-09-05T10:27:52Z,40.047351031526233,116.281315702499498,49.59,3.06,357.76,3.14,0.76
2024-09-05T10:27:53Z,40.047380003892130,116.281315322675312,49.51,3.01,358.31,3.13,0.76
2024-09-05T10:27:54Z,40.047408270615151,116.281314678413182,49.45,2.90,356.70,3.13,0.76
2024-09-05T10:27:55Z,40.047436520579488,116.281312301705753,49.39,3.05,352.96,3.13,0.76
2024-09-05T10:27:56Z,40.047465589380259,116.281307635640033,49.33,3.13,349.58,3.13,0.76
2024-09-05T10:27:57Z,40.047495157964747,116.281301277769543,49.28,3.20,348.27,3.12,0.76
2024-09-05T10:27:58Z,40.047525036422392,116.281294148115222,49.25,3.25,348.00,3.12,0.76
2024-09-05T10:27:59Z,40.047554449727016,116.281287126856498,49.25,3.12,348.31,3.12,0.76
2024-09-05T10:28:00Z,40.047583942251116,116.281280561797246,49.26,3.21,348.93,3.13,0.76
2024-09-05T10:28:01Z,40.047614268072707,116.281274122317797,49.29,3.34,349.79,3.11,0.76
2024-09-05T10:28:02Z,40.047646138067996,116.281268140773207,49.34,3.54,351.20,3.10,0.76
2024-09-05T10:28:03Z,40.047679224357445,116.281263316247973,49.40,3.59,353.50,3.10,0.76
2024-09-05T10:28:04Z,40.047712404041526,116.281260060888172,49.47,3.57,355.93,3.09,0.76
2024-09-05T10:28:05Z,40.047745947884884,116.281258613157647,49.55,3.68,358.53,3.10,0.76
2024-09-05T10:28:06Z,40.047780035257837,116.281258946884648,49.65,3.65,0.49,3.11,0.76
2024-09-05T10:28:07Z,40.047813525948918,116.281261122828226,49.76,3.61,3.60,3.12,0.76
2024-09-05T10:28:08Z,40.047846574489874,116.281265431575960,49.89,3.61,6.55,3.12,0.76
2024-09-05T10:28:09Z,40.047881473575742,116.281271699225002,50.02,4.09,7.93,3.10,0.76
2024-09-05T10:28:10Z,40.047919420360813,116.281279494442913,50.16,4.34,8.83,3.08,0.76
2024-09-05T10:28:11Z,40.047957491851271,116.281287685323221,50.30,4.16,8.83,3.09,0.76
2024-09-05T10:28:12Z,40.047993311926774,116.281295307075354,50.44,3.88,8.66,3.10,0.76
2024-09-05T10:28:13Z,40.048026672534888,116.281302097925035,50.58,3.58,7.74,3.14,0.76
2024-09-05T10:28:14Z,40.048058384264117,116.281308380407879,50.73,3.50,8.57,3.14,0.76
2024-09-05T10:28:15Z,40.048090879405066,116.281316122975312,50.88,3.78,11.00,3.14,0.76
2024-09-05T10:28:16Z,40.048124071158448,116.281326164502104,51.02,3.73,14.29,3.15,0.76
2024-09-05T10:28:17Z,40.048156463838296,116.281338509276495,51.17,3.69,17.26,3.15,0.76
2024-09-05T10:28:18Z,40.048187876365617,116.281352959346606,51.33,3.62,20.41,3.16,0.76
2024-09-05T10:28:19Z,40.048219489081006,116.281369929665871,51.48,3.87,22.88,3.16,0.76
2024-09-05T10:28:20Z,40.048251571413189,116.281388128406107,51.61,3.80,22.65,3.16,0.76
2024-09-05T10:28:21Z,40.048281812196024,116.281404353545241,51.73,3.36,20.09,3.17,0.76
2024-09-05T10:28:22Z,40.048309489752519,116.281416985256783,51.83,3.05,15.71,3.20,0.76
2024-09-05T10:28:23Z,40.048336085179777,116.281426179700276,51.92,2.96,10.77,3.24,0.76
2024-09-05T10:28:24Z,40.048363589660113,116.281434324565140,52.00,3.20,11.70,3.24,0.76
2024-09-05T10:28:25Z,40.048392312443859,116.281444046173263,52.07,3.31,14.78,3.24,0.76
2024-09-05T10:28:26Z,40.048421189892373,116.281456141068546,52.13,3.34,18.20,3.26,0.76
2024-09-05T10:28:27Z,40.048449844854254,116.281470465057780,52.17,3.38,21.36,3.28,0.76
2024-09-05T10:28:28Z,40.048478070478083,116.281487178328405,52.18,3.39,25.13,3.30,0.76
2024-09-05T10:28:29Z,40.048505095830670,116.281506462771588,52.17,3.31,30.26,3.31,0.76
2024-09-05T10:28:30Z,40.048530481264194,116.281528305875653,52.15,3.29,34.31,3.32,0.76
2024-09-05T10:28:31Z,40.048554708453970,116.281551724456435,52.11,3.27,36.57,3.33,0.76
2024-09-05T10:28:32Z,40.048578600825792,116.281575112091744,52.05,3.26,34.19,3.33,0.76
2024-09-05T10:28:33Z,40.048602919148408,116.281596847970960,51.98,3.22,31.09,3.34,0.76
2024-09-05T10:28:34Z,40.048626500903019,116.281616301938683,51.90,2.93,28.40,3.34,0.76
2024-09-05T10:28:35Z,40.048649136076200,116.281634203974406,51.81,2.94,28.23,3.32,0.76
2024-09-05T10:28:36Z,40.048671777512368,116.281652787551408,51.72,3.01,29.99,3.31,0.76
2024-09-05T10:28:37Z,40.048694681697114,116.281672733301860,51.62,3.12,31.94,3.32,0.76
2024-09-05T10:28:38Z,40.048718025251951,116.281694677813022,51.52,3.28,33.98,3.31,0.76
2024-09-05T10:28:39Z,40.048741312130645,116.281718078650172,51.44,3.25,35.80,3.29,0.76
2024-09-05T10:28:40Z,40.048764076275482,116.281742291944752,51.35,3.27,37.01,3.29,0.76
2024-09-05T10:28:41Z,40.048786474337732,116.281766572411811,51.28,3.21,37.42,3.31,0.76
2024-09-05T10:28:42Z,40.048808531071508,116.281790685653064,51.22,3.22,37.46,3.32,0.76
2024-09-05T10:28:43Z,40.048830474795700,116.281814872568091,51.17,3.19,37.85,3.32,0.76
2024-09-05T10:28:44Z,40.048851929878367,116.281838856423036,51.14,3.14,38.31,3.33,0.76
2024-09-05T10:28:45Z,40.048872634222867,116.281862866679646,51.12,3.07,40.36,3.32,0.76
2024-09-05T10:28:46Z,40.048891813681529,116.281887102321775,51.12,2.90,42.82,3.31,0.76
2024-09-05T10:28:47Z,40.048909584887568,116.281911691470341,51.13,2.88,45.46,3.30,0.76
2024-09-05T10:28:48Z,40.048926593848357,116.281937354934243,51.14,2.93,47.76,3.32,0.76
2024-09-05T10:28:49Z,40.048943716691326,116.281964273794060,51.17,3.04,48.95,3.35,0.76
2024-09-05T10:28:50Z,40.048961308040226,116.281992368589783,51.19,3.15,49.78,3.35,0.76
2024-09-05T10:28:51Z,40.048978835014644,116.282020951275470,51.21,3.08,50.68,3.37,0.76
2024-09-05T10:28:52Z,40.048996273846406,116.282049201123343,51.23,3.07,50.05,3.39,0.76
2024-09-05T10:28:53Z,40.049013071218624,116.282077554860194,51.24,3.03,53.15,3.40,0.76
2024-09-05T10:28:54Z,40.049028623592186,116.282107391421050,51.25,3.11,56.65,3.42,0.76
2024-09-05T10:28:55Z,40.049043140697229,116.282139064589614,51.24,3.16,60.23,3.45,0.76
2024-09-05T10:28:56Z,40.049057022810779,116.282171659039761,51.23,3.17,60.72,3.48,0.76
2024-09-05T10:28:57Z,40.049071229570181,116.282203790187467,51.21,3.13,58.62,3.50,0.76
2024-09-05T10:28:58Z,40.049086763126510,116.282235021627315,51.17,3.23,54.87,3.51,0.76
2024-09-05T10:28:59Z,40.049104235010006,116.282265656094225,51.13,3.31,52.17,3.52,0.76
2024-09-05T10:29:00Z,40.049122778943890,116.282296023210449,51.10,3.34,50.78,3.53,0.76
2024-09-05T10:29:01Z,40.049141544703673,116.282326297018571,51.06,3.31,51.08,3.55,0.76
2024-09-05T10:29:02Z,40.049159646284146,116.282356457365623,51.02,3.24,52.50,3.57,0.76
2024-09-05T10:29:03Z,40.049176634207271,116.282387005687866,50.97,3.22,55.71,3.58,0.77
2024-09-05T10:29:04Z,40.049192464588970,116.282418558293330,50.92,3.24,58.39,3.57,0.77
2024-09-05T10:29:05Z,40.049207555471682,116.282451006939880,50.88,3.24,60.51,3.59,0.78
2024-09-05T10:29:06Z,40.049222382459732,116.282483617919397,50.84,3.23,60.21,3.60,0.79
2024-09-05T10:29:07Z,40.049237245016712,116.282515810899483,50.80,3.19,60.17,3.62,0.80
2024-09-05T10:29:08Z,40.049251951161772,116.282547795378974,50.77,3.18,60.83,3.63,0.81
2024-09-05T10:29:09Z,40.049266096493085,116.282580314332080,50.73,3.19,63.49,3.65,0.82
2024-09-05T10:29:10Z,40.049279025003315,116.282613312278045,50.69,3.14,65.64,3.65,0.84
2024-09-05T10:29:11Z,40.049290626582611,116.282645892286538,50.64,3.00,66.73,3.65,0.85
2024-09-05T10:29:12Z,40.049301417506754,116.282677669259641,50.58,2.95,65.16,3.66,0.87
2024-09-05T10:29:13Z,40.049312769879684,116.282708786302337,50.52,2.97,61.99,3.66,0.88
2024-09-05T10:29:14Z,40.049325732881591,116.282739507076883,50.49,3.07,57.12,3.66,0.89
2024-09-05T10:29:15Z,40.049340474199632,116.282769595659985,50.45,3.11,52.79,3.64,0.90
2024-09-05T10:29:16Z,40.049356240113653,116.282798600567034,50.42,3.07,50.18,3.61,0.91
2024-09-05T10:29:17Z,40.049372213077788,116.282826947870220,50.40,3.06,49.76,3.58,0.92
2024-09-05T10:29:18Z,40.049387795605774,116.282855259083561,50.38,3.05,50.26,3.56,0.92
2024-09-05T10:29:19Z,40.049402787960325,116.282883744965417,50.34,2.97,52.09,3.54,0.93
2024-09-05T10:29:20Z,40.049416591414648,116.282912587870072,50.31,2.97,54.57,3.52,0.93
2024-09-05T10:29:21Z,40.049428979457687,116.282942519863042,50.29,2.90,60.30,3.49,0.94
2024-09-05T10:29:22Z,40.049438650227081,116.282973876654296,50.29,2.88,66.77,3.44,0.94
2024-09-05T10:29:23Z,40.049445919037971,116.283006536359935,50.30,2.87,73.21,3.41,0.94
2024-09-05T10:29:24Z,40.049450377012384,116.283040200907067,50.32,2.87,80.00,3.37,0.94
2024-09-05T10:29:25Z,40.049452312300758,116.283074376964564,50.36,2.88,84.63,3.34,0.93
2024-09-05T10:29:26Z,40.049452655184623,116.283109161119370,50.39,2.88,86.49,3.32,0.93
2024-09-05T10:29:27Z,40.049452879666461,116.283143603418779,50.43,2.82,85.41,3.30,0.92
2024-09-05T10:29:28Z,40.049454059061347,116.283177948183436,50.47,2.85,83.53,3.30,0.91
2024-09-05T10:29:29Z,40.049455692219830,116.283212294873010,50.51,2.81,83.25,3.27,0.91
2024-09-05T10:29:30Z,40.049457481069737,116.283247028626121,50.55,2.96,83.85,3.26,0.90
2024-09-05T10:29:31Z,40.049459027701062,116.283282256885073,50.59,2.90,84.38,3.25,0.88
2024-09-05T10:29:32Z,40.049460372526525,116.283317343786877,50.63,2.95,85.06,3.26,0.87
2024-09-05T10:29:33Z,40.049460915288293,116.283351817383405,50.68,2.78,87.50,3.26,0.86
2024-09-05T10:29:34Z,40.049460356598111,116.283384252406236,50.73,2.62,91.07,3.25,0.85
2024-09-05T10:29:35Z,40.049458452293976,116.283416262541579,50.80,2.72,94.60,3.23,0.83
2024-09-05T10:29:36Z,40.049455780404877,116.283449653907709,50.85,2.87,95.20,3.23,0.82
2024-09-05T10:29:37Z,40.049452967319631,116.283486107951987,50.91,3.25,94.66,3.22,0.81
2024-09-05T10:29:38Z,40.049450291379884,116.283526121084094,50.96,3.49,93.88,3.23,0.81
2024-09-05T10:29:39Z,40.049447644861409,116.283568095703430,51.02,3.64,94.45,3.24,0.81
2024-09-05T10:29:40Z,40.049444292185171,116.283610712533601,51.09,3.62,95.89,3.26,0.81
2024-09-05T10:29:41Z,40.049440541170931,116.283651819752151,51.16,3.39,96.57,3.27,0.80
2024-09-05T10:29:42Z,40.049436949257093,116.283690248213574,51.19,3.16,96.08,3.26,0.80
2024-09-05T10:29:43Z,40.049434218809843,116.283726917238582,51.21,3.09,93.42,3.25,0.81
2024-09-05T10:29:44Z,40.049432506986662,116.283763324572774,51.23,3.09,91.58,3.23,0.81
2024-09-05T10:29:45Z,40.049431393524067,116.283799545394018,51.25,3.07,91.04,3.22,0.81
2024-09-05T10:29:46Z,40.049429706371889,116.283835287141358,51.26,3.01,93.67,3.21,0.81
2024-09-05T10:29:47Z,40.049426454152915,116.283869903917918,51.27,2.90,98.21,3.20,0.81
2024-09-05T10:29:48Z,40.049421357846704,116.283904046527553,51.27,2.97,101.74,3.19,0.81
2024-09-05T10:29:49Z,40.049414960190795,116.283940648330272,51.27,3.39,102.38,3.20,0.80
2024-09-05T10:29:50Z,40.049408360636370,116.283979739090384,51.26,3.42,101.39,3.21,0.80
2024-09-05T10:29:51Z,40.049402589665966,116.284017340501961,51.23,3.11,100.80,3.22,0.79
2024-09-05T10:29:52Z,40.049397363440391,116.284051953275835,51.18,2.89,102.13,3.21,0.79
2024-09-05T10:29:53Z,40.049391725254033,116.284085099343770,51.13,2.91,104.28,3.20,0.78
2024-09-05T10:29:54Z,40.049385049328407,116.284117188790816,51.10,2.81,107.79,3.20,0.78
2024-09-05T10:29:55Z,40.049376945027568,116.284148628425299,51.06,2.90,110.76,3.21,0.77
2024-09-05T10:29:56Z,40.049367922972998,116.284180234081248,51.04,2.90,111.62,3.22,0.77
2024-09-05T10:29:57Z,40.049359278059377,116.284212206020186,51.01,2.93,109.05,3.20,0.76
2024-09-05T10:29:58Z,40.049351723909723,116.284245048081857,51.00,2.94,106.72,3.19,0.76
2024-09-05T10:29:59Z,40.049345127853314,116.284278702072655,50.99,2.99,104.42,3.20,0.76
2024-09-05T10:30:00Z,40.049339852384144,116.284312937352539,50.99,3.00,101.10,3.23,0.76
2024-09-05T10:30:01Z,40.049336601481272,116.284347501264250,50.98,2.94,96.23,3.24,0.76
2024-09-05T10:30:02Z,40.049335296265845,116.284381801183159,50.98,2.93,92.71,3.23,0.76
2024-09-05T10:30:03Z,40.049335156948558,116.284416004596963,50.99,2.92,90.84,3.21,0.76
2024-09-05T10:30:04Z,40.049335828294382,116.284450057025779,51.01,2.90,90.10,3.20,0.76
2024-09-05T10:30:05Z,40.049337074347221,116.284484037718130,51.03,2.91,87.83,3.20,0.76
2024-09-05T10:30:06Z,40.049339193502561,116.284518439358848,51.05,2.95,86.91,3.19,0.76
2024-09-05T10:30:07Z,40.049341872094310,116.284553591517280,51.09,3.06,85.14,3.18,0.76
2024-09-05T10:30:08Z,40.049345223271565,116.284589560161777,51.10,3.11,83.88,3.17,0.76
2024-09-05T10:30:09Z,40.049349060923014,116.284625543215142,51.11,3.09,82.95,3.16,0.76
2024-09-05T10:30:10Z,40.049353191731065,116.284662147608884,51.11,3.23,82.88,3.15,0.76
2024-09-05T10:30:11Z,40.049357567572770,116.284698681055502,51.11,3.04,81.53,3.16,0.76
2024-09-05T10:30:12Z,40.049362312586524,116.284733643803989,51.10,2.96,80.03,3.17,0.76
2024-09-05T10:30:13Z,40.049367913403636,116.284767766170319,51.09,2.94,77.34,3.18,0.76
2024-09-05T10:30:14Z,40.049374876617698,116.284801779352478,51.05,2.99,74.32,3.17,0.76
2024-09-05T10:30:15Z,40.049383178509522,116.284836655367954,51.01,3.18,72.53,3.15,0.76
2024-09-05T10:30:16Z,40.049391957325021,116.284871882166428,50.97,3.09,72.75,3.14,0.76
2024-09-05T10:30:17Z,40.049400495869001,116.284906992987771,50.93,3.13,73.48,3.13,0.76
2024-09-05T10:30:18Z,40.049408791929274,116.284941582145890,50.88,2.99,73.31,3.12,0.76
2024-09-05T10:30:19Z,40.049416738377857,116.284975004769990,50.83,2.90,73.42,3.11,0.76
2024-09-05T10:30:20Z,40.049424031284218,116.285008018582431,50.78,2.91,74.83,3.12,0.76
2024-09-05T10:30:21Z,40.049430571079576,116.285041529707087,50.74,2.93,76.21,3.14,0.76
2024-09-05T10:30:22Z,40.049436831051921,116.285075476198685,50.71,2.97,76.23,3.14,0.76
2024-09-05T10:30:23Z,40.049443278321917,116.285109530172051,50.68,2.95,75.56,3.13,0.76
2024-09-05T10:30:24Z,40.049449943197317,116.285142386011927,50.66,2.78,74.63,3.12,0.76
2024-09-05T10:30:25Z,40.049456811318016,116.285173782724044,50.65,2.71,73.88,3.11,0.76
2024-09-05T10:30:26Z,40.049464258988145,116.285204133891824,50.64,2.65,71.89,3.12,0.76
2024-09-05T10:30:27Z,40.049472589203425,116.285233666786269,50.65,2.64,69.72,3.13,0.76
2024-09-05T10:30:28Z,40.049481601757456,116.285263125753701,50.67,2.68,69.85,3.12,0.76
2024-09-05T10:30:29Z,40.049489823882581,116.285292404452790,50.70,2.56,73.20,3.12,0.76
2024-09-05T10:30:30Z,40.049496327005400,116.285321508938452,50.74,2.56,77.89,3.12,0.76
2024-09-05T10:30:31Z,40.049501703081340,116.285351603259755,50.77,2.65,80.29,3.13,0.76
2024-09-05T10:30:32Z,40.049507692098111,116.285383830824983,50.81,2.96,77.53,3.13,0.76
2024-09-05T10:30:33Z,40.049516155894040,116.285418379587412,50.83,3.19,71.54,3.12,0.76
2024-09-05T10:30:34Z,40.049527873037476,116.285453260608719,50.85,3.28,64.56,3.12,0.76
2024-09-05T10:30:35Z,40.049542703700098,116.285486764919241,50.86,3.29,58.02,3.13,0.76
2024-09-05T10:30:36Z,40.049559381220242,116.285518380153050,50.87,3.25,54.57,3.13,0.76
2024-09-05T10:30:37Z,40.049577068316324,116.285548327757354,50.89,3.20,51.38,3.12,0.76
2024-09-05T10:30:38Z,40.049595389612854,116.285576703606793,50.90,3.14,49.03,3.12,0.76
2024-09-05T10:30:39Z,40.049614357584680,116.285602989882207,50.89,3.09,44.90,3.12,0.76
2024-09-05T10:30:40Z,40.049634075370236,116.285626949813519,50.89,3.02,41.54,3.12,0.76
2024-09-05T10:30:41Z,40.049654695281802,116.285648565962418,50.88,2.97,36.90,3.13,0.76
2024-09-05T10:30:42Z,40.049675625173570,116.285669007966007,50.87,2.93,37.30,3.11,0.76
2024-09-05T10:30:43Z,40.049695839804585,116.285689910750634,50.86,2.86,40.01,3.10,0.76
2024-09-05T10:30:44Z,40.049714337227805,116.285712163563005,50.84,2.79,45.84,3.09,0.76
2024-09-05T10:30:45Z,40.049731022749661,116.285735873149079,50.83,2.73,49.63,3.10,0.77
2024-09-05T10:30:46Z,40.049746618768019,116.285760215113712,50.83,2.70,50.80,3.09,0.77
2024-09-05T10:30:47Z,40.049761909401397,116.285784724814633,50.83,2.71,50.57,3.10,0.78
2024-09-05T10:30:48Z,40.049777708998207,116.285809087323941,50.85,2.74,48.14,3.10,0.79
2024-09-05T10:30:49Z,40.049793943395642,116.285832820522117,50.87,2.69,46.74,3.08,0.80
2024-09-05T10:30:50Z,40.049809492177765,116.285855338595866,50.89,2.48,46.89,3.08,0.81
2024-09-05T10:30:51Z,40.049823990514646,116.285877262485485,50.91,2.46,49.37,3.09,0.82
2024-09-05T10:30:52Z,40.049838801158785,116.285900449116568,50.93,2.65,48.76,3.10,0.84
2024-09-05T10:30:53Z,40.049854490775054,116.285924365581337,50.95,2.65,47.51,3.09,0.85
2024-09-05T10:30:54Z,40.049870519098789,116.285948125494002,50.98,2.68,46.80,3.08,0.87
2024-09-05T10:30:55Z,40.049886289900606,116.285973045505614,50.99,2.76,50.73,3.08,0.88
2024-09-05T10:30:56Z,40.049901266238933,116.286001106958750,51.01,2.99,56.41,3.08,0.89
2024-09-05T10:30:57Z,40.049914935623882,116.286032122145286,51.01,3.03,61.67,3.08,0.90
2024-09-05T10:30:58Z,40.049926936375712,116.286063966401514,51.01,2.90,63.80,3.08,0.91
2024-09-05T10:30:59Z,40.049938007542480,116.286095790052471,50.99,2.94,65.33,3.07,0.92
2024-09-05T10:31:00Z,40.049948922387671,116.286127944994320,50.98,2.94,64.79,3.06,0.92
2024-09-05T10:31:01Z,40.049960267990798,116.286160237255999,50.94,2.99,64.16,3.08,0.92
2024-09-05T10:31:02Z,40.049971826451873,116.286192844634840,50.89,3.01,64.52,3.11,0.92
2024-09-05T10:31:03Z,40.049982994177043,116.286226206348815,50.85,3.07,66.81,3.11,0.91
2024-09-05T10:31:04Z,40.049993687947357,116.286260601501070,50.82,3.14,67.88,3.10,0.91
2024-09-05T10:31:05Z,40.050004295275443,116.286295765342501,50.78,3.16,68.15,3.09,0.90
2024-09-05T10:31:06Z,40.050014852668752,116.286330970747642,50.74,3.15,68.21,3.08,0.89
2024-09-05T10:31:07Z,40.050024816473638,116.286365948278984,50.69,3.10,70.15,3.06,0.88
2024-09-05T10:31:08Z,40.050034101746391,116.286400370766501,50.62,3.02,70.08,3.07,0.87
2024-09-05T10:31:09Z,40.050043213558048,116.286433789859416,50.57,2.99,69.83,3.08,0.86
2024-09-05T10:31:10Z,40.050052709152041,116.286466855176286,50.51,2.98,68.05,3.08,0.85
2024-09-05T10:31:11Z,40.050062948577605,116.286499734869437,50.46,3.03,66.76,3.08,0.84
2024-09-05T10:31:12Z,40.050074017858812,116.286532815058067,50.41,3.11,65.24,3.09,0.83
2024-09-05T10:31:13Z,40.050085603660349,116.286566150464793,50.37,3.13,65.22,3.07,0.82
2024-09-05T10:31:14Z,40.050096989590202,116.286600702435990,50.33,3.28,67.47,3.06,0.82
2024-09-05T10:31:15Z,40.050107112965733,116.286635828215950,50.29,3.11,70.71,3.05,0.82
2024-09-05T10:31:16Z,40.050115395652952,116.286670107449396,50.25,3.00,73.33,3.05,0.83
2024-09-05T10:31:17Z,40.050122566367762,116.286703173045666,50.20,2.84,74.32,3.05,0.83
2024-09-05T10:31:18Z,40.050129015783220,116.286734433959666,50.16,2.67,74.56,3.05,0.84
2024-09-05T10:31:19Z,40.050135497722884,116.286765886143471,50.12,2.88,74.15,3.06,0.84
2024-09-05T10:31:20Z,40.050142559599081,116.286798672916262,50.07,2.93,72.82,3.06,0.85
2024-09-05T10:31:21Z,40.050150226435683,116.286831380193405,50.05,2.93,71.64,3.07,0.85
2024-09-05T10:31:22Z,40.050158092643919,116.286863642833268,50.04,2.88,71.20,3.06,0.85
2024-09-05T10:31:23Z,40.050165449202396,116.286895442939269,50.07,2.80,72.92,3.07,0.85
2024-09-05T10:31:24Z,40.050171867638127,116.286925095262291,50.06,2.76,72.58,3.10,0.86
2024-09-05T10:31:25Z,40.050178716927654,116.286955066334585,50.06,2.77,72.40,3.13,0.86
2024-09-05T10:31:26Z,40.050186581064679,116.286985722125181,50.06,2.87,69.57,3.17,0.87
2024-09-05T10:31:27Z,40.050195262643840,116.287017097857330,50.06,2.91,69.96,3.20,0.88
2024-09-05T10:31:28Z,40.050203716844102,116.287048885583800,50.07,2.89,71.10,3.27,0.90
2024-09-05T10:31:29Z,40.050211418378119,116.287080871239624,50.07,2.88,73.41,3.36,0.92
2024-09-05T10:31:30Z,40.050217599407041,116.287112900213387,50.08,2.75,78.08,3.44,0.95
2024-09-05T10:31:31Z,40.050221569204560,116.287143629407282,50.10,2.54,82.68,3.55,0.98
2024-09-05T10:31:32Z,40.050223361822809,116.287170095623068,50.12,1.94,87.90,3.64,1.03
2024-09-05T10:31:33Z,40.050223089159459,116.287188510361133,50.14,1.13,97.70,3.62,1.09
2024-09-05T10:31:46Z,40.050202124470751,116.287262150740773,49.73,0.27,219.79,3.98,1.06
2024-09-05T10:31:47Z,40.050201601311187,116.287263589000133,49.65,0.01,214.56,3.97,0.99
2024-09-05T10:31:48Z,40.050201928046448,116.287265794717641,49.57,0.01,157.59,3.87,0.93
2024-09-05T10:31:49Z,40.050202270848139,116.287268017547632,49.49,0.02,92.90,3.78,0.89
2024-09-05T10:31:50Z,40.050202876743974,116.287271029212221,49.42,0.13,75.82,3.68,0.86
2024-09-05T10:31:51Z,40.050203976952602,116.287275906315202,49.34,0.36,69.85,3.59,0.83
2024-09-05T10:31:52Z,40.050206646698030,116.287284966803426,49.26,0.94,66.99,3.51,0.81
2024-09-05T10:31:53Z,40.050213446727604,116.287305424149892,49.18,2.51,65.73,3.46,0.80
2024-09-05T10:31:54Z,40.050224488104710,116.287337529511134,49.09,3.16,65.89,3.41,0.79
2024-09-05T10:31:55Z,40.050236639104185,116.287374535453296,48.99,3.33,67.88,3.38,0.78
2024-09-05T10:31:56Z,40.050248736496066,116.287413377326772,48.90,3.46,68.58,3.35,0.77
2024-09-05T10:31:57Z,40.050260737673746,116.287453356247369,48.82,3.50,69.28,3.33,0.77
2024-09-05T10:31:58Z,40.050272458414106,116.287494584795851,48.75,3.62,70.23,3.32,0.77
2024-09-05T10:31:59Z,40.050283879885029,116.287537069651989,48.67,3.71,71.25,3.31,0.76
2024-09-05T10:32:00Z,40.050294957657293,116.287580980656301,48.60,3.77,72.40,3.31,0.76
2024-09-05T10:32:01Z,40.050306152373963,116.287625809290020,48.52,3.91,71.89,3.29,0.76
2024-09-05T10:32:02Z,40.050317918757550,116.287671627448887,48.44,3.95,71.23,3.27,0.76
2024-09-05T10:32:03Z,40.050330025376169,116.287717154324127,48.37,3.91,70.31,3.26,0.76
2024-09-05T10:32:04Z,40.050342105772835,116.287762950793891,48.29,4.08,71.03,3.26,0.76
2024-09-05T10:32:05Z,40.050353203986695,116.287808679644186,48.23,3.87,73.35,3.25,0.76
2024-09-05T10:32:06Z,40.050362319893608,116.287853471494813,48.17,3.78,76.09,3.23,0.76
2024-09-05T10:32:07Z,40.050370022514940,116.287897570465304,48.10,3.71,77.56,3.22,0.76
2024-09-05T10:32:08Z,40.050377154401858,116.287940702862727,48.05,3.57,77.26,3.21,0.76
2024-09-05T10:32:09Z,40.050384330736328,116.287983404758307,48.00,3.66,76.85,3.19,0.76
2024-09-05T10:32:10Z,40.050391454610143,116.288025683157514,47.95,3.50,76.97,3.20,0.76
2024-09-05T10:32:11Z,40.050397481741250,116.288067107481453,47.91,3.46,80.39,3.19,0.76
2024-09-05T10:32:12Z,40.050401764840053,116.288108231101162,47.87,3.39,83.08,3.18,0.76
2024-09-05T10:32:13Z,40.050404540737631,116.288148499128312,47.83,3.29,85.87,3.17,0.76
2024-09-05T10:32:14Z,40.050406944924433,116.288187818651267,47.80,3.22,83.61,3.14,0.76
2024-09-05T10:32:15Z,40.050410373129509,116.288225525079554,47.78,3.09,81.20,3.13,0.76
2024-09-05T10:32:16Z,40.050414837476808,116.288261418090229,47.75,3.00,78.32,3.15,0.76
2024-09-05T10:32:17Z,40.050420114993457,116.288297314132365,47.74,3.13,77.68,3.15,0.76
2024-09-05T10:32:18Z,40.050426030474682,116.288333930372872,47.73,3.16,76.51,3.14,0.76
2024-09-05T10:32:19Z,40.050432596889912,116.288370548147995,47.73,3.16,75.28,3.13,0.76
2024-09-05T10:32:20Z,40.050440111352984,116.288406852379339,47.73,3.17,72.93,3.12,0.76
2024-09-05T10:32:21Z,40.050448533497850,116.288442875838115,47.73,3.18,71.85,3.12,0.76
2024-09-05T10:32:22Z,40.050457405366515,116.288479266811350,47.74,3.25,71.68,3.11,0.77
2024-09-05T10:32:23Z,40.050465706549993,116.288516368812182,47.75,3.27,74.91,3.11,0.77
2024-09-05T10:32:24Z,40.050472190139708,116.288554111910415,47.76,3.25,79.05,3.09,0.78
2024-09-05T10:32:25Z,40.050477030429050,116.288591658909041,47.78,3.15,81.31,3.10,0.79
2024-09-05T10:32:26Z,40.050480874477913,116.288628577681820,47.79,3.11,82.69,3.12,0.80
2024-09-05T10:32:27Z,40.050484230932987,116.288665561742704,47.82,3.13,82.84,3.12,0.80
2024-09-05T10:32:28Z,40.050487502041143,116.288703331434917,47.82,3.24,83.12,3.12,0.81
2024-09-05T10:32:29Z,40.050491344434043,116.288742056833215,47.83,3.31,81.19,3.11,0.82
2024-09-05T10:32:30Z,40.050496022939683,116.288780437204366,47.83,3.21,80.04,3.10,0.83
2024-09-05T10:32:31Z,40.050500867493582,116.288817025910447,47.85,3.02,80.20,3.11,0.83
2024-09-05T10:32:32Z,40.050505299014418,116.288852467585997,47.88,2.99,81.37,3.11,0.83
2024-09-05T10:32:33Z,40.050509252012318,116.288887931380174,47.89,3.01,82.89,3.11,0.83
2024-09-05T10:32:34Z,40.050512845795588,116.288923621033746,47.90,3.04,83.13,3.12,0.83
2024-09-05T10:32:35Z,40.050515803520916,116.288959905380921,47.91,3.06,85.93,3.12,0.83
2024-09-05T10:32:36Z,40.050517249270477,116.288996349107364,47.92,3.09,89.25,3.14,0.82
2024-09-05T10:32:37Z,40.050517648774367,116.289033168367808,47.93,3.11,90.07,3.13,0.81
2024-09-05T10:32:38Z,40.050518601049902,116.289069879555711,47.94,3.08,85.89,3.12,0.80
2024-09-05T10:32:39Z,40.050521411163928,116.289105940078372,47.95,3.06,81.36,3.13,0.80
2024-09-05T10:32:40Z,40.050525709807552,116.289141108594094,47.97,3.03,78.23,3.15,0.79
2024-09-05T10:32:41Z,40.050530725230082,116.289175399978475,48.00,3.01,77.33,3.16,0.78
2024-09-05T10:32:42Z,40.050536163589769,116.289209096734155,48.04,2.97,76.36,3.17,0.77
2024-09-05T10:32:43Z,40.050541509436250,116.289242216820526,48.07,2.92,77.24,3.16,0.77
2024-09-05T10:32:44Z,40.050545927436609,116.289276084146437,48.11,3.05,80.91,3.16,0.77
2024-09-05T10:32:45Z,40.050547782572202,116.289310534076918,48.15,2.93,88.51,3.18,0.76
2024-09-05T10:32:46Z,40.050545405951596,116.289344604363961,48.20,2.98,99.04,3.21,0.76
2024-09-05T10:32:47Z,40.050537335680332,116.289377482111021,48.23,3.01,112.76,3.25,0.76
2024-09-05T10:32:48Z,40.050522902291497,116.289406888787795,48.27,3.02,127.87,3.28,0.76
2024-09-05T10:32:49Z,40.050502846275720,116.289430864575124,48.31,3.06,142.70,3.29,0.76
2024-09-05T10:32:50Z,40.050479137326953,116.289449414398263,48.34,3.08,150.19,3.28,0.77
2024-09-05T10:32:51Z,40.050454183783110,116.289464632147315,48.37,3.03,154.47,3.28,0.77
2024-09-05T10:32:52Z,40.050428584743230,116.289477774263560,48.40,3.07,157.66,3.31,0.78
2024-09-05T10:32:53Z,40.050402176944125,116.289489781817949,48.42,3.13,160.11,3.35,0.79
2024-09-05T10:32:54Z,40.050374763300610,116.289500615779531,48.43,3.24,162.42,3.40,0.80
2024-09-05T10:32:55Z,40.050346362503035,116.289510458184495,48.42,3.27,164.89,3.47,0.80
2024-09-05T10:32:56Z,40.050317291455023,116.289518916970266,48.41,3.34,168.28,3.54,0.82
2024-09-05T10:32:57Z,40.050287025402241,116.289524761261859,48.39,3.41,173.60,3.61,0.83
2024-09-05T10:32:58Z,40.050256061178700,116.289526924861306,48.37,3.43,179.77,3.68,0.84
2024-09-05T10:32:59Z,40.050225013225877,116.289525363634169,48.36,3.43,184.80,3.73,0.85
2024-09-05T10:33:00Z,40.050194291695199,116.289521385370691,48.35,3.39,187.07,3.77,0.87
2024-09-05T10:33:01Z,40.050163991277749,116.289517016231144,48.33,3.34,186.28,3.80,0.88
2024-09-05T10:33:02Z,40.050134069745283,116.289514175041020,48.33,3.29,182.40,3.82,0.89
2024-09-05T10:33:03Z,40.050104323484710,116.289514622047392,48.32,3.29,176.60,3.83,0.89
2024-09-05T10:33:04Z,40.050074417018699,116.289518703701503,48.31,3.36,171.95,3.84,0.90
2024-09-05T10:33:05Z,40.050044501344416,116.289525393482066,48.32,3.35,168.91,3.84,0.91
2024-09-05T10:33:06Z,40.050014840629771,116.289533939594278,48.34,3.37,166.92,3.83,0.91
2024-09-05T10:33:07Z,40.049985779040973,116.289543991760709,48.38,3.30,164.80,3.84,0.92
2024-09-05T10:33:08Z,40.049957609123396,116.289554948645147,48.42,3.22,163.72,3.85,0.92
2024-09-05T10:33:09Z,40.049930145189222,116.289565981859880,48.47,3.16,163.56,3.86,0.92
2024-09-05T10:33:10Z,40.049903126160061,116.289576950030579,48.52,3.12,163.76,3.86,0.93
2024-09-05T10:33:11Z,40.049876566331022,116.289587605407533,48.59,3.07,164.00,3.85,0.93
2024-09-05T10:33:12Z,40.049850122418746,116.289597690777015,48.66,3.06,164.13,3.85,0.93
2024-09-05T10:33:13Z,40.049823606970797,116.289608231039580,48.74,3.08,162.70,3.86,0.94
2024-09-05T10:33:14Z,40.049797032220546,116.289619486115868,48.82,3.09,160.69,3.86,0.94
2024-09-05T10:33:15Z,40.049770487050985,116.289631228189720,48.88,3.07,158.69,3.87,0.94
2024-09-05T10:33:16Z,40.049744124131273,116.289643733505130,48.92,3.06,157.58,3.88,0.94
2024-09-05T10:33:17Z,40.049717736270203,116.289656751786950,48.95,3.11,156.86,3.88,0.94
2024-09-05T10:33:18Z,40.049690841632511,116.289670000976926,48.99,3.18,157.19,3.86,0.94
2024-09-05T10:33:19Z,40.049663190094954,116.289683271053136,49.01,3.25,158.43,3.82,0.94
2024-09-05T10:33:20Z,40.049634920071114,116.289696067143026,49.03,3.26,159.67,3.78,0.94
2024-09-05T10:33:21Z,40.049606261263044,116.289708402869294,49.05,3.30,161.16,3.74,0.94
2024-09-05T10:33:22Z,40.049577130858722,116.289719975029698,49.07,3.31,163.65,3.71,0.94
2024-09-05T10:33:23Z,40.049547738691821,116.289730066706966,49.09,3.28,166.40,3.71,0.94
2024-09-05T10:33:24Z,40.049518536063488,116.289738684932686,49.12,3.23,167.69,3.73,0.94
2024-09-05T10:33:25Z,40.049489655352225,116.289747498120875,49.15,3.21,166.08,3.71,0.94
2024-09-05T10:33:26Z,40.049461208417931,116.289756738494901,49.19,3.18,165.84,3.67,0.94
2024-09-05T10:33:27Z,40.049432554688856,116.289765741269008,49.24,3.23,165.95,3.64,0.94
2024-09-05T10:33:28Z,40.049403028383928,116.289775037592776,49.29,3.38,165.26,3.63,0.94
2024-09-05T10:33:29Z,40.049372560850713,116.289785195029580,49.35,3.44,164.01,3.62,0.94
2024-09-05T10:33:30Z,40.049342105982518,116.289796244121874,49.42,3.44,162.24,3.63,0.94
2024-09-05T10:33:31Z,40.049312126580581,116.289808624166014,49.50,3.43,160.20,3.64,0.94
2024-09-05T10:33:32Z,40.049282691753682,116.289822250153648,49.58,3.42,158.15,3.66,0.94
2024-09-05T10:33:33Z,40.049253705561163,116.289836689857793,49.65,3.39,157.63,3.69,0.94
2024-09-05T10:33:34Z,40.049224721393713,116.289850967718252,49.72,3.41,159.16,3.70,0.94
2024-09-05T10:33:35Z,40.049195666318333,116.289864023073875,49.79,3.36,162.03,3.72,0.94
2024-09-05T10:33:36Z,40.049166483575519,116.289875082886866,49.86,3.34,165.35,3.70,0.94
2024-09-05T10:33:37Z,40.049136931033892,116.289884093784750,49.93,3.33,168.53,3.68,0.94
2024-09-05T10:33:38Z,40.049107254224680,116.289891253238864,50.00,3.32,171.17,3.68,0.94
2024-09-05T10:33:39Z,40.049077732877450,116.289896963987815,50.08,3.26,173.49,3.68,0.94
2024-09-05T10:33:40Z,40.049048884323206,116.289901355277223,50.15,3.15,175.02,3.66,0.94
2024-09-05T10:33:41Z,40.049021234303964,116.289905021695120,50.22,3.00,175.51,3.63,0.94
2024-09-05T10:33:42Z,40.048994658853388,116.289909360111452,50.29,2.96,172.80,3.61,0.94
2024-09-05T10:33:43Z,40.048968369685113,116.289915844694477,50.36,3.00,168.85,3.58,0.94
2024-09-05T10:33:44Z,40.048942201384513,116.289924789577611,50.44,3.01,164.77,3.56,0.94
2024-09-05T10:33:45Z,40.048916290823435,116.289935594422985,50.52,3.02,162.02,3.55,0.94
2024-09-05T10:33:46Z,40.048890506184051,116.289947789456946,50.63,3.04,159.78,3.56,0.94
2024-09-05T10:33:47Z,40.048864582660691,116.289960933142396,50.72,3.08,158.38,3.58,0.93
2024-09-05T10:33:48Z,40.048838265844886,116.289974853268788,50.79,3.15,156.67,3.61,0.92
2024-09-05T10:33:49Z,40.048811878060448,116.289989727987646,50.88,3.18,155.10,3.63,0.91
2024-09-05T10:33:50Z,40.048785625133831,116.290005508861071,50.98,3.19,153.36,3.65,0.91
2024-09-05T10:33:51Z,40.048759712409698,116.290022035814417,51.08,3.19,152.04,3.66,0.90
2024-09-05T10:33:52Z,40.048734103604374,116.290039024470119,51.16,3.22,150.95,3.67,0.88
2024-09-05T10:33:53Z,40.048708475147428,116.290056109711387,51.26,3.24,151.65,3.68,0.87
2024-09-05T10:33:54Z,40.048682430210945,116.290072000535375,51.37,3.27,154.48,3.69,0.86
2024-09-05T10:33:55Z,40.048655398851025,116.290085527109284,51.48,3.28,159.75,3.70,0.84
2024-09-05T10:33:56Z,40.048627442527788,116.290095800699817,51.60,3.28,164.55,3.70,0.83
2024-09-05T10:33:57Z,40.048598857933477,116.290103242957088,51.70,3.28,168.58,3.68,0.82
2024-09-05T10:33:58Z,40.048569996543065,116.290108198186246,51.79,3.26,171.47,3.65,0.80
2024-09-05T10:33:59Z,40.048541324447058,116.290111064228370,51.89,3.20,174.41,3.63,0.79
2024-09-05T10:34:00Z,40.048513300263338,116.290111969808905,51.97,3.07,176.90,3.62,0.78
2024-09-05T10:34:01Z,40.048486344183807,116.290111295196112,52.05,2.97,178.90,3.60,0.78
2024-09-05T10:34:02Z,40.048460386962724,116.290109372019089,52.11,2.87,180.94,3.57,0.77
2024-09-05T10:34:03Z,40.048435244993712,116.290107366407412,52.15,2.81,181.52,3.57,0.77
2024-09-05T10:34:04Z,40.048410187728201,116.290105932192077,52.17,2.85,180.00,3.58,0.76
2024-09-05T10:34:05Z,40.048384735938164,116.290106050174074,52.19,2.86,178.70,3.59,0.76
2024-09-05T10:34:06Z,40.048359675563603,116.290106998554435,52.19,2.86,178.30,3.58,0.76
2024-09-05T10:34:07Z,40.048334828581098,116.290108115857819,52.18,2.84,179.57,3.55,0.77
2024-09-05T10:34:08Z,40.048310390924058,116.290108825775036,52.15,2.80,180.48,3.53,0.77
2024-09-05T10:34:09Z,40.048285896796955,116.290109283696466,52.10,2.84,180.17,3.52,0.78
2024-09-05T10:34:10Z,40.048261173498915,116.290110277499835,52.04,2.82,178.70,3.52,0.79
2024-09-05T10:34:11Z,40.048236540005554,116.290112652399571,51.96,2.78,175.48,3.53,0.80
2024-09-05T10:34:12Z,40.048212073647626,116.290117535986127,51.87,2.78,170.14,3.55,0.81
2024-09-05T10:34:13Z,40.048187501193723,116.290126145199153,51.77,2.87,163.24,3.57,0.82
2024-09-05T10:34:14Z,40.048162867254604,116.290138697790951,51.68,2.95,157.73,3.58,0.84
2024-09-05T10:34:15Z,40.048138299540632,116.290153754348012,51.60,2.95,155.74,3.59,0.85
2024-09-05T10:34:16Z,40.048113738117948,116.290168658066634,51.52,2.93,158.26,3.60,0.87
2024-09-05T10:34:17Z,40.048089774851228,116.290180624296411,51.47,2.63,164.42,3.59,0.88
2024-09-05T10:34:18Z,40.048066398382502,116.290188884691759,51.41,2.60,170.32,3.57,0.89
2024-09-05T10:34:19Z,40.048042043636052,116.290195037408139,51.38,2.77,172.29,3.56,0.90
2024-09-05T10:34:20Z,40.048016351082623,116.290201119101823,51.40,2.88,171.52,3.55,0.90
2024-09-05T10:34:21Z,40.047989979504109,116.290208548189284,51.43,2.95,168.06,3.54,0.90
2024-09-05T10:34:22Z,40.047963331975581,116.290218260603680,51.46,3.00,164.84,3.54,0.90
2024-09-05T10:34:23Z,40.047936756205452,116.290230310992030,51.50,3.05,161.33,3.53,0.90
2024-09-05T10:34:24Z,40.047910360626730,116.290244157791463,51.54,3.11,158.55,3.53,0.90
2024-09-05T10:34:25Z,40.047884170887556,116.290260136927841,51.61,3.17,154.30,3.51,0.89
2024-09-05T10:34:26Z,40.047858133977918,116.290278546569027,51.69,3.26,151.19,3.49,0.89
2024-09-05T10:34:27Z,40.047832100703680,116.290298148784231,51.78,3.30,150.62,3.50,0.88
2024-09-05T10:34:28Z,40.047805814480895,116.290317393719690,51.87,3.31,151.47,3.51,0.88
2024-09-05T10:34:29Z,40.047779160999944,116.290335904298786,51.98,3.32,152.50,3.53,0.88
2024-09-05T10:34:30Z,40.047752070215481,116.290353812825543,52.07,3.32,152.84,3.56,0.87
2024-09-05T10:34:31Z,40.047724993234446,116.290371482224032,52.17,3.33,152.66,3.59,0.87
2024-09-05T10:34:32Z,40.047698135037898,116.290388912044889,52.25,3.30,153.57,3.62,0.87
2024-09-05T10:34:33Z,40.047671195944936,116.290405673574298,52.34,3.32,155.23,3.60,0.88
2024-09-05T10:34:34Z,40.047643831838329,116.290421540343445,52.40,3.31,157.25,3.59,0.88
2024-09-05T10:34:35Z,40.047616132550203,116.290435799881578,52.46,3.28,159.85,3.60,0.89
2024-09-05T10:34:36Z,40.047588353103926,116.290447995296049,52.52,3.22,162.78,3.62,0.90
2024-09-05T10:34:37Z,40.047560383829094,116.290457839739602,52.57,3.20,166.07,3.64,0.90
2024-09-05T10:34:38Z,40.047531946357893,116.290465055670310,52.62,3.23,169.54,3.67,0.91
2024-09-05T10:34:39Z,40.047502945154235,116.290470229992792,52.66,3.27,171.57,3.69,0.91
2024-09-05T10:34:40Z,40.047473939182410,116.290474655837556,52.71,3.22,171.40,3.71,0.91
2024-09-05T10:34:41Z,40.047445627395781,116.290479968040145,52.74,3.17,168.29,3.72,0.91
2024-09-05T10:34:42Z,40.047418241870389,116.290487459735431,52.79,3.11,164.63,3.73,0.90
2024-09-05T10:34:43Z,40.047391671435633,116.290496767047699,52.83,3.09,161.85,3.73,0.90
2024-09-05T10:34:44Z,40.047365509404393,116.290506877733534,52.87,3.08,162.36,3.73,0.89
2024-09-05T10:34:45Z,40.047339438878375,116.290515592442674,52.91,3.04,165.96,3.72,0.88
2024-09-05T10:34:46Z,40.047313241648702,116.290521420257392,52.93,2.98,172.14,3.69,0.87
2024-09-05T10:34:47Z,40.047287012264981,116.290523883242074,52.96,2.96,177.61,3.66,0.86
2024-09-05T10:34:48Z,40.047260836160007,116.290523894859206,52.97,2.95,181.42,3.65,0.85
2024-09-05T10:34:49Z,40.047234868104702,116.290523141297129,52.99,2.92,181.71,3.66,0.84
2024-09-05T10:34:50Z,40.047209468162322,116.290523178214698,52.99,2.83,179.94,3.66,0.84
2024-09-05T10:34:51Z,40.047184778206706,116.290525104121770,53.00,2.78,176.21,3.64,0.83
2024-09-05T10:34:52Z,40.047160489099959,116.290528495502045,53.00,2.76,174.66,3.61,0.83
2024-09-05T10:34:53Z,40.047136254379090,116.290532594451079,53.00,2.76,173.37,3.61,0.84
2024-09-05T10:34:54Z,40.047112163671031,116.290537069185035,53.00,2.74,172.84,3.62,0.84
2024-09-05T10:34:55Z,40.047088069292080,116.290541695408450,52.99,2.72,171.82,3.63,0.85
2024-09-05T10:34:56Z,40.047064233483660,116.290547281580658,52.98,2.71,168.15,3.64,0.86
2024-09-05T10:34:57Z,40.047040802322279,116.290555331624859,52.96,2.75,161.60,3.66,0.87
2024-09-05T10:34:58Z,40.047017826294237,116.290567023412166,52.93,2.84,153.90,3.67,0.88
2024-09-05T10:34:59Z,40.046995506434811,116.290582188817680,52.89,2.88,148.55,3.68,0.89
2024-09-05T10:35:00Z,40.046973837143327,116.290599259370111,52.85,2.87,146.06,3.69,0.90
2024-09-05T10:35:01Z,40.046952516802598,116.290616817201254,52.84,2.85,146.24,3.71,0.91
2024-09-05T10:35:02Z,40.046930740750426,116.290633958880832,52.80,2.87,148.52,3.73,0.92
2024-09-05T10:35:03Z,40.046908032628124,116.290649962339145,52.75,2.90,152.00,3.75,0.92
2024-09-05T10:35:04Z,40.046884260202901,116.290664165195338,52.71,2.94,156.81,3.77,0.93
2024-09-05T10:35:05Z,40.046859525019812,116.290675875036811,52.67,2.90,162.39,3.78,0.93
2024-09-05T10:35:06Z,40.046834295957311,116.290684468759238,52.64,2.89,168.44,3.80,0.94
2024-09-05T10:35:07Z,40.046808592480780,116.290689955096923,52.61,2.88,173.76,3.81,0.94
2024-09-05T10:35:08Z,40.046782667459780,116.290692760823418,52.59,2.88,177.97,3.82,0.94
2024-09-05T10:35:09Z,40.046756518983081,116.290693768338230,52.58,2.90,180.42,3.82,0.94
2024-09-05T10:35:10Z,40.046730141537559,116.290694061902585,52.57,2.95,180.44,3.82,0.94
2024-09-05T10:35:11Z,40.046703380420631,116.290694856806127,52.56,3.01,178.28,3.82,0.94
2024-09-05T10:35:12Z,40.046676287303129,116.290697292416866,52.55,3.05,175.27,3.82,0.94
2024-09-05T10:35:13Z,40.046648954266274,116.290701626958182,52.55,3.06,172.52,3.82,0.94
2024-09-05T10:35:14Z,40.046621773022643,116.290707016603051,52.59,3.09,170.96,3.82,0.94
2024-09-05T10:35:15Z,40.046594510621290,116.290712811539322,52.61,3.03,171.40,3.83,0.94
2024-09-05T10:35:16Z,40.046567450050816,116.290717902687220,52.65,3.02,172.89,3.79,0.94
2024-09-05T10:35:17Z,40.046540216554575,116.290722356688335,52.69,3.06,173.80,3.73,0.94
2024-09-05T10:35:18Z,40.046512502000489,116.290727120738524,52.73,3.14,172.40,3.67,0.94
2024-09-05T10:35:19Z,40.046484522034618,116.290732971311797,52.78,3.15,170.62,3.63,0.94
2024-09-05T10:35:20Z,40.046456811731126,116.290739840420798,52.82,3.10,168.89,3.61,0.94
2024-09-05T10:35:21Z,40.046429403800346,116.290747444620422,52.86,3.07,167.95,3.62,0.94
2024-09-05T10:35:22Z,40.046402327832674,116.290755560325934,52.91,3.05,166.72,3.63,0.94
2024-09-05T10:35:23Z,40.046375631971351,116.290763841790437,52.94,2.98,166.35,3.64,0.94
2024-09-05T10:35:24Z,40.046348558797938,116.290773156845077,52.99,3.21,163.66,3.62,0.94
2024-09-05T10:35:25Z,40.046321111639749,116.290783971773664,53.02,3.11,161.97,3.58,0.94
2024-09-05T10:35:26Z,40.046294588494511,116.290795864243123,53.02,3.09,159.83,3.55,0.94
2024-09-05T10:35:27Z,40.046268483946385,116.290808774012007,53.02,3.10,158.10,3.53,0.94
2024-09-05T10:35:28Z,40.046242452139957,116.290822496673982,53.02,3.14,156.66,3.54,0.94
2024-09-05T10:35:29Z,40.046216474555372,116.290836594091530,53.02,3.15,156.23,3.56,0.94
2024-09-05T10:35:30Z,40.046190223542084,116.290850149235695,53.01,3.15,157.64,3.59,0.94
2024-09-05T10:35:31Z,40.046163548090476,116.290862249076838,52.97,3.15,160.20,3.62,0.94
2024-09-05T10:35:32Z,40.046136425132993,116.290872497290778,52.92,3.13,163.14,3.65,0.94
2024-09-05T10:35:33Z,40.046109320308169,116.290881002498537,52.85,3.06,165.56,3.66,0.93
2024-09-05T10:35:34Z,40.046082057770029,116.290888005056061,52.75,3.10,167.28,3.65,0.92
2024-09-05T10:35:35Z,40.046054410385445,116.290894388295726,52.62,3.11,167.53,3.64,0.91
2024-09-05T10:35:36Z,40.046026771246765,116.290900651031009,52.50,3.10,167.75,3.64,0.91
2024-09-05T10:35:37Z,40.045999212753394,116.290906843970248,52.38,3.08,168.21,3.65,0.90
2024-09-05T10:35:38Z,40.045971780249658,116.290911690461655,52.25,3.03,172.20,3.64,0.89
2024-09-05T10:35:39Z,40.045944174238087,116.290914259159251,52.11,3.07,176.13,3.63,0.88
2024-09-05T10:35:40Z,40.045916107643613,116.290914780496763,51.96,3.08,178.57,3.60,0.87
2024-09-05T10:35:41Z,40.045887634380691,116.290914794887627,51.81,3.15,178.59,3.58,0.85
2024-09-05T10:35:42Z,40.045858611920622,116.290914939787669,51.66,3.21,177.96,3.57,0.84
2024-09-05T10:35:43Z,40.045828977652782,116.290915576464442,51.50,3.29,177.30,3.56,0.83
2024-09-05T10:35:44Z,40.045798966343199,116.290916588050422,51.35,3.29,177.37,3.57,0.82
2024-09-05T10:35:45Z,40.045769235968294,116.290916865914099,51.21,3.18,179.58,3.53,0.81
2024-09-05T10:35:46Z,40.045740301859247,116.290916029447914,51.06,3.12,181.13,3.51,0.81
2024-09-05T10:35:47Z,40.045711383135867,116.290914908930162,50.91,3.12,180.55,3.49,0.80
2024-09-05T10:35:48Z,40.045682077246546,116.290914285643069,50.77,3.19,178.94,3.48,0.79
2024-09-05T10:35:49Z,40.045652412723868,116.290914843895649,50.64,3.22,177.09,3.49,0.79
2024-09-05T10:35:50Z,40.045622659268794,116.290916904854072,50.51,3.21,174.38,3.50,0.78
2024-09-05T10:35:51Z,40.045592918037990,116.290919910002486,50.38,3.25,174.13,3.48,0.78
2024-09-05T10:35:52Z,40.045563156000739,116.290922878573369,50.28,3.26,174.58,3.45,0.78
2024-09-05T10:35:53Z,40.045533417370727,116.290925008336757,50.18,3.25,176.13,3.42,0.77
2024-09-05T10:35:54Z,40.045503489747389,116.290926036053591,50.11,3.30,177.73,3.40,0.77
2024-09-05T10:35:55Z,40.045473001901939,116.290926376695168,50.03,3.35,178.75,3.40,0.77
2024-09-05T10:35:56Z,40.045441691854478,116.290925844821871,49.96,3.46,180.14,3.41,0.77
2024-09-05T10:35:57Z,40.045409772216594,116.290924454659660,49.92,3.49,180.92,3.42,0.77
2024-09-05T10:35:58Z,40.045376723845777,116.290922151866781,49.88,3.68,182.56,3.37,0.77
2024-09-05T10:35:59Z,40.045342677434398,116.290919107342432,49.84,3.76,182.85,3.33,0.77
2024-09-05T10:36:00Z,40.045308887187467,116.290915769818881,49.82,3.65,183.40,3.31,0.77
2024-09-05T10:36:01Z,40.045276573377933,116.290911830978445,49.81,3.44,184.57,3.30,0.77
2024-09-05T10:36:02Z,40.045245835120042,116.290907214470010,49.81,3.32,185.71,3.30,0.77
2024-09-05T10:36:03Z,40.045215716653892,116.290901698101237,49.81,3.35,187.45,3.28,0.77
2024-09-05T10:36:04Z,40.045185118683840,116.290895356155275,49.81,3.46,187.80,3.27,0.77
2024-09-05T10:36:05Z,40.045153883322421,116.290888393470183,49.82,3.51,189.19,3.26,0.76
2024-09-05T10:36:06Z,40.045122290593362,116.290880189504691,49.84,3.58,190.72,3.23,0.76
2024-09-05T10:36:07Z,40.045090671524115,116.290870613328750,49.88,3.55,193.04,3.22,0.76
2024-09-05T10:36:08Z,40.045060083885623,116.290859874077952,49.91,3.38,195.13,3.24,0.76
2024-09-05T10:36:09Z,40.045030693115436,116.290847393796341,49.95,3.37,198.95,3.23,0.76
2024-09-05T10:36:10Z,40.045001873490548,116.290832711918853,50.00,3.38,202.22,3.23,0.76
2024-09-05T10:36:11Z,40.044973499787574,116.290815828869626,50.05,3.44,205.30,3.24,0.76
2024-09-05T10:36:12Z,40.044945183028616,116.290797396866097,50.13,3.48,206.08,3.26,0.76
2024-09-05T10:36:13Z,40.044915804405910,116.290778354860080,50.20,3.69,205.39,3.25,0.76
2024-09-05T10:36:14Z,40.044885318667667,116.290759520880727,50.27,3.70,203.91,3.23,0.76
2024-09-05T10:36:15Z,40.044855273775028,116.290741889678728,50.36,3.51,203.13,3.22,0.76
2024-09-05T10:36:16Z,40.044826302505705,116.290725912236354,50.45,3.39,201.25,3.21,0.76
2024-09-05T10:36:17Z,40.044797104993712,116.290711313195757,50.53,3.46,199.25,3.20,0.76
2024-09-05T10:36:18Z,40.044766832251021,116.290696510500112,50.63,3.62,200.06,3.18,0.76
2024-09-05T10:36:19Z,40.044736275578870,116.290680468824718,50.73,3.63,201.99,3.17,0.76
2024-09-05T10:36:20Z,40.044706781787362,116.290663291859374,50.84,3.49,204.58,3.16,0.76
2024-09-05T10:36:21Z,40.044678925640738,116.290644914202375,50.95,3.40,207.24,3.15,0.76
2024-09-05T10:36:22Z,40.044652134913548,116.290625721821485,51.05,3.35,208.74,3.14,0.76
2024-09-05T10:36:23Z,40.044625846612554,116.290605141045020,51.16,3.42,211.55,3.13,0.76
2024-09-05T10:36:24Z,40.044599400707440,116.290582896594827,51.27,3.56,212.82,3.12,0.76
2024-09-05T10:36:25Z,40.044572884658599,116.290559709638501,51.36,3.53,213.61,3.12,0.76
2024-09-05T10:36:26Z,40.044546873065109,116.290536202659354,51.46,3.51,214.74,3.14,0.76
2024-09-05T10:36:27Z,40.044521409734351,116.290511685563217,51.56,3.53,217.16,3.14,0.76
2024-09-05T10:36:28Z,40.044496755099203,116.290485074415614,51.63,3.63,221.44,3.13,0.76
2024-09-05T10:36:29Z,40.044473028119292,116.290456187704677,51.69,3.63,224.13,3.15,0.76
2024-09-05T10:36:30Z,40.044450428784145,116.290426464405584,51.73,3.56,225.85,3.20,0.76
2024-09-05T10:36:31Z,40.044428691492413,116.290396822432371,51.75,3.50,225.89,3.22,0.76
2024-09-05T10:36:32Z,40.044407675551483,116.290367495070043,51.76,3.40,226.79,3.21,0.76
2024-09-05T10:36:33Z,40.044387870101417,116.290339265012193,51.75,3.17,226.86,3.23,0.76
2024-09-05T10:36:34Z,40.044368892212368,116.290312115724078,51.74,3.13,226.56,3.23,0.76
2024-09-05T10:36:35Z,40.044349980359648,116.290285469594068,51.71,3.08,225.81,3.24,0.76
2024-09-05T10:36:36Z,40.044330979734610,116.290259269775916,51.68,3.10,225.92,3.23,0.76
2024-09-05T10:36:37Z,40.044311758222769,116.290232249542342,51.64,3.22,227.46,3.26,0.76
2024-09-05T10:36:38Z,40.044292039235451,116.290202922494743,51.61,3.50,229.66,3.30,0.76
2024-09-05T10:36:39Z,40.044272658113037,116.290171030990081,51.56,3.53,233.56,3.31,0.76
2024-09-05T10:36:40Z,40.044255403181936,116.290138207372678,51.53,3.34,238.36,3.30,0.76
2024-09-05T10:36:41Z,40.044240597172220,116.290104565029907,51.51,3.36,242.56,3.28,0.76
2024-09-05T10:36:42Z,40.044227171999538,116.290069045746648,51.48,3.50,245.39,3.26,0.76
2024-09-05T10:36:43Z,40.044214151272719,116.290031334893257,51.46,3.67,246.55,3.25,0.76
2024-09-05T10:36:44Z,40.044201162979057,116.289992163756494,51.45,3.74,246.99,3.26,0.76
2024-09-05T10:36:45Z,40.044188006455919,116.289952686562174,51.44,3.72,245.98,3.29,0.76
2024-09-05T10:36:46Z,40.044174075253238,116.289914266265569,51.45,3.58,242.97,3.30,0.76
2024-09-05T10:36:47Z,40.044158707477472,116.289878211099165,51.47,3.46,238.12,3.30,0.76
2024-09-05T10:36:48Z,40.044141237161071,116.289843284099135,51.51,3.65,234.88,3.29,0.76
2024-09-05T10:36:49Z,40.044122301070210,116.289808285712297,51.54,3.66,233.77,3.27,0.76
2024-09-05T10:36:50Z,40.044103813669068,116.289774947319188,51.58,3.36,233.55,3.25,0.76
2024-09-05T10:36:51Z,40.044086526290592,116.289744252078577,51.61,3.15,232.54,3.23,0.76
2024-09-05T10:36:52Z,40.044069905754938,116.289715145166454,51.64,3.06,232.61,3.21,0.76
2024-09-05T10:36:53Z,40.044054234765156,116.289686397216059,51.67,2.99,235.00,3.21,0.76
2024-09-05T10:36:54Z,40.044040043386453,116.289655904379487,51.70,3.15,240.57,3.21,0.76
2024-09-05T10:36:55Z,40.044027730058659,116.289622538934069,51.72,3.23,245.83,3.21,0.76
2024-09-05T10:36:56Z,40.044016867877289,116.289587083625804,51.73,3.34,248.35,3.21,0.76
2024-09-05T10:36:57Z,40.044006178788912,116.289549963956446,51.75,3.48,248.63,3.19,0.76
2024-09-05T10:36:58Z,40.043995135242653,116.289511236628968,51.75,3.60,248.89,3.18,0.76
2024-09-05T10:36:59Z,40.043984107248015,116.289472045817860,51.75,3.60,249.29,3.17,0.76
2024-09-05T10:37:00Z,40.043973488699649,116.289432971896844,51.74,3.52,250.03,3.19,0.76
2024-09-05T10:37:01Z,40.043963732786814,116.289394328145505,51.71,3.45,251.40,3.19,0.76
2024-09-05T10:37:02Z,40.043955041424155,116.289355809600437,51.68,3.39,253.59,3.20,0.76
2024-09-05T10:37:03Z,40.043947754602328,116.289317564304284,51.63,3.33,256.76,3.20,0.76
2024-09-05T10:37:04Z,40.043941663126795,116.289279480316083,51.58,3.31,258.17,3.21,0.76
2024-09-05T10:37:05Z,40.043935908695779,116.289241276014948,51.52,3.29,258.13,3.20,0.76
2024-09-05T10:37:06Z,40.043929634796626,116.289203527541886,51.43,3.26,256.23,3.19,0.76
2024-09-05T10:37:07Z,40.043922623334844,116.289166640490137,51.35,3.19,254.92,3.18,0.76
2024-09-05T10:37:08Z,40.043915233064730,116.289131123667644,51.25,3.05,253.99,3.19,0.76
2024-09-05T10:37:09Z,40.043907583996770,116.289095893508119,51.14,3.21,254.10,3.19,0.76
2024-09-05T10:37:10Z,40.043899640807894,116.289059725537712,51.03,3.20,253.97,3.17,0.76
2024-09-05T10:37:11Z,40.043891133074268,116.289023007295583,50.90,3.31,253.13,3.17,0.76
2024-09-05T10:37:12Z,40.043882036623131,116.288985481059512,50.77,3.38,252.54,3.16,0.76
2024-09-05T10:37:13Z,40.043872461173628,116.288946173369510,50.65,3.65,253.11,3.14,0.76
2024-09-05T10:37:14Z,40.043862887846871,116.288903149232340,50.52,3.98,255.29,3.13,0.76
2024-09-05T10:37:15Z,40.043854444693345,116.288859106200206,50.41,3.74,257.53,3.12,0.76
2024-09-05T10:37:16Z,40.043847483832614,116.288816655526873,50.33,3.61,259.23,3.11,0.76
2024-09-05T10:37:17Z,40.043841300577682,116.288775708666648,50.26,3.44,258.97,3.10,0.76
2024-09-05T10:37:18Z,40.043835215979129,116.288738396779905,50.21,3.01,256.94,3.10,0.76
2024-09-05T10:37:19Z,40.043828529773251,116.288702975637591,50.17,3.19,255.36,3.09,0.76
2024-09-05T10:37:20Z,40.043821142214483,116.288666383903035,50.17,3.25,254.83,3.09,0.76
2024-09-05T10:37:21Z,40.043813825500841,116.288629158826438,50.18,3.28,256.11,3.11,0.76
2024-09-05T10:37:22Z,40.043806689209092,116.288591385842778,50.21,3.33,255.66,3.10,0.76
2024-09-05T10:37:23Z,40.043799061899684,116.288552897739052,50.26,3.44,254.77,3.09,0.76
2024-09-05T10:37:24Z,40.043790743077260,116.288513577323869,50.32,3.53,253.77,3.09,0.76
2024-09-05T10:37:25Z,40.043782195211911,116.288473706352349,50.41,3.55,254.64,3.10,0.76
2024-09-05T10:37:26Z,40.043774473181031,116.288433265114634,50.51,3.58,257.05,3.10,0.76
2024-09-05T10:37:27Z,40.043767546243288,116.288392075357748,50.61,3.63,258.02,3.09,0.76
2024-09-05T10:37:28Z,40.043760589344728,116.288350790164259,50.72,3.59,257.11,3.09,0.76
2024-09-05T10:37:29Z,40.043753046937127,116.288310177052068,50.83,3.54,255.59,3.08,0.76
2024-09-05T10:37:30Z,40.043745114950603,116.288270538951323,50.95,3.43,254.90,3.10,0.76
2024-09-05T10:37:31Z,40.043737525604968,116.288231490719937,51.06,3.40,255.86,3.10,0.76
2024-09-05T10:37:32Z,40.043730295173894,116.288192181073811,51.15,3.42,255.85,3.10,0.76
2024-09-05T10:37:33Z,40.043723003578300,116.288152142718985,51.25,3.49,255.67,3.09,0.76
2024-09-05T10:37:34Z,40.043715450320057,116.288111940206292,51.34,3.48,255.07,3.09,0.76
2024-09-05T10:37:35Z,40.043707992745773,116.288072401428465,51.43,3.39,255.35,3.09,0.76
2024-09-05T10:37:36Z,40.043700845938332,116.288033358159510,51.52,3.39,255.59,3.07,0.76
2024-09-05T10:37:37Z,40.043693858389830,116.287994150093681,51.59,3.42,255.93,3.07,0.76
2024-09-05T10:37:38Z,40.043686848788795,116.287954648483236,51.66,3.46,256.02,3.09,0.77
2024-09-05T10:37:39Z,40.043680093337066,116.287914753363069,51.72,3.47,256.89,3.11,0.77
2024-09-05T10:37:40Z,40.043673754872735,116.287874507189812,51.78,3.48,257.64,3.12,0.78
2024-09-05T10:37:41Z,40.043667585894866,116.287833950243865,51.84,3.52,257.86,3.11,0.79
2024-09-05T10:37:42Z,40.043661326643722,116.287792885745716,51.90,3.59,257.63,3.10,0.80
2024-09-05T10:37:43Z,40.043655030936399,116.287751960858984,51.96,3.51,257.53,3.10,0.81
2024-09-05T10:37:44Z,40.043648928971969,116.287711435459613,52.01,3.54,257.88,3.10,0.82
2024-09-05T10:37:45Z,40.043642900633415,116.287671644164931,52.05,3.37,257.78,3.11,0.84
2024-09-05T10:37:46Z,40.043637270987176,116.287634049407828,52.09,3.14,258.29,3.13,0.85
2024-09-05T10:37:47Z,40.043632186014051,116.287598036005008,52.12,3.07,258.87,3.15,0.87
2024-09-05T10:37:48Z,40.043627106691204,116.287561981012701,52.14,3.13,258.27,3.19,0.88
2024-09-05T10:37:49Z,40.043621460792849,116.287525079137978,52.14,3.26,257.46,3.19,0.89
2024-09-05T10:37:50Z,40.043615704345811,116.287487159131430,52.13,3.30,258.27,3.20,0.90
2024-09-05T10:37:51Z,40.043610747916098,116.287448788350019,52.11,3.30,260.79,3.22,0.91
2024-09-05T10:37:52Z,40.043606910480904,116.287410429569036,52.09,3.26,262.37,3.24,0.92
2024-09-05T10:37:53Z,40.043603622452181,116.287372852477816,52.04,3.16,262.55,3.27,0.92
2024-09-05T10:37:54Z,40.043600376678967,116.287335962602569,51.99,3.15,262.09,3.27,0.93
2024-09-05T10:37:55Z,40.043596569508459,116.287298921699190,51.94,3.18,260.93,3.28,0.93
2024-09-05T10:37:56Z,40.043592185216440,116.287261157978762,51.86,3.29,260.05,3.28,0.93
2024-09-05T10:37:57Z,40.043587636051221,116.287222805805314,51.80,3.29,260.80,3.28,0.93
2024-09-05T10:37:58Z,40.043583485289126,116.287185109184193,51.72,3.18,261.61,3.29,0.93
2024-09-05T10:37:59Z,40.043579954999309,116.287147351926905,51.65,3.30,263.34,3.29,0.93
2024-09-05T10:38:00Z,40.043576509890912,116.287108962638271,51.56,3.30,262.28,3.28,0.92
2024-09-05T10:38:01Z,40.043572351777257,116.287070914415153,51.45,3.29,260.71,3.29,0.92
2024-09-05T10:38:02Z,40.043567414454451,116.287033458855049,51.34,3.26,258.96,3.28,0.91
2024-09-05T10:38:03Z,40.043562178977709,116.286996559073273,51.25,3.22,259.31,3.28,0.90
2024-09-05T10:38:04Z,40.043556996578836,116.286959894629319,51.15,3.29,259.31,3.28,0.90
2024-09-05T10:38:05Z,40.043551755577610,116.286922421836195,51.07,3.32,259.68,3.27,0.89
2024-09-05T10:38:06Z,40.043546335444248,116.286884484134504,51.00,3.36,258.91,3.27,0.89
2024-09-05T10:38:07Z,40.043540726728693,116.286845451535655,50.94,3.49,259.44,3.25,0.88
2024-09-05T10:38:08Z,40.043534965944147,116.286803950657557,50.90,3.76,259.48,3.25,0.88
2024-09-05T10:38:09Z,40.043529397004370,116.286760775358658,50.86,3.75,260.69,3.25,0.88
2024-09-05T10:38:10Z,40.043524621504602,116.286719228840198,50.83,3.45,261.25,3.26,0.88
2024-09-05T10:38:11Z,40.043520097189599,116.286680248257014,50.81,3.29,260.63,3.27,0.88
2024-09-05T10:38:12Z,40.043514985879831,116.286643664431537,50.80,3.04,258.13,3.25,0.88
2024-09-05T10:38:13Z,40.043509269046304,116.286612264797895,50.79,2.43,254.87,3.24,0.89
2024-09-05T10:38:14Z,40.043502541885545,116.286583429118096,50.79,2.65,252.05,3.24,0.89
2024-09-05T10:38:15Z,40.043494425758432,116.286552866722673,50.80,2.78,250.58,3.24,0.90
2024-09-05T10:38:16Z,40.043485896693952,116.286520704411643,50.81,2.91,252.28,3.24,0.91
2024-09-05T10:38:17Z,40.043478171746600,116.286486731641375,50.83,3.00,255.93,3.25,0.91
2024-09-05T10:38:18Z,40.043471846015940,116.286451066008240,50.86,3.09,259.06,3.25,0.91
2024-09-05T10:38:19Z,40.043466638370596,116.286414249789345,50.90,3.14,261.12,3.26,0.92
2024-09-05T10:38:20Z,40.043461626124113,116.286377174757632,50.95,3.12,260.39,3.26,0.92
2024-09-05T10:38:21Z,40.043456091248849,116.286340877539814,50.99,3.03,259.22,3.26,0.92
2024-09-05T10:38:22Z,40.043450015570421,116.286305250859883,51.04,3.00,258.34,3.26,0.92
2024-09-05T10:38:23Z,40.043443815339543,116.286269781534273,51.08,3.00,258.83,3.26,0.92
2024-09-05T10:38:24Z,40.043437953531225,116.286234156343482,51.13,3.00,259.59,3.26,0.92
2024-09-05T10:38:25Z,40.043432606914017,116.286198166067010,51.17,3.02,261.01,3.25,0.92
2024-09-05T10:38:26Z,40.043427871715508,116.286161773743160,51.22,3.04,261.53,3.25,0.92
2024-09-05T10:38:27Z,40.043423407308630,116.286124988979296,51.29,3.05,262.13,3.25,0.92
2024-09-05T10:38:28Z,40.043418962018968,116.286088300134338,51.35,3.02,261.39,3.25,0.92
2024-09-05T10:38:29Z,40.043413928872482,116.286051745443146,51.43,3.02,259.79,3.27,0.92
2024-09-05T10:38:30Z,40.043407582679045,116.286015470068762,51.48,3.02,256.10,3.26,0.93
2024-09-05T10:38:31Z,40.043399572243466,116.285979707429533,51.54,3.02,252.84,3.26,0.93
2024-09-05T10:38:32Z,40.043390875349274,116.285944072655681,51.59,3.03,253.75,3.29,0.93
2024-09-05T10:38:33Z,40.043383035878314,116.285906662827173,51.64,3.22,257.89,3.28,0.93
2024-09-05T10:38:34Z,40.043376582400526,116.285867331310556,51.68,3.29,260.70,3.27,0.93
2024-09-05T10:38:35Z,40.043371055256131,116.285827560947112,51.70,3.22,261.73,3.29,0.94
2024-09-05T10:38:36Z,40.043365648254081,116.285787810529939,51.70,3.26,260.97,3.30,0.94
2024-09-05T10:38:37Z,40.043359532177412,116.285746806076517,51.68,3.40,259.95,3.30,0.94
2024-09-05T10:38:38Z,40.043352664962200,116.285703030251071,51.64,3.73,259.52,3.29,0.93
2024-09-05T10:38:39Z,40.043344611292056,116.285656848075462,51.61,3.91,257.06,3.28,0.93
2024-09-05T10:38:40Z,40.043334965161343,116.285610794623537,51.57,3.83,254.08,3.27,0.93
2024-09-05T10:38:41Z,40.043323955059471,116.285566633164208,51.53,3.69,251.47,3.28,0.93
2024-09-05T10:38:42Z,40.043312884865848,116.285524319857927,51.47,3.55,252.26,3.28,0.93
2024-09-05T10:38:43Z,40.043302945890630,116.285483248367953,51.40,3.45,254.36,3.27,0.93
2024-09-05T10:38:44Z,40.043294034014856,116.285442199070033,51.32,3.47,256.08,3.26,0.93
2024-09-05T10:38:45Z,40.043285865358598,116.285400440558320,51.24,3.50,257.96,3.27,0.92
2024-09-05T10:38:46Z,40.043278490609751,116.285357067696864,51.17,3.71,259.98,3.25,0.92
2024-09-05T10:38:47Z,40.043272029148262,116.285312661232282,51.09,3.66,261.29,3.25,0.92
2024-09-05T10:38:48Z,40.043266690194855,116.285270228064419,51.01,3.35,262.72,3.26,0.92
2024-09-05T10:38:49Z,40.043262282359947,116.285229942128041,50.91,3.31,263.22,3.27,0.92
2024-09-05T10:38:50Z,40.043257814225100,116.285190043601702,50.82,3.28,262.17,3.28,0.93
2024-09-05T10:38:51Z,40.043252532970222,116.285150376740347,50.72,3.29,259.46,3.28,0.93
2024-09-05T10:38:52Z,40.043245517793885,116.285110497329612,50.61,3.35,255.60,3.27,0.93
2024-09-05T10:38:53Z,40.043236250506091,116.285069295073740,50.52,3.65,252.47,3.28,0.93
2024-09-05T10:38:54Z,40.043224912949640,116.285025873338199,50.43,3.81,250.55,3.28,0.93
2024-09-05T10:38:55Z,40.043213052123733,116.284982364169238,50.36,3.72,251.18,3.28,0.94
2024-09-05T10:38:56Z,40.043202456083108,116.284939775283775,50.30,3.59,254.01,3.27,0.94
2024-09-05T10:38:57Z,40.043193740595058,116.284899299268645,50.26,3.29,256.37,3.25,0.94
2024-09-05T10:38:58Z,40.043187144113560,116.284862395283611,50.22,2.94,259.84,3.25,0.94
2024-09-05T10:38:59Z,40.043182654835483,116.284826935874008,50.21,2.97,263.43,3.26,0.94
2024-09-05T10:39:00Z,40.043180291586580,116.284790882445122,50.18,3.07,268.17,3.27,0.93
2024-09-05T10:39:01Z,40.043179363900400,116.284752236007691,50.16,3.39,268.90,3.26,0.93
2024-09-05T10:39:02Z,40.043178626475090,116.284710724279464,50.15,3.61,268.16,3.25,0.92
2024-09-05T10:39:03Z,40.043177782513524,116.284667121723587,50.16,3.77,267.99,3.26,0.91
2024-09-05T10:39:04Z,40.043177606560093,116.284622704512330,50.19,3.76,270.18,3.26,0.91
2024-09-05T10:39:05Z,40.043179640108207,116.284579336254765,50.24,3.62,275.53,3.23,0.90
2024-09-05T10:39:06Z,40.043185041335612,116.284539212259460,50.29,3.30,283.20,3.21,0.88
2024-09-05T10:39:07Z,40.043194190616532,116.284503501104822,50.35,3.08,292.77,3.20,0.87
2024-09-05T10:39:08Z,40.043207201740096,116.284472316592527,50.43,2.91,303.97,3.20,0.86
2024-09-05T10:39:09Z,40.043224262955398,116.284446218500861,50.49,2.87,317.32,3.19,0.84
2024-09-05T10:39:10Z,40.043245135829672,116.284425598847548,50.57,2.89,329.48,3.18,0.83
2024-09-05T10:39:11Z,40.043269203143140,116.284410595593641,50.65,3.00,340.77,3.18,0.82
2024-09-05T10:39:12Z,40.043296529916603,116.284400000928940,50.74,3.28,347.47,3.16,0.80
2024-09-05T10:39:13Z,40.043325996564342,116.284392426015458,50.82,3.36,351.71,3.15,0.79
2024-09-05T10:39:14Z,40.043356242817858,116.284387438915616,50.88,3.38,355.25,3.13,0.78
2024-09-05T10:39:15Z,40.043386608684806,116.284384050188692,50.93,3.35,356.32,3.12,0.78
2024-09-05T10:39:16Z,40.043416611082066,116.284380775977411,50.98,3.28,355.46,3.12,0.77
2024-09-05T10:39:17Z,40.043445964223956,116.284376365165457,51.02,3.22,352.80,3.13,0.77
2024-09-05T10:39:18Z,40.043474582111813,116.284370385076727,51.04,3.15,350.12,3.14,0.76
2024-09-05T10:39:19Z,40.043502541076720,116.284363129717065,51.07,3.15,348.89,3.13,0.76
2024-09-05T10:39:20Z,40.043530585882216,116.284355561034616,51.06,3.12,350.26,3.12,0.76
2024-09-05T10:39:21Z,40.043558571403096,116.284349069705286,51.04,3.10,353.05,3.12,0.76
2024-09-05T10:39:22Z,40.043586359290856,116.284343761955583,51.00,3.00,355.47,3.13,0.76
2024-09-05T10:39:23Z,40.043614145813471,116.284339625483867,50.94,3.06,357.10,3.13,0.76
2024-09-05T10:39:24Z,40.043642333365206,116.284336109133164,50.88,3.09,357.41,3.13,0.76
2024-09-05T10:39:25Z,40.043670641167466,116.284332861425327,50.82,3.10,357.64,3.12,0.76
2024-09-05T10:39:26Z,40.043698957071257,116.284329852509074,50.75,3.11,358.07,3.11,0.76
2024-09-05T10:39:27Z,40.043727319215364,116.284327275198820,50.68,3.12,359.09,3.11,0.76
2024-09-05T10:39:28Z,40.043755620733563,116.284324979588646,50.62,3.11,359.36,3.13,0.76
2024-09-05T10:39:29Z,40.043785065625258,116.284321744678024,50.54,3.39,356.58,3.15,0.76
2024-09-05T10:39:30Z,40.043815324491412,116.284315521067910,50.46,3.33,350.99,3.15,0.77
2024-09-05T10:39:31Z,40.043845158149409,116.284306445178927,50.39,3.39,347.50,3.14,0.77
2024-09-05T10:39:32Z,40.043875544414902,116.284296382211892,50.32,3.49,348.05,3.12,0.77
2024-09-05T10:39:33Z,40.043907045574393,116.284287094695998,50.24,3.62,349.92,3.11,0.78
2024-09-05T10:39:34Z,40.043939202516405,116.284278875902146,50.17,3.61,351.23,3.12,0.78
2024-09-05T10:39:35Z,40.043970876583742,116.284271644179228,50.10,3.50,352.23,3.16,0.79
2024-09-05T10:39:36Z,40.044001796403329,116.284264695549311,50.02,3.45,351.68,3.20,0.80
2024-09-05T10:39:37Z,40.044032591997592,116.284256522426745,49.96,3.50,348.63,3.21,0.81
2024-09-05T10:39:38Z,40.044064177224158,116.284245946664228,49.89,3.72,345.64,3.21,0.82
2024-09-05T10:39:39Z,40.044096325468296,116.284233077762110,49.81,3.71,343.10,3.21,0.83
2024-09-05T10:39:40Z,40.044127032451335,116.284219526510384,49.74,3.43,342.38,3.21,0.84
2024-09-05T10:39:41Z,40.044156016348019,116.284206733694759,49.66,3.33,343.36,3.20,0.85
2024-09-05T10:39:42Z,40.044184472777737,116.284195036142208,49.59,3.26,344.94,3.20,0.87
2024-09-05T10:39:43Z,40.044212566187845,116.284184023245658,49.52,3.22,345.13,3.22,0.88
2024-09-05T10:39:44Z,40.044240042918481,116.284172846582464,49.46,3.16,344.01,3.23,0.89
2024-09-05T10:39:45Z,40.044266248698776,116.284161216490091,49.39,2.98,342.19,3.23,0.89
2024-09-05T10:39:46Z,40.044290977789814,116.284149564367553,49.30,2.85,342.04,3.23,0.89
2024-09-05T10:39:47Z,40.044315578330490,116.284138301394009,49.16,2.89,343.54,3.23,0.89
2024-09-05T10:39:48Z,40.044342064002365,116.284127069209475,49.05,3.21,344.69,3.22,0.89
2024-09-05T10:39:49Z,40.044371011419443,116.284115694317990,48.91,3.43,345.96,3.22,0.89
2024-09-05T10:39:50Z,40.044400876788437,116.284104268320235,48.78,3.37,345.70,3.20,0.88
2024-09-05T10:39:51Z,40.044430568413397,116.284092500493699,48.64,3.39,344.77,3.19,0.87
2024-09-05T10:39:52Z,40.044459204277672,116.284080214454306,48.51,3.19,343.09,3.19,0.86
2024-09-05T10:39:53Z,40.044486052346635,116.284067774931614,48.39,2.95,342.40,3.18,0.85
2024-09-05T10:39:54Z,40.044511545109053,116.284056049349900,48.28,2.90,343.21,3.16,0.84
2024-09-05T10:39:55Z,40.044536702269149,116.284045661951936,48.18,2.80,345.84,3.18,0.83
2024-09-05T10:39:56Z,40.044561492531386,116.284036823265609,48.10,2.74,347.43,3.19,0.81
2024-09-05T10:39:57Z,40.044585960816086,116.284028732082589,48.03,2.70,347.53,3.19,0.80
2024-09-05T10:39:58Z,40.044609915382047,116.284020676150490,47.99,2.63,346.99,3.17,0.79
2024-09-05T10:39:59Z,40.044633613081785,116.284012502351118,47.98,2.63,347.18,3.15,0.78
2024-09-05T10:40:00Z,40.044657297295231,116.284005275460899,47.99,2.61,349.87,3.16,0.78
2024-09-05T10:40:01Z,40.044681362907710,116.283998652899299,48.01,2.64,350.07,3.16,0.77
2024-09-05T10:40:02Z,40.044706326174683,116.283991669168373,48.04,2.80,349.83,3.15,0.77
2024-09-05T10:40:03Z,40.044730468475557,116.283984809121350,48.10,2.46,349.38,3.14,0.76
2024-09-05T10:40:04Z,40.044752717271464,116.283978184124976,48.17,2.37,349.27,3.15,0.76
2024-09-05T10:40:05Z,40.044774725629850,116.283971583274749,48.26,2.38,349.16,3.17,0.76
2024-09-05T10:40:06Z,40.044797400559808,116.283963723251986,48.35,2.55,344.33,3.18,0.76
2024-09-05T10:40:07Z,40.044821024399170,116.283952427191082,48.45,2.78,337.35,3.19,0.76
2024-09-05T10:40:08Z,40.044846029980945,116.283937182694743,48.54,3.09,333.61,3.19,0.77
2024-09-05T10:40:09Z,40.044872423425744,116.283919617802709,48.65,3.23,332.53,3.20,0.77
2024-09-05T10:40:10Z,40.044899550214268,116.283901147093218,48.75,3.33,332.18,3.22,0.77
2024-09-05T10:40:11Z,40.044927080353787,116.283881263570990,48.86,3.42,329.92,3.25,0.78
2024-09-05T10:40:12Z,40.044954780931590,116.283859534883533,48.96,3.57,328.31,3.27,0.78
2024-09-05T10:40:13Z,40.044983227337219,116.283836179710264,49.06,3.71,328.03,3.28,0.79
2024-09-05T10:40:14Z,40.045012552015109,116.283812353280567,49.16,3.81,329.61,3.29,0.79
2024-09-05T10:40:15Z,40.045042218556155,116.283789620184635,49.24,3.70,330.73,3.31,0.80
2024-09-05T10:40:16Z,40.045071363749130,116.283768169033635,49.30,3.60,331.44,3.32,0.80
2024-09-05T10:40:17Z,40.045099735009003,116.283747726676211,49.34,3.46,331.68,3.34,0.80
2024-09-05T10:40:18Z,40.045127478443739,116.283727976311383,49.37,3.41,331.53,3.36,0.80
2024-09-05T10:40:19Z,40.045154715617542,116.283708207741128,49.38,3.37,330.21,3.38,0.80
2024-09-05T10:40:20Z,40.045181352809180,116.283687594354419,49.39,3.35,327.92,3.41,0.79
2024-09-05T10:40:21Z,40.045207258306341,116.283665200502881,49.38,3.38,323.82,3.41,0.79
2024-09-05T10:40:22Z,40.045232052299056,116.283640994963108,49.35,3.35,320.76,3.42,0.79
2024-09-05T10:40:23Z,40.045255927958102,116.283615830325445,49.28,3.25,318.98,3.43,0.78
2024-09-05T10:40:24Z,40.045278836979378,116.283591153321737,49.18,3.20,319.60,3.45,0.78
2024-09-05T10:40:25Z,40.045301844602633,116.283567103098576,49.04,3.20,321.16,3.47,0.77
2024-09-05T10:40:26Z,40.045325250299484,116.283543126770226,48.89,3.28,321.07,3.47,0.77
2024-09-05T10:40:27Z,40.045349277590695,116.283518435266373,48.71,3.38,321.36,3.46,0.76
2024-09-05T10:40:28Z,40.045374141473104,116.283493245084600,48.51,3.48,322.26,3.47,0.76
2024-09-05T10:40:29Z,40.045400208816169,116.283468576206943,48.31,3.55,325.33,3.47,0.76
2024-09-05T10:40:30Z,40.045427208712546,116.283444835521379,48.10,3.57,327.02,3.49,0.76
2024-09-05T10:40:31Z,40.045454391410033,116.283421534793277,47.88,3.55,326.30,3.52,0.76
2024-09-05T10:40:32Z,40.045480975979480,116.283397735076448,47.68,3.54,324.03,3.56,0.76
2024-09-05T10:40:33Z,40.045506047431651,116.283373582899614,47.49,3.31,321.39,3.59,0.76
2024-09-05T10:40:34Z,40.045529720271723,116.283348950734407,47.31,3.37,319.34,3.58,0.76
2024-09-05T10:40:35Z,40.045552803883936,116.283323311378368,47.16,3.29,317.16,3.57,0.76
2024-09-05T10:40:36Z,40.045574996163445,116.283296868468824,47.04,3.33,314.27,3.57,0.76
2024-09-05T10:40:37Z,40.045596014740703,116.283268496703784,46.94,3.36,309.31,3.58,0.76
2024-09-05T10:40:38Z,40.045615480078290,116.283237740778588,46.89,3.41,305.34,3.58,0.76
2024-09-05T10:40:39Z,40.045633523765474,116.283205151984703,46.87,3.42,303.03,3.59,0.76
2024-09-05T10:40:40Z,40.045651102899122,116.283172336937426,46.88,3.39,304.76,3.57,0.76
2024-09-05T10:40:41Z,40.045669539289918,116.283140770692057,46.92,3.35,308.73,3.56,0.76
2024-09-05T10:40:42Z,40.045689501769907,116.283111363909711,46.98,3.31,314.27,3.55,0.76
2024-09-05T10:40:43Z,40.045711052015278,116.283084810179290,47.06,3.23,319.92,3.56,0.76
2024-09-05T10:40:44Z,40.045734236428288,116.283061283550154,47.13,3.27,325.33,3.59,0.76
2024-09-05T10:40:45Z,40.045759090646520,116.283039771843576,47.23,3.33,329.27,3.62,0.76
2024-09-05T10:40:46Z,40.045785398185913,116.283019522646100,47.33,3.43,330.78,3.65,0.76
2024-09-05T10:40:47Z,40.045811854977728,116.282998157481416,47.45,3.43,326.63,3.65,0.76
2024-09-05T10:40:48Z,40.045836146704978,116.282973580299071,47.55,3.35,318.57,3.63,0.76
2024-09-05T10:40:49Z,40.045857356541951,116.282945230597704,47.65,3.33,310.23,3.59,0.76
2024-09-05T10:40:50Z,40.045876001473083,116.282914158244978,47.74,3.32,305.28,3.55,0.76
2024-09-05T10:40:51Z,40.045892956392336,116.282881469517406,47.80,3.33,301.76,3.54,0.76
2024-09-05T10:40:52Z,40.045908683159588,116.282847784766375,47.86,3.32,299.47,3.54,0.76
2024-09-05T10:40:53Z,40.045923534171017,116.282814134854902,47.90,3.22,298.97,3.56,0.76
2024-09-05T10:40:54Z,40.045938002847059,116.282781150883579,47.93,3.19,299.47,3.59,0.76
2024-09-05T10:40:55Z,40.045952719877754,116.282748428710477,47.95,3.21,301.40,3.61,0.76
2024-09-05T10:40:56Z,40.045968460665165,116.282715044307992,47.93,3.40,302.43,3.60,0.76
2024-09-05T10:40:57Z,40.045984914030683,116.282680128566554,47.90,3.51,301.73,3.57,0.76
2024-09-05T10:40:58Z,40.046001263186675,116.282643770005805,47.85,3.62,299.95,3.55,0.76
2024-09-05T10:40:59Z,40.046017308976367,116.282606287059053,47.80,3.65,299.15,3.55,0.76
2024-09-05T10:41:00Z,40.046033517880517,116.282569145314326,47.74,3.61,299.86,3.58,0.76
2024-09-05T10:41:01Z,40.046049913106621,116.282533168311915,47.68,3.49,301.47,3.59,0.76
2024-09-05T10:41:02Z,40.046066278406975,116.282498570026334,47.63,3.42,301.17,3.59,0.76
2024-09-05T10:41:03Z,40.046081854650041,116.282464390809395,47.58,3.35,299.02,3.57,0.76
2024-09-05T10:41:04Z,40.046095969715175,116.282429827578142,47.55,3.34,295.60,3.56,0.76
2024-09-05T10:41:05Z,40.046108776357094,116.282394209821163,47.52,3.38,292.73,3.56,0.77
2024-09-05T10:41:06Z,40.046120740946456,116.282357290945768,47.50,3.48,291.18,3.57,0.77
2024-09-05T10:41:07Z,40.046132807814764,116.282319390759085,47.49,3.55,292.51,3.56,0.77
2024-09-05T10:41:08Z,40.046145906544396,116.282281721883507,47.48,3.57,295.09,3.54,0.77
2024-09-05T10:41:09Z,40.046160315606727,116.282245008426656,47.46,3.55,297.98,3.53,0.77
2024-09-05T10:41:10Z,40.046176041462175,116.282209737177638,47.44,3.49,301.26,3.53,0.78
2024-09-05T10:41:11Z,40.046192913259993,116.282176525986699,47.42,3.39,304.26,3.54,0.78
2024-09-05T10:41:12Z,40.046210678668430,116.282145223159773,47.40,3.37,306.95,3.51,0.78
2024-09-05T10:41:13Z,40.046229404988054,116.282114626115913,47.38,3.40,308.58,3.49,0.78
2024-09-05T10:41:14Z,40.046248908473139,116.282084220051701,47.36,3.47,309.80,3.49,0.78
2024-09-05T10:41:15Z,40.046268950666757,116.282054387118720,47.35,3.39,311.62,3.44,0.77
2024-09-05T10:41:16Z,40.046289230278262,116.282025605014994,47.33,3.34,312.64,3.40,0.77
2024-09-05T10:41:17Z,40.046309727449703,116.281996872013593,47.31,3.38,312.55,3.38,0.77
2024-09-05T10:41:17Z,40.046330800855252,116.281967156831811,47.28,3.54,312.27,3.40,0.77
2024-09-05T10:41:18Z,40.046352799161589,116.281936782710929,47.25,3.60,313.48,3.42,0.76
2024-09-05T10:41:19Z,40.046375431442939,116.281907430816617,47.21,3.52,315.41,3.43,0.76
2024-09-05T10:41:20Z,40.046397938387443,116.281880162460212,47.18,3.34,316.48,3.42,0.76
2024-09-05T10:41:21Z,40.046419906572552,116.281853513613513,47.15,3.34,314.92,3.40,0.76
2024-09-05T10:41:22Z,40.046440924871533,116.281826781538143,47.13,3.17,313.07,3.37,0.76
2024-09-05T10:41:23Z,40.046460855576257,116.281799702756544,47.13,3.23,310.46,3.35,0.76
2024-09-05T10:41:24Z,40.046480148609646,116.281771458230679,47.13,3.20,308.58,3.35,0.76
2024-09-05T10:41:25Z,40.046498783629232,116.281742490541944,47.14,3.24,307.58,3.37,0.76
2024-09-05T10:41:26Z,40.046517826569350,116.281713550953867,47.16,3.24,309.48,3.39,0.76
2024-09-05T10:41:27Z,40.046538146768249,116.281686512176393,47.17,3.17,314.54,3.38,0.76
2024-09-05T10:41:28Z,40.046560286184324,116.281662650322090,47.20,3.16,321.70,3.37,0.76
2024-09-05T10:41:29Z,40.046584629505247,116.281642326094939,47.22,3.16,328.82,3.37,0.76
2024-09-05T10:41:30Z,40.046610285487432,116.281624891911832,47.26,3.15,332.72,3.36,0.76
2024-09-05T10:41:31Z,40.046636295447598,116.281608668068628,47.31,3.14,333.62,3.37,0.76
2024-09-05T10:41:32Z,40.046661981849759,116.281592443617029,47.35,3.12,332.82,3.37,0.76
2024-09-05T10:41:33Z,40.046688164339102,116.281575799008522,47.39,3.28,333.06,3.37,0.76
2024-09-05T10:41:34Z,40.046715273619320,116.281559673713616,47.45,3.28,335.49,3.37,0.76
2024-09-05T10:41:35Z,40.046743576241035,116.281545171259808,47.50,3.42,339.38,3.37,0.76
2024-09-05T10:41:36Z,40.046773667929472,116.281532646060285,47.56,3.52,343.13,3.38,0.76
2024-09-05T10:41:37Z,40.046805300078134,116.281521825807161,47.63,3.64,344.99,3.38,0.76
2024-09-05T10:41:38Z,40.046837991039240,116.281511375478615,47.70,3.76,344.10,3.41,0.76
2024-09-05T10:41:39Z,40.046870894907016,116.281499996311538,47.77,3.72,342.17,3.43,0.77
2024-09-05T10:41:40Z,40.046903132673187,116.281487390125207,47.85,3.68,340.33,3.44,0.77
2024-09-05T10:41:41Z,40.046934529377232,116.281474294060345,47.95,3.58,339.30,3.44,0.78
2024-09-05T10:41:42Z,40.046965354215629,116.281460580586611,48.06,3.58,338.62,3.44,0.79
2024-09-05T10:41:43Z,40.046996205097344,116.281446803728571,48.18,3.58,339.34,3.46,0.80
2024-09-05T10:41:44Z,40.047027495549351,116.281433639545000,48.32,3.59,341.22,3.47,0.81
2024-09-05T10:41:45Z,40.047059421053632,116.281421414498141,48.47,3.65,343.54,3.47,0.82
2024-09-05T10:41:46Z,40.047092434280053,116.281409875922023,48.60,3.77,344.75,3.45,0.82
2024-09-05T10:41:47Z,40.047126511351216,116.281399078672649,48.71,3.85,346.94,3.42,0.83
2024-09-05T10:41:48Z,40.047160871209961,116.281390062075062,48.83,3.76,350.17,3.40,0.84
2024-09-05T10:41:49Z,40.047193256748251,116.281383859002673,48.96,3.33,353.87,3.40,0.84
2024-09-05T10:41:50Z,40.047223066215011,116.281380440039342,49.09,3.14,357.59,3.41,0.84
2024-09-05T10:41:51Z,40.047252503814910,116.281379035084470,49.19,3.20,359.80,3.40,0.84
2024-09-05T10:41:52Z,40.047282499718975,116.281378681202071,49.29,3.24,0.65,3.38,0.84
2024-09-05T10:41:53Z,40.047312835952418,116.281377721695435,49.37,3.28,357.94,3.34,0.83
2024-09-05T10:41:54Z,40.047343524547152,116.281374923718175,49.44,3.34,354.64,3.32,0.83
2024-09-05T10:41:55Z,40.047375100930566,116.281369848541473,49.50,3.51,351.67,3.28,0.82
2024-09-05T10:41:56Z,40.047407624474197,116.281362371721229,49.54,3.61,348.33,3.26,0.81
2024-09-05T10:41:57Z,40.047440446056733,116.281352321803354,49.57,3.66,345.18,3.26,0.80
2024-09-05T10:41:58Z,40.047472879850865,116.281340250187569,49.61,3.65,343.39,3.24,0.79
2024-09-05T10:41:59Z,40.047504805835075,116.281328004504005,49.65,3.56,344.11,3.23,0.78
2024-09-05T10:42:00Z,40.047536488883793,116.281317385663939,49.64,3.53,347.24,3.23,0.78
2024-09-05T10:42:01Z,40.047568415802843,116.281309828479564,49.63,3.52,352.23,3.22,0.77
2024-09-05T10:42:02Z,40.047600343273459,116.281305498555852,49.61,3.45,356.11,3.21,0.77
2024-09-05T10:42:03Z,40.047631956883841,116.281303882024275,49.60,3.45,359.84,3.18,0.76
2024-09-05T10:42:04Z,40.047663782487902,116.281304161603842,49.58,3.50,1.72,3.16,0.76
2024-09-05T10:42:05Z,40.047696020439744,116.281305689426944,49.57,3.53,2.99,3.15,0.76
2024-09-05T10:42:06Z,40.047728230985108,116.281307557269031,49.55,3.51,2.56,3.15,0.76
2024-09-05T10:42:07Z,40.047759836865019,116.281308970979353,49.52,3.40,1.56,3.15,0.76
2024-09-05T10:42:08Z,40.047791596365180,116.281310487958919,49.49,3.56,2.85,3.15,0.76
2024-09-05T10:42:09Z,40.047824239869364,116.281313678369656,49.46,3.60,5.77,3.16,0.76
2024-09-05T10:42:10Z,40.047856975574810,116.281318880052240,49.45,3.61,8.23,3.16,0.76
2024-09-05T10:42:11Z,40.047889609984360,116.281325427042759,49.45,3.63,9.18,3.14,0.76
2024-09-05T10:42:12Z,40.047922207692650,116.281332907858342,49.46,3.62,10.80,3.11,0.76
2024-09-05T10:42:13Z,40.047954370592386,116.281341786678553,49.47,3.59,13.43,3.11,0.76
2024-09-05T10:42:14Z,40.047985763037389,116.281352392927431,49.47,3.53,16.21,3.13,0.76
2024-09-05T10:42:15Z,40.048015956601617,116.281363837523955,49.47,3.38,16.84,3.14,0.76
2024-09-05T10:42:16Z,40.048045197747335,116.281374831966829,49.46,3.31,15.98,3.14,0.76
2024-09-05T10:42:17Z,40.048073772797451,116.281384971950558,49.46,3.21,15.03,3.14,0.76
2024-09-05T10:42:18Z,40.048102544781699,116.281395095125674,49.46,3.33,15.75,3.13,0.76
2024-09-05T10:42:19Z,40.048132064907975,116.281406283862523,49.46,3.38,17.13,3.12,0.76
2024-09-05T10:42:20Z,40.048161519322456,116.281418470677139,49.45,3.36,18.19,3.14,0.76
2024-09-05T10:42:21Z,40.048190523975741,116.281430868211359,49.44,3.30,18.04,3.14,0.76
2024-09-05T10:42:22Z,40.048218642163484,116.281442813801803,49.44,3.14,17.45,3.15,0.76
2024-09-05T10:42:23Z,40.048245848514014,116.281454269399717,49.43,3.11,17.84,3.15,0.76
2024-09-05T10:42:24Z,40.048272663530462,116.281466320740563,49.43,3.08,19.75,3.15,0.76
2024-09-05T10:42:25Z,40.048299255391242,116.281479701969019,49.44,3.12,22.04,3.14,0.76
2024-09-05T10:42:26Z,40.048325789730292,116.281494332094411,49.45,3.15,23.63,3.14,0.76
2024-09-05T10:42:27Z,40.048353049245854,116.281509840013101,49.48,3.32,23.51,3.15,0.76
2024-09-05T10:42:28Z,40.048381432505515,116.281525761761571,49.52,3.42,23.12,3.16,0.76
2024-09-05T10:42:29Z,40.048410125048100,116.281542628513748,49.57,3.44,25.41,3.17,0.76
2024-09-05T10:42:30Z,40.048438218802069,116.281560964258645,49.62,3.43,27.82,3.17,0.76
2024-09-05T10:42:31Z,40.048465295227409,116.281580439379084,49.70,3.34,30.08,3.18,0.76
2024-09-05T10:42:32Z,40.048490997087981,116.281600274228651,49.77,3.21,30.91,3.21,0.76
2024-09-05T10:42:33Z,40.048516796504430,116.281620513601482,49.84,3.40,30.55,3.24,0.76
2024-09-05T10:42:34Z,40.048543751262649,116.281641090004626,49.89,3.47,29.23,3.26,0.76
2024-09-05T10:42:35Z,40.048571227526885,116.281661008131707,49.94,3.49,27.41,3.28,0.76
2024-09-05T10:42:36Z,40.048599055187637,116.281680037262689,49.99,3.49,26.51,3.29,0.76
2024-09-05T10:42:37Z,40.048626438186751,116.281698565706478,50.04,3.37,26.28,3.29,0.76
2024-09-05T10:42:38Z,40.048653402493734,116.281716745632806,50.09,3.43,26.51,3.28,0.76
2024-09-05T10:42:39Z,40.048680441298707,116.281735304606514,50.12,3.43,27.36,3.31,0.76
2024-09-05T10:42:40Z,40.048707138972603,116.281754652806114,50.16,3.43,29.21,3.35,0.76
2024-09-05T10:42:41Z,40.048733268244867,116.281775101836743,50.18,3.41,31.44,3.39,0.76
2024-09-05T10:42:42Z,40.048758860700325,116.281797057223898,50.20,3.45,34.56,3.39,0.76
2024-09-05T10:42:43Z,40.048783897016548,116.281820805157992,50.23,3.46,37.49,3.40,0.76
2024-09-05T10:42:44Z,40.048808142535272,116.281846262160158,50.25,3.46,40.92,3.42,0.76
2024-09-05T10:42:45Z,40.048831200491861,116.281873608795181,50.27,3.44,44.63,3.42,0.76
2024-09-05T10:42:46Z,40.048852572550274,116.281902613837516,50.30,3.40,48.90,3.42,0.76
2024-09-05T10:42:47Z,40.048872013606186,116.281932664261078,50.32,3.24,52.19,3.41,0.76
2024-09-05T10:42:48Z,40.048889417399344,116.281962676104541,50.33,3.14,55.24,3.42,0.76
2024-09-05T10:42:49Z,40.048905421954537,116.281992549646958,50.33,3.03,56.90,3.44,0.76
2024-09-05T10:42:50Z,40.048920774119857,116.282021819710437,50.35,2.97,57.02,3.45,0.76
2024-09-05T10:42:51Z,40.048936258840826,116.282050385669876,50.34,2.96,55.38,3.47,0.76
2024-09-05T10:42:52Z,40.048952782582660,116.282078438802472,50.33,3.03,53.12,3.47,0.76
2024-09-05T10:42:53Z,40.048970224027450,116.282106148874263,50.32,3.05,51.55,3.46,0.76
2024-09-05T10:42:54Z,40.048988023255262,116.282133681201842,50.30,3.04,51.72,3.46,0.76
2024-09-05T10:42:55Z,40.049005080903697,116.282161447719901,50.29,2.98,54.22,3.46,0.76
2024-09-05T10:42:56Z,40.049020994246455,116.282190407136298,50.26,3.05,58.18,3.46,0.76
2024-09-05T10:42:57Z,40.049035542958194,116.282220589243948,50.24,2.98,61.16,3.45,0.76
2024-09-05T10:42:58Z,40.049049537997064,116.282251297977766,50.22,3.09,61.33,3.44,0.76
2024-09-05T10:42:59Z,40.049064444860392,116.282282845562335,50.20,3.19,59.52,3.46,0.76
2024-09-05T10:43:00Z,40.049080877750164,116.282314954685575,50.20,3.32,58.16,3.46,0.76
2024-09-05T10:43:01Z,40.049098475810887,116.282347073177604,50.18,3.33,55.95,3.45,0.76
2024-09-05T10:43:02Z,40.049116467294645,116.282378143393743,50.17,3.20,55.25,3.44,0.76
2024-09-05T10:43:03Z,40.049134206642208,116.282408544285516,50.16,3.25,55.36,3.44,0.76
2024-09-05T10:43:04Z,40.049151469936042,116.282439527033532,50.15,3.24,57.47,3.43,0.76
2024-09-05T10:43:05Z,40.049167872083203,116.282470922678144,50.15,3.20,58.53,3.42,0.76
2024-09-05T10:43:06Z,40.049183560612008,116.282502032132783,50.15,3.12,58.47,3.44,0.77
2024-09-05T10:43:07Z,40.049199157230738,116.282532149341222,50.15,3.06,56.66,3.45,0.77
2024-09-05T10:43:08Z,40.049215769405897,116.282561982877951,50.15,3.18,53.77,3.46,0.78
2024-09-05T10:43:09Z,40.049233770655150,116.282591941845681,50.14,3.24,51.36,3.46,0.79
2024-09-05T10:43:10Z,40.049252785164306,116.282621497776191,50.13,3.26,49.28,3.47,0.80
2024-09-05T10:43:11Z,40.049272382789255,116.282650260501697,50.12,3.20,47.70,3.48,0.81
2024-09-05T10:43:12Z,40.049291132876924,116.282678135372649,50.11,3.04,49.12,3.48,0.82
2024-09-05T10:43:13Z,40.049307445107551,116.282706346535278,50.11,2.93,55.50,3.47,0.83
2024-09-05T10:43:14Z,40.049320204510749,116.282735881453064,50.13,2.82,63.61,3.46,0.84
2024-09-05T10:43:15Z,40.049329639728711,116.282767103377054,50.13,2.88,70.37,3.46,0.85
2024-09-05T10:43:16Z,40.049336964157725,116.282800935164929,50.15,3.07,74.62,3.46,0.85
2024-09-05T10:43:17Z,40.049343340199584,116.282837797483495,50.17,3.30,76.17,3.46,0.85
2024-09-05T10:43:18Z,40.049349845117085,116.282876439006401,50.20,3.39,75.48,3.44,0.85
2024-09-05T10:43:19Z,40.049357337330491,116.282915513835064,50.23,3.42,73.13,3.44,0.85
2024-09-05T10:43:20Z,40.049365789721413,116.282954233575737,50.27,3.40,71.58,3.43,0.85
2024-09-05T10:43:21Z,40.049374586160106,116.282992761727087,50.31,3.42,71.86,3.43,0.85
2024-09-05T10:43:22Z,40.049382829694657,116.283031557626700,50.38,3.43,74.09,3.43,0.84
2024-09-05T10:43:23Z,40.049389810136020,116.283070735358365,50.44,3.40,77.09,3.43,0.83
2024-09-05T10:43:24Z,40.049395062727250,116.283109496248784,50.51,3.27,80.27,3.40,0.83
2024-09-05T10:43:25Z,40.049398887083960,116.283147542172301,50.58,3.22,82.16,3.37,0.82
2024-09-05T10:43:26Z,40.049401724088092,116.283185567831779,50.64,3.23,84.50,3.34,0.82
2024-09-05T10:43:27Z,40.049403496978925,116.283223852555565,50.72,3.23,86.95,3.34,0.81
2024-09-05T10:43:28Z,40.049404201845775,116.283262449647552,50.80,3.26,89.03,3.35,0.81
2024-09-05T10:43:29Z,40.049403824289897,116.283300702098373,50.87,3.17,91.42,3.35,0.80
2024-09-05T10:43:30Z,40.049402486899019,116.283338159454019,50.93,3.15,93.06,3.33,0.80
2024-09-05T10:43:31Z,40.049400652677555,116.283375693029001,50.99,3.20,93.58,3.29,0.80
2024-09-05T10:43:32Z,40.049398534612585,116.283414354553159,51.04,3.37,93.55,3.29,0.79
2024-09-05T10:43:33Z,40.049396367144219,116.283454291434410,51.07,3.43,93.61,3.31,0.79
2024-09-05T10:43:34Z,40.049394130702950,116.283494437145706,51.08,3.43,93.46,3.31,0.78
2024-09-05T10:43:35Z,40.049392389757053,116.283534258384847,51.09,3.37,92.08,3.32,0.78
2024-09-05T10:43:36Z,40.049391681957481,116.283573977319818,51.08,3.40,90.39,3.29,0.77
2024-09-05T10:43:37Z,40.049391884015030,116.283613517791508,51.06,3.36,89.37,3.27,0.77
2024-09-05T10:43:38Z,40.049392429537690,116.283652520490904,51.04,3.32,89.51,3.26,0.77
2024-09-05T10:43:39Z,40.049392589590227,116.283691114472447,51.00,3.27,90.80,3.28,0.76
2024-09-05T10:43:40Z,40.049392022267874,116.283729075699924,50.97,3.23,92.69,3.30,0.77
2024-09-05T10:43:41Z,40.049390144021153,116.283766421619234,50.93,3.20,95.83,3.33,0.77
2024-09-05T10:43:42Z,40.049386938081092,116.283803091979095,50.88,3.15,98.53,3.32,0.77
2024-09-05T10:43:43Z,40.049382850678889,116.283839198558724,50.82,3.11,99.48,3.32,0.77
2024-09-05T10:43:44Z,40.049379203013679,116.283874652681618,50.76,3.02,97.09,3.29,0.77
2024-09-05T10:43:45Z,40.049376924606783,116.283909570060004,50.69,2.98,94.36,3.27,0.77
2024-09-05T10:43:46Z,40.049375718714344,116.283944370905317,50.62,2.97,92.57,3.27,0.77
2024-09-05T10:43:47Z,40.049375084134866,116.283979653246291,50.55,3.06,91.68,3.27,0.78
2024-09-05T10:43:48Z,40.049374314833095,116.284015969858714,50.49,3.15,92.77,3.29,0.78
2024-09-05T10:43:49Z,40.049372771241792,116.284052882500077,50.43,3.18,94.46,3.27,0.78
2024-09-05T10:43:50Z,40.049370264917023,116.284089934447991,50.38,3.19,96.63,3.26,0.78
2024-09-05T10:43:51Z,40.049367145445643,116.284127056133713,50.32,3.20,96.79,3.24,0.78
2024-09-05T10:43:52Z,40.049364031848945,116.284165153382787,50.26,3.35,96.23,3.22,0.77
2024-09-05T10:43:53Z,40.049360916389475,116.284204441565777,50.21,3.42,96.01,3.22,0.77
2024-09-05T10:43:54Z,40.049357789380636,116.284244169595908,50.15,3.42,96.39,3.21,0.77
2024-09-05T10:43:55Z,40.049354635695181,116.284283504855935,50.11,3.39,96.68,3.20,0.77
2024-09-05T10:43:56Z,40.049351480864885,116.284322243910026,50.08,3.32,96.45,3.19,0.77
2024-09-05T10:43:57Z,40.049348837085020,116.284360148034494,50.07,3.29,95.24,3.18,0.76
2024-09-05T10:43:58Z,40.049346765551839,116.284397994953665,50.08,3.28,94.21,3.20,0.76
2024-09-05T10:43:59Z,40.049345626762381,116.284435900823993,50.11,3.28,91.71,3.21,0.76
2024-09-05T10:44:00Z,40.049345775019603,116.284473872760813,50.14,3.30,89.19,3.20,0.76
2024-09-05T10:44:01Z,40.049347180471294,116.284511735096032,50.18,3.29,87.09,3.19,0.76
2024-09-05T10:44:02Z,40.049349441177121,116.284549332497519,50.24,3.26,85.73,3.19,0.76
2024-09-05T10:44:03Z,40.049352299458754,116.284587062333927,50.32,3.34,84.58,3.20,0.76
2024-09-05T10:44:04Z,40.049356091158216,116.284625651634670,50.41,3.39,82.16,3.24,0.76
2024-09-05T10:44:05Z,40.049361025601740,116.284664244362645,50.49,3.38,80.13,3.25,0.76
2024-09-05T10:44:06Z,40.049366932782249,116.284702099796831,50.57,3.29,78.13,3.27,0.76
2024-09-05T10:44:07Z,40.049373378421443,116.284740938504754,50.64,3.57,78.92,3.28,0.76
2024-09-05T10:44:08Z,40.049380151972393,116.284781302407310,50.71,3.56,78.32,3.26,0.76
2024-09-05T10:44:09Z,40.049386842853863,116.284820346680434,50.76,3.34,78.92,3.26,0.76
2024-09-05T10:44:10Z,40.049393141372420,116.284857079905166,50.81,3.16,78.91,3.24,0.76
2024-09-05T10:44:11Z,40.049398834155461,116.284891727260899,50.84,3.01,80.48,3.24,0.76
2024-09-05T10:44:12Z,40.049402900331224,116.284925483468669,50.85,2.95,83.98,3.23,0.76
2024-09-05T10:44:13Z,40.049405668827148,116.284959742700551,50.83,3.09,87.32,3.23,0.76
2024-09-05T10:44:14Z,40.049407679064480,116.284994737333534,50.78,3.09,88.49,3.24,0.76
2024-09-05T10:44:15Z,40.049409694547215,116.285030218903216,50.72,3.12,87.40,3.27,0.76
2024-09-05T10:44:16Z,40.049412561849678,116.285065787764282,50.64,3.09,85.12,3.29,0.76
2024-09-05T10:44:17Z,40.049416618883349,116.285101079245266,50.55,3.08,82.51,3.31,0.76
2024-09-05T10:44:18Z,40.049421891152882,116.285136352400500,50.45,3.10,80.46,3.33,0.76
2024-09-05T10:44:19Z,40.049428070437031,116.285171386058892,50.36,3.07,78.47,3.34,0.76
2024-09-05T10:44:20Z,40.049435936065436,116.285204703840932,50.26,2.90,73.63,3.30,0.76
2024-09-05T10:44:21Z,40.049445828084707,116.285235272561479,50.17,2.75,67.52,3.28,0.76
2024-09-05T10:44:22Z,40.049457686150042,116.285263457081797,50.08,2.70,62.14,3.29,0.76
2024-09-05T10:44:23Z,40.049470786735057,116.285290947688125,49.99,2.74,61.75,3.27,0.76
2024-09-05T10:44:24Z,40.049483346335890,116.285319703415553,49.91,2.79,65.60,3.26,0.76
2024-09-05T10:44:25Z,40.049494995331003,116.285350602742497,49.84,2.98,69.07,3.23,0.76
2024-09-05T10:44:26Z,40.049506652352228,116.285384119609120,49.78,3.18,68.53,3.21,0.76
2024-09-05T10:44:27Z,40.049519681376253,116.285419097222430,49.74,3.30,65.19,3.20,0.76
2024-09-05T10:44:28Z,40.049534881025970,116.285453805989121,49.72,3.34,59.54,3.21,0.76
2024-09-05T10:44:29Z,40.049552248467641,116.285486965111204,49.70,3.29,55.30,3.20,0.76
2024-09-05T10:44:30Z,40.049570675788367,116.285517991097194,49.71,3.19,52.27,3.18,0.76
2024-09-05T10:44:31Z,40.049589823721618,116.285547718982627,49.74,3.21,50.45,3.16,0.76
2024-09-05T10:44:32Z,40.049610720571586,116.285577527019797,49.75,3.48,47.02,3.15,0.76
2024-09-05T10:44:33Z,40.049634499492299,116.285607270708837,49.75,3.68,42.30,3.14,0.76
2024-09-05T10:44:34Z,40.049660201982704,116.285636002509520,49.76,3.72,39.76,3.15,0.76
2024-09-05T10:44:35Z,40.049685037999453,116.285665398466335,49.78,3.67,43.84,3.15,0.76
2024-09-05T10:44:36Z,40.049707305478918,116.285696257065325,49.80,3.52,49.32,3.16,0.76
2024-09-05T10:44:37Z,40.049726939208810,116.285728568049862,49.81,3.49,53.05,3.16,0.76
2024-09-05T10:44:38Z,40.049746489020166,116.285761949272668,49.82,3.66,51.29,3.15,0.76
2024-09-05T10:44:39Z,40.049766455905640,116.285794898826026,49.82,3.48,50.57,3.14,0.76
2024-09-05T10:44:40Z,40.049785791569384,116.285826714702495,49.82,3.43,50.50,3.13,0.76
2024-09-05T10:44:41Z,40.049804256373754,116.285858191215993,49.82,3.32,52.10,3.13,0.76
2024-09-05T10:44:42Z,40.049821970743480,116.285889983488673,49.81,3.36,52.90,3.14,0.76
2024-09-05T10:44:43Z,40.049838784041441,116.285922424679185,49.79,3.31,55.81,3.14,0.76
2024-09-05T10:44:44Z,40.049854330337041,116.285954289676624,49.76,3.11,55.24,3.14,0.76
2024-09-05T10:44:45Z,40.049870850124016,116.285982832512516,49.73,2.98,46.33,3.13,0.76
2024-09-05T10:44:46Z,40.049888976587212,116.286009887638571,49.68,3.09,48.33,3.12,0.76
2024-09-05T10:44:47Z,40.049907526091964,116.286038606505215,49.64,3.22,49.18,3.13,0.76
2024-09-05T10:44:48Z,40.049925559958076,116.286069248848960,49.59,3.28,54.41,3.14,0.76
2024-09-05T10:44:49Z,40.049941615936092,116.286102285502494,49.54,3.28,60.01,3.12,0.76
2024-09-05T10:44:50Z,40.049955701954012,116.286137033679637,49.49,3.28,63.46,3.10,0.76
2024-09-05T10:44:51Z,40.049968492517962,116.286172213623118,49.44,3.23,65.21,3.10,0.76
2024-09-05T10:44:52Z,40.049979908764733,116.286207219095743,49.39,3.07,67.99,3.11,0.76
2024-09-05T10:44:53Z,40.049989717397516,116.286241589837289,49.32,3.05,70.29,3.11,0.76
2024-09-05T10:44:54Z,40.049999228424753,116.286276223650987,49.24,3.08,69.17,3.12,0.76
2024-09-05T10:44:55Z,40.050010470108781,116.286310169903757,49.17,3.14,62.29,3.14,0.76
2024-09-05T10:44:56Z,40.050024936465739,116.286343572670361,49.09,3.37,57.08,3.13,0.76
2024-09-05T10:44:57Z,40.050041506747306,116.286377196741697,49.02,3.43,55.12,3.12,0.76
2024-09-05T10:44:58Z,40.050058027792240,116.286411280696115,48.94,3.46,57.40,3.12,0.76
2024-09-05T10:44:59Z,40.050073796435498,116.286446095201896,48.88,3.45,58.66,3.14,0.76
2024-09-05T10:45:00Z,40.050089008036707,116.286481232419362,48.82,3.44,59.34,3.15,0.76
2024-09-05T10:45:01Z,40.050104089479028,116.286517718918702,48.76,3.64,61.18,3.14,0.76
2024-09-05T10:45:02Z,40.050118569661976,116.286555686759982,48.72,3.58,62.98,3.14,0.76
2024-09-05T10:45:03Z,40.050132586028560,116.286594520110953,48.69,3.73,63.95,3.15,0.76
2024-09-05T10:45:04Z,40.050146217398229,116.286634269339316,48.66,3.71,65.08,3.15,0.76
2024-09-05T10:45:05Z,40.050158853830126,116.286674182638592,48.62,3.70,67.36,3.17,0.76
2024-09-05T10:45:06Z,40.050169446750175,116.286714845736597,48.59,3.70,72.04,3.19,0.76
2024-09-05T10:45:07Z,40.050177066426464,116.286756999630725,48.56,3.76,79.00,3.19,0.76
2024-09-05T10:45:08Z,40.050181811822426,116.286800332700707,48.54,3.77,82.81,3.20,0.76
2024-09-05T10:45:09Z,40.050184865991355,116.286843639605678,48.51,3.69,85.03,3.19,0.76
2024-09-05T10:45:10Z,40.050186769167759,116.286885579072745,48.51,3.53,86.22,3.17,0.76
2024-09-05T10:45:11Z,40.050188127565306,116.286925909084815,48.51,3.39,86.52,3.16,0.76
2024-09-05T10:45:12Z,40.050189574716725,116.286964376681098,48.52,3.19,85.14,3.17,0.76
2024-09-05T10:45:13Z,40.050191863518620,116.287001008018265,48.53,3.09,83.30,3.18,0.76
2024-09-05T10:45:14Z,40.050194815581598,116.287036418048118,48.54,2.99,82.19,3.19,0.76
2024-09-05T10:45:15Z,40.050198585074320,116.287070055618884,48.55,2.80,79.46,3.19,0.76
2024-09-05T10:45:16Z,40.050204261519461,116.287101220892424,48.57,2.67,73.02,3.17,0.76
2024-09-05T10:45:17Z,40.050211185549578,116.287131663605891,48.60,2.73,74.26,3.15,0.76
2024-09-05T10:45:18Z,40.050217677991824,116.287163411895165,48.63,2.88,76.40,3.16,0.76
2024-09-05T10:45:19Z,40.050222742920234,116.287195976075409,48.67,2.74,81.65,3.15,0.76
2024-09-05T10:45:20Z,40.050225713739707,116.287228109735722,48.72,2.74,85.54,3.14,0.76
2024-09-05T10:45:21Z,40.050226676941769,116.287260749791699,48.77,2.80,90.34,3.15,0.76
2024-09-05T10:45:23Z,40.050226162123522,116.287295100963362,48.81,3.02,91.93,3.16,0.76
2024-09-05T10:45:23Z,40.050225778633902,116.287331188677243,48.85,3.11,89.59,3.18,0.76
2024-09-05T10:45:24Z,40.050227684844252,116.287368052577790,48.88,3.15,82.84,3.19,0.76
2024-09-05T10:45:25Z,40.050232718943370,116.287404701540424,48.91,3.18,77.14,3.20,0.76
2024-09-05T10:45:26Z,40.050240192489227,116.287441522257566,48.94,3.28,74.06,3.23,0.76
2024-09-05T10:45:27Z,40.050249308105400,116.287478815699203,48.97,3.36,72.05,3.25,0.76
2024-09-05T10:45:28Z,40.050259508440128,116.287517217977552,48.99,3.56,71.41,3.29,0.76
2024-09-05T10:45:29Z,40.050270010951557,116.287556321775568,49.00,3.46,71.93,3.31,0.76
2024-09-05T10:45:30Z,40.050279739248943,116.287594889580859,49.00,3.40,73.63,3.33,0.76
2024-09-05T10:45:31Z,40.050288310892789,116.287633410231635,49.00,3.34,75.87,3.36,0.76
2024-09-05T10:45:32Z,40.050295291224934,116.287671665045181,48.98,3.26,78.14,3.38,0.76
2024-09-05T10:45:33Z,40.050301560557450,116.287709873493128,48.94,3.33,78.44,3.39,0.76
2024-09-05T10:45:34Z,40.050308240824450,116.287747826472284,48.88,3.24,76.72,3.40,0.76
2024-09-05T10:45:35Z,40.050316129923317,116.287784901201803,48.82,3.24,73.21,3.38,0.76
2024-09-05T10:45:36Z,40.050325652835902,116.287821471715034,48.75,3.26,70.16,3.37,0.76
2024-09-05T10:45:37Z,40.050336627708212,116.287857993529300,48.68,3.32,68.43,3.37,0.76
2024-09-05T10:45:38Z,40.050348296782708,116.287895131476972,48.59,3.45,68.13,3.39,0.76
2024-09-05T10:45:39Z,40.050359671998976,116.287933002846870,48.49,3.43,70.08,3.41,0.76
2024-09-05T10:45:40Z,40.050369540621631,116.287971838490705,48.38,3.53,73.69,3.41,0.76
2024-09-05T10:45:41Z,40.050377374096222,116.288012043186384,48.27,3.53,77.92,3.39,0.76
2024-09-05T10:45:42Z,40.050383370825877,116.288052136959081,48.17,3.40,79.57,3.36,0.76
2024-09-05T10:45:43Z,40.050388578315143,116.288091094997185,48.08,3.34,79.29,3.32,0.76
2024-09-05T10:45:44Z,40.050394226576948,116.288129453326704,47.99,3.30,77.35,3.31,0.76
2024-09-05T10:45:45Z,40.050400734623750,116.288166780444215,47.92,3.25,74.90,3.31,0.76
2024-09-05T10:45:46Z,40.050408489759675,116.288203765427880,47.86,3.29,72.66,3.32,0.76
2024-09-05T10:45:47Z,40.050416841313194,116.288240705668684,47.82,3.31,73.31,3.32,0.76
2024-09-05T10:45:48Z,40.050424563971198,116.288278066248537,47.80,3.33,75.57,3.29,0.76
2024-09-05T10:45:49Z,40.050430884815668,116.288316205128041,47.79,3.31,79.24,3.27,0.76
2024-09-05T10:45:50Z,40.050435869992143,116.288354758695746,47.80,3.33,80.85,3.25,0.76
2024-09-05T10:45:51Z,40.050440298630328,116.288393438545128,47.82,3.30,81.59,3.24,0.76
2024-09-05T10:45:52Z,40.050444047362490,116.288431925299022,47.87,3.21,83.32,3.24,0.76
2024-09-05T10:45:53Z,40.050447223979283,116.288470821874697,47.91,3.38,83.92,3.25,0.76
2024-09-05T10:45:54Z,40.050450717984461,116.288509848862006,47.96,3.21,82.41,3.25,0.76
2024-09-05T10:45:55Z,40.050455462374508,116.288547923700023,48.02,3.28,79.09,3.26,0.76
2024-09-05T10:45:56Z,40.050461403383913,116.288585190799793,48.09,3.12,77.04,3.26,0.76
2024-09-05T10:45:57Z,40.050468030544572,116.288622149732078,48.16,3.27,76.78,3.25,0.76
2024-09-05T10:45:58Z,40.050475187212129,116.288661108856303,48.22,3.52,76.92,3.24,0.76
2024-09-05T10:45:59Z,40.050482629630821,116.288701960512199,48.27,3.63,77.46,3.25,0.76
2024-09-05T10:46:00Z,40.050490107774081,116.288743660127039,48.33,3.68,77.78,3.26,0.76
2024-09-05T10:46:01Z,40.050497600559623,116.288785429851117,48.38,3.69,77.62,3.28,0.76
2024-09-05T10:46:02Z,40.050505092052624,116.288825983075100,48.44,3.56,77.35,3.30,0.76
2024-09-05T10:46:03Z,40.050512346887587,116.288866103791008,48.49,3.56,77.78,3.32,0.76
2024-09-05T10:46:04Z,40.050519063160891,116.288905619772393,48.54,3.47,78.27,3.34,0.76
2024-09-05T10:46:05Z,40.050525231349376,116.288944425929515,48.58,3.42,79.51,3.33,0.76
2024-09-05T10:46:06Z,40.050531246633703,116.288982589988251,48.60,3.34,78.26,3.31,0.76
2024-09-05T10:46:07Z,40.050537481543408,116.289019234399888,48.62,3.17,76.03,3.27,0.76
2024-09-05T10:46:08Z,40.050544588667186,116.289054314922240,48.64,3.12,72.55,3.23,0.76
2024-09-05T10:46:09Z,40.050552390890431,116.289088083749419,48.66,3.02,70.96,3.22,0.76
2024-09-05T10:46:10Z,40.050559927765519,116.289120824909830,48.68,2.96,71.45,3.23,0.76
2024-09-05T10:46:11Z,40.050566816151374,116.289153831959979,48.70,3.09,72.49,3.22,0.76
2024-09-05T10:46:12Z,40.050574000541658,116.289189998714363,48.73,3.54,72.77,3.22,0.76
2024-09-05T10:46:13Z,40.050581902823858,116.289228690522691,48.75,3.56,72.74,3.20,0.76
2024-09-05T10:46:14Z,40.050589184474028,116.289266686387563,48.76,3.43,73.96,3.20,0.76
2024-09-05T10:46:15Z,40.050594167135159,116.289302263896815,48.78,3.06,79.38,3.21,0.76
2024-09-05T10:46:16Z,40.050594798175425,116.289336103371852,48.79,3.00,89.71,3.22,0.76
2024-09-05T10:46:17Z,40.050588887728203,116.289370632033339,48.81,3.25,104.82,3.19,0.76
2024-09-05T10:46:18Z,40.050575654542079,116.289405180725055,48.84,3.41,118.87,3.18,0.76
2024-09-05T10:46:19Z,40.050555898687193,116.289437194864476,48.86,3.55,130.91,3.20,0.76
2024-09-05T10:46:20Z,40.050530762575967,116.289464502978447,48.88,3.60,143.27,3.19,0.76
2024-09-05T10:46:21Z,40.050501306507272,116.289486126338502,48.90,3.73,153.20,3.18,0.76
2024-09-05T10:46:22Z,40.050468843559990,116.289503451762712,48.91,3.84,158.61,3.21,0.76
2024-09-05T10:46:23Z,40.050435569640797,116.289517975010099,48.93,3.76,161.18,3.26,0.77
2024-09-05T10:46:24Z,40.050403101708177,116.289529975494830,48.94,3.54,164.29,3.29,0.77
2024-09-05T10:46:25Z,40.050371563917167,116.289539665368778,48.95,3.49,166.34,3.30,0.78
2024-09-05T10:46:26Z,40.050339689595646,116.289548087582915,48.96,3.56,167.89,3.29,0.79
2024-09-05T10:46:27Z,40.050307115286770,116.289556231085655,48.95,3.60,168.09,3.28,0.79
2024-09-05T10:46:28Z,40.050274854293285,116.289564835524587,48.96,3.57,166.84,3.30,0.80
2024-09-05T10:46:29Z,40.050243203612069,116.289574280323620,48.96,3.50,165.36,3.32,0.81
2024-09-05T10:46:30Z,40.050212255423496,116.289584473228729,48.94,3.45,164.08,3.35,0.83
2024-09-05T10:46:31Z,40.050181790611148,116.289595464365661,48.94,3.44,163.22,3.39,0.84
2024-09-05T10:46:32Z,40.050151254893720,116.289606721733904,48.95,3.45,163.83,3.42,0.85
2024-09-05T10:46:33Z,40.050120437193456,116.289617604763578,48.94,3.48,164.86,3.45,0.86
2024-09-05T10:46:34Z,40.050089286418036,116.289627623936141,48.95,3.44,166.58,3.47,0.87
2024-09-05T10:46:35Z,40.050058289103347,116.289636699099916,48.96,3.40,167.34,3.50,0.88
2024-09-05T10:46:36Z,40.050028006066483,116.289645561603095,48.98,3.29,166.83,3.55,0.89
2024-09-05T10:46:37Z,40.049998898903162,116.289654297624850,49.00,3.13,166.99,3.55,0.90
2024-09-05T10:46:38Z,40.049970017473548,116.289663059188939,49.03,3.23,166.95,3.56,0.91
2024-09-05T10:46:39Z,40.049940826769067,116.289672064486624,49.06,3.20,166.73,3.55,0.91
2024-09-05T10:46:40Z,40.049911992202347,116.289681565529094,49.10,3.20,165.01,3.54,0.92
2024-09-05T10:46:41Z,40.049883141886099,116.289692192173533,49.15,3.28,163.44,3.54,0.92
2024-09-05T10:46:42Z,40.049853487138073,116.289703909317922,49.21,3.42,162.76,3.54,0.93
2024-09-05T10:46:43Z,40.049822670983758,116.289715870728500,49.26,3.58,163.53,3.56,0.93
2024-09-05T10:46:44Z,40.049790939770368,116.289727084188854,49.32,3.57,165.04,3.60,0.93
2024-09-05T10:46:45Z,40.049758984348884,116.289737104605990,49.39,3.60,166.38,3.65,0.94
2024-09-05T10:46:46Z,40.049726473661408,116.289746085642193,49.45,3.64,167.31,3.69,0.94
2024-09-05T10:46:47Z,40.049693232196439,116.289754687909110,49.53,3.75,167.70,3.72,0.94
2024-09-05T10:46:48Z,40.049659543630149,116.289762996592657,49.60,3.77,168.09,3.72,0.94
2024-09-05T10:46:49Z,40.049626033784477,116.289771019887709,49.68,3.71,168.49,3.72,0.94
2024-09-05T10:46:50Z,40.049593149393480,116.289778629981129,49.76,3.59,169.00,3.71,0.94
2024-09-05T10:46:51Z,40.049561528788061,116.289786016804157,49.86,3.43,169.08,3.70,0.94
2024-09-05T10:46:52Z,40.049531431991355,116.289793376654558,49.98,3.25,169.32,3.69,0.94
2024-09-05T10:46:53Z,40.049502446744029,116.289800395871296,50.11,3.18,169.68,3.68,0.94
2024-09-05T10:46:54Z,40.049473746065203,116.289807122009890,50.24,3.16,170.52,3.67,0.94
2024-09-05T10:46:55Z,40.049444862504330,116.289813204538277,50.38,3.23,172.43,3.67,0.94
2024-09-05T10:46:56Z,40.049415427643218,116.289818413377546,50.52,3.29,173.48,3.64,0.94
2024-09-05T10:46:57Z,40.049385872805118,116.289823178900832,50.69,3.27,174.07,3.59,0.94
2024-09-05T10:46:58Z,40.049356609341245,116.289828133617235,50.83,3.25,172.99,3.56,0.93
2024-09-05T10:46:59Z,40.049327785625074,116.289833854295807,50.98,3.21,171.27,3.56,0.93
2024-09-05T10:47:00Z,40.049299545595829,116.289840540665367,51.11,3.14,169.21,3.57,0.93
2024-09-05T10:47:01Z,40.049271547177625,116.289848383265905,51.24,3.20,167.04,3.57,0.93
2024-09-05T10:47:02Z,40.049243111662960,116.289857388542401,51.36,3.26,165.77,3.57,0.93
2024-09-05T10:47:03Z,40.049214303789483,116.289866723170576,51.47,3.29,166.00,3.58,0.93
2024-09-05T10:47:04Z,40.049185294213089,116.289875898174344,51.58,3.29,166.37,3.59,0.93
2024-09-05T10:47:05Z,40.049156329018174,116.289884854650154,51.68,3.27,166.50,3.61,0.92
2024-09-05T10:47:06Z,40.049127694888647,116.289894192997494,51.77,3.24,164.88,3.61,0.92
2024-09-05T10:47:07Z,40.049099365901881,116.289904372271252,51.86,3.25,163.83,3.61,0.92
2024-09-05T10:47:08Z,40.049071211418813,116.289914861778342,51.93,3.24,163.59,3.60,0.92
2024-09-05T10:47:09Z,40.049043180468459,116.289924995981110,51.99,3.21,164.56,3.61,0.93
2024-09-05T10:47:10Z,40.049015231532323,116.289933964971596,52.03,3.16,166.68,3.62,0.93
2024-09-05T10:47:11Z,40.048987177061143,116.289941560677221,52.06,3.22,168.38,3.62,0.93
2024-09-05T10:47:12Z,40.048958715679071,116.289948134548013,52.08,3.24,169.52,3.63,0.93
2024-09-05T10:47:13Z,40.048930211693850,116.289954254707027,52.09,3.24,169.80,3.65,0.93
2024-09-05T10:47:14Z,40.048901963048991,116.289960072784154,52.07,3.18,170.31,3.63,0.94
2024-09-05T10:47:15Z,40.048874073332115,116.289965655017767,52.05,3.17,170.61,3.60,0.94
2024-09-05T10:47:16Z,40.048846403728106,116.289971143762912,52.01,3.16,170.30,3.57,0.94
2024-09-05T10:47:17Z,40.048818785557984,116.289977060857680,51.96,3.18,169.04,3.56,0.94
2024-09-05T10:47:18Z,40.048791408775635,116.289984035899181,51.90,3.14,167.14,3.57,0.94
2024-09-05T10:47:19Z,40.048765043950525,116.289991722301352,51.83,2.95,165.38,3.57,0.94
2024-09-05T10:47:20Z,40.048739876404056,116.290000014149513,51.76,2.89,163.83,3.57,0.94
2024-09-05T10:47:21Z,40.048715032003855,116.290008852706279,51.69,2.93,163.22,3.58,0.94
2024-09-05T10:47:22Z,40.048689729821810,116.290018162562362,51.62,3.02,162.78,3.56,0.94
2024-09-05T10:47:23Z,40.048663874855322,116.290027921142809,51.54,3.07,162.10,3.52,0.94
2024-09-05T10:47:24Z,40.048637952069114,116.290037931185836,51.46,3.04,161.41,3.49,0.94
2024-09-05T10:47:25Z,40.048612194237997,116.290047953439228,51.37,3.04,160.96,3.49,0.94
2024-09-05T10:47:26Z,40.048586468246519,116.290058087628466,51.27,3.03,161.56,3.50,0.94
2024-09-05T10:47:27Z,40.048560576025857,116.290068104248462,51.15,3.05,161.45,3.52,0.94
2024-09-05T10:47:28Z,40.048534792563856,116.290077886911220,51.04,3.05,162.31,3.52,0.94
2024-09-05T10:47:29Z,40.048508831522469,116.290087624001202,50.92,3.05,161.74,3.53,0.94
2024-09-05T10:47:30Z,40.048482744516761,116.290097621685263,50.78,3.08,162.15,3.54,0.94
2024-09-05T10:47:31Z,40.048456243676519,116.290107581234167,50.65,3.12,163.20,3.57,0.94
2024-09-05T10:47:32Z,40.048429363917542,116.290116686400438,50.52,3.13,166.01,3.58,0.94
2024-09-05T10:47:33Z,40.048401802048105,116.290124372387183,50.39,3.16,169.17,3.55,0.94
2024-09-05T10:47:34Z,40.048374142695963,116.290130546237791,50.27,3.09,171.81,3.53,0.94
2024-09-05T10:47:35Z,40.048346893821197,116.290135196304590,50.17,3.03,174.24,3.54,0.94
2024-09-05T10:47:36Z,40.048320404325551,116.290138201936671,50.08,2.92,177.11,3.56,0.94
2024-09-05T10:47:37Z,40.048295176827175,116.290139587794201,50.01,2.73,179.36,3.59,0.94
2024-09-05T10:47:38Z,40.048270491815501,116.290139985850914,49.94,2.78,180.05,3.63,0.94
2024-09-05T10:47:39Z,40.048245393689157,116.290140836729492,49.89,2.80,177.96,3.66,0.94
2024-09-05T10:47:40Z,40.048219899494377,116.290143296947164,49.85,2.87,174.22,3.68,0.93
2024-09-05T10:47:42Z,40.048192464491443,116.290148470534007,49.82,2.97,169.56,3.69,0.93
2024-09-05T10:47:43Z,40.048165676275453,116.290156327118311,49.80,3.15,165.05,3.71,0.92
2024-09-05T10:47:44Z,40.048138076187669,116.290167003648037,49.79,3.21,161.01,3.73,0.92
2024-09-05T10:47:45Z,40.048110747982228,116.290179679632132,49.80,3.21,158.32,3.74,0.91
2024-09-05T10:47:46Z,40.048083582502443,116.290193440391675,49.81,3.19,157.69,3.75,0.90
2024-09-05T10:47:47Z,40.048056648571112,116.290207083924813,49.83,3.23,158.07,3.75,0.90
2024-09-05T10:47:48Z,40.048029540882780,116.290220488526913,49.86,3.26,158.98,3.76,0.89
2024-09-05T10:47:49Z,40.048001996864507,116.290233578046937,49.90,3.30,159.89,3.76,0.89
2024-09-05T10:47:50Z,40.047973890403291,116.290246353089557,49.95,3.34,161.11,3.75,0.88
2024-09-05T10:47:51Z,40.047944681249412,116.290259057640327,50.01,3.38,162.24,3.73,0.88
2024-09-05T10:47:52Z,40.047916500052935,116.290270879033983,50.05,3.37,163.51,3.72,0.88
2024-09-05T10:47:53Z,40.047887976280840,116.290282047083494,50.11,3.29,165.26,3.71,0.87
2024-09-05T10:47:54Z,40.047860514153648,116.290291773217831,50.16,3.18,167.77,3.71,0.87
2024-09-05T10:47:55Z,40.047833724011738,116.290299771531195,50.20,3.11,169.45,3.71,0.87
2024-09-05T10:47:56Z,40.047807632597532,116.290306632790603,50.24,2.99,169.72,3.66,0.88
2024-09-05T10:47:57Z,40.047782134846777,116.290313813519717,50.26,3.01,167.75,3.62,0.88
2024-09-05T10:47:58Z,40.047757021192211,116.290322301509050,50.29,2.89,164.33,3.58,0.88
2024-09-05T10:47:59Z,40.047733308176838,116.290332458650752,50.30,2.86,159.85,3.55,0.88
2024-09-05T10:48:00Z,40.047710603356357,116.290345145458019,50.30,2.78,153.80,3.53,0.88
2024-09-05T10:48:01Z,40.047689865414426,116.290360161440475,50.30,2.66,147.09,3.53,0.88
2024-09-05T10:48:02Z,40.047670302792696,116.290378231449793,50.26,2.81,141.74,3.53,0.88
2024-09-05T10:48:03Z,40.047650893080394,116.290398236025695,50.21,2.88,140.45,3.53,0.88
2024-09-05T10:48:04Z,40.047630877093724,116.290417844223853,50.15,2.88,143.67,3.50,0.87
2024-09-05T10:48:05Z,40.047609738726187,116.290435520583372,50.09,2.85,147.56,3.47,0.88
2024-09-05T10:48:06Z,40.047588105015151,116.290450799364294,50.02,2.83,150.75,3.46,0.87
2024-09-05T10:48:07Z,40.047565838402377,116.290464379907505,49.93,2.81,152.82,3.46,0.87
2024-09-05T10:48:08Z,40.047543432960360,116.290476535587061,49.84,2.77,154.45,3.47,0.87
2024-09-05T10:48:09Z,40.047520706813252,116.290488204450597,49.77,2.77,154.80,3.49,0.87
2024-09-05T10:48:10Z,40.047497247610799,116.290499263014965,49.69,2.83,155.92,3.52,0.87
2024-09-05T10:48:11Z,40.047472992444760,116.290509711970444,49.62,2.89,157.21,3.54,0.87
2024-09-05T10:48:12Z,40.047448247190239,116.290518767403654,49.55,2.85,160.41,3.53,0.87
2024-09-05T10:48:13Z,40.047423459682022,116.290525811151426,49.47,2.83,163.94,3.50,0.87
2024-09-05T10:48:14Z,40.047398460740460,116.290531276813724,49.40,2.87,166.45,3.47,0.87
2024-09-05T10:48:15Z,40.047372060629158,116.290536279935992,49.33,2.94,168.02,3.46,0.87
2024-09-05T10:48:16Z,40.047345165590301,116.290540957699704,49.27,2.98,167.32,3.46,0.87
2024-09-05T10:48:17Z,40.047318353086709,116.290547016092120,49.22,3.03,164.91,3.47,0.88
2024-09-05T10:48:18Z,40.047291098595508,116.290553254149131,49.18,3.10,166.70,3.44,0.88
2024-09-05T10:48:19Z,40.047262735519510,116.290558268460074,49.17,3.24,169.62,3.42,0.89
2024-09-05T10:48:20Z,40.047233839770591,116.290561896772090,49.19,3.31,171.39,3.41,0.89
2024-09-05T10:48:21Z,40.047204024528071,116.290565434721429,49.22,3.28,171.90,3.40,0.90
2024-09-05T10:48:22Z,40.047175469101035,116.290569274314493,49.27,3.12,170.86,3.41,0.90
2024-09-05T10:48:23Z,40.047147943079985,116.290574399293760,49.33,3.08,168.07,3.43,0.91
2024-09-05T10:48:24Z,40.047120439784806,116.290581083897592,49.40,3.21,166.58,3.45,0.91
2024-09-05T10:48:25Z,40.047092092568874,116.290587533711602,49.47,3.21,169.56,3.44,0.91
2024-09-05T10:48:26Z,40.047063800553225,116.290591590908477,49.56,3.13,174.34,3.42,0.92
2024-09-05T10:48:27Z,40.047035942517603,116.290592926079228,49.65,3.06,178.21,3.45,0.92
2024-09-05T10:48:28Z,40.047006213453578,116.290592880337584,49.76,3.07,178.88,3.51,0.92
2024-09-05T10:48:29Z,40.046980134519416,116.290593151506229,49.86,3.10,177.17,3.57,0.93
2024-09-05T10:48:30Z,40.046952637496723,116.290594836755034,49.96,3.02,174.99,3.61,0.93
2024-09-05T10:48:31Z,40.046925637302039,116.290597431594620,50.07,2.96,173.75,3.63,0.93
2024-09-05T10:48:32Z,40.046899061858959,116.290600943797585,50.17,2.91,172.32,3.66,0.93
2024-09-05T10:48:33Z,40.046872626300662,116.290605498712665,50.28,2.97,170.70,3.71,0.94
2024-09-05T10:48:34Z,40.046846067961859,116.290610896420446,50.39,3.00,169.99,3.75,0.94
2024-09-05T10:48:35Z,40.046818797894659,116.290616916931299,50.48,3.02,169.19,3.79,0.94
2024-09-05T10:48:36Z,40.046791557780530,116.290622998273946,50.57,3.03,169.28,3.80,0.94
2024-09-05T10:48:37Z,40.046764180480842,116.290628749665501,50.67,3.09,169.19,3.80,0.94
2024-09-05T10:48:38Z,40.046736034499020,116.290634571516165,50.77,3.15,168.96,3.80,0.94
2024-09-05T10:48:39Z,40.046707975605884,116.290640281089281,50.87,3.17,168.61,3.79,0.94
2024-09-05T10:48:40Z,40.046679115324999,116.290646640022459,50.97,3.15,167.46,3.80,0.94
2024-09-05T10:48:41Z,40.046652065950624,116.290653590150910,51.07,3.10,165.15,3.82,0.94
2024-09-05T10:48:42Z,40.046627257624152,116.290661770470635,51.16,2.93,162.02,3.82,0.94
2024-09-05T10:48:43Z,40.046601516440582,116.290671333809286,51.26,3.00,161.61,3.81,0.94
2024-09-05T10:48:44Z,40.046575283847872,116.290680624556046,51.36,3.03,164.49,3.79,0.94
2024-09-05T10:48:45Z,40.046548345008667,116.290688233818386,51.46,3.05,168.03,3.78,0.94
2024-09-05T10:48:46Z,40.046520776256955,116.290693991694113,51.56,3.09,171.72,3.76,0.94
2024-09-05T10:48:47Z,40.046492654978444,116.290697499883962,51.66,3.13,175.70,3.74,0.94
2024-09-05T10:48:48Z,40.046464197484234,116.290699258017895,51.77,3.17,178.99,3.75,0.94
2024-09-05T10:48:49Z,40.046435320148909,116.290699398029460,51.86,3.21,181.14,3.77,0.94
2024-09-05T10:48:50Z,40.046406088462675,116.290698986959811,51.96,3.24,181.38,3.78,0.94
2024-09-05T10:48:51Z,40.046376790764455,116.290699418449918,52.05,3.26,179.56,3.80,0.94
2024-09-05T10:48:52Z,40.046347608991397,116.290701176295897,52.12,3.26,177.13,3.80,0.94
2024-09-05T10:48:53Z,40.046319050660955,116.290704650776348,52.16,3.22,175.01,3.81,0.94
2024-09-05T10:48:54Z,40.046290966669424,116.290709081498150,52.20,3.19,173.25,3.79,0.94
2024-09-05T10:48:55Z,40.046263364290517,116.290714705892810,52.22,3.16,170.31,3.78,0.94
2024-09-05T10:48:56Z,40.046236313106846,116.290721882291209,52.24,3.15,167.08,3.76,0.94
2024-09-05T10:48:57Z,40.046209919475359,116.290731170462593,52.25,3.14,163.06,3.73,0.94
2024-09-05T10:48:58Z,40.046184028065312,116.290742435519022,52.23,3.14,160.54,3.68,0.94
2024-09-05T10:48:59Z,40.046158707453820,116.290755101669106,52.20,3.13,159.10,3.65,0.94
2024-09-05T10:49:00Z,40.046133998565786,116.290767594795369,52.14,3.09,160.24,3.63,0.94
2024-09-05T10:49:01Z,40.046109660099546,116.290779192837107,52.08,3.07,163.19,3.62,0.93
2024-09-05T10:49:02Z,40.046084766057724,116.290788776254885,51.99,3.13,167.41,3.59,0.93
2024-09-05T10:49:03Z,40.046058455377782,116.290794972777277,51.90,3.34,175.07,3.55,0.92
2024-09-05T10:49:04Z,40.046031485257281,116.290796427280682,51.82,3.26,182.34,3.50,0.91
2024-09-05T10:49:05Z,40.046006087600958,116.290794016019916,51.73,2.98,187.23,3.46,0.90
2024-09-05T10:49:06Z,40.045983037582545,116.290790965146556,51.63,2.81,186.62,3.43,0.89
2024-09-05T10:49:07Z,40.045961333986050,116.290789897478675,51.53,2.58,181.65,3.39,0.88
2024-09-05T10:49:08Z,40.045942106568788,116.290793016916041,51.43,2.36,175.10,3.36,0.87
2024-09-05T10:49:09Z,40.045924235578383,116.290798698976019,51.33,2.33,170.25,3.35,0.86
2024-09-05T10:49:10Z,40.045906373695146,116.290805852511312,51.25,2.29,167.00,3.36,0.84
2024-09-05T10:49:11Z,40.045891523361767,116.290812830692332,51.17,1.71,167.90,3.33,0.83
2024-09-05T10:49:12Z,40.045882005404387,116.290818451399758,51.10,1.02,161.79,3.28,0.82
2024-09-05T10:49:13Z,40.045879607381210,116.290822921374968,51.02,0.23,112.51,3.23,0.80
2024-09-05T10:49:14Z,40.045882012112145,116.290827604961805,50.94,0.37,64.31,3.18,0.79
2024-09-05T10:49:15Z,40.045886144466515,116.290834085626855,50.86,0.58,60.43,3.16,0.78
2024-09-05T10:49:16Z,40.045890762271647,116.290842852009220,50.79,0.78,70.06,3.17,0.78
2024-09-05T10:49:17Z,40.045894638737558,116.290854969742938,50.72,1.09,83.20,3.18,0.78
2024-09-05T10:49:18Z,40.045896164465866,116.290866554154263,50.65,0.70,107.06,3.20,0.78
2024-09-05T10:49:19Z,40.045896609721609,116.290875845881175,50.56,0.71,100.05,3.21,0.78
2024-09-05T10:49:20Z,40.045900006076899,116.290887857995884,50.47,1.21,69.77,3.20,0.78
2024-09-05T10:49:21Z,40.045907573624291,116.290905435405634,50.39,1.85,63.80,3.19,0.79
2024-09-05T10:49:22Z,40.045918058282069,116.290928918802578,50.31,2.37,62.80,3.21,0.80
2024-09-05T10:49:23Z,40.045930325650446,116.290958136344358,50.23,2.87,65.17,3.25,0.81
2024-09-05T10:49:24Z,40.045943863212720,116.290991558837007,50.15,3.10,65.04,3.26,0.82
2024-09-05T10:49:25Z,40.045957912848863,116.291026629368446,50.04,3.19,65.06,3.28,0.83
2024-09-05T10:49:26Z,40.045971843297345,116.291062130132104,49.93,3.16,65.97,3.30,0.83
2024-09-05T10:49:27Z,40.045985384506452,116.291097632021874,49.84,3.23,66.56,3.29,0.84
2024-09-05T10:49:28Z,40.045998592926345,116.291133564251609,49.74,3.25,67.55,3.30,0.84
2024-09-05T10:49:29Z,40.046010899708847,116.291169376019127,49.66,3.14,69.52,3.32,0.84
2024-09-05T10:49:30Z,40.046021518399279,116.291204307775914,49.58,3.00,72.13,3.32,0.84
2024-09-05T10:49:31Z,40.046030712134872,116.291238835073869,49.52,2.98,74.07,3.31,0.84
2024-09-05T10:49:32Z,40.046038693088342,116.291273844885055,49.46,3.03,76.55,3.31,0.83
2024-09-05T10:49:33Z,40.046046823592398,116.291310278604541,49.40,3.21,74.07,3.30,0.83
2024-09-05T10:49:34Z,40.046055833326186,116.291347625653458,49.34,3.22,73.35,3.32,0.82
2024-09-05T10:49:35Z,40.046064949895403,116.291384987784284,49.28,3.21,73.21,3.34,0.82
2024-09-05T10:49:36Z,40.046073954705278,116.291421988093745,49.23,3.16,73.15,3.35,0.81
2024-09-05T10:49:37Z,40.046083479810193,116.291458730019286,49.17,3.24,69.96,3.34,0.80
2024-09-05T10:49:38Z,40.046094269676203,116.291496072634047,49.12,3.33,68.51,3.34,0.80
2024-09-05T10:49:39Z,40.046105748012202,116.291534323799482,49.08,3.43,67.90,3.34,0.80
2024-09-05T10:49:40Z,40.046117081908044,116.291573372698977,49.06,3.48,69.03,3.35,0.79
2024-09-05T10:49:41Z,40.046127663671008,116.291613237155801,49.04,3.53,70.66,3.36,0.79
2024-09-05T10:49:42Z,40.046137297697086,116.291654262906732,49.02,3.58,72.79,3.37,0.79
2024-09-05T10:49:43Z,40.046146045446690,116.291695783364617,49.02,3.58,74.13,3.38,0.79
2024-09-05T10:49:44Z,40.046154097060274,116.291737404789032,49.01,3.55,75.39,3.38,0.79
2024-09-05T10:49:45Z,40.046161662045947,116.291778532913540,49.01,3.47,76.05,3.40,0.79
2024-09-05T10:49:46Z,40.046168674756203,116.291819392403738,49.02,3.49,77.56,3.38,0.79
2024-09-05T10:49:46Z,40.046175078175118,116.291860710362386,49.04,3.53,78.65,3.35,0.78
2024-09-05T10:49:47Z,40.046181078308905,116.291901850363303,49.08,3.48,79.38,3.34,0.78
2024-09-05T10:49:48Z,40.046186955340119,116.291942447789950,49.12,3.46,79.62,3.33,0.78
2024-09-05T10:49:49Z,40.046192743100349,116.291982477591603,49.17,3.41,79.81,3.34,0.77
2024-09-05T10:49:50Z,40.046198446621823,116.292022212117573,49.23,3.42,80.68,3.32,0.77
2024-09-05T10:49:51Z,40.046204115537527,116.292061775418134,49.29,3.39,80.62,3.32,0.77
2024-09-05T10:49:52Z,40.046210157749854,116.292101631310317,49.36,3.50,79.42,3.35,0.76
2024-09-05T10:49:53Z,40.046216815097516,116.292142351301052,49.42,3.55,78.49,3.39,0.76
2024-09-05T10:49:54Z,40.046223685035081,116.292183467409117,49.50,3.57,78.24,3.41,0.76
2024-09-05T10:49:55Z,40.046230652273323,116.292224751171247,49.57,3.58,77.58,3.41,0.76
2024-09-05T10:49:56Z,40.046237857014781,116.292265634220101,49.62,3.56,76.07,3.44,0.76
2024-09-05T10:49:57Z,40.046245835952178,116.292305591670271,49.67,3.49,73.39,3.47,0.76
2024-09-05T10:49:58Z,40.046255455011611,116.292343903976331,49.71,3.43,68.99,3.51,0.76
2024-09-05T10:49:59Z,40.046267116888984,116.292380122688940,49.75,3.34,64.38,3.55,0.76
2024-09-05T10:50:00Z,40.046280534482612,116.292414428105815,49.79,3.29,61.02,3.58,0.76
2024-09-05T10:50:01Z,40.046294390783338,116.292447721540583,49.81,3.25,61.25,3.60,0.76
2024-09-05T10:50:02Z,40.046307193676938,116.292481145763631,49.83,3.22,64.77,3.58,0.76
2024-09-05T10:50:03Z,40.046318047671100,116.292515614799271,49.84,3.21,69.42,3.54,0.76
2024-09-05T10:50:04Z,40.046326927376334,116.292551078193810,49.84,3.22,73.02,3.52,0.77
2024-09-05T10:50:05Z,40.046334494258723,116.292587378907740,49.83,3.25,75.29,3.52,0.77
2024-09-05T10:50:06Z,40.046341594263296,116.292624145004453,49.83,3.26,76.13,3.54,0.78
2024-09-05T10:50:07Z,40.046349009915033,116.292660634166879,49.83,3.22,74.40,3.55,0.79
2024-09-05T10:50:08Z,40.046357381569109,116.292696070859492,49.84,3.15,71.97,3.53,0.80
2024-09-05T10:50:09Z,40.046366264385355,116.292729831984147,49.85,2.97,70.92,3.52,0.81
2024-09-05T10:50:10Z,40.046374296817149,116.292761831335383,49.88,2.80,73.46,3.52,0.82
2024-09-05T10:50:11Z,40.046380681833334,116.292793571898656,49.90,2.82,77.46,3.51,0.84
2024-09-05T10:50:12Z,40.046385676716369,116.292826952477498,49.93,2.97,80.06,3.51,0.85
2024-09-05T10:50:13Z,40.046390462030367,116.292862231200942,49.95,3.13,79.15,3.53,0.87
2024-09-05T10:50:14Z,40.046396141035935,116.292898655560109,49.99,3.20,76.48,3.57,0.88
2024-09-05T10:50:15Z,40.046403401372210,116.292934899365619,50.03,3.19,72.43,3.58,0.89
2024-09-05T10:50:16Z,40.046412295893120,116.292969843802865,50.10,3.11,68.50,3.59,0.90
2024-09-05T10:50:17Z,40.046422441145488,116.293003578839588,50.17,3.11,65.73,3.60,0.91
2024-09-05T10:50:18Z,40.046433379154657,116.293036684011710,50.25,3.12,64.27,3.63,0.92
2024-09-05T10:50:19Z,40.046444578550798,116.293069742867345,50.33,3.13,64.63,3.66,0.92
2024-09-05T10:50:20Z,40.046455710734989,116.293103029905865,50.42,3.16,64.51,3.69,0.92
2024-09-05T10:50:21Z,40.046467039506993,116.293136963328664,50.51,3.26,64.64,3.69,0.92
2024-09-05T10:50:22Z,40.046478397301840,116.293171771804353,50.61,3.31,65.32,3.65,0.91
2024-09-05T10:50:23Z,40.046488924943972,116.293207189940304,50.70,3.31,67.60,3.61,0.91
2024-09-05T10:50:24Z,40.046497969080285,116.293243290815994,50.81,3.29,70.81,3.59,0.90
2024-09-05T10:50:25Z,40.046505398755045,116.293279693069820,50.89,3.25,73.25,3.59,0.89
2024-09-05T10:50:26Z,40.046511505788587,116.293315839616326,50.97,3.19,73.45,3.59,0.88
2024-09-05T10:50:27Z,40.046517122741378,116.293350580645551,51.05,3.01,73.22,3.57,0.87
2024-09-05T10:50:28Z,40.046522803812607,116.293383732346769,51.12,2.94,72.54,3.54,0.86
2024-09-05T10:50:29Z,40.046527566951092,116.293416228546278,51.20,2.91,74.67,3.52,0.84
2024-09-05T10:50:30Z,40.046531119160598,116.293448948139982,51.24,2.94,78.32,3.50,0.83
2024-09-05T10:50:31Z,40.046532668722456,116.293481804923289,51.26,2.92,83.55,3.47,0.82
2024-09-05T10:50:32Z,40.046531531454050,116.293514384571239,51.26,2.87,89.77,3.44,0.80
2024-09-05T10:50:33Z,40.046527042940824,116.293546531356796,51.24,2.89,97.20,3.42,0.79
2024-09-05T10:50:34Z,40.046518745646608,116.293578547018967,51.20,2.94,106.40,3.40,0.78
2024-09-05T10:50:35Z,40.046505685226101,116.293609385983657,51.14,2.99,116.68,3.37,0.78
2024-09-05T10:50:36Z,40.046488788017577,116.293638173698852,51.07,2.98,124.68,3.36,0.77
2024-09-05T10:50:37Z,40.046469172646269,116.293664106818198,50.99,2.95,133.53,3.33,0.77
2024-09-05T10:50:38Z,40.046446401410996,116.293686372100098,50.89,3.01,143.20,3.31,0.76
2024-09-05T10:50:39Z,40.046421402023960,116.293704320506436,50.78,2.90,151.39,3.28,0.76
2024-09-05T10:50:40Z,40.046396647215310,116.293718729082912,50.65,2.67,153.66,3.26,0.76
2024-09-05T10:50:41Z,40.046372807640950,116.293730954290254,50.51,2.57,157.39,3.23,0.76
2024-09-05T10:50:42Z,40.046349939726575,116.293740950806637,50.37,2.38,161.51,3.20,0.76
2024-09-05T10:50:43Z,40.046326045072092,116.293748858313322,50.23,2.64,166.38,3.18,0.76
2024-09-05T10:50:44Z,40.046300470082862,116.293756309465152,50.09,2.73,166.32,3.17,0.76
2024-09-05T10:50:45Z,40.046274383267921,116.293764534030643,49.97,2.83,164.75,3.16,0.76
2024-09-05T10:50:46Z,40.046247554507673,116.293773914455656,49.85,2.97,163.40,3.16,0.76
2024-09-05T10:50:47Z,40.046219460623234,116.293783959748623,49.73,3.13,163.92,3.16,0.76
2024-09-05T10:50:48Z,40.046190352449813,116.293794181387554,49.62,3.20,164.13,3.17,0.76
2024-09-05T10:50:49Z,40.046161350020974,116.293804522913589,49.51,3.14,163.62,3.16,0.76
2024-09-05T10:50:50Z,40.046133419316554,116.293815602141407,49.40,3.04,161.22,3.15,0.76
2024-09-05T10:50:51Z,40.046106910885072,116.293828055318741,49.28,2.94,157.00,3.16,0.76
2024-09-05T10:50:52Z,40.046081610601419,116.293841954544774,49.17,2.89,154.74,3.14,0.76
2024-09-05T10:50:53Z,40.046057090338167,116.293856543958157,49.06,2.86,153.53,3.14,0.76
2024-09-05T10:50:54Z,40.046033013135570,116.293871123010305,48.96,2.76,153.88,3.17,0.76
2024-09-05T10:50:55Z,40.046009562659684,116.293884700049361,48.86,2.71,155.88,3.18,0.76
2024-09-05T10:50:56Z,40.045985383276765,116.293898016162572,48.77,2.87,156.83,3.17,0.76
2024-09-05T10:50:57Z,40.045960081638292,116.293912272667413,48.70,3.05,155.08,3.16,0.76
2024-09-05T10:50:58Z,40.045934585379399,116.293927855095717,48.64,3.07,153.55,3.15,0.76
2024-09-05T10:50:59Z,40.045909127211729,116.293942964729794,48.58,2.98,155.80,3.14,0.76
2024-09-05T10:51:00Z,40.045884314807253,116.293955045021193,48.54,2.79,161.89,3.15,0.76
2024-09-05T10:51:01Z,40.045859950330168,116.293964590294095,48.53,2.77,163.30,3.14,0.76
2024-09-05T10:51:02Z,40.045835439774677,116.293973727306977,48.53,2.79,163.52,3.12,0.76
2024-09-05T10:51:03Z,40.045810006074532,116.293984093177684,48.54,3.09,160.65,3.11,0.76
2024-09-05T10:51:04Z,40.045783709140778,116.293996855757925,48.56,3.13,157.63,3.11,0.76
2024-09-05T10:51:05Z,40.045757812718392,116.294011671957620,48.60,3.16,154.21,3.12,0.76
2024-09-05T10:51:06Z,40.045732511165490,116.294027048752596,48.65,3.08,155.04,3.13,0.76
2024-09-05T10:51:07Z,40.045707122531880,116.294041259375220,48.69,3.12,157.81,3.12,0.76
2024-09-05T10:51:08Z,40.045680270900810,116.294054229496382,48.74,3.31,160.81,3.13,0.76
2024-09-05T10:51:09Z,40.045653041670825,116.294066176243021,48.80,3.13,161.41,3.12,0.76
2024-09-05T10:51:10Z,40.045627128986780,116.294077723638836,48.85,3.00,160.29,3.11,0.76
2024-09-05T10:51:11Z,40.045602845508228,116.294089631828896,48.91,2.84,157.78,3.11,0.76
2024-09-05T10:51:12Z,40.045580890711676,116.294101678269499,48.97,2.56,155.71,3.13,0.76
2024-09-05T10:51:13Z,40.045560664332321,116.294113704407749,49.03,2.47,154.60,3.14,0.76
2024-09-05T10:51:14Z,40.045541083449471,116.294126144324707,49.09,2.45,152.85,3.17,0.77
2024-09-05T10:51:15Z,40.045521740365238,116.294139790987657,49.14,2.52,149.90,3.16,0.77
2024-09-05T10:51:16Z,40.045502413326624,116.294154559210526,49.18,2.54,148.92,3.15,0.77
2024-09-05T10:51:17Z,40.045483023035608,116.294169156630247,49.20,2.53,150.79,3.13,0.77
2024-09-05T10:51:18Z,40.045463260399508,116.294182818269633,49.22,2.52,153.03,3.14,0.78
2024-09-05T10:51:19Z,40.045443272243823,116.294195705954564,49.22,2.52,154.03,3.15,0.78
2024-09-05T10:51:20Z,40.045423164568355,116.294208329896975,49.21,2.49,154.28,3.16,0.78
2024-09-05T10:51:21Z,40.045402968038012,116.294220679916265,49.21,2.50,154.95,3.16,0.79
2024-09-05T10:51:22Z,40.045382388854819,116.294232810602537,49.22,2.55,155.77,3.16,0.79
2024-09-05T10:51:23Z,40.045361591045570,116.294244366318082,49.23,2.50,157.59,3.15,0.79
2024-09-05T10:51:24Z,40.045341378837392,116.294255108665737,49.25,2.33,158.09,3.15,0.79
2024-09-05T10:51:25Z,40.045322340779521,116.294265286364535,49.27,2.20,158.31,3.15,0.79
2024-09-05T10:51:26Z,40.045303812972101,116.294275296787603,49.31,2.24,157.63,3.15,0.78
2024-09-05T10:51:27Z,40.045284172832922,116.294286189394825,49.37,2.47,156.95,3.13,0.78
2024-09-05T10:51:28Z,40.045263404253362,116.294298060165062,49.42,2.53,155.55,3.11,0.77
2024-09-05T10:51:29Z,40.045242593522602,116.294310484018936,49.48,2.54,154.51,3.10,0.77
2024-09-05T10:51:30Z,40.045221815532258,116.294323136604532,49.56,2.56,154.30,3.10,0.77
2024-09-05T10:51:31Z,40.045200754223529,116.294335868034551,49.64,2.59,154.30,3.11,0.77
2024-09-05T10:51:32Z,40.045179420712003,116.294349319207839,49.74,2.65,152.40,3.12,0.78
2024-09-05T10:51:33Z,40.045158677781814,116.294365020420514,49.84,2.67,145.96,3.12,0.78
2024-09-05T10:51:34Z,40.045139304591238,116.294383808502715,49.94,2.69,139.54,3.12,0.79
2024-09-05T10:51:35Z,40.045120650867531,116.294404564603880,50.02,2.73,138.31,3.11,0.80
2024-09-05T10:51:36Z,40.045101175124067,116.294425829124151,50.09,2.85,140.71,3.11,0.81
2024-09-05T10:51:37Z,40.045080559933517,116.294446068409400,50.15,2.79,144.60,3.12,0.82
2024-09-05T10:51:38Z,40.045059256481196,116.294464124841994,50.21,2.75,148.96,3.11,0.84
2024-09-05T10:51:39Z,40.045037686979406,116.294479618029854,50.26,2.64,153.18,3.11,0.85
2024-09-05T10:51:40Z,40.045016009504643,116.294492821716673,50.29,2.60,156.62,3.14,0.87
2024-09-05T10:51:41Z,40.044994102291128,116.294504700681884,50.31,2.58,158.13,3.15,0.88
2024-09-05T10:51:42Z,40.044972154555182,116.294516057234674,50.32,2.56,158.84,3.15,0.89
2024-09-05T10:51:43Z,40.044950477330744,116.294526950405839,50.31,2.52,159.51,3.17,0.90
2024-09-05T10:51:44Z,40.044929272837564,116.294537549497093,50.29,2.43,159.16,3.17,0.91
2024-09-05T10:51:45Z,40.044908768267078,116.294548212052021,50.23,2.42,157.87,3.18,0.92
2024-09-05T10:51:46Z,40.044887790197699,116.294559862189885,50.15,2.60,156.69,3.17,0.92
2024-09-05T10:51:47Z,40.044865692570923,116.294572284560999,50.06,2.72,157.45,3.18,0.93
2024-09-05T10:51:48Z,40.044842580591762,116.294584362338540,49.95,2.75,159.93,3.19,0.93
2024-09-05T10:51:49Z,40.044819061221567,116.294595408836884,49.82,2.73,161.98,3.19,0.94
2024-09-05T10:51:50Z,40.044796084852194,116.294605445915096,49.68,2.64,162.81,3.19,0.94
2024-09-05T10:51:51Z,40.044774377268652,116.294615119496768,49.55,2.47,161.57,3.18,0.94
2024-09-05T10:51:52Z,40.044754212612759,116.294624669691800,49.42,2.29,160.60,3.17,0.94
2024-09-05T10:51:53Z,40.044734632611515,116.294634277261409,49.31,2.37,160.29,3.17,0.94
2024-09-05T10:51:54Z,40.044715253424997,116.294643799900598,49.23,2.20,160.32,3.16,0.94
2024-09-05T10:51:55Z,40.044696532712706,116.294653151543372,49.14,2.22,159.65,3.15,0.94
2024-09-05T10:51:56Z,40.044677899819668,116.294663125919868,49.05,2.19,157.62,3.15,0.94
2024-09-05T10:51:57Z,40.044658267500026,116.294674645203500,48.97,2.49,155.71,3.15,0.94
2024-09-05T10:51:58Z,40.044636991599830,116.294688294011067,48.91,2.66,153.69,3.15,0.94
2024-09-05T10:51:59Z,40.044614900150577,116.294703103352703,48.87,2.71,153.14,3.15,0.94
2024-09-05T10:52:00Z,40.044592737980956,116.294717977682296,48.84,2.67,153.53,3.14,0.94
2024-09-05T10:52:01Z,40.044571161160690,116.294731999177031,48.82,2.51,154.52,3.14,0.94
2024-09-05T10:52:02Z,40.044550350286258,116.294744798115673,48.82,2.41,156.06,3.15,0.94
2024-09-05T10:52:03Z,40.044528610161990,116.294757259025317,48.81,2.67,157.26,3.16,0.94
2024-09-05T10:52:04Z,40.044505888220812,116.294770369822146,48.82,2.65,155.54,3.15,0.94
2024-09-05T10:52:05Z,40.044483532860013,116.294784686278135,48.83,2.67,152.34,3.14,0.94
2024-09-05T10:52:06Z,40.044461471153895,116.294800308098232,48.84,2.68,150.61,3.14,0.94
2024-09-05T10:52:07Z,40.044439577339752,116.294816564678499,48.85,2.69,150.30,3.15,0.94
2024-09-05T10:52:08Z,40.044416890439926,116.294832988523225,48.86,2.85,151.79,3.15,0.94
2024-09-05T10:52:09Z,40.044393227810247,116.294850068581923,48.86,2.93,150.70,3.13,0.94
2024-09-05T10:52:10Z,40.044369277548256,116.294868026428816,48.86,2.95,149.99,3.13,0.94
2024-09-05T10:52:11Z,40.044345510676457,116.294886177238979,48.84,2.87,149.74,3.16,0.94
2024-09-05T10:52:12Z,40.044321978525979,116.294903723849501,48.85,2.82,151.18,3.17,0.93
2024-09-05T10:52:13Z,40.044298497522909,116.294920451267160,48.85,2.79,152.14,3.17,0.93
2024-09-05T10:52:14Z,40.044274974036220,116.294937160599332,48.85,2.80,151.39,3.16,0.92
2024-09-05T10:52:15Z,40.044251621201454,116.294954104734771,48.86,2.77,150.73,3.17,0.92
2024-09-05T10:52:16Z,40.044228582015691,116.294971161354709,48.87,2.75,150.64,3.18,0.92
2024-09-05T10:52:17Z,40.044205457365869,116.294987887558150,48.89,2.75,151.64,3.17,0.91
2024-09-05T10:52:18Z,40.044182028342078,116.295004465255815,48.91,2.80,151.48,3.16,0.91
2024-09-05T10:52:19Z,40.044157993746175,116.295021189195722,48.94,2.86,152.16,3.16,0.91
2024-09-05T10:52:20Z,40.044132910957117,116.295038173181950,48.97,3.02,152.91,3.15,0.91
2024-09-05T10:52:21Z,40.044107027662832,116.295055189003037,49.00,3.04,153.71,3.14,0.90
2024-09-05T10:52:22Z,40.044082008813206,116.295071641315559,49.01,2.80,153.17,3.12,0.89
2024-09-05T10:52:23Z,40.044058450673013,116.295087813435416,49.02,2.81,151.82,3.11,0.89
2024-09-05T10:52:24Z,40.044035212285671,116.295104805024522,49.03,2.78,150.30,3.13,0.88
2024-09-05T10:52:25Z,40.044012751959350,116.295122689699937,49.02,2.77,147.51,3.14,0.88
2024-09-05T10:52:26Z,40.043990219992899,116.295140415013520,49.02,2.80,151.02,3.15,0.87
2024-09-05T10:52:27Z,40.043966621386410,116.295156965407784,49.03,2.83,153.49,3.14,0.86
2024-09-05T10:52:28Z,40.043942338971632,116.295172610348274,49.02,2.94,155.01,3.15,0.86
2024-09-05T10:52:29Z,40.043917386579373,116.295188046232184,49.01,2.99,154.75,3.17,0.85
2024-09-05T10:52:30Z,40.043891699430901,116.295204223489705,49.00,3.13,153.98,3.16,0.83
2024-09-05T10:52:31Z,40.043865219965006,116.295221202745353,49.02,3.21,153.60,3.17,0.82
2024-09-05T10:52:32Z,40.043838477596459,116.295238570773378,49.03,3.19,153.21,3.20,0.81
2024-09-05T10:52:33Z,40.043811810510000,116.295256316936459,49.05,3.25,152.49,3.23,0.80
2024-09-05T10:52:34Z,40.043785089156657,116.295274769964479,49.06,3.23,151.53,3.27,0.79
2024-09-05T10:52:35Z,40.043758371767076,116.295293860288368,49.08,3.22,150.73,3.28,0.79
2024-09-05T10:52:36Z,40.043732109635656,116.295312780440469,49.10,3.17,150.94,3.30,0.78
2024-09-05T10:52:37Z,40.043707112557939,116.295330394623193,49.11,2.87,151.68,3.33,0.78
2024-09-05T10:52:38Z,40.043682945083248,116.295346284827744,49.14,2.87,154.10,3.33,0.79
2024-09-05T10:52:39Z,40.043658306054070,116.295360931846943,49.16,2.88,156.15,3.31,0.79
2024-09-05T10:52:40Z,40.043633340886664,116.295374575351318,49.18,2.85,157.79,3.29,0.80
2024-09-05T10:52:41Z,40.043608803766809,116.295388006523169,49.19,2.79,156.23,3.27,0.81
2024-09-05T10:52:42Z,40.043584995691951,116.295402106699655,49.20,2.73,154.14,3.27,0.82
2024-09-05T10:52:43Z,40.043561857774478,116.295416704555038,49.19,2.73,153.47,3.26,0.84
2024-09-05T10:52:44Z,40.043539148564172,116.295430925377772,49.19,2.66,154.57,3.27,0.85
2024-09-05T10:52:45Z,40.043517005366255,116.295443808833284,49.17,2.54,157.44,3.28,0.87
2024-09-05T10:52:46Z,40.043496139260554,116.295453758578930,49.17,2.54,161.31,3.28,0.89
2024-09-05T10:52:47Z,40.043474015337907,116.295462648768392,49.17,2.70,163.90,3.30,0.91
2024-09-05T10:52:48Z,40.043450811607762,116.295471272383281,49.16,2.75,163.92,3.32,0.94
2024-09-05T10:52:49Z,40.043427321251798,116.295480167387637,49.15,2.74,163.42,3.36,0.97
2024-09-05T10:52:50Z,40.043403861566048,116.295489209444355,49.13,2.72,163.26,3.40,1.00
2024-09-05T10:52:51Z,40.043381010310412,116.295498144180272,49.12,2.59,163.17,3.48,1.03
2024-09-05T10:52:52Z,40.043360018871653,116.295506818854264,49.11,2.32,161.55,3.58,1.07
2024-09-05T10:52:53Z,40.043341318781415,116.295515331282417,49.10,2.11,160.16,3.65,1.12
2024-09-05T10:52:54Z,40.043325475172388,116.295523006062268,49.09,1.67,159.38,3.70,1.17
2024-09-05T10:52:55Z,40.043312519076402,116.295529276920647,49.06,1.43,161.16,3.67,1.23
2024-09-05T10:53:05Z,40.043246730290733,116.295557576171049,48.94,0.12,171.99,3.93,1.17
2024-09-05T10:53:06Z,40.043244718962640,116.295559114562735,48.96,0.35,175.01,3.90,1.09
2024-09-05T10:53:07Z,40.043239895020349,116.295561416254102,48.98,0.65,172.68,3.80,1.02
2024-09-05T10:53:08Z,40.043232785291472,116.295564322699335,49.01,0.94,169.85,3.69,0.97
2024-09-05T10:53:09Z,40.043223815915226,116.295569016380426,49.05,1.08,160.69,3.61,0.92
2024-09-05T10:53:10Z,40.043214680662899,116.295575741919265,49.09,1.08,150.06,3.53,0.89
2024-09-05T10:53:11Z,40.043206932023075,116.295583931839573,49.15,0.95,137.34,3.46,0.86
2024-09-05T10:53:12Z,40.043201826687259,116.295591932851053,49.21,0.64,122.57,3.40,0.83
2024-09-05T10:53:13Z,40.043199036352803,116.295599343660555,49.27,0.57,107.44,3.36,0.82
2024-09-05T10:53:14Z,40.043196253808233,116.295607491035867,49.33,0.74,114.15,3.32,0.80
2024-09-05T10:53:15Z,40.043191377128515,116.295617721742602,49.40,1.13,124.24,3.29,0.79
2024-09-05T10:53:16Z,40.043182952205939,116.295630346206977,49.46,1.52,134.57,3.30,0.79
2024-09-05T10:53:17Z,40.043168778261638,116.295646458093870,49.54,2.45,140.63,3.29,0.79
2024-09-05T10:53:18Z,40.043148869883460,116.295665304996831,49.61,2.81,146.07,3.32,0.79
2024-09-05T10:53:19Z,40.043127207631052,116.295682430909039,49.70,2.59,150.47,3.33,0.80
2024-09-05T10:53:20Z,40.043105312577758,116.295698449546677,49.83,2.71,149.72,3.31,0.80
2024-09-05T10:53:21Z,40.043081769705886,116.295716101354714,49.95,3.03,149.42,3.29,0.80
2024-09-05T10:53:22Z,40.043055720451981,116.295736042578412,50.07,3.40,149.01,3.30,0.81
2024-09-05T10:53:23Z,40.043028126983366,116.295757585300919,50.18,3.52,148.95,3.35,0.82
2024-09-05T10:53:24Z,40.043000346067174,116.295779181162018,50.31,3.41,149.34,3.39,0.82
2024-09-05T10:53:25Z,40.042973296185139,116.295799882398455,50.43,3.35,150.07,3.41,0.82
2024-09-05T10:53:26Z,40.042946592066727,116.295819724150974,50.57,3.26,151.15,3.43,0.82
2024-09-05T10:53:27Z,40.042920963980968,116.295838308199265,50.70,3.08,151.89,3.43,0.82
2024-09-05T10:53:28Z,40.042896187370474,116.295855778279119,50.84,3.01,153.22,3.42,0.82
2024-09-05T10:53:29Z,40.042871707599808,116.295872378979539,50.97,2.96,154.45,3.41,0.82
2024-09-05T10:53:30Z,40.042847666589999,116.295888041722534,51.10,2.84,155.38,3.41,0.81
2024-09-05T10:53:31Z,40.042824403656880,116.295902995191895,51.23,2.76,154.92,3.38,0.80
2024-09-05T10:53:32Z,40.042802047335520,116.295917013279634,51.36,2.58,156.05,3.37,0.79
2024-09-05T10:53:33Z,40.042779405111219,116.295929735619552,51.49,2.79,159.08,3.35,0.79
2024-09-05T10:53:34Z,40.042755372515572,116.295941929829411,51.60,2.80,159.90,3.33,0.78
2024-09-05T10:53:35Z,40.042730953468450,116.295954717592878,51.71,2.88,157.33,3.32,0.78
2024-09-05T10:53:36Z,40.042706918372367,116.295969756132919,51.81,2.88,151.54,3.32,0.77
2024-09-05T10:53:37Z,40.042682762775328,116.295988511846843,51.91,3.20,146.67,3.32,0.77
2024-09-05T10:53:38Z,40.042657932635571,116.296010186706027,52.00,3.29,144.74,3.31,0.78
2024-09-05T10:53:39Z,40.042633034059428,116.296032290759413,52.08,3.24,145.70,3.28,0.78
2024-09-05T10:53:40Z,40.042608712597882,116.296053117187398,52.16,3.09,146.92,3.26,0.79
2024-09-05T10:53:41Z,40.042585114696912,116.296072334394012,52.22,2.93,148.03,3.28,0.80
2024-09-05T10:53:42Z,40.042562744962545,116.296089727777954,52.28,2.66,148.94,3.29,0.81
2024-09-05T10:53:43Z,40.042540947387202,116.296105877643342,52.32,2.73,149.98,3.29,0.82
2024-09-05T10:53:44Z,40.042518474060799,116.296121978871781,52.35,2.75,150.21,3.29,0.84
2024-09-05T10:53:45Z,40.042495706525258,116.296138163382309,52.37,2.79,150.18,3.29,0.85
2024-09-05T10:53:46Z,40.042472928978377,116.296154759727031,52.39,2.85,149.25,3.28,0.87
2024-09-05T10:53:47Z,40.042450032070228,116.296171734582558,52.41,2.85,149.25,3.28,0.88
2024-09-05T10:53:48Z,40.042426804595230,116.296188936313072,52.42,2.97,149.52,3.28,0.89
2024-09-05T10:53:49Z,40.042402747929650,116.296206395386235,52.44,2.99,150.59,3.28,0.90
2024-09-05T10:53:50Z,40.042378397525788,116.296223332382709,52.46,2.99,151.96,3.29,0.91
2024-09-05T10:53:51Z,40.042354029760119,116.296239734079791,52.49,2.93,152.88,3.32,0.92
2024-09-05T10:53:52Z,40.042330371001214,116.296255051564088,52.54,2.78,154.13,3.36,0.92
2024-09-05T10:53:53Z,40.042307502586127,116.296269338980238,52.61,2.76,154.70,3.37,0.93
2024-09-05T10:53:54Z,40.042284862072727,116.296283500143673,52.67,2.75,154.18,3.38,0.93
2024-09-05T10:53:55Z,40.042262214385410,116.296297932492891,52.76,2.75,152.91,3.39,0.93
2024-09-05T10:53:56Z,40.042239150909793,116.296313429461236,52.85,2.89,152.19,3.39,0.92
2024-09-05T10:53:57Z,40.042215657601346,116.296330257783580,52.94,2.91,150.21,3.39,0.92
2024-09-05T10:53:58Z,40.042191973578809,116.296349203620565,53.01,3.15,147.13,3.38,0.92
2024-09-05T10:53:59Z,40.042168432401645,116.296370233299598,53.09,3.09,144.33,3.36,0.91
2024-09-05T10:54:00Z,40.042145296398644,116.296391748768770,53.17,3.14,144.64,3.33,0.91
2024-09-05T10:54:01Z,40.042121821829248,116.296412164222218,53.25,3.07,147.84,3.33,0.90
2024-09-05T10:54:02Z,40.042097673285731,116.296429893819820,53.32,3.06,153.23,3.33,0.90
2024-09-05T10:54:03Z,40.042072351142814,116.296444398632076,53.40,3.03,159.55,3.34,0.89
2024-09-05T10:54:04Z,40.042046486589186,116.296455731921199,53.45,2.95,163.94,3.35,0.89
2024-09-05T10:54:05Z,40.042020884057365,116.296466267964064,53.48,2.99,162.21,3.34,0.89
2024-09-05T10:54:06Z,40.041994680078581,116.296479811824966,53.50,3.28,155.68,3.30,0.89
2024-09-05T10:54:07Z,40.041968509723716,116.296497007013770,53.51,3.23,151.92,3.27,0.89
2024-09-05T10:54:08Z,40.041943189725799,116.296514935862461,53.51,3.18,152.06,3.26,0.89
2024-09-05T10:54:09Z,40.041918148526889,116.296531718747261,53.49,3.07,154.46,3.27,0.90
2024-09-05T10:54:10Z,40.041893264669824,116.296546793782355,53.47,3.01,156.79,3.24,0.90
2024-09-05T10:54:11Z,40.041867803992652,116.296560762030495,53.44,3.04,158.62,3.22,0.91
2024-09-05T10:54:12Z,40.041841200442718,116.296574919855829,53.41,3.21,158.26,3.23,0.92
2024-09-05T10:54:13Z,40.041813580141607,116.296590181838056,53.37,3.34,156.69,3.21,0.92
2024-09-05T10:54:14Z,40.041785745449715,116.296607212827340,53.33,3.36,153.95,3.20,0.93
2024-09-05T10:54:15Z,40.041758310723765,116.296624998978388,53.29,3.32,153.93,3.19,0.93
2024-09-05T10:54:16Z,40.041731636146373,116.296642128913092,53.25,3.14,154.56,3.18,0.93
2024-09-05T10:54:17Z,40.041705849714035,116.296657710432669,53.21,3.01,156.80,3.17,0.94
2024-09-05T10:54:18Z,40.041680074546392,116.296672252224440,53.16,3.05,157.61,3.17,0.94
2024-09-05T10:54:19Z,40.041654550518352,116.296686759602963,53.10,3.00,156.95,3.17,0.94
2024-09-05T10:54:20Z,40.041629510403823,116.296701763515330,53.04,3.03,155.97,3.18,0.94
2024-09-05T10:54:21Z,40.041604739876206,116.296717600888414,52.97,3.05,154.40,3.19,0.94
2024-09-05T10:54:22Z,40.041579973512654,116.296733618988384,52.91,3.07,155.34,3.19,0.94
2024-09-05T10:54:23Z,40.041554353831167,116.296749593264508,52.85,3.22,155.89,3.18,0.94
2024-09-05T10:54:24Z,40.041528056245106,116.296765626932014,52.79,3.20,155.83,3.19,0.94
2024-09-05T10:54:25Z,40.041502005662629,116.296781847781773,52.73,3.17,155.09,3.23,0.94
2024-09-05T10:54:26Z,40.041476263087425,116.296798353670425,52.64,3.14,154.10,3.28,0.94
2024-09-05T10:54:27Z,40.041450807222716,116.296815141788557,52.57,3.12,153.57,3.32,0.94
2024-09-05T10:54:28Z,40.041425792346416,116.296832143817028,52.47,3.11,152.97,3.34,0.93
2024-09-05T10:54:29Z,40.041401039481798,116.296849267933311,52.37,3.08,151.92,3.35,0.93
2024-09-05T10:54:30Z,40.041376834568752,116.296866530470254,52.27,3.03,150.81,3.35,0.93
2024-09-05T10:54:31Z,40.041353178801927,116.296883533251858,52.17,2.96,151.40,3.36,0.93
2024-09-05T10:54:32Z,40.041329577039271,116.296899382057561,52.08,2.92,154.08,3.37,0.93
2024-09-05T10:54:33Z,40.041305386712899,116.296913647346841,51.99,2.95,157.04,3.38,0.93
2024-09-05T10:54:34Z,40.041280549103362,116.296927006096396,51.90,3.00,158.10,3.40,0.92
2024-09-05T10:54:35Z,40.041255076505735,116.296940295154840,51.79,3.08,158.47,3.42,0.92
2024-09-05T10:54:36Z,40.041228621028303,116.296953769702327,51.68,3.18,159.05,3.42,0.92
2024-09-05T10:54:37Z,40.041200937850839,116.296967119880847,51.58,3.31,160.64,3.43,0.91
2024-09-05T10:54:38Z,40.041172213150134,116.296979767212690,51.52,3.32,162.77,3.45,0.91
2024-09-05T10:54:39Z,40.041144204015509,116.296991243679543,51.47,3.04,163.59,3.45,0.90
2024-09-05T10:54:40Z,40.041117750181208,116.297001956654000,51.43,2.92,163.30,3.45,0.89
2024-09-05T10:54:41Z,40.041091747465330,116.297013181414655,51.41,2.96,161.74,3.40,0.88
2024-09-05T10:54:42Z,40.041065280522339,116.297025527949771,51.38,3.06,160.58,3.36,0.88
2024-09-05T10:54:43Z,40.041038258512160,116.297038693282616,51.36,3.10,159.88,3.36,0.87
2024-09-05T10:54:44Z,40.041011201518707,116.297052560150320,51.36,3.11,158.54,3.37,0.86
2024-09-05T10:54:45Z,40.040984636778504,116.297067202931800,51.35,3.06,156.74,3.38,0.85
2024-09-05T10:54:46Z,40.040958937399388,116.297083023398159,51.36,3.04,153.57,3.35,0.85
2024-09-05T10:54:47Z,40.040933028100575,116.297100357059378,51.37,3.17,151.76,3.31,0.84
2024-09-05T10:54:48Z,40.040907167903924,116.297118622020875,51.43,3.26,150.73,3.30,0.83
2024-09-05T10:54:49Z,40.040881540372879,116.297137461832818,51.47,3.27,150.33,3.34,0.84
2024-09-05T10:54:50Z,40.040855842222456,116.297156561120602,51.51,3.30,150.19,3.37,0.85
2024-09-05T10:54:51Z,40.040830118205619,116.297175628218525,51.56,3.28,150.47,3.43,0.87
2024-09-05T10:54:52Z,40.040804787516585,116.297194194336868,51.60,3.18,150.75,3.53,0.90
2024-09-05T10:54:53Z,40.040780022062329,116.297212489274102,51.65,3.14,150.07,3.60,0.94
2024-09-05T10:54:54Z,40.040755835019972,116.297231016268753,51.70,3.09,148.94,3.70,1.00
2024-09-05T10:54:55Z,40.040732640883348,116.297249612241060,51.75,2.96,147.75,3.86,1.08
2024-09-05T10:54:56Z,40.040711153488260,116.297267764923447,51.81,2.73,146.20,4.07,1.18
2024-09-05T10:54:57Z,40.040692970052703,116.297285016141416,51.86,2.27,141.14,4.25,1.30
2024-09-05T10:54:58Z,40.040677841538539,116.297301750111998,51.91,2.14,138.02,4.36,1.44
2024-09-05T10:56:14Z,40.040729402155975,116.297242655859847,51.11,0.03,78.97,3.30,2.15
2024-09-05T10:56:15Z,40.040729982693634,116.297246727475439,51.12,0.04,79.02,2.99,1.90
2024-09-05T10:56:16Z,40.040730696535363,116.297249371874841,51.13,0.05,78.27,2.86,1.69
2024-09-05T10:56:17Z,40.040731294990707,116.297251437566658,51.14,0.08,77.61,2.82,1.52
2024-09-05T10:56:17Z,40.040732443341710,116.297255926440826,51.15,0.58,77.01,2.71,1.38
2024-09-05T10:56:18Z,40.040735380700667,116.297269977731901,51.16,1.76,76.55,2.49,1.27
2024-09-05T10:56:19Z,40.040740880516488,116.297297316678097,51.17,2.91,76.31,2.30,1.18
2024-09-05T10:56:20Z,40.040748440379176,116.297334881142532,51.21,3.58,75.82,2.16,1.11
2024-09-05T10:56:21Z,40.040757219144069,116.297378409167450,51.23,3.93,76.34,2.06,1.05
2024-09-05T10:56:23Z,40.040766312345426,116.297424601265959,51.24,4.08,76.02,1.94,1.01
2024-09-05T10:56:24Z,40.040775576582909,116.297470514723017,51.27,3.92,75.43,1.84,0.98
2024-09-05T10:56:25Z,40.040786376218612,116.297514643140232,51.31,3.93,69.90,1.75,0.95
2024-09-05T10:56:26Z,40.040801009945021,116.297558188223221,51.36,4.15,63.39,1.65,0.93
2024-09-05T10:56:27Z,40.040818778208667,116.297600093776865,51.41,3.99,59.01,1.60,0.91
2024-09-05T10:56:28Z,40.040837587190367,116.297638522476220,51.48,3.75,56.16,1.58,0.89
2024-09-05T10:56:29Z,40.040856847343321,116.297674512767102,51.56,3.71,54.38,1.55,0.87
2024-09-05T10:56:30Z,40.040876670484849,116.297708970686983,51.66,3.62,52.11,1.51,0.85
2024-09-05T10:56:31Z,40.040897120467307,116.297742309055252,51.77,3.64,50.85,1.46,0.84
2024-09-05T10:56:32Z,40.040917251885851,116.297774507240277,51.90,3.43,51.05,1.44,0.83
2024-09-05T10:56:33Z,40.040936620536463,116.297805152992581,52.06,3.33,50.19,1.42,0.82
2024-09-05T10:56:34Z,40.040955928578967,116.297835121482152,52.24,3.32,49.99,1.41,0.81
2024-09-05T10:56:35Z,40.040975085102517,116.297865792771262,52.42,3.40,51.88,1.42,0.81
2024-09-05T10:56:36Z,40.040993442979165,116.297896533389448,52.62,3.20,52.53,1.44,0.80
2024-09-05T10:56:37Z,40.041010597810640,116.297925911430397,52.83,3.08,53.19,1.46,0.80
2024-09-05T10:56:38Z,40.041027078702406,116.297954685446598,53.05,3.02,53.63,1.47,0.80
2024-09-05T10:56:39Z,40.041043410328228,116.297983733792620,53.26,3.09,54.21,1.48,0.80
2024-09-05T10:56:40Z,40.041060177865162,116.298013819298617,53.49,3.23,54.12,1.49,0.80
2024-09-05T10:56:41Z,40.041077158710358,116.298044740741616,53.70,3.24,54.93,1.51,0.79
2024-09-05T10:56:42Z,40.041093874627862,116.298076284547051,53.91,3.28,55.97,1.51,0.79
2024-09-05T10:56:43Z,40.041111013748420,116.298107755608839,54.10,3.28,53.45,1.47,0.79
2024-09-05T10:56:44Z,40.041128471250829,116.298137340975742,54.27,3.07,51.52,1.43,0.79
2024-09-05T10:56:45Z,40.041145552845251,116.298164175840057,54.42,2.86,49.21,1.39,0.79
2024-09-05T10:56:46Z,40.041161412993496,116.298186856252059,54.55,2.36,45.92,1.38,0.80
2024-09-05T10:56:47Z,40.041177076350792,116.298207521358563,54.64,2.59,44.95,1.36,0.80
2024-09-05T10:56:48Z,40.041193559992749,116.298229661286967,54.72,2.68,47.00,1.36,0.81
2024-09-05T10:56:49Z,40.041209622738727,116.298254219034504,54.77,2.83,52.06,1.35,0.82
2024-09-05T10:56:50Z,40.041224968704221,116.298282806058040,54.79,3.12,57.76,1.36,0.83
2024-09-05T10:56:51Z,40.041239601968911,116.298314526469113,54.81,3.19,60.15,1.37,0.84
2024-09-05T10:56:52Z,40.041253433616411,116.298346744818090,54.80,3.10,61.36,1.42,0.85
2024-09-05T10:56:53Z,40.041266843474354,116.298378045548660,54.77,3.02,60.27,1.46,0.87
2024-09-05T10:56:54Z,40.041280644575437,116.298408732096675,54.73,3.06,59.23,1.51,0.88
2024-09-05T10:56:55Z,40.041294875119647,116.298439915066936,54.67,3.14,59.73,1.59,0.89
2024-09-05T10:56:56Z,40.041308688241656,116.298471303891901,54.61,3.04,61.08,1.67,0.90
2024-09-05T10:56:57Z,40.041321541027095,116.298503503798358,54.54,3.14,64.34,1.72,0.91
2024-09-05T10:56:58Z,40.041333520609058,116.298539458340713,54.47,3.52,68.80,1.77,0.92
2024-09-05T10:56:59Z,40.041344266443296,116.298578110543247,54.41,3.46,71.45,1.78,0.92
2024-09-05T10:57:00Z,40.041353476511148,116.298614624040638,54.36,3.02,71.04,1.79,0.93
2024-09-05T10:57:01Z,40.041362546346363,116.298645252382713,54.34,2.55,63.54,1.80,0.93
2024-09-05T10:57:02Z,40.041372884770439,116.298668077376632,54.33,1.99,50.54,1.81,0.92
2024-09-05T10:57:03Z,40.041385081067048,116.298683878098501,54.33,1.87,35.13,1.80,0.92
2024-09-05T10:57:04Z,40.041399559133815,116.298696528118640,54.32,2.04,30.81,1.79,0.91
2024-09-05T10:57:05Z,40.041417002455425,116.298711444517238,54.31,2.59,34.58,1.77,0.91
2024-09-05T10:57:06Z,40.041437745907928,116.298731466090686,54.29,3.16,37.97,1.73,0.90
2024-09-05T10:57:07Z,40.041460180504842,116.298755308754380,54.27,3.28,40.33,1.66,0.89
2024-09-05T10:57:08Z,40.041481986804605,116.298780019166003,54.26,3.14,41.67,1.61,0.89
2024-09-05T10:57:09Z,40.041501924423443,116.298805697509437,54.25,3.09,47.63,1.54,0.88
2024-09-05T10:57:10Z,40.041519257116470,116.298833876607617,54.23,3.07,54.83,1.51,0.88
2024-09-05T10:57:11Z,40.041532335725257,116.298865336475643,54.20,3.06,68.10,1.46,0.87
2024-09-05T10:57:12Z,40.041540858274622,116.298898335685109,54.16,2.86,74.55,1.48,0.87
2024-09-05T10:57:13Z,40.041547820151557,116.298928978473455,54.10,2.55,71.64,1.59,0.87
2024-09-05T10:57:14Z,40.041555649343579,116.298956016106544,54.02,2.32,65.57,1.76,0.88
2024-09-05T10:57:15Z,40.041565108317322,116.298978419409664,53.91,1.97,53.73,1.99,0.88
2024-09-05T10:57:16Z,40.041578210120420,116.298998367943284,53.79,2.43,43.48,2.20,0.89
2024-09-05T10:57:17Z,40.041595094602684,116.299019206470291,53.65,2.62,40.42,2.36,0.90
2024-09-05T10:57:18Z,40.041613306511337,116.299041265933440,53.48,2.76,42.41,2.49,0.90
2024-09-05T10:57:19Z,40.041630640186682,116.299065331335996,53.30,2.71,48.71,2.61,0.91
2024-09-05T10:57:20Z,40.041644814677753,116.299090079622317,53.11,2.34,55.84,2.73,0.92
2024-09-05T10:57:21Z,40.041656157152332,116.299115788656650,52.92,2.46,62.10,2.84,0.92
2024-09-05T10:57:22Z,40.041666522186240,116.299143791578047,52.72,2.53,65.21,2.92,0.93
2024-09-05T10:57:23Z,40.041676730258807,116.299172856817364,52.53,2.58,65.29,2.97,0.93
2024-09-05T10:57:24Z,40.041687893153195,116.299202336899910,52.31,2.65,62.14,3.01,0.93
2024-09-05T10:57:25Z,40.041701145921024,116.299230943689963,52.09,2.64,55.53,3.04,0.94
2024-09-05T10:57:26Z,40.041716549432202,116.299257779283664,51.88,2.72,49.66,3.06,0.94
2024-09-05T10:57:27Z,40.041733655206031,116.299283796537892,51.70,2.77,47.03,3.08,0.94
2024-09-05T10:57:28Z,40.041751033525237,116.299310032365952,51.51,2.80,48.08,3.11,0.94
2024-09-05T10:57:29Z,40.041768030041929,116.299337091237206,51.33,2.84,49.20,3.13,0.94
2024-09-05T10:57:30Z,40.041784643975170,116.299365325616208,51.16,2.86,50.70,3.14,0.94
2024-09-05T10:57:31Z,40.041800989323121,116.299394628665965,51.00,3.00,51.36,3.16,0.94
2024-09-05T10:57:32Z,40.041817944239938,116.299424301925654,50.84,3.06,49.77,3.19,0.94
2024-09-05T10:57:33Z,40.041835697512369,116.299453573379367,50.70,3.12,48.77,3.21,0.94
2024-09-05T10:57:34Z,40.041854240018978,116.299482922299191,50.56,3.19,47.59,3.22,0.94
2024-09-05T10:57:35Z,40.041872513453782,116.299513356879885,50.40,3.21,52.50,3.22,0.94
2024-09-05T10:57:36Z,40.041889068837733,116.299545261243736,50.25,3.25,57.09,3.21,0.94
2024-09-05T10:57:37Z,40.041903500313282,116.299579473413388,50.13,3.28,63.28,3.21,0.94
2024-09-05T10:57:38Z,40.041915087461113,116.299615169969087,49.99,3.24,69.18,3.23,0.93
2024-09-05T10:57:39Z,40.041923800107220,116.299651355807029,49.88,3.19,75.69,3.24,0.92
2024-09-05T10:57:40Z,40.041929141695576,116.299686955192172,49.78,2.99,82.47,3.25,0.91
2024-09-05T10:57:41Z,40.041932783823377,116.299721498715925,49.70,3.00,84.08,3.23,0.91
2024-09-05T10:57:42Z,40.041936978162873,116.299754880379297,49.63,2.85,80.81,3.22,0.90
2024-09-05T10:57:43Z,40.041943807227817,116.299785599637545,49.58,2.71,72.90,3.21,0.90
2024-09-05T10:57:44Z,40.041953729348222,116.299812334397984,49.53,2.44,64.47,3.23,0.88
2024-09-05T10:57:45Z,40.041964793185386,116.299835133390047,49.50,2.22,64.46,3.24,0.88
2024-09-05T10:57:46Z,40.041975058199640,116.299859137766006,49.48,2.62,70.53,3.22,0.87
2024-09-05T10:57:47Z,40.041983266366827,116.299886549149079,49.48,2.68,79.48,3.20,0.87
2024-09-05T10:57:48Z,40.041989575093822,116.299914952200353,49.49,2.71,80.76,3.19,0.86
2024-09-05T10:57:49Z,40.041995991200650,116.299943578781949,49.53,2.76,79.32,3.21,0.86
2024-09-05T10:57:50Z,40.042005699076640,116.299970556354182,49.58,2.68,63.52,3.21,0.86
2024-09-05T10:57:51Z,40.042021349834087,116.299993123183256,49.64,2.71,46.50,3.20,0.87
2024-09-05T10:57:52Z,40.042042198484260,116.300010842543031,49.70,2.82,33.94,3.21,0.87
2024-09-05T10:57:53Z,40.042066508529167,116.300024291008583,49.78,2.94,23.34,3.23,0.88
2024-09-05T10:57:54Z,40.042093667365378,116.300032251818749,49.85,3.05,11.63,3.23,0.89
2024-09-05T10:57:55Z,40.042121063521932,116.300033801190466,49.92,2.80,0.58,3.22,0.89
2024-09-05T10:57:56Z,40.042147046789246,116.300029173123633,50.00,2.77,349.86,3.22,0.90
2024-09-05T10:57:57Z,40.042172849277755,116.300019278894709,50.09,2.90,342.36,3.23,0.91
2024-09-05T10:57:58Z,40.042198751756189,116.300005420409136,50.20,3.08,336.00,3.26,0.91
2024-09-05T10:57:59Z,40.042224581971098,116.299988816535091,50.31,3.21,333.49,3.28,0.92
2024-09-05T10:58:00Z,40.042251206840042,116.299970625807674,50.42,3.45,332.42,3.29,0.93
2024-09-05T10:58:01Z,40.042279675600689,116.299951866774279,50.53,3.69,333.42,3.30,0.93
2024-09-05T10:58:02Z,40.042308819267262,116.299932304104587,50.64,3.67,333.86,3.32,0.93
2024-09-05T10:58:03Z,40.042337559239378,116.299912385483893,50.76,3.73,333.67,3.33,0.94
2024-09-05T10:58:04Z,40.042365578320300,116.299892373871785,50.87,3.61,333.55,3.35,0.94
2024-09-05T10:58:05Z,40.042392172811603,116.299873337308185,51.01,3.42,334.37,3.40,0.94
2024-09-05T10:58:06Z,40.042417564483841,116.299855952198911,51.17,3.29,336.14,3.44,0.94
2024-09-05T10:58:07Z,40.042441889874979,116.299840827952835,51.32,3.06,339.06,3.48,0.94
2024-09-05T10:58:08Z,40.042464405704685,116.299827428952696,51.46,2.83,339.04,3.48,0.94
2024-09-05T10:58:09Z,40.042484366440327,116.299812767071458,51.60,2.64,330.32,3.47,0.94
2024-09-05T10:58:10Z,40.042499287402556,116.299793970900225,51.73,2.28,311.71,3.48,0.93
2024-09-05T10:58:11Z,40.042506083753558,116.299768879833579,51.88,2.45,282.19,3.49,0.92
2024-09-05T10:58:12Z,40.042504250638245,116.299737527707961,52.02,2.77,261.45,3.48,0.91
2024-09-05T10:58:13Z,40.042494671904983,116.299702770846679,52.18,3.22,247.33,3.45,0.91
2024-09-05T10:58:14Z,40.042479657296845,116.299665338191929,52.35,3.61,242.25,3.42,0.90
2024-09-05T10:58:15Z,40.042462047790927,116.299625901500022,52.51,3.82,241.15,3.40,0.88
2024-09-05T10:58:16Z,40.042443730721601,116.299585849532903,52.65,3.80,240.16,3.37,0.87
2024-09-05T10:58:17Z,40.042425703946400,116.299547358440194,52.79,3.53,239.71,3.35,0.86
2024-09-05T10:58:18Z,40.042408394557242,116.299511563174860,52.94,3.36,238.15,3.33,0.84
2024-09-05T10:58:19Z,40.042391192073943,116.299477422406838,53.09,3.33,236.86,3.31,0.83
2024-09-05T10:58:20Z,40.042374038333797,116.299443531435116,53.25,3.36,237.74,3.31,0.82
2024-09-05T10:58:21Z,40.042357789153812,116.299408846821279,53.39,3.31,241.76,3.30,0.80
2024-09-05T10:58:22Z,40.042343230828948,116.299374133187598,53.54,3.18,243.23,3.28,0.79
2024-09-05T10:58:23Z,40.042330287955131,116.299340237015087,53.70,3.02,246.29,3.27,0.78
2024-09-05T10:58:24Z,40.042318883873072,116.299307096552170,53.86,2.93,247.93,3.25,0.78
2024-09-05T10:58:25Z,40.042309158727015,116.299273866115257,54.02,2.90,252.84,3.25,0.77
2024-09-05T10:58:26Z,40.042300222809061,116.299239714562106,54.19,3.00,251.81,3.23,0.77
2024-09-05T10:58:27Z,40.042290713768786,116.299205128443674,54.35,3.04,250.26,3.23,0.76
2024-09-05T10:58:28Z,40.042280311417819,116.299171096438101,54.49,2.98,247.29,3.26,0.76
2024-09-05T10:58:29Z,40.042268529154946,116.299138567627409,54.62,2.89,242.53,3.28,0.76
2024-09-05T10:58:30Z,40.042254607570861,116.299106885699771,54.75,3.09,237.79,3.29,0.76
2024-09-05T10:58:31Z,40.042238161407056,116.299074311306811,54.86,3.33,235.37,3.29,0.76
2024-09-05T10:58:32Z,40.042220291146194,116.299040924497845,54.96,3.42,235.06,3.30,0.76
2024-09-05T10:58:33Z,40.042202593369986,116.299007047466020,55.05,3.43,236.00,3.30,0.76
2024-09-05T10:58:34Z,40.042185108578657,116.298973773999336,55.13,3.39,236.44,3.31,0.76
2024-09-05T10:58:35Z,40.042167781390020,116.298941211937205,55.18,3.35,236.31,3.31,0.76
2024-09-05T10:58:36Z,40.042150636513767,116.298909544118743,55.20,3.32,236.20,3.31,0.76
2024-09-05T10:58:37Z,40.042133937017056,116.298878414967717,55.21,3.29,237.93,3.31,0.76
2024-09-05T10:58:38Z,40.042118200122289,116.298847234298577,55.20,3.25,240.15,3.32,0.76
2024-09-05T10:58:39Z,40.042103527655435,116.298816281423413,55.18,3.20,241.40,3.32,0.76
2024-09-05T10:58:40Z,40.042088345450388,116.298785457758001,55.14,3.31,238.51,3.30,0.76
2024-09-05T10:58:41Z,40.042071375559289,116.298755895256178,55.09,3.23,233.50,3.28,0.76
2024-09-05T10:58:42Z,40.042052650352183,116.298731033436439,55.04,2.90,223.84,3.28,0.77
2024-09-05T10:58:43Z,40.042033120715978,116.298714233295456,54.97,2.42,209.44,3.30,0.77
2024-09-05T10:58:44Z,40.042013969821653,116.298707319109070,54.89,1.99,188.71,3.30,0.78
2024-09-05T10:58:45Z,40.041996904204289,116.298709138354582,54.81,1.70,168.62,3.29,0.79
2024-09-05T10:58:46Z,40.041981506660832,116.298717447049384,54.73,1.78,153.06,3.29,0.80
2024-09-05T10:58:47Z,40.041967200470744,116.298731112555032,54.64,1.92,138.78,3.27,0.81
2024-09-05T10:58:48Z,40.041955016938090,116.298747692676585,54.56,2.01,128.88,3.32,0.83
2024-09-05T10:58:49Z,40.041943650783374,116.298767298573409,54.48,2.18,125.31,3.38,0.86
2024-09-05T10:58:50Z,40.041932178415536,116.298788675013583,54.40,2.27,124.55,3.46,0.90
2024-09-05T10:58:51Z,40.041920572753305,116.298809630985573,54.32,2.14,127.07,3.54,0.95
2024-09-05T10:58:52Z,40.041909875897602,116.298827171699102,54.24,1.68,130.16,3.64,1.02
2024-09-05T10:58:53Z,40.041901001095603,116.298839993232662,54.17,1.27,134.46,3.75,1.09
2024-09-05T10:58:54Z,40.041895230130024,116.298847983098270,54.09,0.61,130.64,3.85,1.19
2024-09-05T10:58:55Z,40.041892619452078,116.298852753601906,54.02,0.40,117.53,3.96,1.31
2024-09-05T10:58:56Z,40.041891998520448,116.298856666722401,53.95,0.32,81.60,4.07,1.44
2024-09-05T10:58:57Z,40.041892813821377,116.298860159883745,53.88,0.31,64.47,4.23,1.60
