Date,Latitude,Longitude,Altitude,Speed,Course,Horizontal Accuracy,Vertical Accuracy
2024-09-10T10:08:10Z,40.041619452415347,116.298806635943848,53.83,1.49,174.72,4.08,3.61
2024-09-10T10:08:11Z,40.041607780776388,116.298810205155803,54.01,1.52,174.40,3.90,3.36
2024-09-10T10:08:12Z,40.041591958983041,116.298814763018001,54.44,1.90,169.93,3.71,3.12
2024-09-10T10:08:14Z,40.041566963768716,116.298823737631793,54.56,2.10,164.09,3.52,2.90
2024-09-10T10:08:14Z,40.041554022044501,116.298830570571099,54.41,2.03,161.84,3.38,2.76
2024-09-10T10:08:15Z,40.041533285827441,116.298840637884609,54.38,1.90,172.93,3.21,2.63
2024-09-10T10:08:16Z,40.041513902930596,116.298841234828174,54.45,1.78,203.54,3.03,2.53
2024-09-10T10:08:17Z,40.041504380735581,116.298832022866151,54.11,1.80,221.84,2.91,2.18
2024-09-10T10:08:18Z,40.041490648732633,116.298815054310168,53.98,1.84,218.92,2.81,2.00
2024-09-10T10:08:19Z,40.041479249513770,116.298802071833535,53.83,1.86,206.78,2.67,1.87
2024-09-10T10:08:20Z,40.041464007404670,116.298794392378554,53.70,1.83,185.00,2.59,1.75
2024-09-10T10:08:21Z,40.041447675037979,116.298795426385269,53.55,1.89,161.00,2.54,1.64
2024-09-10T10:08:22Z,40.041432489623929,116.298805007693431,53.42,1.93,146.62,2.50,1.54
2024-09-10T10:08:23Z,40.041418231885778,116.298816717430327,53.27,1.85,145.96,2.47,1.45
2024-09-10T10:08:24Z,40.041404039917460,116.298825160479879,53.12,1.64,166.35,2.46,1.37
2024-09-10T10:08:25Z,40.041392740660662,116.298820678582743,52.97,1.51,233.93,2.45,1.29
2024-09-10T10:08:26Z,40.041384186098121,116.298803920733704,52.83,1.94,239.40,2.43,1.23
2024-09-10T10:08:27Z,40.041380395366680,116.298795776508570,52.77,2.09,240.10,2.42,1.20
2024-09-10T10:08:28Z,40.041368942541702,116.298770881268595,52.64,2.81,238.74,2.35,1.14
2024-09-10T10:08:29Z,40.041355203738860,116.298742024268094,52.51,3.07,238.13,2.31,1.10
2024-09-10T10:08:30Z,40.041340053274034,116.298711517662611,52.37,3.12,236.47,2.31,1.06
2024-09-10T10:08:31Z,40.041323833900805,116.298681341532784,52.24,3.10,233.89,2.35,1.03
2024-09-10T10:08:32Z,40.041306785850523,116.298652897159570,52.12,3.07,230.66,2.38,1.01
2024-09-10T10:08:33Z,40.041288764338525,116.298625137569275,52.01,3.15,229.48,2.42,0.99
2024-09-10T10:08:34Z,40.041270214648890,116.298597757064982,51.91,3.09,228.22,2.43,0.98
2024-09-10T10:08:35Z,40.041252022489438,116.298570304963349,51.82,3.07,230.38,2.37,0.97
2024-09-10T10:08:36Z,40.041235335688910,116.298541922891857,51.74,3.06,235.05,2.31,0.96
2024-09-10T10:08:37Z,40.041220236866984,116.298511689476811,51.67,3.08,239.17,2.26,0.95
2024-09-10T10:08:38Z,40.041206748190831,116.298480612993330,51.63,3.07,242.17,2.22,0.95
2024-09-10T10:08:39Z,40.041194145614746,116.298448753197093,51.59,3.02,243.81,2.18,0.95
2024-09-10T10:08:40Z,40.041181983749446,116.298417370306026,51.54,2.98,242.90,2.13,0.95
2024-09-10T10:08:41Z,40.041169404643718,116.298386768261281,51.51,2.96,241.08,2.10,0.95
2024-09-10T10:08:42Z,40.041155638204231,116.298355066221745,51.50,2.95,240.27,2.09,0.95
2024-09-10T10:08:43Z,40.041143194727972,116.298326797754498,51.50,2.92,240.37,2.08,0.94
2024-09-10T10:08:44Z,40.041129733027098,116.298295587773197,51.51,2.85,241.27,2.06,0.94
2024-09-10T10:08:45Z,40.041118633636415,116.298268757408962,51.53,2.76,242.14,2.04,0.94
2024-09-10T10:08:46Z,40.041107613076058,116.298240337273398,51.56,2.70,244.32,1.99,0.95
2024-09-10T10:08:47Z,40.041098017527133,116.298212529982180,51.59,2.48,247.47,1.94,0.95
2024-09-10T10:08:48Z,40.041090233818593,116.298186391247839,51.64,2.26,250.49,1.88,0.94
2024-09-10T10:08:49Z,40.041084373502422,116.298162735726848,51.67,1.93,254.48,1.84,0.94
2024-09-10T10:08:50Z,40.041079958011757,116.298140565469282,51.71,1.72,256.90,1.81,0.94
2024-09-10T10:08:51Z,40.041076128238103,116.298119563514561,51.74,1.68,256.51,1.79,0.94
2024-09-10T10:08:52Z,40.041072902646512,116.298102969176171,51.76,1.71,255.40,1.77,0.93
2024-09-10T10:08:53Z,40.041068465211062,116.298084308776723,51.79,1.58,250.33,1.76,0.93
2024-09-10T10:08:54Z,40.041063436451857,116.298068257860379,51.83,1.41,245.18,1.74,0.94
2024-09-10T10:08:55Z,40.041057403566072,116.298053484919564,51.84,1.40,239.17,1.74,0.94
2024-09-10T10:08:56Z,40.041041603897575,116.298023327763602,51.84,2.07,233.35,1.68,0.94
2024-09-10T10:08:57Z,40.041035925693038,116.298013296822546,51.81,2.13,233.38,1.65,0.93
2024-09-10T10:08:58Z,40.041027779907544,116.297998701432476,51.78,2.25,234.36,1.63,0.92
2024-09-10T10:08:59Z,40.041015889289483,116.297975983412769,51.73,2.40,236.99,1.63,0.92
2024-09-10T10:09:00Z,40.041004043715830,116.297951288388077,51.66,2.53,238.93,1.61,0.92
2024-09-10T10:09:01Z,40.040992009039620,116.297924811228413,51.58,2.77,239.81,1.59,0.91
2024-09-10T10:09:02Z,40.040979527561348,116.297896278735763,51.46,2.80,240.98,1.57,0.91
2024-09-10T10:09:03Z,40.040967886319322,116.297867172187495,51.36,2.76,244.18,1.53,0.90
2024-09-10T10:09:04Z,40.040957760038992,116.297836990302855,51.26,2.87,248.62,1.50,0.89
2024-09-10T10:09:05Z,40.040949084241795,116.297804795978749,51.14,2.93,252.80,1.52,0.89
2024-09-10T10:09:06Z,40.040941227588775,116.297770362152207,51.02,3.23,254.15,1.51,0.88
2024-09-10T10:09:07Z,40.040933420723469,116.297733175017257,50.90,3.36,255.32,1.53,0.87
2024-09-10T10:09:08Z,40.040926569323069,116.297692719806108,50.77,3.65,259.72,1.54,0.85
2024-09-10T10:09:09Z,40.040922574843883,116.297649678363527,50.67,3.83,266.41,1.56,0.84
2024-09-10T10:09:10Z,40.040922959039136,116.297605325700943,50.59,3.76,274.99,1.60,0.83
2024-09-10T10:09:11Z,40.040929361726953,116.297561583154902,50.52,3.82,286.45,1.64,0.81
2024-09-10T10:09:12Z,40.040942373618982,116.297519875794634,50.47,3.88,297.54,1.71,0.80
2024-09-10T10:09:13Z,40.040960989027006,116.297481510112888,50.43,3.85,306.84,1.78,0.79
2024-09-10T10:09:14Z,40.040983351276431,116.297448264193306,50.41,3.76,315.40,1.82,0.78
2024-09-10T10:09:15Z,40.041008913204280,116.297420120618511,50.41,3.69,324.02,1.84,0.78
2024-09-10T10:09:16Z,40.041036942151010,116.297397349976109,50.42,3.60,331.85,1.84,0.77
2024-09-10T10:09:17Z,40.041066042771405,116.297379712082318,50.45,3.53,338.11,1.81,0.77
2024-09-10T10:09:18Z,40.041094959451733,116.297365324612528,50.49,3.37,340.16,1.79,0.76
2024-09-10T10:09:19Z,40.041123687722070,116.297351730001012,50.54,3.44,339.92,1.75,0.76
2024-09-10T10:09:20Z,40.041153315971272,116.297337046356176,50.61,3.54,338.39,1.72,0.76
2024-09-10T10:09:21Z,40.041183405531271,116.297321536849296,50.67,3.63,338.26,1.68,0.76
2024-09-10T10:09:22Z,40.041213620703189,116.297306194495278,50.75,3.59,338.85,1.67,0.76
2024-09-10T10:09:23Z,40.041243083898436,116.297291324124473,50.83,3.41,338.38,1.69,0.76
2024-09-10T10:09:24Z,40.041271356428481,116.297276457628655,50.91,3.33,337.13,1.72,0.76
2024-09-10T10:09:25Z,40.041299534725184,116.297261146637823,50.99,3.36,337.03,1.78,0.76
2024-09-10T10:09:26Z,40.041327001719488,116.297245880131854,51.06,3.37,336.06,1.90,0.76
2024-09-10T10:09:27Z,40.041355133096893,116.297231250540960,51.15,3.34,339.77,2.09,0.76
2024-09-10T10:09:28Z,40.041383908940560,116.297219779237594,51.25,3.33,345.71,2.32,0.76
2024-09-10T10:09:29Z,40.041413437276510,116.297212336535168,51.36,3.34,352.64,2.55,0.76
2024-09-10T10:09:30Z,40.041443047982050,116.297208064457578,51.50,3.30,356.02,2.78,0.76
2024-09-10T10:09:31Z,40.041472198612588,116.297204416234408,51.64,3.23,355.53,2.96,0.76
2024-09-10T10:09:32Z,40.041500291215733,116.297199645619969,51.79,3.12,353.12,3.10,0.76
2024-09-10T10:09:33Z,40.041526990429446,116.297193756012391,51.96,3.04,351.35,3.20,0.76
2024-09-10T10:09:34Z,40.041553043608339,116.297186591760834,52.14,2.98,349.98,3.23,0.76
2024-09-10T10:09:35Z,40.041578631451529,116.297178459042186,52.29,2.92,347.95,3.25,0.76
2024-09-10T10:09:36Z,40.041603293456745,116.297169153543024,52.43,2.87,344.82,3.28,0.76
2024-09-10T10:09:37Z,40.041627115584596,116.297157780059834,52.56,2.87,338.47,3.32,0.76
2024-09-10T10:09:38Z,40.041649870282590,116.297142376907956,52.67,2.89,329.04,3.35,0.76
2024-09-10T10:09:39Z,40.041671122593435,116.297122079400225,52.79,2.89,320.01,3.36,0.76
2024-09-10T10:09:40Z,40.041689528489592,116.297100265506529,52.88,2.83,317.24,3.34,0.76
2024-09-10T10:09:41Z,40.041708153619872,116.297077556666522,52.95,2.83,319.05,3.33,0.76
2024-09-10T10:09:42Z,40.041726893501590,116.297056038516885,53.00,2.79,320.88,3.32,0.76
2024-09-10T10:09:43Z,40.041745610311992,116.297035505949665,53.01,2.72,322.40,3.34,0.76
2024-09-10T10:09:44Z,40.041764861344845,116.297016506654245,52.99,2.62,327.07,3.40,0.76
2024-09-10T10:09:45Z,40.041784178877698,116.297001278056300,52.93,2.49,334.56,3.43,0.76
2024-09-10T10:09:46Z,40.041805033342058,116.296989975945237,52.83,2.62,342.84,3.42,0.76
2024-09-10T10:09:47Z,40.041827617534196,116.296981151426678,52.71,2.66,345.93,3.41,0.76
2024-09-10T10:09:48Z,40.041850520367056,116.296973527901585,52.58,2.69,346.46,3.41,0.76
2024-09-10T10:09:49Z,40.041873847062384,116.296965630227419,52.43,2.72,345.59,3.42,0.76
2024-09-10T10:09:50Z,40.041897183537479,116.296956614954468,52.27,2.82,342.43,3.43,0.76
2024-09-10T10:09:51Z,40.041920689280346,116.296945291621313,52.10,2.86,338.48,3.44,0.76
2024-09-10T10:09:52Z,40.041944059881203,116.296931884569346,51.94,2.84,335.86,3.47,0.76
2024-09-10T10:09:53Z,40.041966617112564,116.296917839024303,51.77,2.75,335.84,3.46,0.76
2024-09-10T10:09:54Z,40.041988616100866,116.296903990075521,51.61,2.63,336.70,3.46,0.76
2024-09-10T10:09:55Z,40.042009824563998,116.296890261816401,51.45,2.60,335.77,3.45,0.76
2024-09-10T10:09:56Z,40.042030891963719,116.296876242182293,51.30,2.62,335.58,3.44,0.76
2024-09-10T10:09:57Z,40.042052850234761,116.296863313013603,51.16,2.70,340.46,3.43,0.76
2024-09-10T10:09:58Z,40.042075684290509,116.296852075991168,51.03,2.72,342.13,3.40,0.76
2024-09-10T10:09:59Z,40.042098622144472,116.296841393296873,50.91,2.66,342.13,3.38,0.76
2024-09-10T10:10:00Z,40.042120888074074,116.296829541548661,50.81,2.66,337.08,3.36,0.76
2024-09-10T10:10:01Z,40.042142417694031,116.296815232376616,50.75,2.70,332.27,3.37,0.76
2024-09-10T10:10:02Z,40.042163672496905,116.296798093920586,50.71,2.76,327.24,3.41,0.76
2024-09-10T10:10:03Z,40.042184131413990,116.296778635737468,50.69,2.82,322.75,3.45,0.76
2024-09-10T10:10:04Z,40.042203818353443,116.296756524926167,50.68,2.91,317.30,3.45,0.76
2024-09-10T10:10:05Z,40.042222773132785,116.296732275089070,50.69,2.94,314.75,3.44,0.76
2024-09-10T10:10:06Z,40.042241010081369,116.296707361101099,50.72,2.91,313.56,3.42,0.76
2024-09-10T10:10:07Z,40.042259029014829,116.296682677222762,50.79,2.81,314.27,3.40,0.76
2024-09-10T10:10:08Z,40.042276876091506,116.296659662588638,50.89,2.73,316.45,3.38,0.76
2024-09-10T10:10:09Z,40.042295371859232,116.296638200908774,50.99,2.78,320.29,3.38,0.76
2024-09-10T10:10:10Z,40.042314965063085,116.296617904702373,51.11,2.80,323.21,3.38,0.76
2024-09-10T10:10:11Z,40.042335410827853,116.296598934955497,51.23,2.80,326.64,3.40,0.76
2024-09-10T10:10:12Z,40.042356040655726,116.296581602048988,51.37,2.68,329.18,3.39,0.76
2024-09-10T10:10:13Z,40.042376557480885,116.296565958296995,51.50,2.61,332.59,3.37,0.77
2024-09-10T10:10:14Z,40.042397587643030,116.296551775430515,51.64,2.56,335.82,3.37,0.77
2024-09-10T10:10:15Z,40.042418068730676,116.296539644920585,51.78,2.58,339.76,3.39,0.78
2024-09-10T10:10:16Z,40.042440414623741,116.296529099754309,51.90,2.73,345.39,3.40,0.79
2024-09-10T10:10:17Z,40.042464189596025,116.296520851546575,52.02,2.80,349.86,3.39,0.80
2024-09-10T10:10:18Z,40.042488378582199,116.296514032413867,52.11,2.75,351.14,3.35,0.81
2024-09-10T10:10:19Z,40.042511782906743,116.296506832143066,52.19,2.64,348.35,3.32,0.82
2024-09-10T10:10:20Z,40.042533212618949,116.296498531757948,52.25,2.35,344.63,3.32,0.84
2024-09-10T10:10:21Z,40.042551365262860,116.296489037020109,52.29,1.98,338.45,3.33,0.85
2024-09-10T10:10:22Z,40.042567187433654,116.296477719940029,52.30,2.04,331.85,3.33,0.87
2024-09-10T10:10:23Z,40.042582304395765,116.296464075279388,52.30,1.97,325.95,3.33,0.88
2024-09-10T10:10:24Z,40.042597276346719,116.296448585835975,52.28,2.14,324.01,3.34,0.89
2024-09-10T10:10:25Z,40.042612681136355,116.296432223809731,52.24,2.21,324.75,3.35,0.90
2024-09-10T10:10:26Z,40.042627750422895,116.296416220926517,52.20,2.02,323.81,3.35,0.91
2024-09-10T10:10:27Z,40.042642438757319,116.296399518677859,52.14,2.20,321.00,3.35,0.92
2024-09-10T10:10:28Z,40.042657072949559,116.296381245755001,52.07,2.18,316.85,3.35,0.92
2024-09-10T10:10:29Z,40.042671518032961,116.296361628191846,51.99,2.26,314.63,3.35,0.93
2024-09-10T10:10:30Z,40.042686661968631,116.296340503088175,51.89,2.45,313.25,3.35,0.93
2024-09-10T10:10:31Z,40.042702268050412,116.296318744687909,51.79,2.42,313.43,3.37,0.94
2024-09-10T10:10:32Z,40.042717200112271,116.296299628879183,51.67,2.11,316.50,3.38,0.94
2024-09-10T10:10:33Z,40.042732228716979,116.296282967829612,51.55,2.09,320.29,3.38,0.94
2024-09-10T10:10:34Z,40.042748480674263,116.296266345501408,51.44,2.32,320.84,3.38,0.94
2024-09-10T10:10:35Z,40.042766856432891,116.296247487654028,51.32,2.66,318.92,3.36,0.94
2024-09-10T10:10:36Z,40.042786377946349,116.296226689860106,51.19,2.78,318.29,3.33,0.94
2024-09-10T10:10:37Z,40.042806621004857,116.296205853122245,51.04,2.86,320.60,3.31,0.93
2024-09-10T10:10:38Z,40.042828484481667,116.296185465173394,50.89,2.95,324.22,3.30,0.92
2024-09-10T10:10:39Z,40.042852007512899,116.296166169770345,50.75,3.02,327.95,3.29,0.91
2024-09-10T10:10:40Z,40.042877162208072,116.296148587592697,50.60,3.06,330.71,3.27,0.91
2024-09-10T10:10:41Z,40.042902425873045,116.296132006812257,50.45,2.99,331.78,3.26,0.90
2024-09-10T10:10:42Z,40.042926064048054,116.296116744165914,50.30,2.72,331.55,3.27,0.88
2024-09-10T10:10:43Z,40.042948729605328,116.296102198675385,50.16,2.66,331.01,3.26,0.87
2024-09-10T10:10:44Z,40.042972471266218,116.296087109577982,50.02,2.79,333.15,3.22,0.86
2024-09-10T10:10:45Z,40.042994359730855,116.296074383818180,49.88,2.79,334.15,3.20,0.84
2024-09-10T10:10:46Z,40.043015898168541,116.296061527911505,49.75,2.63,331.23,3.18,0.83
2024-09-10T10:10:47Z,40.043034409984642,116.296048537492865,49.63,2.22,325.64,3.18,0.82
2024-09-10T10:10:48Z,40.043049698074192,116.296034440082195,49.50,2.05,317.10,3.18,0.81
2024-09-10T10:10:49Z,40.043062447459967,116.296017183424894,49.39,2.16,305.64,3.16,0.80
2024-09-10T10:10:50Z,40.043070925793081,116.295995576552698,49.29,2.23,285.16,3.15,0.79
2024-09-10T10:10:51Z,40.043075330637507,116.295971655202834,49.20,2.25,279.85,3.12,0.79
2024-09-10T10:10:52Z,40.043076096720370,116.295946610469727,49.11,2.32,266.33,3.12,0.78
2024-09-10T10:10:53Z,40.043071568940704,116.295920608880550,49.03,2.62,251.84,3.14,0.78
2024-09-10T10:10:54Z,40.043062200818753,116.295893142072515,48.95,2.68,245.06,3.13,0.78
2024-09-10T10:10:55Z,40.043054152640735,116.295869178192561,48.89,2.67,250.04,3.15,0.79
2024-09-10T10:10:56Z,40.043046595354554,116.295842536323974,48.83,2.58,250.71,3.18,0.80
2024-09-10T10:10:57Z,40.043040109160849,116.295814116131496,48.77,2.63,256.67,3.21,0.81
2024-09-10T10:10:58Z,40.043035003098268,116.295784334654087,48.72,2.68,258.25,3.27,0.83
2024-09-10T10:10:59Z,40.043029489628928,116.295754164008812,48.67,2.73,254.77,3.35,0.85
2024-09-10T10:11:00Z,40.043022256342752,116.295724587276553,48.63,2.69,249.46,3.43,0.89
2024-09-10T10:11:01Z,40.043009486648032,116.295687984600946,48.57,2.57,241.21,3.54,0.94
2024-09-10T10:11:02Z,40.043002134995319,116.295670323215873,48.54,2.46,241.18,3.60,0.97
2024-09-10T10:11:03Z,40.042992161222848,116.295640789537671,48.49,1.26,255.36,3.70,1.06
2024-09-10T10:11:04Z,40.042991370207531,116.295633690371687,48.48,1.09,263.74,3.69,1.09
2024-09-10T10:11:19Z,40.043007682372696,116.295611197125197,47.58,0.90,67.23,4.19,1.08
2024-09-10T10:11:20Z,40.043016533515228,116.295622103147466,47.45,0.96,36.48,4.12,0.98
2024-09-10T10:11:21Z,40.043022229516772,116.295624795946580,47.40,1.06,29.68,4.01,0.95
2024-09-10T10:11:22Z,40.043033647463581,116.295627915403685,47.33,1.31,5.96,3.89,0.90
2024-09-10T10:11:23Z,40.043049037657845,116.295626509349134,47.25,1.81,349.33,3.78,0.86
2024-09-10T10:11:24Z,40.043066722869149,116.295619327183175,47.17,2.07,333.06,3.68,0.83
2024-09-10T10:11:25Z,40.043084829834001,116.295605975698848,47.10,2.38,323.00,3.56,0.81
2024-09-10T10:11:26Z,40.043103335864608,116.295588189700268,47.03,2.60,317.84,3.47,0.80
2024-09-10T10:11:27Z,40.043122670396436,116.295567809179232,46.97,2.80,317.72,3.42,0.79
2024-09-10T10:11:28Z,40.043143454809830,116.295546034769529,46.93,3.00,317.95,3.41,0.78
2024-09-10T10:11:29Z,40.043166364156789,116.295523649378296,46.90,3.21,322.41,3.38,0.77
2024-09-10T10:11:30Z,40.043191955945716,116.295502746739956,46.86,3.29,328.90,3.34,0.77
2024-09-10T10:11:31Z,40.043219596627218,116.295485828874632,46.82,3.28,337.47,3.30,0.77
2024-09-10T10:11:32Z,40.043247718995396,116.295474291902465,46.80,3.24,345.25,3.26,0.76
2024-09-10T10:11:33Z,40.043276915477065,116.295467083180981,46.78,3.16,352.65,3.23,0.76
2024-09-10T10:11:34Z,40.043305478606264,116.295464228121389,46.77,3.03,358.84,3.21,0.76
2024-09-10T10:11:35Z,40.043334035476043,116.295464633080528,46.78,2.93,3.32,3.21,0.76
2024-09-10T10:11:36Z,40.043360116788463,116.295466224187194,46.79,2.95,3.34,3.22,0.76
2024-09-10T10:11:37Z,40.043389954983425,116.295466774665897,46.80,3.16,359.56,3.21,0.76
2024-09-10T10:11:38Z,40.043417068863093,116.295464655172893,46.81,3.34,354.99,3.19,0.76
2024-09-10T10:11:39Z,40.043449108549169,116.295458107151688,46.81,3.55,348.35,3.18,0.76
2024-09-10T10:11:40Z,40.043480807392541,116.295447291617933,46.82,3.57,342.99,3.16,0.76
2024-09-10T10:11:41Z,40.043510223205963,116.295433521038902,46.82,3.48,338.37,3.16,0.76
2024-09-10T10:11:42Z,40.043538568337922,116.295417176633563,46.82,3.42,334.84,3.18,0.76
2024-09-10T10:11:43Z,40.043567106627833,116.295399192951365,46.82,3.52,334.90,3.18,0.76
2024-09-10T10:11:44Z,40.043596687323721,116.295381010228894,46.80,3.68,335.95,3.17,0.76
2024-09-10T10:11:45Z,40.043626978550904,116.295363150718927,46.80,3.68,336.74,3.17,0.76
2024-09-10T10:11:46Z,40.043656707641951,116.295345974943530,46.79,3.53,336.68,3.16,0.76
2024-09-10T10:11:47Z,40.043685766245702,116.295329322315297,46.79,3.48,337.20,3.16,0.76
2024-09-10T10:11:48Z,40.043715332127420,116.295313056969576,46.77,3.63,338.56,3.16,0.76
2024-09-10T10:11:49Z,40.043745448344033,116.295297484562056,46.75,3.65,339.95,3.15,0.76
2024-09-10T10:11:50Z,40.043776158864432,116.295281829196497,46.72,3.60,339.17,3.15,0.76
2024-09-10T10:11:51Z,40.043805393226819,116.295266115194252,46.67,3.47,338.05,3.15,0.76
2024-09-10T10:11:52Z,40.043833202516360,116.295250255634215,46.61,3.28,336.82,3.15,0.76
2024-09-10T10:11:53Z,40.043859735152388,116.295234860775679,46.56,3.20,337.40,3.15,0.76
2024-09-10T10:11:54Z,40.043885545375467,116.295220011538305,46.50,3.13,337.15,3.16,0.76
2024-09-10T10:11:55Z,40.043912373321241,116.295204242029840,46.42,3.07,336.11,3.16,0.76
2024-09-10T10:11:56Z,40.043935997455421,116.295189651684765,46.34,3.06,334.69,3.15,0.76
2024-09-10T10:11:57Z,40.043960313594404,116.295173821234215,46.27,3.00,333.92,3.15,0.76
2024-09-10T10:11:58Z,40.043984426036673,116.295157477882597,46.17,3.06,333.07,3.15,0.76
2024-09-10T10:11:59Z,40.044008661388439,116.295140556914504,46.07,3.00,332.45,3.16,0.76
2024-09-10T10:12:00Z,40.044032951649875,116.295123339911953,45.96,3.06,332.33,3.16,0.76
2024-09-10T10:12:01Z,40.044056856280626,116.295105996033413,45.86,3.00,331.23,3.15,0.76
2024-09-10T10:12:02Z,40.044080437897733,116.295088717896448,45.75,2.98,331.77,3.14,0.76
2024-09-10T10:12:03Z,40.044104462233918,116.295072051432058,45.65,2.99,333.55,3.15,0.76
2024-09-10T10:12:04Z,40.044128914677138,116.295056395086931,45.55,3.01,335.62,3.16,0.76
2024-09-10T10:12:05Z,40.044154126548953,116.295041404530608,45.45,3.09,336.86,3.17,0.76
2024-09-10T10:12:06Z,40.044180299970400,116.295025841046709,45.38,3.22,335.95,3.16,0.76
2024-09-10T10:12:07Z,40.044207047881464,116.295008991555989,45.33,3.23,334.53,3.15,0.77
2024-09-10T10:12:08Z,40.044233310757477,116.294991395275986,45.30,3.12,333.36,3.16,0.77
2024-09-10T10:12:09Z,40.044258448374315,116.294973998905419,45.30,3.10,333.33,3.16,0.78
2024-09-10T10:12:10Z,40.044282765904043,116.294957727332530,45.32,3.13,335.56,3.16,0.79
2024-09-10T10:12:11Z,40.044308522701193,116.294942017614488,45.36,3.21,337.81,3.16,0.80
2024-09-10T10:12:12Z,40.044335116235629,116.294927287812015,45.43,3.19,340.39,3.18,0.81
2024-09-10T10:12:13Z,40.044361371292233,116.294914090635899,45.51,3.03,342.27,3.19,0.82
2024-09-10T10:12:14Z,40.044386904766824,116.294901967760026,45.63,2.98,342.69,3.18,0.84
2024-09-10T10:12:15Z,40.044412156178502,116.294889563895950,45.74,2.93,340.77,3.17,0.85
2024-09-10T10:12:16Z,40.044436232139923,116.294876214479800,45.87,2.90,337.92,3.17,0.87
2024-09-10T10:12:17Z,40.044459678414455,116.294861202454470,46.00,2.87,335.11,3.16,0.88
2024-09-10T10:12:18Z,40.044482165166350,116.294844919296082,46.14,2.83,332.14,3.15,0.89
2024-09-10T10:12:19Z,40.044503621670039,116.294827378791311,46.27,2.76,328.81,3.14,0.90
2024-09-10T10:12:20Z,40.044523870756379,116.294809214559891,46.40,2.57,326.64,3.13,0.91
2024-09-10T10:12:21Z,40.044543366206113,116.294791177415547,46.51,2.74,326.84,3.13,0.92
2024-09-10T10:12:22Z,40.044564782878389,116.294772923137245,46.63,2.77,330.17,3.14,0.92
2024-09-10T10:12:23Z,40.044586954998053,116.294756284729431,46.75,2.90,333.87,3.15,0.93
2024-09-10T10:12:24Z,40.044611665582671,116.294739114549685,46.90,3.14,333.78,3.14,0.93
2024-09-10T10:12:25Z,40.044637380295121,116.294720749232539,47.01,3.19,332.29,3.13,0.93
2024-09-10T10:12:26Z,40.044662449167930,116.294701641622311,47.13,3.13,330.59,3.12,0.93
2024-09-10T10:12:27Z,40.044686095747423,116.294682927725319,47.25,2.93,329.92,3.12,0.93
2024-09-10T10:12:28Z,40.044709634730530,116.294664742191983,47.35,2.93,331.65,3.12,0.93
2024-09-10T10:12:29Z,40.044732961489380,116.294648605025770,47.42,2.97,335.27,3.13,0.93
2024-09-10T10:12:30Z,40.044757566020365,116.294633645327664,47.49,2.96,337.84,3.13,0.93
2024-09-10T10:12:31Z,40.044782460634643,116.294619241427526,47.57,3.01,337.54,3.12,0.93
2024-09-10T10:12:32Z,40.044807829319694,116.294603556279370,47.63,3.08,334.45,3.13,0.93
2024-09-10T10:12:33Z,40.044845848970930,116.294575351402557,47.68,3.33,327.87,3.15,0.93
2024-09-10T10:12:34Z,40.044859071453722,116.294563796927633,47.69,3.33,327.17,3.13,0.92
2024-09-10T10:12:35Z,40.044884201514861,116.294542277254251,47.69,3.21,327.37,3.13,0.92
2024-09-10T10:12:36Z,40.044908547311984,116.294523314698807,47.69,2.97,331.98,3.14,0.91
2024-09-10T10:12:37Z,40.044933036036831,116.294506948230776,47.66,2.96,335.00,3.13,0.91
2024-09-10T10:12:38Z,40.044958315481992,116.294491071755004,47.61,3.10,335.11,3.13,0.91
2024-09-10T10:12:39Z,40.044983837521521,116.294474115869335,47.51,3.12,332.36,3.13,0.90
2024-09-10T10:12:40Z,40.045009024473309,116.294455859240458,47.38,3.06,330.78,3.13,0.90
2024-09-10T10:12:41Z,40.045033234461137,116.294437907527566,47.22,3.04,331.31,3.13,0.89
2024-09-10T10:12:42Z,40.045058267614344,116.294420495829172,47.04,3.10,333.68,3.12,0.89
2024-09-10T10:12:43Z,40.045090378229801,116.294400924454280,46.78,3.09,336.78,3.14,0.88
2024-09-10T10:12:44Z,40.045110368237523,116.294389852737496,46.60,3.11,337.35,3.13,0.87
2024-09-10T10:12:45Z,40.045148673534243,116.294367849730122,46.28,3.16,334.44,3.14,0.85
2024-09-10T10:12:46Z,40.045163887084755,116.294358835964374,46.14,3.16,333.79,3.13,0.84
2024-09-10T10:12:47Z,40.045188801874239,116.294342622749795,45.92,3.18,331.07,3.14,0.83
2024-09-10T10:12:48Z,40.045214322188144,116.294324492932247,45.70,3.20,329.68,3.14,0.82
2024-09-10T10:12:49Z,40.045239567524092,116.294305859552381,45.48,3.18,329.24,3.14,0.81
2024-09-10T10:12:50Z,40.045265035645031,116.294286911558160,45.26,3.10,329.58,3.13,0.80
2024-09-10T10:12:51Z,40.045289325532529,116.294268961314401,45.06,3.12,329.51,3.12,0.79
2024-09-10T10:12:52Z,40.045314398256757,116.294250317713775,44.89,3.16,330.01,3.13,0.78
2024-09-10T10:12:53Z,40.045340204109912,116.294232124751360,44.72,3.24,332.40,3.16,0.78
2024-09-10T10:12:54Z,40.045366932364566,116.294215869021343,44.57,3.21,337.00,3.17,0.77
2024-09-10T10:12:55Z,40.045393510919105,116.294202317884469,44.43,3.01,340.08,3.16,0.77
2024-09-10T10:12:56Z,40.045418585280828,116.294190825686400,44.29,2.83,340.60,3.15,0.76
2024-09-10T10:12:57Z,40.045442645738781,116.294179624013665,44.15,2.78,339.24,3.15,0.76
2024-09-10T10:12:58Z,40.045466520995106,116.294167931550405,44.04,2.80,338.84,3.14,0.76
2024-09-10T10:12:59Z,40.045490406707692,116.294155600136662,43.94,2.83,336.69,3.13,0.76
2024-09-10T10:13:00Z,40.045514519879994,116.294141658238743,43.87,2.90,334.37,3.14,0.76
2024-09-10T10:13:01Z,40.045538824985243,116.294126026186447,43.80,3.12,332.10,3.12,0.76
2024-09-10T10:13:02Z,40.045564515899187,116.294108584704730,43.73,3.27,331.76,3.12,0.76
2024-09-10T10:13:03Z,40.045592070748945,116.294090009016344,43.66,3.46,332.68,3.14,0.76
2024-09-10T10:13:04Z,40.045620503748800,116.294071396474465,43.60,3.46,333.33,3.15,0.76
2024-09-10T10:13:05Z,40.045648206818079,116.294053782240439,43.55,3.25,334.20,3.15,0.76
2024-09-10T10:13:06Z,40.045674688608955,116.294037640390158,43.52,3.17,335.65,3.15,0.76
2024-09-10T10:13:07Z,40.045701237664431,116.294022926138894,43.49,3.14,338.32,3.15,0.76
2024-09-10T10:13:08Z,40.045728308837944,116.294009740082629,43.47,3.17,340.80,3.13,0.76
2024-09-10T10:13:09Z,40.045755767749419,116.293997419267484,43.46,3.17,341.23,3.11,0.76
2024-09-10T10:13:10Z,40.045783589446010,116.293985094435939,43.43,3.12,341.15,3.11,0.76
2024-09-10T10:13:11Z,40.045810128356031,116.293973289928573,43.42,3.06,340.85,3.13,0.76
2024-09-10T10:13:12Z,40.045836352915174,116.293961113687402,43.40,3.04,339.46,3.14,0.76
2024-09-10T10:13:13Z,40.045862336551757,116.293947949693930,43.37,3.07,337.65,3.12,0.76
2024-09-10T10:13:14Z,40.045888008531392,116.293933648569620,43.35,3.05,335.83,3.10,0.76
2024-09-10T10:13:15Z,40.045913210552662,116.293918343264579,43.31,2.97,334.12,3.09,0.76
2024-09-10T10:13:16Z,40.045937504971967,116.293902882918118,43.28,2.97,333.87,3.09,0.76
2024-09-10T10:13:17Z,40.045963087847589,116.293886704211289,43.23,3.13,334.29,3.09,0.76
2024-09-10T10:13:18Z,40.045988644120698,116.293871111858110,43.19,3.16,335.52,3.08,0.76
2024-09-10T10:13:19Z,40.046014929390985,116.293856027086747,43.16,3.12,337.38,3.09,0.76
2024-09-10T10:13:20Z,40.046041188291454,116.293842143010835,43.13,2.97,339.45,3.10,0.76
2024-09-10T10:13:21Z,40.046067097701972,116.293829349708190,43.10,3.11,340.24,3.10,0.76
2024-09-10T10:13:22Z,40.046096112405962,116.293814791230062,43.09,3.78,339.02,3.10,0.76
2024-09-10T10:13:23Z,40.046127918927503,116.293797410873154,43.07,3.86,336.84,3.10,0.76
2024-09-10T10:13:24Z,40.046158067777377,116.293779794823564,43.05,3.40,335.92,3.12,0.76
2024-09-10T10:13:25Z,40.046185860048311,116.293763466682933,43.06,3.14,336.90,3.13,0.76
2024-09-10T10:13:26Z,40.046213308002898,116.293748315725594,43.07,3.34,338.58,3.13,0.76
2024-09-10T10:13:27Z,40.046241634770226,116.293733176866695,43.11,3.35,338.38,3.13,0.76
2024-09-10T10:13:28Z,40.046269221811443,116.293717791512520,43.14,3.23,336.95,3.13,0.76
2024-09-10T10:13:29Z,40.046295745189489,116.293701465393951,43.20,3.15,334.94,3.14,0.76
2024-09-10T10:13:30Z,40.046321569417060,116.293684331491946,43.25,3.07,334.34,3.14,0.76
2024-09-10T10:13:31Z,40.046345431423674,116.293668047423921,43.30,2.86,334.30,3.14,0.76
2024-09-10T10:13:32Z,40.046367723095017,116.293652771840755,43.34,2.76,335.57,3.13,0.76
2024-09-10T10:13:33Z,40.046389322364860,116.293638958420104,43.41,2.64,338.06,3.13,0.76
2024-09-10T10:13:34Z,40.046410845793297,116.293625459794143,43.48,2.66,339.03,3.12,0.76
2024-09-10T10:13:35Z,40.046433116991253,116.293611897326485,43.55,2.75,339.43,3.13,0.76
2024-09-10T10:13:36Z,40.046455307878745,116.293597956105771,43.61,2.78,337.70,3.14,0.76
2024-09-10T10:13:37Z,40.046477214359783,116.293582312225951,43.66,2.75,334.11,3.14,0.76
2024-09-10T10:13:38Z,40.046497701597715,116.293565056687754,43.70,2.64,328.98,3.16,0.76
2024-09-10T10:13:39Z,40.046514896354644,116.293546691569020,43.73,2.26,320.73,3.17,0.76
2024-09-10T10:13:40Z,40.046525697923798,116.293529973871642,43.77,1.28,308.64,3.17,0.76
2024-09-10T10:13:41Z,40.046530578036609,116.293516941308923,43.82,1.08,295.79,3.16,0.76
2024-09-10T10:13:42Z,40.046533089423193,116.293503017546030,43.89,1.13,282.00,3.14,0.76
2024-09-10T10:13:43Z,40.046533588941884,116.293486697168007,43.96,1.36,271.30,3.15,0.76
2024-09-10T10:13:44Z,40.046532287524109,116.293466996860190,44.04,1.68,263.61,3.19,0.76
2024-09-10T10:13:45Z,40.046528871203542,116.293439515564259,44.14,2.77,260.45,3.20,0.76
2024-09-10T10:13:46Z,40.046523197482699,116.293403249250801,44.25,3.24,257.38,3.21,0.76
2024-09-10T10:13:47Z,40.046515947060094,116.293364701821943,44.38,3.31,255.16,3.21,0.76
2024-09-10T10:13:48Z,40.046508218473626,116.293326941974215,44.51,3.24,255.23,3.23,0.76
2024-09-10T10:13:49Z,40.046501059752920,116.293289047999522,44.68,3.25,257.17,3.23,0.76
2024-09-10T10:13:50Z,40.046495165189960,116.293250990894450,44.86,3.12,259.93,3.26,0.76
2024-09-10T10:13:51Z,40.046490319352671,116.293213368456847,45.06,3.17,260.84,3.26,0.76
2024-09-10T10:13:52Z,40.046486001608045,116.293175839307438,45.24,3.20,261.90,3.27,0.76
2024-09-10T10:13:53Z,40.046482237303714,116.293137491882945,45.44,3.26,263.56,3.28,0.76
2024-09-10T10:13:54Z,40.046479175565416,116.293098012480215,45.63,3.34,265.21,3.29,0.76
2024-09-10T10:13:55Z,40.046476599989930,116.293057641155627,45.81,3.37,266.56,3.31,0.76
2024-09-10T10:13:56Z,40.046474515040451,116.293018058137349,45.97,3.31,267.57,3.35,0.76
2024-09-10T10:13:57Z,40.046472645649906,116.292979124796105,46.12,3.21,267.85,3.38,0.76
2024-09-10T10:13:58Z,40.046470752520918,116.292941670038161,46.26,3.07,267.80,3.42,0.77
2024-09-10T10:13:59Z,40.046468767064852,116.292906098659543,46.38,2.89,267.81,3.42,0.77
2024-09-10T10:14:00Z,40.046466708281386,116.292870869557404,46.49,2.96,268.33,3.39,0.77
2024-09-10T10:14:01Z,40.046464892325098,116.292836242007482,46.60,2.96,269.00,3.37,0.77
2024-09-10T10:14:02Z,40.046462454465590,116.292801566948810,46.71,2.95,266.83,3.35,0.77
2024-09-10T10:14:03Z,40.046458730307627,116.292767291075734,46.82,2.90,263.91,3.36,0.77
2024-09-10T10:14:04Z,40.046453136148060,116.292732307532347,46.92,2.82,259.16,3.36,0.77
2024-09-10T10:14:05Z,40.046446263469868,116.292700877240421,47.01,2.80,255.48,3.33,0.78
2024-09-10T10:14:06Z,40.046437950559884,116.292668460737019,47.11,2.74,253.06,3.30,0.78
2024-09-10T10:14:07Z,40.046429307086328,116.292638584892728,47.20,2.76,251.27,3.30,0.79
2024-09-10T10:14:08Z,40.046419036863433,116.292607396544383,47.31,2.89,246.84,3.29,0.80
2024-09-10T10:14:09Z,40.046406167052638,116.292575514905892,47.43,3.06,241.17,3.27,0.81
2024-09-10T10:14:10Z,40.046390829983721,116.292544061473436,47.55,3.12,236.63,3.25,0.82
2024-09-10T10:14:11Z,40.046374301111229,116.292513560017625,47.69,3.09,235.32,3.24,0.84
2024-09-10T10:14:12Z,40.046357907422220,116.292483496114940,47.85,3.03,236.15,3.26,0.85
2024-09-10T10:14:13Z,40.046341964771692,116.292453649871490,48.03,3.01,235.97,3.26,0.87
2024-09-10T10:14:14Z,40.046325989499394,116.292425241119389,48.20,2.92,233.20,3.25,0.88
2024-09-10T10:14:15Z,40.046309301456461,116.292397544970754,48.38,2.90,232.04,3.24,0.89
2024-09-10T10:14:16Z,40.046292458345803,116.292368911230867,48.56,2.90,234.45,3.23,0.90
2024-09-10T10:14:17Z,40.046277562484107,116.292339745451670,48.75,2.91,239.45,3.24,0.91
2024-09-10T10:14:18Z,40.046264805220829,116.292310579317245,48.94,2.98,241.97,3.26,0.92
2024-09-10T10:14:19Z,40.046252243989308,116.292278700640750,49.12,3.02,243.49,3.28,0.92
2024-09-10T10:14:20Z,40.046240218936454,116.292246550325842,49.32,3.04,243.57,3.28,0.93
2024-09-10T10:14:21Z,40.046228440080810,116.292214702469181,49.53,3.03,243.35,3.26,0.93
2024-09-10T10:14:22Z,40.046216794521584,116.292182322795611,49.74,2.96,244.13,3.27,0.94
2024-09-10T10:14:23Z,40.046205961699016,116.292150857519928,49.95,2.85,244.83,3.30,0.94
2024-09-10T10:14:24Z,40.046195934873104,116.292119535940685,50.16,2.91,246.25,3.33,0.94
2024-09-10T10:14:25Z,40.046186138449578,116.292087128066484,50.36,2.92,247.37,3.36,0.94
2024-09-10T10:14:26Z,40.046177276450521,116.292055217531157,50.54,2.95,249.38,3.37,0.94
2024-09-10T10:14:27Z,40.046169228334733,116.292022278684115,50.71,2.97,252.16,3.38,0.94
2024-09-10T10:14:28Z,40.046162618428596,116.291988407047100,50.88,3.00,255.65,3.39,0.94
2024-09-10T10:14:29Z,40.046157908571061,116.291953873658201,51.03,3.02,259.77,3.42,0.94
2024-09-10T10:14:30Z,40.046154779895630,116.291918440257078,51.18,3.01,262.17,3.45,0.94
2024-09-10T10:14:31Z,40.046152747551730,116.291882247335209,51.31,3.02,264.49,3.45,0.94
2024-09-10T10:14:32Z,40.046151438634404,116.291845738481598,51.42,3.05,265.82,3.45,0.94
2024-09-10T10:14:33Z,40.046150641389957,116.291808754172536,51.51,3.13,267.48,3.45,0.94
2024-09-10T10:14:34Z,40.046150337052026,116.291772128636438,51.58,2.98,268.89,3.47,0.94
2024-09-10T10:14:35Z,40.046150777584394,116.291737358076304,51.61,2.83,271.08,3.49,0.94
2024-09-10T10:14:36Z,40.046152331026001,116.291703830949459,51.63,2.80,274.42,3.52,0.94
2024-09-10T10:14:37Z,40.046155319193169,116.291670029089659,51.65,2.87,277.99,3.56,0.94
2024-09-10T10:14:38Z,40.046159666213960,116.291635541403863,51.66,2.93,281.22,3.57,0.94
2024-09-10T10:14:39Z,40.046164580459966,116.291600991211027,51.68,2.96,281.64,3.59,0.94
2024-09-10T10:14:40Z,40.046169165171719,116.291565466881153,51.67,3.01,279.50,3.60,0.94
2024-09-10T10:14:41Z,40.046172205058099,116.291531132628236,51.67,3.00,276.00,3.60,0.94
2024-09-10T10:14:42Z,40.046173390859181,116.291495243930882,51.65,3.09,271.46,3.60,0.94
2024-09-10T10:14:43Z,40.046172467550377,116.291458360961258,51.65,3.12,266.14,3.61,0.94
2024-09-10T10:14:44Z,40.046169288219289,116.291422126925141,51.64,3.11,261.78,3.61,0.94
2024-09-10T10:14:45Z,40.046164389530290,116.291385909608607,51.60,3.06,259.21,3.62,0.94
2024-09-10T10:14:46Z,40.046158775504850,116.291351082242088,51.58,3.00,257.95,3.63,0.94
2024-09-10T10:14:47Z,40.046152619210815,116.291316978963877,51.55,2.93,255.72,3.61,0.93
2024-09-10T10:14:48Z,40.046145407639472,116.291283656314718,51.53,2.90,252.48,3.57,0.93
2024-09-10T10:14:49Z,40.046137283326452,116.291251380357551,51.49,2.84,250.78,3.51,0.93
2024-09-10T10:14:50Z,40.046129191005392,116.291219293063889,51.44,2.92,252.09,3.48,0.93
2024-09-10T10:14:51Z,40.046121797310498,116.291185810526528,51.38,3.02,254.84,3.47,0.92
2024-09-10T10:14:52Z,40.046115322041416,116.291152792837110,51.33,2.86,255.74,3.45,0.92
2024-09-10T10:14:53Z,40.046108877103485,116.291121211173746,51.26,2.69,253.40,3.43,0.92
2024-09-10T10:14:54Z,40.046100631082133,116.291081284697952,51.16,2.75,255.31,3.41,0.91
2024-09-10T10:14:55Z,40.046096515729651,116.291058267016879,51.10,2.75,256.38,3.39,0.90
2024-09-10T10:14:56Z,40.046091741417264,116.291029171335254,51.02,2.73,257.92,3.37,0.90
2024-09-10T10:14:57Z,40.046087128243009,116.290998332501715,50.93,2.71,258.53,3.36,0.90
2024-09-10T10:14:58Z,40.046082376767366,116.290968085978946,50.82,2.68,257.65,3.35,0.90
2024-09-10T10:14:59Z,40.046076967712445,116.290938423370079,50.72,2.63,256.45,3.36,0.90
2024-09-10T10:15:00Z,40.046070587460974,116.290908047399014,50.61,2.58,254.96,3.38,0.89
2024-09-10T10:15:01Z,40.046064700606983,116.290883505921315,50.50,2.54,253.95,3.39,0.89
2024-09-10T10:15:02Z,40.046058150369753,116.290856919127322,50.39,2.52,254.74,3.40,0.88
2024-09-10T10:15:03Z,40.046052111515863,116.290830177157574,50.27,2.54,256.55,3.40,0.88
2024-09-10T10:15:04Z,40.046046786139705,116.290803641774772,50.16,2.43,256.72,3.38,0.87
2024-09-10T10:15:05Z,40.046039935137053,116.290778476488498,50.05,2.35,250.14,3.38,0.86
2024-09-10T10:15:06Z,40.046029987601869,116.290756276912333,49.92,2.26,235.35,3.38,0.86
2024-09-10T10:15:07Z,40.046014894170533,116.290739250723121,49.81,2.28,213.14,3.37,0.85
2024-09-10T10:15:08Z,40.045995213147776,116.290730015866870,49.71,2.38,191.74,3.37,0.84
2024-09-10T10:15:09Z,40.045972850882954,116.290730057413342,49.61,2.47,171.74,3.36,0.83
2024-09-10T10:15:10Z,40.045949768555467,116.290737873882293,49.52,2.74,161.38,3.33,0.82
2024-09-10T10:15:11Z,40.045925735212229,116.290750420813552,49.43,2.89,156.09,3.32,0.81
2024-09-10T10:15:12Z,40.045901416075608,116.290764905992177,49.36,2.99,155.11,3.32,0.80
2024-09-10T10:15:13Z,40.045873098544220,116.290781657797723,49.28,3.04,156.05,3.34,0.80
2024-09-10T10:15:14Z,40.045841447950501,116.290799090281396,49.22,3.16,158.52,3.39,0.79
2024-09-10T10:15:15Z,40.045825111423802,116.290807598270831,49.20,3.08,159.71,3.39,0.79
2024-09-10T10:15:16Z,40.045799355748862,116.290820030896555,49.18,3.00,161.30,3.40,0.79
2024-09-10T10:15:17Z,40.045774014245872,116.290831467514892,49.16,2.96,162.09,3.38,0.79
2024-09-10T10:15:18Z,40.045748983439843,116.290842420287930,49.13,2.91,161.56,3.38,0.79
2024-09-10T10:15:19Z,40.045724267321333,116.290853079031834,49.10,2.86,161.65,3.41,0.80
2024-09-10T10:15:20Z,40.045701049253211,116.290862522306099,49.08,2.80,163.01,3.45,0.81
2024-09-10T10:15:21Z,40.045677016626399,116.290871110738948,49.07,2.73,165.03,3.49,0.82
2024-09-10T10:15:22Z,40.045653354787227,116.290878499426583,49.06,2.66,166.40,3.53,0.83
2024-09-10T10:15:23Z,40.045630011584265,116.290885593120151,49.04,2.66,164.96,3.57,0.84
2024-09-10T10:15:24Z,40.045606439634795,116.290893621157863,49.02,2.75,162.27,3.61,0.85
2024-09-10T10:15:25Z,40.045582503215819,116.290902872354550,48.98,2.80,160.45,3.64,0.86
2024-09-10T10:15:26Z,40.045558266299544,116.290911945746032,48.92,2.84,162.29,3.67,0.86
2024-09-10T10:15:27Z,40.045533241250112,116.290919178527730,48.85,2.89,167.27,3.68,0.87
2024-09-10T10:15:28Z,40.045507189319778,116.290923891673827,48.75,2.95,172.91,3.69,0.88
2024-09-10T10:15:29Z,40.045480486334640,116.290926083328841,48.63,2.96,176.84,3.70,0.89
2024-09-10T10:15:30Z,40.045453900494316,116.290926543797468,48.50,2.90,179.80,3.71,0.90
2024-09-10T10:15:31Z,40.045427890892363,116.290925766945705,48.37,2.85,182.50,3.72,0.90
2024-09-10T10:15:32Z,40.045402200265741,116.290923583788853,48.23,2.85,185.48,3.75,0.91
2024-09-10T10:15:33Z,40.045376551485589,116.290919349356670,48.10,2.88,189.52,3.76,0.92
2024-09-10T10:15:34Z,40.045351045471783,116.290912869906677,47.98,2.90,192.50,3.78,0.92
2024-09-10T10:15:35Z,40.045325593912736,116.290904820664252,47.85,2.91,194.28,3.78,0.93
2024-09-10T10:15:36Z,40.045300242752532,116.290896035276731,47.73,2.90,194.15,3.77,0.93
2024-09-10T10:15:37Z,40.045274853030328,116.290887792758383,47.63,2.88,191.52,3.78,0.93
2024-09-10T10:15:38Z,40.045249190648363,116.290881639746047,47.53,2.87,186.57,3.78,0.94
2024-09-10T10:15:39Z,40.045223462892672,116.290878356540034,47.44,2.87,180.81,3.78,0.94
2024-09-10T10:15:40Z,40.045197797311914,116.290877621321769,47.36,2.86,177.58,3.77,0.94
2024-09-10T10:15:41Z,40.045172354911053,116.290877916922639,47.28,2.84,175.89,3.76,0.94
2024-09-10T10:15:42Z,40.045147171789736,116.290878540414383,47.22,2.82,176.10,3.75,0.94
2024-09-10T10:15:43Z,40.045122054962413,116.290878416190779,47.15,2.81,178.79,3.75,0.94
2024-09-10T10:15:44Z,40.045097214872207,116.290875919762343,47.11,2.83,184.40,3.73,0.93
2024-09-10T10:15:45Z,40.045072242570178,116.290870265858445,47.09,2.88,189.93,3.73,0.92
2024-09-10T10:15:46Z,40.045046994995175,116.290861498144977,47.07,2.98,193.83,3.70,0.91
2024-09-10T10:15:47Z,40.045021505250752,116.290850668762147,47.05,3.00,195.79,3.67,0.91
2024-09-10T10:15:48Z,40.044996658394901,116.290838877115590,47.02,2.92,197.29,3.64,0.90
2024-09-10T10:15:49Z,40.044972438331861,116.290826092582847,47.01,2.88,198.61,3.61,0.88
2024-09-10T10:15:50Z,40.044948526305255,116.290813426813187,46.99,2.82,198.69,3.59,0.87
2024-09-10T10:15:51Z,40.044925152550050,116.290801706274593,46.95,2.75,196.95,3.59,0.86
2024-09-10T10:15:52Z,40.044902392529181,116.290791977085121,46.92,2.61,194.55,3.56,0.84
2024-09-10T10:15:53Z,40.044881086525969,116.290783731587581,46.89,2.35,194.52,3.53,0.83
2024-09-10T10:15:54Z,40.044860631497777,116.290775589250273,46.85,2.43,196.39,3.49,0.82
2024-09-10T10:15:55Z,40.044839861956959,116.290765539078336,46.81,2.50,201.32,3.45,0.80
2024-09-10T10:15:56Z,40.044818824050104,116.290752962048515,46.78,2.64,206.48,3.42,0.79
2024-09-10T10:15:57Z,40.044797086192162,116.290737238122531,46.74,2.85,210.66,3.40,0.78
2024-09-10T10:15:58Z,40.044773736120113,116.290717153859461,46.71,3.35,215.65,3.38,0.78
2024-09-10T10:15:59Z,40.044749101085515,116.290693062702914,46.67,3.47,217.95,3.35,0.77
2024-09-10T10:16:00Z,40.044724909959491,116.290667790412371,46.64,3.38,219.48,3.34,0.77
2024-09-10T10:16:01Z,40.044701963707816,116.290642764678154,46.61,3.21,219.99,3.31,0.76
2024-09-10T10:16:02Z,40.044680011891778,116.290618660464972,46.60,3.06,219.87,3.32,0.76
2024-09-10T10:16:03Z,40.044658632203664,116.290596761843105,46.58,2.85,215.50,3.32,0.76
2024-09-10T10:16:04Z,40.044636906125383,116.290578218427228,46.56,2.85,210.18,3.31,0.76
2024-09-10T10:16:05Z,40.044614144493877,116.290562914165946,46.55,2.74,203.32,3.30,0.76
2024-09-10T10:16:06Z,40.044591578508424,116.290549554516403,46.54,2.68,205.47,3.26,0.76
2024-09-10T10:16:07Z,40.044569397574229,116.290535176288799,46.53,2.73,207.98,3.24,0.76
2024-09-10T10:16:08Z,40.044547143085211,116.290518667277865,46.52,2.87,212.03,3.26,0.76
2024-09-10T10:16:09Z,40.044525295770235,116.290499455905376,46.51,2.93,216.19,3.25,0.76
2024-09-10T10:16:10Z,40.044504335356763,116.290477876811437,46.51,2.95,220.13,3.26,0.76
2024-09-10T10:16:11Z,40.044484346857445,116.290454499968618,46.51,2.98,223.07,3.28,0.76
2024-09-10T10:16:12Z,40.044465139636081,116.290429578200019,46.53,3.03,225.71,3.31,0.76
2024-09-10T10:16:13Z,40.044446189828641,116.290404098281257,46.56,3.02,225.15,3.33,0.76
2024-09-10T10:16:14Z,40.044426283116337,116.290378670255350,46.63,3.18,222.51,3.35,0.76
2024-09-10T10:16:15Z,40.044405408116234,116.290354978430699,46.71,2.98,217.90,3.35,0.76
2024-09-10T10:16:16Z,40.044384546557332,116.290333272861560,46.82,2.95,217.09,3.33,0.76
2024-09-10T10:16:17Z,40.044364029385520,116.290311518110471,46.95,2.94,218.93,3.33,0.76
2024-09-10T10:16:18Z,40.044344600650611,116.290288320469756,47.08,2.94,223.29,3.33,0.76
2024-09-10T10:16:19Z,40.044326314723591,116.290262849995827,47.24,2.99,227.98,3.34,0.76
2024-09-10T10:16:20Z,40.044309321447400,116.290235622250307,47.41,2.94,231.49,3.35,0.76
2024-09-10T10:16:21Z,40.044293422791554,116.290207744585359,47.59,2.91,233.81,3.36,0.76
2024-09-10T10:16:22Z,40.044278157081756,116.290179738247573,47.78,2.86,234.66,3.37,0.76
2024-09-10T10:16:23Z,40.044263238825060,116.290152282983016,47.97,2.79,235.20,3.38,0.76
2024-09-10T10:16:24Z,40.044248971603118,116.290124942504221,48.17,2.77,236.93,3.38,0.77
2024-09-10T10:16:25Z,40.044235894657000,116.290096925434000,48.35,2.76,240.92,3.38,0.77
2024-09-10T10:16:26Z,40.044224234033166,116.290067959860650,48.49,2.76,244.21,3.38,0.77
2024-09-10T10:16:27Z,40.044213120869578,116.290037921141874,48.61,2.87,244.69,3.38,0.78
2024-09-10T10:16:28Z,40.044201258245856,116.290007097065967,48.69,3.02,242.91,3.39,0.78
2024-09-10T10:16:29Z,40.044187864005309,116.289975586985889,48.74,3.10,239.76,3.38,0.79
2024-09-10T10:16:30Z,40.044172461660011,116.289944971665747,48.78,3.13,234.63,3.39,0.79
2024-09-10T10:16:31Z,40.044155399436789,116.289915578455151,48.80,3.14,232.21,3.40,0.80
2024-09-10T10:16:32Z,40.044137623868686,116.289887012054308,48.81,3.13,231.29,3.39,0.80
2024-09-10T10:16:33Z,40.044120415706132,116.289858608050523,48.81,3.08,234.16,3.38,0.80
2024-09-10T10:16:34Z,40.044104692236694,116.289829507356075,48.79,3.06,237.11,3.39,0.80
2024-09-10T10:16:35Z,40.044090411873945,116.289799377396051,48.75,3.07,240.08,3.40,0.80
2024-09-10T10:16:36Z,40.044077417326122,116.289768211873223,48.69,3.11,242.87,3.41,0.79
2024-09-10T10:16:37Z,40.044064869783355,116.289735457457255,48.61,3.28,243.49,3.43,0.79
2024-09-10T10:16:38Z,40.044051481989513,116.289699469051229,48.54,3.66,243.92,3.44,0.79
2024-09-10T10:16:39Z,40.044037200277110,116.289661583885490,48.45,3.68,243.27,3.44,0.78
2024-09-10T10:16:40Z,40.044022741144175,116.289625287058485,48.36,3.42,241.70,3.45,0.78
2024-09-10T10:16:41Z,40.044008224590115,116.289592260988456,48.26,3.20,238.91,3.48,0.78
2024-09-10T10:16:42Z,40.043993212913747,116.289560876921101,48.16,3.19,238.03,3.49,0.78
2024-09-10T10:16:43Z,40.043978091878252,116.289527494922638,48.06,3.49,241.97,3.45,0.78
2024-09-10T10:16:44Z,40.043964435714329,116.289491248106003,47.97,3.45,246.99,3.41,0.78
2024-09-10T10:16:45Z,40.043953473000407,116.289455590486156,47.88,3.14,251.21,3.40,0.78
2024-09-10T10:16:46Z,40.043944556266908,116.289421808308347,47.80,2.99,253.28,3.41,0.79
2024-09-10T10:16:47Z,40.043936344433313,116.289389442727256,47.72,2.88,252.88,3.40,0.79
2024-09-10T10:16:48Z,40.043927947146386,116.289358651918008,47.64,2.74,250.94,3.38,0.79
2024-09-10T10:16:49Z,40.043919178863590,116.289329244923763,47.56,2.70,249.81,3.36,0.79
2024-09-10T10:16:50Z,40.043910638365645,116.289300197155583,47.47,2.68,249.68,3.35,0.80
2024-09-10T10:16:51Z,40.043902874479826,116.289270953161079,47.37,2.69,251.97,3.34,0.80
2024-09-10T10:16:52Z,40.043896266801362,116.289240777373024,47.28,2.76,255.09,3.33,0.80
2024-09-10T10:16:53Z,40.043890445098789,116.289208648808540,47.20,2.97,256.92,3.33,0.80
2024-09-10T10:16:54Z,40.043884682722506,116.289174474526988,47.09,3.07,256.57,3.31,0.80
2024-09-10T10:16:55Z,40.043878223801983,116.289139489623764,47.02,3.11,255.06,3.28,0.79
2024-09-10T10:16:56Z,40.043871400088975,116.289104074974432,46.94,3.12,255.36,3.25,0.79
2024-09-10T10:16:57Z,40.043865250683353,116.289068377511782,46.86,3.09,257.87,3.25,0.79
2024-09-10T10:16:58Z,40.043861026639945,116.289033410617705,46.78,2.88,262.40,3.24,0.79
2024-09-10T10:16:59Z,40.043859151431384,116.288999825405369,46.72,2.80,267.39,3.23,0.79
2024-09-10T10:17:00Z,40.043858554319520,116.288966837155499,46.66,2.75,267.92,3.21,0.79
2024-09-10T10:17:01Z,40.043857449671719,116.288934413632646,46.62,2.68,265.22,3.20,0.79
2024-09-10T10:17:02Z,40.043854318740486,116.288902576017051,46.58,2.70,259.03,3.18,0.78
2024-09-10T10:17:03Z,40.043848398518215,116.288870213553466,46.56,2.88,253.56,3.17,0.78
2024-09-10T10:17:04Z,40.043840168101390,116.288837043094730,46.54,2.98,250.17,3.18,0.78
2024-09-10T10:17:05Z,40.043831170906437,116.288803011197203,46.54,3.03,251.25,3.18,0.78
2024-09-10T10:17:06Z,40.043822589991898,116.288768439015428,46.55,3.07,252.29,3.18,0.77
2024-09-10T10:17:07Z,40.043815067384202,116.288732957573629,46.56,3.09,255.66,3.17,0.77
2024-09-10T10:17:08Z,40.043809085319594,116.288697778712006,46.57,2.94,257.54,3.15,0.77
2024-09-10T10:17:09Z,40.043804036887764,116.288663542458664,46.59,2.93,258.83,3.14,0.77
2024-09-10T10:17:10Z,40.043799200229387,116.288629517668682,46.61,2.90,258.25,3.16,0.76
2024-09-10T10:17:11Z,40.043793700430967,116.288595851446374,46.64,2.93,255.75,3.17,0.76
2024-09-10T10:17:12Z,40.043787061737959,116.288561972183714,46.70,3.02,253.58,3.16,0.76
2024-09-10T10:17:13Z,40.043779553078558,116.288527832717705,46.75,3.02,252.05,3.15,0.76
2024-09-10T10:17:14Z,40.043771605135561,116.288493043714197,46.80,3.18,252.57,3.16,0.76
2024-09-10T10:17:15Z,40.043764157887999,116.288457871929012,46.85,3.05,254.71,3.19,0.76
2024-09-10T10:17:16Z,40.043757976827116,116.288422535357597,46.89,3.15,258.01,3.20,0.76
2024-09-10T10:17:17Z,40.043753262149444,116.288386748449625,46.92,3.08,261.56,3.20,0.76
2024-09-10T10:17:18Z,40.043749925737835,116.288351935280303,46.94,2.97,263.57,3.18,0.77
2024-09-10T10:17:19Z,40.043747020521756,116.288317594552154,46.95,2.99,263.64,3.17,0.77
2024-09-10T10:17:20Z,40.043744087045638,116.288283302041521,46.96,2.96,263.97,3.17,0.77
2024-09-10T10:17:21Z,40.043741752952691,116.288249099324261,46.98,2.95,266.49,3.18,0.77
2024-09-10T10:17:22Z,40.043740936074606,116.288214850464854,46.97,2.93,270.87,3.19,0.78
2024-09-10T10:17:23Z,40.043741643081738,116.288180795262861,46.98,2.92,273.08,3.19,0.78
2024-09-10T10:17:24Z,40.043742107103697,116.288146612826623,46.96,2.96,269.61,3.18,0.78
2024-09-10T10:17:25Z,40.043740673547148,116.288112369947910,46.95,2.93,264.98,3.18,0.78
2024-09-10T10:17:26Z,40.043737293958024,116.288078238866063,46.94,2.98,261.16,3.19,0.78
2024-09-10T10:17:27Z,40.043732756453345,116.288044015238441,46.93,2.99,259.83,3.17,0.78
2024-09-10T10:17:28Z,40.043727700852060,116.288009099230663,46.92,3.12,259.12,3.19,0.78
2024-09-10T10:17:29Z,40.043721999886152,116.287973320838830,46.91,3.17,257.56,3.19,0.78
2024-09-10T10:17:30Z,40.043715635795166,116.287937560727897,46.90,3.14,256.43,3.17,0.79
2024-09-10T10:17:31Z,40.043709061717287,116.287902106593123,46.90,3.13,256.72,3.18,0.79
2024-09-10T10:17:32Z,40.043703044067605,116.287867005326490,46.91,3.07,258.68,3.18,0.80
2024-09-10T10:17:33Z,40.043697728332596,116.287831769912188,46.91,3.11,259.92,3.18,0.81
2024-09-10T10:17:34Z,40.043692622840183,116.287796579922244,46.91,3.08,259.79,3.18,0.83
2024-09-10T10:17:35Z,40.043687791947228,116.287762537227408,46.92,2.93,260.48,3.19,0.84
2024-09-10T10:17:36Z,40.043683602091171,116.287729590629667,46.93,2.88,262.14,3.18,0.85
2024-09-10T10:17:37Z,40.043680226351547,116.287696971162234,46.94,2.85,263.41,3.18,0.87
2024-09-10T10:17:38Z,40.043677263489307,116.287664593907465,46.95,2.82,263.49,3.18,0.88
2024-09-10T10:17:39Z,40.043674082066389,116.287632398112052,46.96,2.80,262.12,3.19,0.89
2024-09-10T10:17:40Z,40.043670069838306,116.287600459227860,46.98,2.80,259.70,3.21,0.90
2024-09-10T10:17:41Z,40.043664932901144,116.287568674375649,46.99,2.80,257.46,3.21,0.91
2024-09-10T10:17:42Z,40.043658887897742,116.287537036620392,47.00,2.79,255.90,3.23,0.92
2024-09-10T10:17:43Z,40.043652486548531,116.287505913182216,47.02,2.71,256.15,3.25,0.92
2024-09-10T10:17:44Z,40.043646689864367,116.287475222447981,47.01,2.65,258.59,3.24,0.93
2024-09-10T10:17:45Z,40.043642122448802,116.287444716436696,47.01,2.57,262.06,3.23,0.93
2024-09-10T10:17:46Z,40.043638774675600,116.287414188940645,47.00,2.58,264.58,3.24,0.94
2024-09-10T10:17:47Z,40.043636035222058,116.287382948160172,46.99,2.66,265.53,3.24,0.94
2024-09-10T10:17:48Z,40.043633016736244,116.287350261116416,46.97,2.80,264.33,3.23,0.94
2024-09-10T10:17:49Z,40.043629145470739,116.287316538444713,46.96,2.85,262.72,3.22,0.94
2024-09-10T10:17:50Z,40.043624159899259,116.287282398251534,46.92,2.89,259.87,3.21,0.94
2024-09-10T10:17:51Z,40.043618149872167,116.287248125505371,46.90,2.91,258.91,3.22,0.94
2024-09-10T10:17:52Z,40.043611794883901,116.287213959732412,46.92,2.90,258.82,3.22,0.94
2024-09-10T10:17:53Z,40.043605856898999,116.287179453012754,46.94,2.95,260.90,3.23,0.93
2024-09-10T10:17:54Z,40.043600867583280,116.287144552316036,46.91,2.98,262.74,3.22,0.93
2024-09-10T10:17:55Z,40.043596820235138,116.287109339645852,46.85,2.99,265.05,3.22,0.92
2024-09-10T10:17:56Z,40.043593224798812,116.287073928822437,46.79,3.00,265.43,3.20,0.92
2024-09-10T10:17:57Z,40.043589613460767,116.287038069394299,46.72,3.09,264.09,3.19,0.92
2024-09-10T10:17:58Z,40.043585390523766,116.287002094908587,46.64,3.02,262.53,3.20,0.91
2024-09-10T10:17:59Z,40.043580152721042,116.286966926055044,46.56,3.01,259.76,3.20,0.91
2024-09-10T10:18:00Z,40.043573670801521,116.286932049481820,46.48,3.01,256.54,3.21,0.91
2024-09-10T10:18:01Z,40.043566018844245,116.286897461196389,46.41,3.03,254.56,3.22,0.91
2024-09-10T10:18:02Z,40.043557789615960,116.286862742935540,46.33,3.05,254.70,3.22,0.90
2024-09-10T10:18:03Z,40.043549636969388,116.286828578897811,46.25,2.95,253.98,3.19,0.91
2024-09-10T10:18:04Z,40.043541599714992,116.286795775399739,46.17,2.83,253.65,3.19,0.91
2024-09-10T10:18:05Z,40.043534121767628,116.286764964294477,46.07,2.60,254.32,3.19,0.91
2024-09-10T10:18:06Z,40.043527718201716,116.286735690275563,45.98,2.54,257.04,3.19,0.91
2024-09-10T10:18:07Z,40.043522439118632,116.286705776084901,45.90,2.65,259.79,3.16,0.92
2024-09-10T10:18:08Z,40.043517660668797,116.286675171620999,45.82,2.63,260.37,3.14,0.92
2024-09-10T10:18:09Z,40.043512555751704,116.286643934043596,45.73,2.77,258.81,3.14,0.93
2024-09-10T10:18:10Z,40.043506577168230,116.286612512497925,45.67,2.66,256.69,3.13,0.93
2024-09-10T10:18:11Z,40.043500199187747,116.286581983175338,45.64,2.63,256.37,3.13,0.93
2024-09-10T10:18:12Z,40.043494294458029,116.286551579269712,45.64,2.64,258.29,3.12,0.93
2024-09-10T10:18:13Z,40.043488786972063,116.286520807405680,45.66,2.68,258.47,3.11,0.94
2024-09-10T10:18:14Z,40.043483182898925,116.286489374635579,45.67,2.77,258.48,3.10,0.94
2024-09-10T10:18:15Z,40.043477203704484,116.286457986659585,45.68,2.68,256.41,3.09,0.94
2024-09-10T10:18:16Z,40.043470868758284,116.286427601800369,45.69,2.65,255.81,3.10,0.94
2024-09-10T10:18:17Z,40.043464058268441,116.286398022564583,45.70,2.59,253.26,3.11,0.94
2024-09-10T10:18:18Z,40.043456645532515,116.286368894791408,45.73,2.61,251.92,3.13,0.94
2024-09-10T10:18:19Z,40.043448208039557,116.286338792677554,45.79,2.83,249.69,3.15,0.94
2024-09-10T10:18:20Z,40.043438190950503,116.286307288101938,45.86,2.95,246.88,3.15,0.94
2024-09-10T10:18:21Z,40.043426664200034,116.286274619642427,45.93,3.13,244.88,3.15,0.94
2024-09-10T10:18:22Z,40.043414290097331,116.286240798015513,46.00,3.19,245.09,3.15,0.94
2024-09-10T10:18:23Z,40.043402300221125,116.286206228425129,46.07,3.19,247.30,3.16,0.94
2024-09-10T10:18:24Z,40.043391516808647,116.286170963279190,46.15,3.14,250.67,3.20,0.94
2024-09-10T10:18:25Z,40.043382732729732,116.286136308845229,46.21,2.93,254.15,3.20,0.94
2024-09-10T10:18:26Z,40.043375930752525,116.286103043779960,46.26,2.79,257.32,3.21,0.94
2024-09-10T10:18:27Z,40.043370521436010,116.286070433954166,46.31,2.71,259.93,3.22,0.94
2024-09-10T10:18:28Z,40.043365798889084,116.286037099156999,46.37,2.86,261.12,3.21,0.94
2024-09-10T10:18:29Z,40.043361173105730,116.286002453025802,46.42,2.90,261.53,3.23,0.94
2024-09-10T10:18:30Z,40.043356654516181,116.285967949945274,46.47,2.84,261.85,3.25,0.94
2024-09-10T10:18:31Z,40.043351718233268,116.285933962184544,46.48,2.84,259.34,3.25,0.94
2024-09-10T10:18:32Z,40.043345732225951,116.285899730542155,46.49,2.96,257.50,3.25,0.94
2024-09-10T10:18:33Z,40.043338436665572,116.285863274168676,46.50,3.30,255.15,3.23,0.94
2024-09-10T10:18:34Z,40.043329970333147,116.285824733061645,46.49,3.38,254.61,3.21,0.94
2024-09-10T10:18:35Z,40.043321230440313,116.285786300010855,46.46,3.29,254.16,3.19,0.94
2024-09-10T10:18:36Z,40.043312403727406,116.285748567481505,46.44,3.27,253.91,3.19,0.94
2024-09-10T10:18:37Z,40.043303476414778,116.285710738000589,46.40,3.30,254.21,3.20,0.94
2024-09-10T10:18:38Z,40.043294085984797,116.285670896994816,46.34,3.61,253.76,3.18,0.94
2024-09-10T10:18:39Z,40.043284284550737,116.285629292077829,46.26,3.63,254.02,3.17,0.94
2024-09-10T10:18:40Z,40.043275310076822,116.285588740951155,46.17,3.38,255.72,3.16,0.94
2024-09-10T10:18:41Z,40.043267666058881,116.285550518885415,46.07,3.16,257.32,3.16,0.94
2024-09-10T10:18:42Z,40.043261246558998,116.285514776631544,45.97,2.93,259.00,3.15,0.94
2024-09-10T10:18:43Z,40.043255225071555,116.285480627527903,45.87,2.87,257.75,3.14,0.94
2024-09-10T10:18:44Z,40.043248653577834,116.285446849466666,45.76,2.86,256.79,3.12,0.94
2024-09-10T10:18:45Z,40.043241975034746,116.285413567260022,45.65,2.79,257.16,3.14,0.94
2024-09-10T10:18:46Z,40.043235195418795,116.285380854388478,45.56,2.78,256.05,3.13,0.94
2024-09-10T10:18:47Z,40.043228214348673,116.285348316909619,45.49,2.79,255.92,3.13,0.94
2024-09-10T10:18:48Z,40.043220783307483,116.285314970143105,45.40,2.92,255.06,3.12,0.94
2024-09-10T10:18:49Z,40.043212766665484,116.285280865586742,45.31,2.96,254.11,3.13,0.94
2024-09-10T10:18:50Z,40.043204106250784,116.285246685801965,45.23,2.95,252.25,3.14,0.94
2024-09-10T10:18:51Z,40.043194649163354,116.285213228232408,45.14,2.92,249.92,3.14,0.94
2024-09-10T10:18:52Z,40.043184232265496,116.285179380410540,45.04,3.09,248.52,3.13,0.94
2024-09-10T10:18:53Z,40.043173173273274,116.285144795444211,44.95,3.10,247.89,3.13,0.93
2024-09-10T10:18:54Z,40.043162361720348,116.285110446430693,44.88,3.07,248.48,3.14,0.93
2024-09-10T10:18:55Z,40.043152454130819,116.285076319299563,44.85,3.01,250.55,3.14,0.92
2024-09-10T10:18:56Z,40.043143556936009,116.285042036733586,44.81,3.02,252.12,3.12,0.92
2024-09-10T10:18:57Z,40.043135607975046,116.285007042304073,44.79,3.03,254.08,3.11,0.92
2024-09-10T10:18:58Z,40.043128315507978,116.284971230497675,44.80,3.10,254.90,3.11,0.91
2024-09-10T10:18:59Z,40.043121296132298,116.284933956602970,44.79,3.25,255.70,3.11,0.90
2024-09-10T10:19:00Z,40.043114354152578,116.284896148596019,44.81,3.19,254.81,3.12,0.89
2024-09-10T10:19:01Z,40.043107554895229,116.284858960664195,44.85,3.16,255.20,3.11,0.88
2024-09-10T10:19:02Z,40.043101355524215,116.284822089124134,44.92,3.09,255.99,3.10,0.88
2024-09-10T10:19:03Z,40.043096431372923,116.284785936118723,44.99,3.03,258.61,3.10,0.87
2024-09-10T10:19:04Z,40.043093025980582,116.284750146052417,45.07,3.01,261.21,3.10,0.86
2024-09-10T10:19:05Z,40.043090376954744,116.284714800818591,45.16,2.96,261.68,3.11,0.85
2024-09-10T10:19:06Z,40.043087972966788,116.284679718740804,45.23,2.97,261.32,3.13,0.84
2024-09-10T10:19:07Z,40.043085833721385,116.284644445766020,45.35,3.00,262.08,3.14,0.83
2024-09-10T10:19:08Z,40.043084979231978,116.284608317866159,45.47,3.12,266.78,3.13,0.82
2024-09-10T10:19:09Z,40.043086745645788,116.284570932140710,45.59,3.22,272.44,3.11,0.81
2024-09-10T10:19:10Z,40.043091704139812,116.284533538424100,45.73,3.18,279.36,3.12,0.81
2024-09-10T10:19:11Z,40.043100358069552,116.284497660442696,45.88,3.12,287.80,3.15,0.80
2024-09-10T10:19:12Z,40.043113143941035,116.284464346687827,46.04,3.06,298.35,3.18,0.79
2024-09-10T10:19:13Z,40.043130173370436,116.284434083332286,46.21,3.15,308.70,3.17,0.78
2024-09-10T10:19:14Z,40.043151421308480,116.284406795938935,46.39,3.22,317.30,3.15,0.78
2024-09-10T10:19:15Z,40.043175342133651,116.284382889218449,46.57,3.22,324.07,3.16,0.77
2024-09-10T10:19:16Z,40.043201064026533,116.284362821693648,46.76,3.21,331.20,3.18,0.77
2024-09-10T10:19:17Z,40.043228950076468,116.284346682039271,46.96,3.33,338.70,3.18,0.77
2024-09-10T10:19:18Z,40.043259785427665,116.284333653653803,47.15,3.63,344.34,3.17,0.77
2024-09-10T10:19:19Z,40.043292593225715,116.284322947659376,47.33,3.67,347.61,3.16,0.77
2024-09-10T10:19:20Z,40.043325141578840,116.284314236263967,47.49,3.50,350.14,3.16,0.78
2024-09-10T10:19:21Z,40.043356006279950,116.284307284297114,47.60,3.29,351.73,3.17,0.78
2024-09-10T10:19:22Z,40.043385621057418,116.284301805406642,47.71,3.20,353.89,3.17,0.79
2024-09-10T10:19:23Z,40.043415245432314,116.284297709742958,47.82,3.26,355.97,3.17,0.79
2024-09-10T10:19:24Z,40.043445283974556,116.284294496159205,47.92,3.32,356.40,3.18,0.80
2024-09-10T10:19:25Z,40.043475775275567,116.284290927471048,48.00,3.36,355.13,3.18,0.81
2024-09-10T10:19:26Z,40.043506239707291,116.284285875741631,48.06,3.38,351.74,3.20,0.82
2024-09-10T10:19:27Z,40.043536970669173,116.284277970397213,48.10,3.48,347.39,3.21,0.82
2024-09-10T10:19:28Z,40.043568578256377,116.284266365176109,48.13,3.71,342.16,3.20,0.83
2024-09-10T10:19:29Z,40.043600635070511,116.284251451364128,48.15,3.73,339.08,3.20,0.84
2024-09-10T10:19:30Z,40.043631446887986,116.284235730823710,48.15,3.48,338.53,3.21,0.84
2024-09-10T10:19:31Z,40.043660601802451,116.284221185724746,48.14,3.29,339.89,3.22,0.85
2024-09-10T10:19:32Z,40.043688693035342,116.284208261008189,48.13,3.18,341.46,3.23,0.85
2024-09-10T10:19:33Z,40.043715636839792,116.284197087478020,48.11,2.94,343.62,3.22,0.86
2024-09-10T10:19:34Z,40.043742060096747,116.284186786678376,48.08,3.02,343.31,3.21,0.87
2024-09-10T10:19:35Z,40.043768205038958,116.284176702667068,48.05,2.87,343.42,3.20,0.88
2024-09-10T10:19:36Z,40.043793925078745,116.284166443840206,48.00,2.92,342.30,3.20,0.88
2024-09-10T10:19:37Z,40.043820442909499,116.284156241668100,47.95,3.06,344.53,3.19,0.89
2024-09-10T10:19:38Z,40.043849540325468,116.284146941490846,47.91,3.45,347.86,3.19,0.90
2024-09-10T10:19:39Z,40.043881005796138,116.284138847810937,47.90,3.56,350.12,3.18,0.90
2024-09-10T10:19:40Z,40.043912868406956,116.284131543275976,47.85,3.52,350.27,3.18,0.90
2024-09-10T10:19:41Z,40.043943924413924,116.284123968704804,47.81,3.38,349.29,3.18,0.90
2024-09-10T10:19:42Z,40.043974585056404,116.284116365379461,47.75,3.44,349.91,3.18,0.90
2024-09-10T10:19:43Z,40.044005378570475,116.284109412803105,47.69,3.38,351.46,3.17,0.90
2024-09-10T10:19:44Z,40.044035692653168,116.284103837216506,47.63,3.35,353.77,3.16,0.90
2024-09-10T10:19:45Z,40.044065790504462,116.284099029160259,47.55,3.32,353.85,3.14,0.90
2024-09-10T10:19:46Z,40.044095354565179,116.284094204316744,47.46,3.23,353.72,3.14,0.89
2024-09-10T10:19:47Z,40.044123850142491,116.284088708713298,47.36,3.09,351.81,3.13,0.89
2024-09-10T10:19:48Z,40.044150755128591,116.284082150921805,47.26,2.88,349.61,3.13,0.89
2024-09-10T10:19:49Z,40.044176565383232,116.284074840240734,47.15,2.89,348.24,3.13,0.89
2024-09-10T10:19:50Z,40.044202471338785,116.284067098261957,47.05,2.89,347.98,3.14,0.89
2024-09-10T10:19:51Z,40.044228908769902,116.284059510826026,46.92,2.98,349.05,3.14,0.88
2024-09-10T10:19:52Z,40.044256918460711,116.284052521953257,46.83,3.19,350.22,3.14,0.88
2024-09-10T10:19:53Z,40.044286736998167,116.284045508322791,46.74,3.38,349.53,3.13,0.88
2024-09-10T10:19:54Z,40.044317045629406,116.284037740581297,46.63,3.32,347.59,3.13,0.88
2024-09-10T10:19:55Z,40.044345023509649,116.284028985985856,46.52,2.90,344.29,3.13,0.87
2024-09-10T10:19:56Z,40.044370328934441,116.284019485161309,46.40,2.78,342.23,3.14,0.87
2024-09-10T10:19:57Z,40.044394967728671,116.284009434006165,46.27,2.74,341.44,3.15,0.86
2024-09-10T10:19:58Z,40.044418150587347,116.284000344666723,46.13,2.43,344.10,3.14,0.85
2024-09-10T10:19:59Z,40.044440051288333,116.283993366318896,45.98,2.37,347.81,3.13,0.84
2024-09-10T10:20:00Z,40.044462137606565,116.283988634369535,45.84,2.39,353.41,3.14,0.83
2024-09-10T10:20:01Z,40.044484848155051,116.283986410027907,45.69,2.45,358.65,3.16,0.82
2024-09-10T10:20:02Z,40.044508323356531,116.283986035345336,45.52,2.55,1.30,3.16,0.81
2024-09-10T10:20:03Z,40.044532885840816,116.283985896516683,45.36,2.72,359.40,3.14,0.80
2024-09-10T10:20:04Z,40.044558427204819,116.283983776048743,45.19,2.76,354.32,3.12,0.79
2024-09-10T10:20:05Z,40.044583926043885,116.283979569545977,45.02,2.73,352.01,3.12,0.78
2024-09-10T10:20:06Z,40.044609200811436,116.283974161167208,44.85,2.76,349.75,3.13,0.78
2024-09-10T10:20:07Z,40.044635197090436,116.283967364548801,44.68,2.92,347.90,3.14,0.77
2024-09-10T10:20:08Z,40.044663204935887,116.283959035161743,44.51,3.23,346.66,3.13,0.77
2024-09-10T10:20:09Z,40.044692608517245,116.283949196239348,44.35,3.31,344.45,3.14,0.77
2024-09-10T10:20:10Z,40.044721621998292,116.283937733316847,44.21,3.24,341.29,3.17,0.77
2024-09-10T10:20:11Z,40.044749240024089,116.283924815027021,44.08,3.09,338.48,3.19,0.77
2024-09-10T10:20:12Z,40.044776242745797,116.283910748430756,43.96,3.18,337.20,3.20,0.77
2024-09-10T10:20:13Z,40.044804426655858,116.283895760246352,43.88,3.36,337.68,3.22,0.77
2024-09-10T10:20:14Z,40.044833990882992,116.283880344529408,43.80,3.49,338.21,3.27,0.77
2024-09-10T10:20:15Z,40.044864150720244,116.283864748097656,43.72,3.49,338.56,3.32,0.77
2024-09-10T10:20:16Z,40.044894370027329,116.283848687580445,43.67,3.51,337.85,3.36,0.77
2024-09-10T10:20:17Z,40.044923988902568,116.283831925720690,43.61,3.39,336.49,3.40,0.77
2024-09-10T10:20:18Z,40.044952282522090,116.283814522035115,43.56,3.22,334.75,3.43,0.77
2024-09-10T10:20:19Z,40.044979426880047,116.283797532664181,43.53,3.15,335.49,3.45,0.77
2024-09-10T10:20:20Z,40.045006425653341,116.283781882682177,43.50,3.10,337.93,3.45,0.76
2024-09-10T10:20:21Z,40.045033929820917,116.283767655101244,43.49,3.20,339.78,3.43,0.76
2024-09-10T10:20:22Z,40.045062481052746,116.283753367428901,43.47,3.32,338.68,3.42,0.76
2024-09-10T10:20:23Z,40.045091686000220,116.283737387147553,43.44,3.46,335.87,3.42,0.76
2024-09-10T10:20:24Z,40.045121063419231,116.283719045620444,43.42,3.56,332.42,3.44,0.76
2024-09-10T10:20:25Z,40.045149874616691,116.283697859653174,43.41,3.57,328.07,3.46,0.76
2024-09-10T10:20:26Z,40.045177491354927,116.283674111936335,43.41,3.60,324.49,3.46,0.76
2024-09-10T10:20:27Z,40.045204195067200,116.283648288239263,43.39,3.62,322.00,3.47,0.76
2024-09-10T10:20:28Z,40.045229960063452,116.283621478316221,43.39,3.52,320.65,3.47,0.76
2024-09-10T10:20:29Z,40.045254835506235,116.283594702356254,43.39,3.50,320.07,3.47,0.76
2024-09-10T10:20:30Z,40.045279576429110,116.283568034402435,43.38,3.50,320.31,3.47,0.76
2024-09-10T10:20:31Z,40.045304613844458,116.283541852749693,43.37,3.52,321.22,3.48,0.76
2024-09-10T10:20:32Z,40.045329793940660,116.283515927202956,43.35,3.52,320.38,3.50,0.76
2024-09-10T10:20:33Z,40.045354554676976,116.283489208234343,43.31,3.58,318.35,3.52,0.76
2024-09-10T10:20:34Z,40.045378952217717,116.283460429380597,43.25,3.69,316.11,3.55,0.76
2024-09-10T10:20:35Z,40.045402922795112,116.283430473017830,43.21,3.65,315.14,3.57,0.76
2024-09-10T10:20:36Z,40.045426250909784,116.283400527475933,43.15,3.61,314.27,3.60,0.76
2024-09-10T10:20:37Z,40.045449155491205,116.283370673267029,43.10,3.57,313.91,3.62,0.76
2024-09-10T10:20:38Z,40.045472124947366,116.283341746984746,43.06,3.52,315.45,3.64,0.76
2024-09-10T10:20:39Z,40.045495585292365,116.283314986624873,43.01,3.44,318.99,3.65,0.76
2024-09-10T10:20:40Z,40.045519629127057,116.283291049835753,42.95,3.31,323.09,3.68,0.76
2024-09-10T10:20:41Z,40.045544205188584,116.283269372084007,42.90,3.30,325.61,3.70,0.76
2024-09-10T10:20:42Z,40.045569398636090,116.283247469983095,42.85,3.43,324.09,3.70,0.76
2024-09-10T10:20:43Z,40.045595105819153,116.283222465882034,42.80,3.70,319.91,3.68,0.76
2024-09-10T10:20:44Z,40.045620838636331,116.283194190148038,42.77,3.79,317.48,3.65,0.76
2024-09-10T10:20:45Z,40.045646403002976,116.283164923147382,42.76,3.78,317.97,3.62,0.76
2024-09-10T10:20:46Z,40.045672130061796,116.283136859747003,42.76,3.66,320.31,3.60,0.76
2024-09-10T10:20:47Z,40.045697301245490,116.283111294399802,42.77,3.41,321.76,3.60,0.76
2024-09-10T10:20:48Z,40.045720825188845,116.283087400778882,42.80,3.21,320.81,3.61,0.76
2024-09-10T10:20:49Z,40.045742726976350,116.283063696665835,42.82,3.13,318.34,3.60,0.76
2024-09-10T10:20:50Z,40.045763623915406,116.283039044800176,42.85,3.13,316.19,3.59,0.76
2024-09-10T10:20:51Z,40.045784077576442,116.283012855139148,42.89,3.20,314.99,3.57,0.76
2024-09-10T10:20:52Z,40.045804423442853,116.282985072053449,42.95,3.29,312.92,3.55,0.76
2024-09-10T10:20:53Z,40.045824572356409,116.282955681660084,43.01,3.39,311.35,3.52,0.76
2024-09-10T10:20:54Z,40.045844514348808,116.282925010504130,43.06,3.42,310.29,3.50,0.76
2024-09-10T10:20:55Z,40.045864192447404,116.282893465884200,43.09,3.43,309.47,3.49,0.76
2024-09-10T10:20:56Z,40.045883395876764,116.282861716014722,43.13,3.40,308.59,3.50,0.76
2024-09-10T10:20:57Z,40.045902146427672,116.282829337545664,43.15,3.48,307.02,3.50,0.76
2024-09-10T10:20:58Z,40.045920515725491,116.282795216956345,43.17,3.61,304.59,3.51,0.76
2024-09-10T10:20:59Z,40.045938275372322,116.282759409059594,43.20,3.67,301.83,3.54,0.76
2024-09-10T10:21:00Z,40.045954801791638,116.282722260450427,43.22,3.64,297.92,3.53,0.76
2024-09-10T10:21:01Z,40.045969898250227,116.282683916790091,43.24,3.72,295.31,3.52,0.76
2024-09-10T10:21:02Z,40.045984520721362,116.282643567683735,43.24,3.92,293.74,3.50,0.76
2024-09-10T10:21:03Z,40.045999169117479,116.282600472796517,43.26,4.14,292.53,3.50,0.76
2024-09-10T10:21:04Z,40.046013892273734,116.282554914496984,43.28,4.32,291.29,3.48,0.76
2024-09-10T10:21:05Z,40.046027739728530,116.282508967737130,43.32,4.11,289.92,3.47,0.76
2024-09-10T10:21:06Z,40.046040403560625,116.282464957364681,43.35,3.86,289.80,3.49,0.76
2024-09-10T10:21:07Z,40.046052619700120,116.282423888526409,43.39,3.58,291.57,3.50,0.76
2024-09-10T10:21:08Z,40.046065489071644,116.282385731129565,43.45,3.43,295.46,3.52,0.76
2024-09-10T10:21:09Z,40.046080229727799,116.282349154909596,43.51,3.49,300.02,3.52,0.76
2024-09-10T10:21:10Z,40.046097193091740,116.282313519800141,43.60,3.52,304.07,3.49,0.76
2024-09-10T10:21:11Z,40.046115800906932,116.282278857177644,43.71,3.53,306.69,3.48,0.76
2024-09-10T10:21:12Z,40.046135422333322,116.282245065257413,43.84,3.51,308.15,3.48,0.76
2024-09-10T10:21:13Z,40.046155479781760,116.282212083544252,43.99,3.45,308.30,3.51,0.76
2024-09-10T10:21:14Z,40.046175196480725,116.282179773871178,44.16,3.42,307.65,3.54,0.76
2024-09-10T10:21:15Z,40.046194647843208,116.282147135603694,44.34,3.48,305.83,3.54,0.76
2024-09-10T10:21:16Z,40.046213893678861,116.282112889639990,44.53,3.61,303.25,3.53,0.76
2024-09-10T10:21:17Z,40.046232296628872,116.282076704211988,44.72,3.65,299.47,3.55,0.76
2024-09-10T10:21:18Z,40.046249403165504,116.282039135810109,44.91,3.69,297.29,3.53,0.76
2024-09-10T10:21:19Z,40.046266183714749,116.282000871271876,45.12,3.73,297.37,3.52,0.76
2024-09-10T10:21:20Z,40.046284145065144,116.281962359269244,45.34,3.77,300.33,3.53,0.76
2024-09-10T10:21:21Z,40.046303764287742,116.281924219518601,45.56,3.85,303.71,3.54,0.76
2024-09-10T10:21:22Z,40.046325270511431,116.281887274030055,45.78,3.87,307.92,3.55,0.76
2024-09-10T10:21:23Z,40.046348886251678,116.281852257415665,45.99,3.88,312.41,3.55,0.76
2024-09-10T10:21:24Z,40.046374743257552,116.281819827659973,46.19,3.91,317.92,3.56,0.77
2024-09-10T10:21:25Z,40.046402938686768,116.281789964569995,46.38,3.94,322.82,3.57,0.77
2024-09-10T10:21:26Z,40.046432793019150,116.281762738137147,46.54,3.98,327.03,3.59,0.77
2024-09-10T10:21:27Z,40.046463975787439,116.281737070958627,46.71,4.04,328.71,3.60,0.78
2024-09-10T10:21:28Z,40.046496056075014,116.281710873770876,46.86,4.24,327.26,3.59,0.78
2024-09-10T10:21:29Z,40.046528983807988,116.281682215795954,47.00,4.41,324.87,3.58,0.79
2024-09-10T10:21:30Z,40.046561376234195,116.281652178476506,47.13,4.30,323.25,3.59,0.79
2024-09-10T10:21:31Z,40.046592635699596,116.281622304888430,47.26,4.22,322.81,3.57,0.80
2024-09-10T10:21:32Z,40.046622975273856,116.281592639147220,47.37,4.12,321.65,3.54,0.80
2024-09-10T10:21:33Z,40.046651867652443,116.281563313710791,47.47,3.95,319.96,3.50,0.81
2024-09-10T10:21:34Z,40.046679077221242,116.281534048888773,47.56,3.85,317.64,3.49,0.81
2024-09-10T10:21:35Z,40.046704557334152,116.281504652022988,47.64,3.69,314.75,3.48,0.81
2024-09-10T10:21:36Z,40.046728465934152,116.281475791929154,47.70,3.53,313.96,3.46,0.82
2024-09-10T10:21:37Z,40.046751329525819,116.281449276107537,47.74,3.24,317.82,3.44,0.82
2024-09-10T10:21:38Z,40.046775731120157,116.281426994160185,47.77,3.31,326.53,3.42,0.82
2024-09-10T10:21:39Z,40.046802985951203,116.281408712878161,47.82,3.36,334.50,3.41,0.82
2024-09-10T10:21:40Z,40.046832200998658,116.281393730528890,47.85,3.41,338.54,3.40,0.82
2024-09-10T10:21:41Z,40.046862824373150,116.281380815897904,47.90,3.50,341.30,3.37,0.83
2024-09-10T10:21:42Z,40.046894274062893,116.281369870388829,47.92,3.52,344.93,3.34,0.83
2024-09-10T10:21:43Z,40.046926270119862,116.281361521920587,47.94,3.53,348.51,3.33,0.83
2024-09-10T10:21:44Z,40.046958512489702,116.281354706744466,47.97,3.50,349.36,3.33,0.83
2024-09-10T10:21:45Z,40.046990611349038,116.281348052728617,48.00,3.49,348.66,3.32,0.83
2024-09-10T10:21:46Z,40.047022077389094,116.281339795870224,48.03,3.42,344.38,3.30,0.82
2024-09-10T10:21:47Z,40.047053415277986,116.281328856775986,48.07,3.58,341.26,3.27,0.82
2024-09-10T10:21:48Z,40.047084988620476,116.281315511147199,48.11,3.62,337.81,3.25,0.81
2024-09-10T10:21:49Z,40.047116521884831,116.281300812654237,48.17,3.63,338.19,3.25,0.80
2024-09-10T10:21:50Z,40.047148722540740,116.281287815658274,48.23,3.65,342.60,3.23,0.79
2024-09-10T10:21:51Z,40.047181584478516,116.281278028532441,48.29,3.59,346.94,3.20,0.79
2024-09-10T10:21:52Z,40.047213422543003,116.281270817691123,48.34,3.33,349.35,3.18,0.78
2024-09-10T10:21:53Z,40.047243855859627,116.281264170865995,48.38,3.31,348.22,3.16,0.77
2024-09-10T10:21:54Z,40.047274250289959,116.281257290341031,48.42,3.33,349.26,3.15,0.77
2024-09-10T10:21:55Z,40.047304965801459,116.281251378122761,48.45,3.39,351.92,3.14,0.77
2024-09-10T10:21:56Z,40.047336082620198,116.281247217010758,48.46,3.37,354.53,3.13,0.76
2024-09-10T10:21:57Z,40.047366573349159,116.281245003537578,48.45,3.23,357.17,3.13,0.76
2024-09-10T10:21:58Z,40.047396971776323,116.281244190216839,48.40,3.32,358.56,3.13,0.76
2024-09-10T10:21:59Z,40.047428334065287,116.281244661296739,48.33,3.47,0.92,3.13,0.76
2024-09-10T10:22:00Z,40.047462096913883,116.281246074887264,48.24,3.85,1.63,3.12,0.76
2024-09-10T10:22:01Z,40.047497951359318,116.281247566987986,48.16,3.92,1.12,3.13,0.77
2024-09-10T10:22:02Z,40.047533420953215,116.281248430709823,48.06,3.75,359.87,3.13,0.77
2024-09-10T10:22:03Z,40.047568174019773,116.281248923651191,47.96,3.82,0.29,3.14,0.77
2024-09-10T10:22:04Z,40.047602290578133,116.281250222692407,47.85,3.66,2.25,3.15,0.77
2024-09-10T10:22:05Z,40.047635651100286,116.281253186124189,47.74,3.65,4.67,3.15,0.78
2024-09-10T10:22:06Z,40.047669067523955,116.281258137533655,47.62,3.68,7.10,3.15,0.78
2024-09-10T10:22:07Z,40.047703177040624,116.281263932434797,47.51,3.81,6.20,3.14,0.79
2024-09-10T10:22:08Z,40.047737864912442,116.281269071911481,47.45,3.81,4.90,3.14,0.79
2024-09-10T10:22:09Z,40.047772159525962,116.281273158689842,47.40,3.69,3.22,3.15,0.80
2024-09-10T10:22:10Z,40.047805605944561,116.281276788638408,47.35,3.62,3.92,3.16,0.80
2024-09-10T10:22:11Z,40.047838441942922,116.281281095625530,47.31,3.56,4.97,3.16,0.81
2024-09-10T10:22:12Z,40.047870937843200,116.281285924688248,47.28,3.56,5.31,3.13,0.81
2024-09-10T10:22:13Z,40.047903358382406,116.281291115782935,47.27,3.53,5.77,3.12,0.81
2024-09-10T10:22:14Z,40.047935103195528,116.281296645492532,47.26,3.43,6.53,3.12,0.81
2024-09-10T10:22:15Z,40.047966160391191,116.281303242829864,47.25,3.41,9.23,3.13,0.81
2024-09-10T10:22:16Z,40.047996956952517,116.281311499685629,47.26,3.42,11.58,3.14,0.82
2024-09-10T10:22:17Z,40.048027640945250,116.281321401788588,47.26,3.44,13.77,3.12,0.82
2024-09-10T10:22:18Z,40.048058078442601,116.281332109116960,47.26,3.46,14.66,3.12,0.82
2024-09-10T10:22:19Z,40.048088479893551,116.281343755973083,47.26,3.44,16.42,3.11,0.82
2024-09-10T10:22:20Z,40.048118416762705,116.281356400884050,47.25,3.43,18.24,3.11,0.82
2024-09-10T10:22:21Z,40.048147892784520,116.281370231832000,47.23,3.41,20.38,3.12,0.82
2024-09-10T10:22:22Z,40.048177539068831,116.281385654252787,47.21,3.57,22.54,3.13,0.83
2024-09-10T10:22:23Z,40.048207549937864,116.281403105242745,47.17,3.62,25.31,3.13,0.84
2024-09-10T10:22:24Z,40.048236928609114,116.281422047577195,47.13,3.53,27.61,3.14,0.85
2024-09-10T10:22:25Z,40.048264347538797,116.281441556317830,47.09,3.28,30.53,3.15,0.86
2024-09-10T10:22:26Z,40.048290052697368,116.281461339329525,47.06,3.19,32.47,3.16,0.87
2024-09-10T10:22:27Z,40.048314919967801,116.281481157609960,47.01,3.12,32.73,3.15,0.88
2024-09-10T10:22:28Z,40.048341071941159,116.281501714002459,46.95,3.48,32.15,3.15,0.89
2024-09-10T10:22:29Z,40.048368819452861,116.281522867873434,46.89,3.46,31.10,3.15,0.89
2024-09-10T10:22:30Z,40.048396849270638,116.281543150080239,46.83,3.47,29.59,3.16,0.89
2024-09-10T10:22:31Z,40.048425299904707,116.281562399495314,46.79,3.47,27.29,3.17,0.89
2024-09-10T10:22:32Z,40.048454335723882,116.281580556560087,46.75,3.50,25.51,3.18,0.89
2024-09-10T10:22:33Z,40.048483734315241,116.281597940473958,46.70,3.54,24.59,3.19,0.88
2024-09-10T10:22:34Z,40.048512963376638,116.281615662602761,46.63,3.55,26.07,3.21,0.87
2024-09-10T10:22:35Z,40.048541912411146,116.281634592789075,46.58,3.61,28.15,3.22,0.86
2024-09-10T10:22:36Z,40.048570780809705,116.281655449880304,46.53,3.67,30.20,3.24,0.85
2024-09-10T10:22:37Z,40.048599788736972,116.281677204557454,46.49,3.77,30.07,3.25,0.84
2024-09-10T10:22:38Z,40.048629293666281,116.281699792270459,46.45,3.85,30.96,3.27,0.83
2024-09-10T10:22:39Z,40.048658598620207,116.281723412681131,46.39,3.84,32.43,3.27,0.81
2024-09-10T10:22:40Z,40.048687055622381,116.281748279024853,46.33,3.79,34.87,3.28,0.80
2024-09-10T10:22:41Z,40.048714305102472,116.281774207857580,46.28,3.69,37.34,3.29,0.79
2024-09-10T10:22:42Z,40.048739756898591,116.281800710998994,46.23,3.50,39.72,3.32,0.78
2024-09-10T10:22:43Z,40.048763424274519,116.281827526825765,46.19,3.45,42.44,3.34,0.78
2024-09-10T10:22:44Z,40.048785765096305,116.281855025176327,46.15,3.33,44.87,3.38,0.77
2024-09-10T10:22:45Z,40.048806485508194,116.281883130701345,46.11,3.26,47.88,3.44,0.77
2024-09-10T10:22:46Z,40.048825465314941,116.281911551814986,46.07,3.07,50.00,3.47,0.76
2024-09-10T10:22:47Z,40.048843567827404,116.281940418638612,46.06,3.17,51.16,3.47,0.76
2024-09-10T10:22:48Z,40.048862025779421,116.281970052157476,46.04,3.22,50.78,3.46,0.76
2024-09-10T10:22:49Z,40.048880984665267,116.282000034518063,46.05,3.25,50.65,3.47,0.76
2024-09-10T10:22:50Z,40.048900830702706,116.282029477206578,46.05,3.27,47.92,3.47,0.76
2024-09-10T10:22:51Z,40.048921881502949,116.282057721238615,46.06,3.31,44.74,3.46,0.76
2024-09-10T10:22:52Z,40.048943839972985,116.282084082388494,46.07,3.23,41.45,3.46,0.76
2024-09-10T10:22:53Z,40.048966605605109,116.282109844810350,46.06,3.41,40.65,3.45,0.76
2024-09-10T10:22:54Z,40.048990201309664,116.282136694968287,46.05,3.54,40.96,3.46,0.76
2024-09-10T10:22:55Z,40.049014149434079,116.282164712519133,46.03,3.64,42.06,3.49,0.76
2024-09-10T10:22:56Z,40.049038068538295,116.282194262555521,46.00,3.72,43.56,3.51,0.76
2024-09-10T10:22:57Z,40.049062184048225,116.282224870846548,45.95,3.81,43.65,3.51,0.76
2024-09-10T10:22:58Z,40.049086869942109,116.282255288316136,45.90,3.82,41.70,3.51,0.76
2024-09-10T10:22:59Z,40.049112388403536,116.282284248494307,45.83,3.79,38.86,3.51,0.76
2024-09-10T10:23:00Z,40.049137897503350,116.282311971917821,45.77,3.69,39.27,3.50,0.76
2024-09-10T10:23:01Z,40.049162571903160,116.282340446367755,45.69,3.73,42.53,3.49,0.76
2024-09-10T10:23:02Z,40.049185916766213,116.282371543833307,45.60,3.79,47.56,3.48,0.76
2024-09-10T10:23:03Z,40.049207419882549,116.282405253125091,45.50,3.78,52.47,3.49,0.76
2024-09-10T10:23:04Z,40.049227197655284,116.282439907840953,45.40,3.67,54.72,3.51,0.76
2024-09-10T10:23:05Z,40.049246050443415,116.282474520556661,45.30,3.66,55.41,3.54,0.76
2024-09-10T10:23:06Z,40.049265051994084,116.282509201649574,45.21,3.72,54.22,3.56,0.76
2024-09-10T10:23:07Z,40.049284841556165,116.282544471156655,45.13,3.84,54.12,3.56,0.76
2024-09-10T10:23:08Z,40.049304369964183,116.282580486325557,45.06,3.78,54.90,3.54,0.76
2024-09-10T10:23:09Z,40.049322239586409,116.282615895205993,44.99,3.57,56.15,3.55,0.76
2024-09-10T10:23:10Z,40.049337953052742,116.282650566467282,44.93,3.44,57.71,3.54,0.77
2024-09-10T10:23:11Z,40.049352312242974,116.282685278947895,44.88,3.39,58.24,3.53,0.77
2024-09-10T10:23:12Z,40.049366117910516,116.282720306863951,44.83,3.42,57.44,3.52,0.77
2024-09-10T10:23:13Z,40.049380469769822,116.282755174136966,44.78,3.41,55.32,3.53,0.78
2024-09-10T10:23:14Z,40.049395554235332,116.282788939248718,44.75,3.37,52.41,3.53,0.79
2024-09-10T10:23:15Z,40.049410944795930,116.282821541845635,44.74,3.33,51.65,3.52,0.80
2024-09-10T10:23:16Z,40.049426247181685,116.282854321103031,44.74,3.38,53.61,3.50,0.81
2024-09-10T10:23:17Z,40.049440986341054,116.282888529167238,44.76,3.46,55.95,3.49,0.81
2024-09-10T10:23:18Z,40.049455619138030,116.282923790543862,44.77,3.51,56.76,3.49,0.82
2024-09-10T10:23:19Z,40.049468962097350,116.282960505920087,44.79,3.47,61.49,3.48,0.82
2024-09-10T10:23:20Z,40.049479170233106,116.282997861020391,44.81,3.33,68.23,3.46,0.83
2024-09-10T10:23:21Z,40.049486157268035,116.283036728378534,44.85,3.43,75.07,3.44,0.83
2024-09-10T10:23:22Z,40.049491438175693,116.283079428007454,44.91,3.87,78.62,3.42,0.83
2024-09-10T10:23:23Z,40.049495322891957,116.283126145681805,44.99,4.06,81.98,3.40,0.83
2024-09-10T10:23:24Z,40.049497350059404,116.283174381785713,45.09,4.09,85.01,3.41,0.83
2024-09-10T10:23:25Z,40.049496767989098,116.283222812538298,45.21,4.06,90.65,3.41,0.83
2024-09-10T10:23:26Z,40.049493129119753,116.283270660443392,45.35,3.97,95.15,3.42,0.83
2024-09-10T10:23:27Z,40.049487734138509,116.283317707583393,45.51,3.97,97.57,3.44,0.83
2024-09-10T10:23:28Z,40.049481578292074,116.283364700909885,45.69,3.97,98.26,3.47,0.84
2024-09-10T10:23:29Z,40.049475588418815,116.283410825297977,45.86,3.76,97.39,3.50,0.84
2024-09-10T10:23:30Z,40.049469525813947,116.283455318957621,46.06,3.71,100.00,3.50,0.84
2024-09-10T10:23:31Z,40.049461934228127,116.283498112539107,46.25,3.53,103.91,3.49,0.85
2024-09-10T10:23:32Z,40.049452765681743,116.283538294874759,46.45,3.38,108.20,3.48,0.86
2024-09-10T10:23:33Z,40.049442460536810,116.283576271029091,46.64,3.28,110.55,3.47,0.87
2024-09-10T10:23:34Z,40.049431957389579,116.283613438484892,46.83,3.25,110.14,3.45,0.88
2024-09-10T10:23:35Z,40.049421861371940,116.283650685963707,47.00,3.28,109.01,3.42,0.88
2024-09-10T10:23:36Z,40.049412397336731,116.283689085369872,47.16,3.36,106.88,3.41,0.89
2024-09-10T10:23:37Z,40.049403812411043,116.283729514027385,47.30,3.54,104.53,3.41,0.90
2024-09-10T10:23:38Z,40.049396140385795,116.283771278565979,47.41,3.56,103.24,3.42,0.90
2024-09-10T10:23:39Z,40.049389231857965,116.283812280360422,47.50,3.40,102.31,3.44,0.91
2024-09-10T10:23:40Z,40.049382719808413,116.283852041644948,47.56,3.37,102.84,3.43,0.91
2024-09-10T10:23:41Z,40.049376272954134,116.283891035858730,47.62,3.32,102.40,3.43,0.91
2024-09-10T10:23:42Z,40.049370518435964,116.283929386944990,47.64,3.23,100.81,3.43,0.92
2024-09-10T10:23:43Z,40.049365603037167,116.283967111530757,47.66,3.19,99.88,3.45,0.92
2024-09-10T10:23:44Z,40.049360942498467,116.284005348817942,47.67,3.27,99.85,3.45,0.93
2024-09-10T10:23:45Z,40.049356536038076,116.284044958130579,47.65,3.44,98.58,3.44,0.93
2024-09-10T10:23:46Z,40.049353074426080,116.284086725050642,47.64,3.58,95.77,3.44,0.93
2024-09-10T10:23:47Z,40.049351036879692,116.284129784294876,47.61,3.64,92.68,3.47,0.93
2024-09-10T10:23:48Z,40.049350346503559,116.284173142542087,47.57,3.62,90.54,3.50,0.94
2024-09-10T10:23:49Z,40.049350746582626,116.284215861493152,47.54,3.51,88.92,3.54,0.94
2024-09-10T10:23:50Z,40.049351896016461,116.284257531492699,47.54,3.46,87.91,3.56,0.93
2024-09-10T10:23:51Z,40.049353799675501,116.284299258475258,47.55,3.52,86.95,3.57,0.93
2024-09-10T10:23:52Z,40.049356479007798,116.284341624641911,47.56,3.59,85.56,3.59,0.92
2024-09-10T10:23:53Z,40.049360124515822,116.284384574399169,47.60,3.67,84.11,3.61,0.92
2024-09-10T10:23:54Z,40.049364360256412,116.284427645540589,47.63,3.60,83.63,3.62,0.92
2024-09-10T10:23:55Z,40.049368573325161,116.284470459171473,47.67,3.66,83.87,3.60,0.92
2024-09-10T10:23:56Z,40.049372487877342,116.284513255785043,47.71,3.57,84.98,3.57,0.91
2024-09-10T10:23:57Z,40.049375661537944,116.284555096668797,47.75,3.48,86.35,3.55,0.91
2024-09-10T10:23:58Z,40.049378005032985,116.284595935733819,47.80,3.40,87.77,3.54,0.91
2024-09-10T10:23:59Z,40.049379708987836,116.284635720290723,47.85,3.27,87.96,3.55,0.91
2024-09-10T10:24:00Z,40.049381978690057,116.284674360276767,47.90,3.22,84.66,3.54,0.90
2024-09-10T10:24:01Z,40.049386200728136,116.284712413472917,47.95,3.24,79.11,3.52,0.90
2024-09-10T10:24:02Z,40.049392976934527,116.284749775839572,48.01,3.22,74.16,3.50,0.90
2024-09-10T10:24:03Z,40.049401827479031,116.284786916728791,48.09,3.35,70.71,3.46,0.90
2024-09-10T10:24:04Z,40.049412082936932,116.284824038217835,48.15,3.32,67.87,3.45,0.90
2024-09-10T10:24:05Z,40.049423531445555,116.284860840361020,48.21,3.41,66.57,3.45,0.90
2024-09-10T10:24:06Z,40.049435569009482,116.284897913758385,48.26,3.46,65.18,3.45,0.91
2024-09-10T10:24:07Z,40.049448337759429,116.284934913071965,48.32,3.48,64.13,3.47,0.91
2024-09-10T10:24:08Z,40.049461269804290,116.284972446842318,48.41,3.55,65.13,3.48,0.91
2024-09-10T10:24:09Z,40.049473563272592,116.285011188625802,48.49,3.59,68.03,3.48,0.91
2024-09-10T10:24:10Z,40.049484429503927,116.285051106970641,48.58,3.62,71.42,3.48,0.92
2024-09-10T10:24:11Z,40.049493892709989,116.285092074822273,48.66,3.66,73.82,3.48,0.91
2024-09-10T10:24:12Z,40.049502341701206,116.285133804141665,48.74,3.66,74.91,3.48,0.91
2024-09-10T10:24:13Z,40.049510269609307,116.285175291442499,48.82,3.60,75.47,3.50,0.90
2024-09-10T10:24:14Z,40.049518215983220,116.285215562132208,48.89,3.45,74.58,3.53,0.90
2024-09-10T10:24:15Z,40.049525970418976,116.285254000975087,48.95,3.28,74.69,3.52,0.89
2024-09-10T10:24:16Z,40.049534086873727,116.285291320531286,49.00,3.30,72.58,3.47,0.89
2024-09-10T10:24:17Z,40.049544022883794,116.285329170682274,49.03,3.47,68.65,3.44,0.88
2024-09-10T10:24:18Z,40.049557001530324,116.285367322283633,49.09,3.63,62.39,3.42,0.86
2024-09-10T10:24:19Z,40.049572912571634,116.285404886584132,49.14,3.67,58.99,3.40,0.85
2024-09-10T10:24:20Z,40.049590045963754,116.285441622541910,49.21,3.63,58.13,3.36,0.84
2024-09-10T10:24:21Z,40.049607124024725,116.285477018957394,49.27,3.47,57.65,3.34,0.83
2024-09-10T10:24:22Z,40.049624165544330,116.285510520280070,49.31,3.35,55.47,3.34,0.82
2024-09-10T10:24:23Z,40.049641740792161,116.285542409660408,49.34,3.34,53.25,3.33,0.81
2024-09-10T10:24:24Z,40.049659797130801,116.285574217996967,49.37,3.38,53.52,3.32,0.80
2024-09-10T10:24:25Z,40.049677878367710,116.285606827956499,49.39,3.45,54.07,3.31,0.79
2024-09-10T10:24:26Z,40.049696248381757,116.285640227593191,49.40,3.54,53.91,3.29,0.79
2024-09-10T10:24:27Z,40.049715140571799,116.285673526061970,49.40,3.52,52.09,3.30,0.78
2024-09-10T10:24:28Z,40.049734592804697,116.285705680667817,49.37,3.50,49.98,3.31,0.78
2024-09-10T10:24:29Z,40.049754633454427,116.285737117402036,49.32,3.51,48.93,3.30,0.77
2024-09-10T10:24:30Z,40.049774966920324,116.285768884524018,49.26,3.55,49.91,3.26,0.77
2024-09-10T10:24:31Z,40.049794709751829,116.285801262577664,49.19,3.49,51.70,3.24,0.77
2024-09-10T10:24:32Z,40.049812742204885,116.285833343029083,49.11,3.32,54.81,3.25,0.77
2024-09-10T10:24:33Z,40.049828974116672,116.285865690583691,49.04,3.27,58.11,3.26,0.76
2024-09-10T10:24:34Z,40.049843880268902,116.285898833225488,48.97,3.29,60.59,3.25,0.76
2024-09-10T10:24:35Z,40.049858325197057,116.285933134918537,48.91,3.40,61.63,3.23,0.76
2024-09-10T10:24:36Z,40.049872213946102,116.285968591017806,48.84,3.41,64.16,3.21,0.76
2024-09-10T10:24:37Z,40.049884710982575,116.286004506486080,48.78,3.34,67.21,3.19,0.76
2024-09-10T10:24:38Z,40.049896126142372,116.286041001127174,48.71,3.41,68.51,3.18,0.76
2024-09-10T10:24:39Z,40.049907755571773,116.286078134270070,48.65,3.43,67.16,3.15,0.76
2024-09-10T10:24:40Z,40.049920304147889,116.286115287102533,48.61,3.49,65.53,3.15,0.76
2024-09-10T10:24:40Z,40.049933792336965,116.286152775061225,48.56,3.57,64.05,3.17,0.76
2024-09-10T10:24:41Z,40.049948875702292,116.286192012560818,48.53,3.92,62.44,3.19,0.76
2024-09-10T10:24:42Z,40.049965220009518,116.286232689758450,48.51,3.94,61.47,3.18,0.76
2024-09-10T10:24:43Z,40.049981537396953,116.286272695762989,48.49,3.83,61.13,3.20,0.76
2024-09-10T10:24:44Z,40.049997086232267,116.286310945227171,48.47,3.61,61.27,3.21,0.76
2024-09-10T10:24:45Z,40.050011667126896,116.286347102257153,48.45,3.39,61.29,3.19,0.76
2024-09-10T10:24:46Z,40.050025343991983,116.286380941421754,48.44,3.17,60.73,3.18,0.76
2024-09-10T10:24:47Z,40.050038522970574,116.286413660438171,48.44,3.18,60.83,3.18,0.76
2024-09-10T10:24:48Z,40.050052001103452,116.286446516424334,48.44,3.20,60.07,3.22,0.76
2024-09-10T10:24:49Z,40.050065694178322,116.286479580294483,48.43,3.24,60.40,3.26,0.76
2024-09-10T10:24:50Z,40.050079224062678,116.286513669400350,48.43,3.35,61.75,3.27,0.76
2024-09-10T10:24:51Z,40.050092803618696,116.286549768973401,48.43,3.50,63.93,3.29,0.76
2024-09-10T10:24:52Z,40.050105198172886,116.286587462415199,48.43,3.49,68.16,3.29,0.77
2024-09-10T10:24:53Z,40.050115269866211,116.286624985419579,48.43,3.26,72.25,3.29,0.77
2024-09-10T10:24:54Z,40.050123194228007,116.286662295999804,48.42,3.23,76.14,3.30,0.77
2024-09-10T10:24:55Z,40.050129853162709,116.286700378553206,48.40,3.31,77.44,3.32,0.78
2024-09-10T10:24:56Z,40.050136172136618,116.286740413020041,48.33,3.51,78.20,3.35,0.79
2024-09-10T10:24:57Z,40.050142191771968,116.286782038977734,48.28,3.56,78.96,3.37,0.79
2024-09-10T10:24:58Z,40.050147582710075,116.286822828126418,48.22,3.35,79.74,3.38,0.80
2024-09-10T10:24:59Z,40.050152646584195,116.286862075698863,48.19,3.31,79.11,3.40,0.80
2024-09-10T10:25:00Z,40.050158944293969,116.286900995790887,48.13,3.38,75.65,3.41,0.81
2024-09-10T10:25:01Z,40.050166894240597,116.286939397585499,48.06,3.33,73.21,3.39,0.81
2024-09-10T10:25:02Z,40.050176217454123,116.286977548902470,48.01,3.42,71.56,3.37,0.81
2024-09-10T10:25:03Z,40.050186337785966,116.287016222454810,47.95,3.48,71.47,3.38,0.81
2024-09-10T10:25:04Z,40.050196379335006,116.287055776500111,47.86,3.58,73.48,3.38,0.81
2024-09-10T10:25:05Z,40.050205382731470,116.287097619648989,47.79,3.78,77.28,3.36,0.80
2024-09-10T10:25:06Z,40.050212452379050,116.287140954683977,47.71,3.75,81.37,3.36,0.80
2024-09-10T10:25:07Z,40.050217434421519,116.287184390947090,47.64,3.71,84.78,3.37,0.79
2024-09-10T10:25:08Z,40.050220785395751,116.287227519142931,47.54,3.66,86.62,3.38,0.78
2024-09-10T10:25:09Z,40.050223710683291,116.287270108572031,47.45,3.62,85.97,3.39,0.78
2024-09-10T10:25:10Z,40.050227623512214,116.287312565076505,47.35,3.66,82.94,3.38,0.77
2024-09-10T10:25:11Z,40.050233726096543,116.287355512605643,47.26,3.78,78.29,3.38,0.77
2024-09-10T10:25:12Z,40.050242661668165,116.287398638832556,47.18,3.83,73.61,3.37,0.77
2024-09-10T10:25:13Z,40.050253725599262,116.287440387443468,47.11,3.69,70.14,3.38,0.77
2024-09-10T10:25:14Z,40.050265409860422,116.287479001301051,47.03,3.37,68.60,3.41,0.77
2024-09-10T10:25:15Z,40.050276361536639,116.287514952125917,46.96,3.24,69.32,3.44,0.78
2024-09-10T10:25:16Z,40.050286949958171,116.287551301859139,46.89,3.43,70.01,3.43,0.79
2024-09-10T10:25:17Z,40.050297249878099,116.287589291871996,46.82,3.49,70.81,3.43,0.80
2024-09-10T10:25:18Z,40.050307179764289,116.287627746540764,46.76,3.48,70.94,3.43,0.81
2024-09-10T10:25:19Z,40.050316951815176,116.287665949863822,46.70,3.42,70.73,3.45,0.82
2024-09-10T10:25:20Z,40.050326755805266,116.287703454414640,46.65,3.34,70.36,3.47,0.83
2024-09-10T10:25:21Z,40.050336393362180,116.287740226007912,46.62,3.32,70.18,3.49,0.84
2024-09-10T10:25:22Z,40.050346260232367,116.287777178645584,46.58,3.31,70.12,3.51,0.85
2024-09-10T10:25:23Z,40.050356048078179,116.287814325867188,46.53,3.32,70.70,3.54,0.86
2024-09-10T10:25:24Z,40.050365118573346,116.287852220928073,46.51,3.33,73.03,3.56,0.86
2024-09-10T10:25:25Z,40.050372723509504,116.287891319651521,46.48,3.38,76.83,3.53,0.87
2024-09-10T10:25:26Z,40.050378647453996,116.287931789576803,46.45,3.47,80.17,3.52,0.86
2024-09-10T10:25:27Z,40.050383646314792,116.287972953455522,46.44,3.45,80.50,3.46,0.86
2024-09-10T10:25:28Z,40.050388606630783,116.288013220177433,46.43,3.33,80.33,3.42,0.86
2024-09-10T10:25:29Z,40.050393892596325,116.288052579080897,46.44,3.31,78.85,3.40,0.85
2024-09-10T10:25:30Z,40.050400371274456,116.288091793943337,46.46,3.40,76.53,3.40,0.84
2024-09-10T10:25:31Z,40.050408549407138,116.288132680547164,46.48,3.66,74.15,3.41,0.83
2024-09-10T10:25:32Z,40.050417260581604,116.288174806206641,46.48,3.74,75.22,3.39,0.82
2024-09-10T10:25:33Z,40.050425209210516,116.288217995276284,46.50,3.73,77.34,3.37,0.81
2024-09-10T10:25:34Z,40.050432107807730,116.288261253496486,46.51,3.72,78.97,3.34,0.81
2024-09-10T10:25:35Z,40.050438601888160,116.288305763205400,46.52,3.91,79.42,3.30,0.80
2024-09-10T10:25:36Z,40.050445622729214,116.288353105752648,46.53,4.22,78.99,3.27,0.79
2024-09-10T10:25:37Z,40.050453447093190,116.288402050764773,46.53,4.23,77.89,3.26,0.78
2024-09-10T10:25:38Z,40.050461699502890,116.288448374259019,46.53,3.81,76.44,3.24,0.78
2024-09-10T10:25:39Z,40.050470151566557,116.288490098267488,46.51,3.50,74.46,3.24,0.77
2024-09-10T10:25:40Z,40.050478880658780,116.288528579728066,46.49,3.32,73.25,3.21,0.77
2024-09-10T10:25:41Z,40.050487468191513,116.288564977003389,46.47,3.16,73.28,3.21,0.76
2024-09-10T10:25:42Z,40.050495929705860,116.288601677225927,46.45,3.39,73.96,3.22,0.76
2024-09-10T10:25:43Z,40.050504294581756,116.288639256899643,46.42,3.31,74.30,3.22,0.76
2024-09-10T10:25:44Z,40.050512788333762,116.288677099044023,46.40,3.44,73.57,3.20,0.76
2024-09-10T10:25:45Z,40.050521884149020,116.288715537383879,46.36,3.48,72.70,3.18,0.76
2024-09-10T10:25:46Z,40.050531476931305,116.288754075314387,46.32,3.51,71.73,3.16,0.76
2024-09-10T10:25:47Z,40.050541513267852,116.288792528658192,46.28,3.51,70.82,3.14,0.76
2024-09-10T10:25:48Z,40.050551726227418,116.288830609511322,46.25,3.49,70.46,3.15,0.76
2024-09-10T10:25:49Z,40.050561598363323,116.288868466513676,46.22,3.47,71.28,3.18,0.76
2024-09-10T10:25:50Z,40.050570902006008,116.288906367002895,46.20,3.46,72.00,3.22,0.76
2024-09-10T10:25:51Z,40.050579729345451,116.288943380326742,46.17,3.28,71.78,3.24,0.76
2024-09-10T10:25:52Z,40.050588271849577,116.288978853930558,46.14,3.20,71.02,3.27,0.76
2024-09-10T10:25:53Z,40.050596683727626,116.289013912026149,46.12,3.18,71.41,3.27,0.76
2024-09-10T10:25:54Z,40.050604587751998,116.289049276737188,46.10,3.21,72.31,3.28,0.76
2024-09-10T10:25:55Z,40.050611777181423,116.289085280318830,46.08,3.25,73.03,3.30,0.76
2024-09-10T10:25:56Z,40.050618218082519,116.289121615053702,46.06,3.21,74.93,3.30,0.76
2024-09-10T10:25:57Z,40.050623318697951,116.289157740764708,46.05,3.17,78.30,3.30,0.77
2024-09-10T10:25:58Z,40.050626030037236,116.289193690035347,46.05,3.10,84.29,3.31,0.77
2024-09-10T10:25:59Z,40.050625605324669,116.289229452110959,46.06,3.10,91.11,3.32,0.78
2024-09-10T10:26:00Z,40.050622115566547,116.289265339749122,46.08,3.15,96.44,3.36,0.79
2024-09-10T10:26:01Z,40.050616179189944,116.289301488619813,46.12,3.21,101.84,3.38,0.80
2024-09-10T10:26:02Z,40.050607629437955,116.289337981120966,46.16,3.33,107.11,3.39,0.81
2024-09-10T10:26:03Z,40.050595342013821,116.289374222130689,46.22,3.40,115.93,3.40,0.82
2024-09-10T10:26:04Z,40.050578098480379,116.289408166031137,46.27,3.48,126.83,3.39,0.84
2024-09-10T10:26:05Z,40.050555874381935,116.289438393171835,46.33,3.55,137.07,3.40,0.85
2024-09-10T10:26:06Z,40.050529635790163,116.289463930606701,46.40,3.56,145.75,3.42,0.86
2024-09-10T10:26:07Z,40.050500889121132,116.289484784946893,46.48,3.60,152.44,3.41,0.87
2024-09-10T10:26:08Z,40.050470541576480,116.289501816410805,46.56,3.58,157.29,3.43,0.88
2024-09-10T10:26:09Z,40.050439322227234,116.289516190443820,46.64,3.60,159.56,3.45,0.89
2024-09-10T10:26:10Z,40.050407603594586,116.289529666549186,46.73,3.63,160.00,3.49,0.90
2024-09-10T10:26:11Z,40.050375367538088,116.289543506806240,46.83,3.73,159.00,3.53,0.91
2024-09-10T10:26:12Z,40.050342790555895,116.289558780942357,46.92,3.81,157.15,3.58,0.92
2024-09-10T10:26:13Z,40.050310102386888,116.289574627281581,47.03,3.76,157.20,3.60,0.92
2024-09-10T10:26:14Z,40.050277502886082,116.289589670703663,47.13,3.72,159.18,3.62,0.93
2024-09-10T10:26:15Z,40.050244838576965,116.289603218063434,47.24,3.64,161.57,3.65,0.93
2024-09-10T10:26:16Z,40.050211949321820,116.289614709932749,47.38,3.50,164.80,3.67,0.93
2024-09-10T10:26:17Z,40.050179567306003,116.289624105628320,47.52,3.55,168.74,3.67,0.94
2024-09-10T10:26:18Z,40.050146208680054,116.289631416470513,47.65,3.61,172.33,3.67,0.94
2024-09-10T10:26:19Z,40.050111872137585,116.289637081270158,47.78,3.71,174.24,3.68,0.94
2024-09-10T10:26:20Z,40.050076821462220,116.289642003566073,47.92,3.79,174.75,3.69,0.94
2024-09-10T10:26:21Z,40.050040739953253,116.289647056964725,48.05,3.92,174.39,3.69,0.94
2024-09-10T10:26:22Z,40.050003915623478,116.289652124395118,48.16,4.00,174.14,3.70,0.94
2024-09-10T10:26:23Z,40.049966766554199,116.289657653120557,48.29,3.95,173.04,3.70,0.94
2024-09-10T10:26:24Z,40.049930330877551,116.289663441484564,48.39,3.86,170.93,3.70,0.94
2024-09-10T10:26:25Z,40.049895644508005,116.289670916177826,48.49,3.69,166.76,3.72,0.93
2024-09-10T10:26:26Z,40.049864173319115,116.289680638064738,48.58,3.35,162.49,3.73,0.93
2024-09-10T10:26:27Z,40.049834348325817,116.289692246849185,48.66,3.47,160.69,3.70,0.93
2024-09-10T10:26:28Z,40.049803998667784,116.289704719378875,48.74,3.52,161.31,3.66,0.93
2024-09-10T10:26:29Z,40.049772944003820,116.289716921353318,48.83,3.62,162.80,3.62,0.93
2024-09-10T10:26:30Z,40.049741116382812,116.289727900212043,48.91,3.68,165.43,3.58,0.93
2024-09-10T10:26:31Z,40.049708759099694,116.289736948140472,48.99,3.68,168.46,3.57,0.93
2024-09-10T10:26:32Z,40.049676198811987,116.289743553444680,49.07,3.65,172.39,3.58,0.92
2024-09-10T10:26:33Z,40.049643852815493,116.289747780252952,49.15,3.57,175.68,3.61,0.92
2024-09-10T10:26:34Z,40.049612288721917,116.289750413205681,49.27,3.46,177.28,3.60,0.92
2024-09-10T10:26:35Z,40.049582151868350,116.289752909242523,49.37,3.26,176.76,3.59,0.92
2024-09-10T10:26:36Z,40.049553283007768,116.289756386431236,49.49,3.18,174.88,3.58,0.91
2024-09-10T10:26:37Z,40.049524983897776,116.289761144589789,49.63,3.16,172.74,3.59,0.91
2024-09-10T10:26:38Z,40.049496823489960,116.289767061779031,49.76,3.17,170.79,3.59,0.90
2024-09-10T10:26:39Z,40.049468490033838,116.289774096227802,49.89,3.22,168.92,3.59,0.90
2024-09-10T10:26:40Z,40.049439910352824,116.289782450855753,50.03,3.26,166.38,3.59,0.90
2024-09-10T10:26:41Z,40.049411213105152,116.289792531565169,50.17,3.31,163.04,3.60,0.89
2024-09-10T10:26:42Z,40.049382539713122,116.289805161393971,50.31,3.37,159.03,3.61,0.89
2024-09-10T10:26:43Z,40.049354164513431,116.289820485107128,50.46,3.42,155.35,3.62,0.89
2024-09-10T10:26:44Z,40.049326173016055,116.289837950629789,50.61,3.47,152.66,3.64,0.89
2024-09-10T10:26:45Z,40.049298474980830,116.289856382896886,50.75,3.47,151.72,3.64,0.89
2024-09-10T10:26:46Z,40.049271038725841,116.289874397759462,50.88,3.45,152.50,3.63,0.89
2024-09-10T10:26:47Z,40.049243216972336,116.289891169676537,51.01,3.44,154.58,3.61,0.89
2024-09-10T10:26:48Z,40.049214905527826,116.289906175987497,51.14,3.44,156.87,3.59,0.89
2024-09-10T10:26:49Z,40.049186270351292,116.289919895437691,51.26,3.45,158.38,3.58,0.90
2024-09-10T10:26:50Z,40.049157444798603,116.289933196877811,51.37,3.47,158.14,3.58,0.91
2024-09-10T10:26:51Z,40.049128610290914,116.289947231207051,51.45,3.48,156.49,3.57,0.91
2024-09-10T10:26:52Z,40.049099869955725,116.289961990262995,51.52,3.48,156.24,3.51,0.92
2024-09-10T10:26:53Z,40.049071127598680,116.289975945956442,51.57,3.40,158.72,3.48,0.92
2024-09-10T10:26:54Z,40.049042670941915,116.289987590160635,51.61,3.27,163.17,3.46,0.93
2024-09-10T10:26:55Z,40.049013670558026,116.289996034722421,51.62,3.35,168.93,3.45,0.93
2024-09-10T10:26:56Z,40.048981819507318,116.290001274895573,51.62,3.80,174.04,3.43,0.93
2024-09-10T10:26:57Z,40.048947087738803,116.290003774720660,51.60,3.90,178.33,3.41,0.93
2024-09-10T10:26:58Z,40.048912269811900,116.290003458268984,51.60,3.79,181.29,3.38,0.92
2024-09-10T10:26:59Z,40.048878664854598,116.290001713721608,51.57,3.63,182.02,3.37,0.92
2024-09-10T10:27:00Z,40.048846709380719,116.289999795286747,51.53,3.46,181.91,3.34,0.91
2024-09-10T10:27:01Z,40.048815712990987,116.289998275089388,51.49,3.42,181.12,3.32,0.90
2024-09-10T10:27:02Z,40.048784844689052,116.289997544821318,51.45,3.46,179.59,3.31,0.89
2024-09-10T10:27:03Z,40.048753762056819,116.289998516592476,51.41,3.47,176.32,3.31,0.88
2024-09-10T10:27:04Z,40.048722647444727,116.290002342487881,51.38,3.51,172.08,3.32,0.87
2024-09-10T10:27:05Z,40.048691338502152,116.290009101442834,51.36,3.58,168.63,3.32,0.86
2024-09-10T10:27:06Z,40.048659402323139,116.290018392131842,51.33,3.73,165.97,3.35,0.84
2024-09-10T10:27:07Z,40.048627126132821,116.290028893291179,51.32,3.71,165.44,3.34,0.83
2024-09-10T10:27:08Z,40.048595874879645,116.290039232477696,51.31,3.53,165.39,3.33,0.82
2024-09-10T10:27:09Z,40.048566344465016,116.290048984737894,51.30,3.34,165.13,3.32,0.80
2024-09-10T10:27:10Z,40.048538244321428,116.290058028434018,51.31,3.20,166.33,3.29,0.79
2024-09-10T10:27:11Z,40.048511648078303,116.290066030817812,51.32,2.98,166.78,3.29,0.78
2024-09-10T10:27:12Z,40.048485619816532,116.290073458683366,51.34,3.04,167.66,3.28,0.78
2024-09-10T10:27:13Z,40.048459150907654,116.290080849733656,51.35,3.04,167.25,3.28,0.77
2024-09-10T10:27:14Z,40.048432849041944,116.290088810038512,51.36,3.03,165.45,3.31,0.77
2024-09-10T10:27:15Z,40.048406796500259,116.290097872361358,51.38,3.04,162.99,3.36,0.76
2024-09-10T10:27:16Z,40.048380799190340,116.290108174339750,51.41,3.05,161.51,3.41,0.77
2024-09-10T10:27:17Z,40.048354800633561,116.290119318231746,51.44,3.07,160.42,3.46,0.77
2024-09-10T10:27:18Z,40.048328588370502,116.290130182254131,51.46,3.07,161.63,3.48,0.77
2024-09-10T10:27:19Z,40.048301913280753,116.290140495943092,51.47,3.10,162.17,3.48,0.78
2024-09-10T10:27:20Z,40.048274430557676,116.290150522610702,51.48,3.20,162.86,3.48,0.78
2024-09-10T10:27:21Z,40.048245160940780,116.290160664044365,51.48,3.39,162.94,3.48,0.79
2024-09-10T10:27:22Z,40.048214872538964,116.290171343698105,51.48,3.45,163.49,3.49,0.79
2024-09-10T10:27:23Z,40.048184332048564,116.290181808228027,51.47,3.38,164.40,3.49,0.80
2024-09-10T10:27:24Z,40.048153987181699,116.290191440677191,51.47,3.36,166.21,3.48,0.81
2024-09-10T10:27:25Z,40.048123472372936,116.290200088814828,51.47,3.36,167.68,3.49,0.82
2024-09-10T10:27:26Z,40.048092760526828,116.290207842477912,51.47,3.36,169.40,3.50,0.83
2024-09-10T10:27:27Z,40.048061962627401,116.290214557059343,51.47,3.35,171.49,3.52,0.84
2024-09-10T10:27:28Z,40.048030838840560,116.290219558208690,51.46,3.40,175.45,3.50,0.84
2024-09-10T10:27:29Z,40.047999131615278,116.290222748315699,51.45,3.45,178.28,3.49,0.85
2024-09-10T10:27:30Z,40.047967225201930,116.290225148052627,51.44,3.44,178.48,3.51,0.85
2024-09-10T10:27:31Z,40.047937037008047,116.290228217833018,51.44,3.11,176.04,3.52,0.86
2024-09-10T10:27:32Z,40.047908471817237,116.290232849911504,51.43,3.12,172.45,3.51,0.86
2024-09-10T10:27:33Z,40.047879830995043,116.290239517090043,51.42,3.19,169.11,3.51,0.87
2024-09-10T10:27:34Z,40.047850445074211,116.290247463663093,51.41,3.34,167.27,3.52,0.88
2024-09-10T10:27:35Z,40.047820251769458,116.290256213575731,51.40,3.46,165.92,3.55,0.88
2024-09-10T10:27:36Z,40.047789508364737,116.290266021264955,51.37,3.54,163.86,3.58,0.89
2024-09-10T10:27:37Z,40.047758633018638,116.290277542234065,51.34,3.62,160.49,3.60,0.90
2024-09-10T10:27:38Z,40.047728075347045,116.290291086853870,51.31,3.64,156.89,3.64,0.90
2024-09-10T10:27:39Z,40.047698161653450,116.290306992806308,51.28,3.64,154.28,3.67,0.91
2024-09-10T10:27:40Z,40.047668816331758,116.290323307144121,51.23,3.58,154.75,3.69,0.91
2024-09-10T10:27:41Z,40.047639759642699,116.290338399841957,51.16,3.48,159.59,3.69,0.92
2024-09-10T10:27:42Z,40.047610465682773,116.290349384872201,51.09,3.39,167.29,3.67,0.92
2024-09-10T10:27:43Z,40.047581042456592,116.290355367884047,51.02,3.31,175.05,3.67,0.93
2024-09-10T10:27:44Z,40.047551850464657,116.290356207497780,50.95,3.25,182.78,3.65,0.93
2024-09-10T10:27:45Z,40.047523020658808,116.290352335367899,50.89,3.25,189.42,3.63,0.93
2024-09-10T10:27:46Z,40.047494187215996,116.290344650857620,50.84,3.26,194.11,3.61,0.94
2024-09-10T10:27:47Z,40.047465902982658,116.290335391749167,50.78,3.26,194.71,3.59,0.94
2024-09-10T10:27:48Z,40.047437709055060,116.290327637458290,50.74,3.15,189.89,3.58,0.94
2024-09-10T10:27:49Z,40.047410029171481,116.290324687533683,50.70,3.01,180.16,3.54,0.94
2024-09-10T10:27:50Z,40.047383347481535,116.290328608560969,50.68,2.97,167.86,3.51,0.94
2024-09-10T10:27:51Z,40.047357404860470,116.290337275103752,50.67,2.96,164.27,3.48,0.94
2024-09-10T10:27:52Z,40.047331933933357,116.290347804840351,50.66,2.97,161.49,3.45,0.94
2024-09-10T10:27:53Z,40.047306724288539,116.290359163877682,50.65,2.97,161.50,3.41,0.94
2024-09-10T10:27:54Z,40.047281474615843,116.290370268808758,50.64,2.94,162.46,3.36,0.94
2024-09-10T10:27:55Z,40.047256516036200,116.290381182047696,50.64,2.88,162.20,3.36,0.94
2024-09-10T10:27:56Z,40.047232898447710,116.290392338748759,50.63,2.66,159.85,3.38,0.94
2024-09-10T10:27:57Z,40.047208937200381,116.290402839122052,50.62,2.91,164.69,3.35,0.94
2024-09-10T10:27:58Z,40.047182933991792,116.290411295998439,50.61,3.01,169.14,3.31,0.94
2024-09-10T10:27:59Z,40.047155894573997,116.290417702125012,50.61,3.07,172.24,3.28,0.94
2024-09-10T10:28:00Z,40.047128171575423,116.290422701522814,50.61,3.11,173.77,3.28,0.94
2024-09-10T10:28:01Z,40.047100163235470,116.290427151945764,50.61,3.12,173.50,3.30,0.94
2024-09-10T10:28:02Z,40.047072326201288,116.290432479315413,50.60,3.12,170.92,3.29,0.94
2024-09-10T10:28:03Z,40.047044797007764,116.290439456222430,50.59,3.11,167.93,3.28,0.94
2024-09-10T10:28:04Z,40.047017468992742,116.290447984653596,50.58,3.13,165.85,3.29,0.94
2024-09-10T10:28:05Z,40.046989585163331,116.290457462903589,50.57,3.24,165.92,3.29,0.94
2024-09-10T10:28:06Z,40.046960998471732,116.290467069618401,50.55,3.25,166.21,3.29,0.94
2024-09-10T10:28:07Z,40.046932241778400,116.290476895301765,50.54,3.26,165.83,3.28,0.94
2024-09-10T10:28:08Z,40.046903599042970,116.290487007797580,50.54,3.26,165.42,3.28,0.94
2024-09-10T10:28:09Z,40.046874826954401,116.290496457996611,50.54,3.26,168.15,3.28,0.94
2024-09-10T10:28:10Z,40.046845449542182,116.290503541769496,50.55,3.30,173.29,3.27,0.94
2024-09-10T10:28:11Z,40.046815180284661,116.290507784265714,50.55,3.39,177.14,3.28,0.94
2024-09-10T10:28:12Z,40.046784426505326,116.290510466752380,50.56,3.38,178.39,3.32,0.94
2024-09-10T10:28:13Z,40.046754601400409,116.290513237928650,50.58,3.17,176.66,3.37,0.94
2024-09-10T10:28:14Z,40.046725883943466,116.290517301607267,50.59,3.14,174.24,3.44,0.94
2024-09-10T10:28:15Z,40.046696419509054,116.290523123038540,50.61,3.34,172.27,3.48,0.94
2024-09-10T10:28:16Z,40.046665607406013,116.290530397654166,50.64,3.48,169.77,3.51,0.94
2024-09-10T10:28:17Z,40.046634238218957,116.290539589686276,50.66,3.53,166.96,3.54,0.94
2024-09-10T10:28:18Z,40.046601092987238,116.290550549720990,50.69,3.56,164.44,3.57,0.94
2024-09-10T10:28:19Z,40.046568504493990,116.290563495001109,50.71,3.56,162.22,3.62,0.94
2024-09-10T10:28:20Z,40.046535848934930,116.290578027258718,50.73,3.64,160.51,3.65,0.94
2024-09-10T10:28:21Z,40.046502880743731,116.290594529857160,50.74,3.75,159.37,3.68,0.94
2024-09-10T10:28:22Z,40.046469953268819,116.290611553552480,50.77,3.81,159.24,3.72,0.94
2024-09-10T10:28:23Z,40.046436813378932,116.290628687341794,50.79,3.82,159.83,3.75,0.94
2024-09-10T10:28:24Z,40.046403729597202,116.290645012315821,50.80,3.76,160.89,3.78,0.94
2024-09-10T10:28:25Z,40.046371775598715,116.290660107289881,50.81,3.61,162.87,3.80,0.94
2024-09-10T10:28:26Z,40.046340207570410,116.290673446992187,50.81,3.55,164.97,3.79,0.94
2024-09-10T10:28:27Z,40.046308613650865,116.290685122322003,50.81,3.61,167.27,3.77,0.94
2024-09-10T10:28:28Z,40.046276577056517,116.290694739110009,50.81,3.65,168.98,3.76,0.94
2024-09-10T10:28:29Z,40.046244082222188,116.290704597173743,50.81,3.75,166.63,3.72,0.94
2024-09-10T10:28:30Z,40.046211172723048,116.290716772002526,50.80,3.80,163.34,3.67,0.94
2024-09-10T10:28:31Z,40.046178326068656,116.290730575142987,50.78,3.79,161.44,3.62,0.94
2024-09-10T10:28:32Z,40.046146167317261,116.290744769632994,50.75,3.72,160.76,3.58,0.94
2024-09-10T10:28:33Z,40.046114969018547,116.290758943709307,50.71,3.57,159.61,3.55,0.94
2024-09-10T10:28:34Z,40.046085015329837,116.290773357544978,50.63,3.47,157.31,3.53,0.94
2024-09-10T10:28:35Z,40.046056484634292,116.290790204605301,50.56,3.46,150.74,3.51,0.93
2024-09-10T10:28:36Z,40.046028296389764,116.290809014639038,50.49,3.56,151.50,3.50,0.92
2024-09-10T10:28:37Z,40.045999417345605,116.290826795521639,50.41,3.54,154.07,3.49,0.91
2024-09-10T10:28:38Z,40.045971155792124,116.290842722614912,50.34,3.29,154.91,3.46,0.91
2024-09-10T10:28:39Z,40.045944774056004,116.290856548207373,50.26,3.02,156.71,3.41,0.90
2024-09-10T10:28:40Z,40.045919466721443,116.290868388685226,50.17,2.93,158.87,3.37,0.88
2024-09-10T10:28:41Z,40.045894105785678,116.290878415927452,50.08,2.93,162.31,3.35,0.87
2024-09-10T10:28:42Z,40.045867571044404,116.290886810906599,50.01,3.11,165.02,3.34,0.86
2024-09-10T10:28:43Z,40.045839700144583,116.290894362891734,49.93,3.18,167.31,3.31,0.84
2024-09-10T10:28:44Z,40.045811366513668,116.290901384338582,49.84,3.21,168.15,3.30,0.83
2024-09-10T10:28:45Z,40.045782901484102,116.290907870737243,49.76,3.20,169.36,3.28,0.82
2024-09-10T10:28:46Z,40.045754535469193,116.290913533398935,49.67,3.16,171.27,3.26,0.80
2024-09-10T10:28:47Z,40.045725799094186,116.290917903727973,49.59,3.25,172.89,3.23,0.79
2024-09-10T10:28:48Z,40.045696627318485,116.290921223797710,49.51,3.23,174.44,3.22,0.79
2024-09-10T10:28:49Z,40.045667329239038,116.290923284516097,49.42,3.27,175.80,3.21,0.78
2024-09-10T10:28:50Z,40.045637425723541,116.290924695297093,49.35,3.37,176.20,3.20,0.77
2024-09-10T10:28:51Z,40.045606065386863,116.290926734585810,49.27,3.60,174.56,3.21,0.77
2024-09-10T10:28:52Z,40.045573697608901,116.290930640369851,49.21,3.67,171.11,3.24,0.77
2024-09-10T10:28:53Z,40.045542040952661,116.290936461145165,49.14,3.49,168.98,3.23,0.77
2024-09-10T10:28:54Z,40.045511745345529,116.290942441641221,49.07,3.36,169.99,3.22,0.77
2024-09-10T10:28:55Z,40.045482195174387,116.290946863647449,49.00,3.31,173.90,3.24,0.77
2024-09-10T10:28:56Z,40.045452539416679,116.290947758982298,48.93,3.34,180.56,3.24,0.77
2024-09-10T10:28:57Z,40.045422461853015,116.290944787048289,48.87,3.37,187.05,3.25,0.77
2024-09-10T10:28:58Z,40.045392354562608,116.290938188678766,48.80,3.41,191.95,3.27,0.77
2024-09-10T10:28:59Z,40.045362423501409,116.290928389883078,48.74,3.44,196.48,3.29,0.77
2024-09-10T10:29:00Z,40.045332805583975,116.290916059694183,48.69,3.46,198.87,3.31,0.78
2024-09-10T10:29:01Z,40.045303577382342,116.290902132044565,48.64,3.45,200.89,3.33,0.78
2024-09-10T10:29:02Z,40.045274961400587,116.290886577333794,48.60,3.43,203.21,3.37,0.79
2024-09-10T10:29:03Z,40.045246975093207,116.290869857303903,48.54,3.39,204.27,3.37,0.80
2024-09-10T10:29:04Z,40.045219380288813,116.290853913239459,48.48,3.29,201.37,3.36,0.81
2024-09-10T10:29:05Z,40.045191447297569,116.290841950295118,48.44,3.24,192.51,3.35,0.83
2024-09-10T10:29:06Z,40.045162617190350,116.290835791535216,48.38,3.26,183.49,3.37,0.83
2024-09-10T10:29:07Z,40.045133395046271,116.290834230303545,48.33,3.26,178.70,3.39,0.84
2024-09-10T10:29:08Z,40.045104178066914,116.290834554293951,48.27,3.25,178.03,3.42,0.85
2024-09-10T10:29:09Z,40.045075284198319,116.290833312061579,48.21,3.20,183.58,3.44,0.85
2024-09-10T10:29:10Z,40.045047219700244,116.290827398135093,48.14,3.17,192.27,3.45,0.85
2024-09-10T10:29:11Z,40.045020304843234,116.290816209180235,48.10,3.15,200.59,3.46,0.85
2024-09-10T10:29:12Z,40.044994743325987,116.290800669772764,48.07,3.17,206.29,3.47,0.85
2024-09-10T10:29:13Z,40.044969928677354,116.290782737956150,48.04,3.19,208.71,3.48,0.85
2024-09-10T10:29:14Z,40.044945395129112,116.290763521831039,48.01,3.22,209.85,3.48,0.84
2024-09-10T10:29:15Z,40.044920877702161,116.290744317062945,48.00,3.20,209.49,3.48,0.83
2024-09-10T10:29:16Z,40.044896746233668,116.290726058252986,48.00,3.09,208.13,3.47,0.82
2024-09-10T10:29:17Z,40.044873023874395,116.290709261616442,48.01,3.05,206.55,3.42,0.81
2024-09-10T10:29:18Z,40.044849158547869,116.290693794726664,48.03,3.05,204.18,3.39,0.80
2024-09-10T10:29:19Z,40.044824616936246,116.290679639651131,48.06,3.10,201.92,3.38,0.79
2024-09-10T10:29:20Z,40.044799655322009,116.290666085045387,48.12,3.11,201.93,3.37,0.78
2024-09-10T10:29:21Z,40.044774931948567,116.290652500346596,48.19,3.06,202.55,3.37,0.78
2024-09-10T10:29:22Z,40.044750445405271,116.290638832254487,48.27,3.04,203.08,3.34,0.77
2024-09-10T10:29:23Z,40.044726176872999,116.290624594961443,48.35,3.05,205.05,3.30,0.77
2024-09-10T10:29:24Z,40.044701765489883,116.290609507958692,48.44,3.10,205.70,3.27,0.76
2024-09-10T10:29:25Z,40.044677179045479,116.290593644588057,48.52,3.15,206.80,3.26,0.76
2024-09-10T10:29:26Z,40.044652586324013,116.290577364165330,48.61,3.10,207.07,3.25,0.76
2024-09-10T10:29:27Z,40.044628763559892,116.290561210006217,48.69,3.02,208.14,3.22,0.76
2024-09-10T10:29:28Z,40.044606546407891,116.290544947551368,48.77,2.78,210.79,3.21,0.76
2024-09-10T10:29:29Z,40.044586535010637,116.290528219238908,48.84,2.66,214.95,3.22,0.76
2024-09-10T10:29:30Z,40.044567293478991,116.290510387118644,48.90,2.70,216.37,3.23,0.77
2024-09-10T10:29:31Z,40.044547326578062,116.290492423241403,48.94,2.80,213.80,3.23,0.77
2024-09-10T10:29:32Z,40.044526487892590,116.290474729378857,48.97,2.81,213.34,3.23,0.78
2024-09-10T10:29:33Z,40.044505721625647,116.290456599264942,48.98,2.81,215.85,3.22,0.78
2024-09-10T10:29:34Z,40.044485988226405,116.290437257993887,49.00,2.76,219.34,3.21,0.79
2024-09-10T10:29:35Z,40.044467426994622,116.290417217510765,49.01,2.68,220.98,3.20,0.79
2024-09-10T10:29:36Z,40.044449427949047,116.290397270220879,48.99,2.65,221.31,3.24,0.80
2024-09-10T10:29:37Z,40.044431676385564,116.290377207042766,48.98,2.68,221.03,3.29,0.80
2024-09-10T10:29:38Z,40.044413625456009,116.290357107829919,48.97,2.72,220.22,3.29,0.81
2024-09-10T10:29:39Z,40.044394761565144,116.290336649010371,48.96,2.85,219.01,3.29,0.81
2024-09-10T10:29:40Z,40.044374619637303,116.290315814966490,48.95,2.96,218.18,3.30,0.81
2024-09-10T10:29:41Z,40.044353435554598,116.290294094345569,48.92,3.10,218.55,3.31,0.81
2024-09-10T10:29:42Z,40.044331695402633,116.290270930119036,48.88,3.18,220.28,3.31,0.81
2024-09-10T10:29:43Z,40.044310171980641,116.290246547462715,48.84,3.17,222.21,3.32,0.80
2024-09-10T10:29:44Z,40.044289544689320,116.290221048511583,48.79,3.15,224.62,3.33,0.80
2024-09-10T10:29:45Z,40.044270052322091,116.290194256790912,48.75,3.15,228.13,3.35,0.79
2024-09-10T10:29:46Z,40.044252084736421,116.290165699660179,48.72,3.16,232.87,3.37,0.78
2024-09-10T10:29:47Z,40.044235241636109,116.290136087586262,48.69,3.12,233.84,3.36,0.78
2024-09-10T10:29:48Z,40.044218931583366,116.290106900000310,48.64,3.03,233.73,3.34,0.77
2024-09-10T10:29:49Z,40.044202564675189,116.290078360306794,48.59,3.03,232.24,3.35,0.77
2024-09-10T10:29:50Z,40.044185386004969,116.290049815525549,48.53,3.13,230.98,3.37,0.76
2024-09-10T10:29:51Z,40.044167402359797,116.290021023338880,48.48,3.19,230.27,3.39,0.76
2024-09-10T10:29:52Z,40.044149058499897,116.289992110697966,48.44,3.23,229.87,3.42,0.76
2024-09-10T10:29:53Z,40.044131006809693,116.289962558973087,48.39,3.26,232.21,3.44,0.76
2024-09-10T10:29:54Z,40.044114035132729,116.289931477886171,48.36,3.30,234.08,3.42,0.76
2024-09-10T10:29:55Z,40.044097640093639,116.289899115053714,48.34,3.36,235.20,3.41,0.76
2024-09-10T10:29:56Z,40.044081203715002,116.289865801059022,48.35,3.42,234.99,3.42,0.76
2024-09-10T10:29:57Z,40.044064539017853,116.289832310879106,48.36,3.44,234.78,3.45,0.76
2024-09-10T10:29:58Z,40.044048101323092,116.289798602430494,48.37,3.42,236.46,3.45,0.76
2024-09-10T10:29:59Z,40.044032678109367,116.289764565336597,48.39,3.36,238.41,3.45,0.76
2024-09-10T10:30:00Z,40.044018032120370,116.289729894092787,48.42,3.39,240.07,3.44,0.76
2024-09-10T10:30:01Z,40.044003885184232,116.289693894865167,48.46,3.52,242.28,3.44,0.76
2024-09-10T10:30:02Z,40.043990917498157,116.289656031991171,48.51,3.60,246.70,3.46,0.76
2024-09-10T10:30:03Z,40.043980188747391,116.289615969259003,48.55,3.67,251.95,3.48,0.76
2024-09-10T10:30:04Z,40.043972034083481,116.289573744010752,48.61,3.78,257.13,3.46,0.76
2024-09-10T10:30:05Z,40.043965646051369,116.289530704316263,48.69,3.73,258.38,3.44,0.76
2024-09-10T10:30:06Z,40.043959681162889,116.289489123838010,48.75,3.48,257.56,3.42,0.76
2024-09-10T10:30:07Z,40.043953497960530,116.289449517811704,48.82,3.42,256.24,3.41,0.76
2024-09-10T10:30:08Z,40.043946914260459,116.289410528069780,48.89,3.38,255.67,3.41,0.77
2024-09-10T10:30:09Z,40.043939850216930,116.289371432544499,48.92,3.44,254.76,3.42,0.77
2024-09-10T10:30:10Z,40.043932329238437,116.289331205164018,48.94,3.56,254.70,3.38,0.77
2024-09-10T10:30:11Z,40.043923932317142,116.289289129648466,48.96,3.80,253.78,3.36,0.77
2024-09-10T10:30:12Z,40.043914672346709,116.289245669251386,48.96,3.86,252.75,3.35,0.77
2024-09-10T10:30:13Z,40.043905213282720,116.289203414119001,48.95,3.62,252.54,3.33,0.77
2024-09-10T10:30:14Z,40.043896654756587,116.289163561503742,48.93,3.40,254.49,3.32,0.77
2024-09-10T10:30:15Z,40.043888893637700,116.289124274475952,48.88,3.47,255.04,3.30,0.76
2024-09-10T10:30:16Z,40.043881290176586,116.289085564127518,48.82,3.28,254.71,3.26,0.76
2024-09-10T10:30:17Z,40.043873559747780,116.289047767421451,48.75,3.36,254.33,3.22,0.76
2024-09-10T10:30:18Z,40.043865620008106,116.289009726178278,48.66,3.36,254.04,3.20,0.76
2024-09-10T10:30:19Z,40.043857582667066,116.288971464669700,48.57,3.43,253.82,3.19,0.76
2024-09-10T10:30:20Z,40.043849366971976,116.288932489598395,48.47,3.49,253.99,3.16,0.76
2024-09-10T10:30:21Z,40.043841405736480,116.288893363796646,48.39,3.44,254.34,3.15,0.76
2024-09-10T10:30:22Z,40.043833903989530,116.288854970326483,48.32,3.39,254.92,3.16,0.76
2024-09-10T10:30:23Z,40.043826964784010,116.288817128935719,48.25,3.28,255.67,3.16,0.76
2024-09-10T10:30:24Z,40.043820192847704,116.288779656179443,48.18,3.30,255.31,3.16,0.76
2024-09-10T10:30:25Z,40.043812730326259,116.288741356557637,48.13,3.45,254.03,3.15,0.76
2024-09-10T10:30:26Z,40.043804272350947,116.288702410207762,48.09,3.45,252.13,3.12,0.76
2024-09-10T10:30:27Z,40.043795377431529,116.288663899600166,48.07,3.42,252.37,3.11,0.76
2024-09-10T10:30:28Z,40.043787084129974,116.288625639078219,48.06,3.37,253.79,3.12,0.77
2024-09-10T10:30:29Z,40.043780233676195,116.288587417040517,48.08,3.32,257.65,3.12,0.77
2024-09-10T10:30:30Z,40.043775461833285,116.288549874688499,48.11,3.19,261.50,3.13,0.78
2024-09-10T10:30:31Z,40.043772284382754,116.288514200396946,48.17,2.94,262.79,3.12,0.79
2024-09-10T10:30:32Z,40.043769346493633,116.288478448995320,48.25,3.21,262.62,3.11,0.79
2024-09-10T10:30:33Z,40.043765898304684,116.288440579495600,48.34,3.30,261.79,3.11,0.80
2024-09-10T10:30:34Z,40.043761644873541,116.288401789734124,48.44,3.37,260.01,3.10,0.81
2024-09-10T10:30:35Z,40.043756406603222,116.288362177028716,48.55,3.47,258.57,3.09,0.81
2024-09-10T10:30:36Z,40.043750488402090,116.288321774586933,48.66,3.54,258.04,3.08,0.82
2024-09-10T10:30:37Z,40.043744743227933,116.288280854887873,48.77,3.56,259.43,3.10,0.82
2024-09-10T10:30:38Z,40.043739589986380,116.288239772533245,48.89,3.54,260.18,3.09,0.82
2024-09-10T10:30:39Z,40.043735055648412,116.288199451572737,49.00,3.40,261.01,3.08,0.82
2024-09-10T10:30:40Z,40.043730845781354,116.288160327496513,49.12,3.31,260.07,3.08,0.82
2024-09-10T10:30:41Z,40.043726184021779,116.288122610268260,49.24,3.18,258.26,3.09,0.81
2024-09-10T10:30:42Z,40.043720777118338,116.288085973982234,49.36,3.15,256.50,3.09,0.81
2024-09-10T10:30:43Z,40.043714569842884,116.288049598424863,49.48,3.18,255.43,3.09,0.80
2024-09-10T10:30:44Z,40.043707849763422,116.288012483524128,49.58,3.30,255.34,3.08,0.79
2024-09-10T10:30:45Z,40.043700671061451,116.287974646623425,49.69,3.33,254.54,3.08,0.79
2024-09-10T10:30:46Z,40.043692937985575,116.287937078093009,49.79,3.30,253.39,3.07,0.78
2024-09-10T10:30:47Z,40.043685023996538,116.287899549364667,49.87,3.30,254.49,3.07,0.78
2024-09-10T10:30:48Z,40.043677753670309,116.287861598579511,49.94,3.31,256.72,3.09,0.78
2024-09-10T10:30:49Z,40.043671822436963,116.287822873694338,50.00,3.37,260.65,3.09,0.78
2024-09-10T10:30:50Z,40.043667294301862,116.287783102063344,50.05,3.43,262.66,3.11,0.78
2024-09-10T10:30:51Z,40.043663477792528,116.287742103711452,50.09,3.53,263.99,3.12,0.78
2024-09-10T10:30:52Z,40.043660128751576,116.287700453764018,50.12,3.54,264.71,3.12,0.79
2024-09-10T10:30:53Z,40.043656966516714,116.287659251205980,50.14,3.47,264.59,3.12,0.79
2024-09-10T10:30:54Z,40.043653411699175,116.287619497761767,50.15,3.30,263.24,3.14,0.80
2024-09-10T10:30:55Z,40.043649117258845,116.287581497184817,50.15,3.17,261.17,3.17,0.81
2024-09-10T10:30:56Z,40.043643616631805,116.287543886957877,50.14,3.28,258.64,3.19,0.82
2024-09-10T10:30:57Z,40.043636805281295,116.287505511045495,50.11,3.31,257.09,3.19,0.84
2024-09-10T10:30:58Z,40.043629224354660,116.287467118745369,50.08,3.30,256.12,3.20,0.85
2024-09-10T10:30:59Z,40.043621620366324,116.287429053669825,50.06,3.26,256.74,3.21,0.86
2024-09-10T10:31:00Z,40.043614506202886,116.287391038669782,50.05,3.27,257.64,3.22,0.86
2024-09-10T10:31:01Z,40.043607484302285,116.287352623050666,50.04,3.31,257.46,3.21,0.87
2024-09-10T10:31:02Z,40.043600509121148,116.287314229570200,50.04,3.30,257.82,3.20,0.88
2024-09-10T10:31:03Z,40.043593905682741,116.287276028763799,50.03,3.24,258.75,3.21,0.89
2024-09-10T10:31:04Z,40.043587972950192,116.287238244718864,50.03,3.19,260.06,3.23,0.89
2024-09-10T10:31:05Z,40.043582012658881,116.287201017839294,50.04,3.12,258.35,3.24,0.90
2024-09-10T10:31:06Z,40.043574934914282,116.287163725381063,50.04,3.25,255.87,3.25,0.90
2024-09-10T10:31:07Z,40.043566719061594,116.287125758849768,50.06,3.30,254.58,3.26,0.91
2024-09-10T10:31:08Z,40.043558366324945,116.287087544082553,50.06,3.30,255.84,3.27,0.91
2024-09-10T10:31:09Z,40.043550951517950,116.287049376596073,50.07,3.24,258.10,3.27,0.91
2024-09-10T10:31:10Z,40.043544435361724,116.287012189292270,50.07,3.10,258.81,3.26,0.92
2024-09-10T10:31:11Z,40.043538290043131,116.286976760617407,50.06,2.90,258.76,3.26,0.92
2024-09-10T10:31:12Z,40.043531969840018,116.286941689368831,50.05,3.08,258.13,3.27,0.92
2024-09-10T10:31:13Z,40.043525233088914,116.286904983897998,50.03,3.18,258.30,3.28,0.92
2024-09-10T10:31:14Z,40.043518402430813,116.286867181187162,50.01,3.28,258.67,3.28,0.93
2024-09-10T10:31:15Z,40.043511402361368,116.286828118218139,49.99,3.39,258.11,3.27,0.93
2024-09-10T10:31:16Z,40.043504186149406,116.286787968337435,49.95,3.48,258.15,3.27,0.93
2024-09-10T10:31:17Z,40.043496896643418,116.286747163336344,49.91,3.50,257.98,3.27,0.93
2024-09-10T10:31:18Z,40.043489599794626,116.286706437444678,49.87,3.48,258.14,3.27,0.94
2024-09-10T10:31:19Z,40.043482261779424,116.286666001597652,49.82,3.46,257.72,3.27,0.94
2024-09-10T10:31:20Z,40.043474743338336,116.286625627016363,49.77,3.44,257.39,3.27,0.93
2024-09-10T10:31:21Z,40.043467118501461,116.286586778330943,49.72,3.21,256.13,3.28,0.93
2024-09-10T10:31:22Z,40.043459345165957,116.286549111195001,49.66,3.25,256.40,3.27,0.93
2024-09-10T10:31:23Z,40.043452180483598,116.286512367103256,49.60,3.04,258.21,3.26,0.93
2024-09-10T10:31:24Z,40.043446630410898,116.286477100929687,49.55,2.97,262.37,3.26,0.93
2024-09-10T10:31:25Z,40.043442916310937,116.286442016667735,49.50,2.98,266.06,3.25,0.93
2024-09-10T10:31:26Z,40.043440463840362,116.286405855977975,49.45,3.12,266.87,3.25,0.93
2024-09-10T10:31:27Z,40.043438168167540,116.286368813389586,49.41,3.17,266.38,3.24,0.92
2024-09-10T10:31:28Z,40.043435418227276,116.286331118876276,49.37,3.18,264.47,3.23,0.92
2024-09-10T10:31:29Z,40.043431814374493,116.286293358278613,49.34,3.16,262.69,3.23,0.92
2024-09-10T10:31:30Z,40.043427415088615,116.286255923473817,49.32,3.15,260.72,3.24,0.92
2024-09-10T10:31:31Z,40.043421600558439,116.286218280998526,49.28,3.22,257.42,3.22,0.92
2024-09-10T10:31:32Z,40.043413767629261,116.286180952695190,49.26,3.20,252.96,3.22,0.93
2024-09-10T10:31:33Z,40.043404689188094,116.286145016244660,49.23,3.06,251.54,3.21,0.93
2024-09-10T10:31:34Z,40.043395883255506,116.286110524097509,49.21,2.94,252.90,3.20,0.93
2024-09-10T10:31:35Z,40.043388824004914,116.286077198112636,49.20,2.75,258.17,3.21,0.93
2024-09-10T10:31:36Z,40.043383852575161,116.286045712136371,49.21,2.51,261.13,3.21,0.93
2024-09-10T10:31:37Z,40.043379791081691,116.286014001600137,49.21,2.75,262.80,3.21,0.94
2024-09-10T10:31:38Z,40.043375645249029,116.285980105869783,49.22,2.87,262.08,3.23,0.94
2024-09-10T10:31:39Z,40.043371014675948,116.285945060313637,49.24,2.98,260.92,3.24,0.94
2024-09-10T10:31:40Z,40.043365497795769,116.285908524888356,49.27,3.19,259.29,3.25,0.94
2024-09-10T10:31:41Z,40.043359059369209,116.285870394497834,49.29,3.28,257.86,3.25,0.94
2024-09-10T10:31:42Z,40.043351905625769,116.285832139687827,49.31,3.27,256.78,3.26,0.94
2024-09-10T10:31:43Z,40.043344288708880,116.285794421435128,49.33,3.18,256.16,3.28,0.94
2024-09-10T10:31:44Z,40.043336323257229,116.285757521470344,49.35,3.18,254.93,3.29,0.94
2024-09-10T10:31:45Z,40.043327763597482,116.285720569339944,49.38,3.22,253.99,3.30,0.94
2024-09-10T10:31:46Z,40.043318469655638,116.285683060929927,49.38,3.30,253.26,3.28,0.94
2024-09-10T10:31:47Z,40.043308658597141,116.285644944418962,49.39,3.34,252.75,3.28,0.94
2024-09-10T10:31:48Z,40.043298972400123,116.285606778975932,49.39,3.30,253.70,3.29,0.94
2024-09-10T10:31:49Z,40.043289848222337,116.285568784563935,49.38,3.25,254.46,3.29,0.93
2024-09-10T10:31:50Z,40.043281845864264,116.285531505937840,49.36,3.12,257.32,3.31,0.93
2024-09-10T10:31:51Z,40.043274897105228,116.285495947910192,49.34,2.91,257.48,3.30,0.93
2024-09-10T10:31:52Z,40.043268241933767,116.285461486281534,49.31,2.92,257.70,3.30,0.93
2024-09-10T10:31:53Z,40.043261297296539,116.285427144238923,49.28,2.92,255.76,3.31,0.93
2024-09-10T10:31:54Z,40.043253189491956,116.285393115615932,49.25,2.93,252.87,3.31,0.93
2024-09-10T10:31:55Z,40.043244191234201,116.285359662356456,49.22,2.92,251.30,3.31,0.93
2024-09-10T10:31:56Z,40.043234627152920,116.285325332936253,49.19,3.14,251.60,3.32,0.92
2024-09-10T10:31:57Z,40.043225153429141,116.285289501405245,49.15,3.21,252.35,3.32,0.92
2024-09-10T10:31:58Z,40.043216090620476,116.285253151815454,49.10,3.21,253.24,3.34,0.92
2024-09-10T10:31:59Z,40.043207606234276,116.285216464706650,49.06,3.19,254.54,3.33,0.92
2024-09-10T10:32:00Z,40.043199962951000,116.285179664290283,49.02,3.20,256.07,3.33,0.93
2024-09-10T10:32:01Z,40.043193140087617,116.285142373671405,48.96,3.23,257.46,3.34,0.93
2024-09-10T10:32:02Z,40.043186641569093,116.285105108605919,48.91,3.22,256.62,3.35,0.93
2024-09-10T10:32:03Z,40.043179729787752,116.285068585033173,48.86,3.14,254.56,3.35,0.93
2024-09-10T10:32:04Z,40.043172670538283,116.285032726803990,48.80,3.07,255.15,3.34,0.93
2024-09-10T10:32:05Z,40.043166187813398,116.284997262196867,48.72,3.04,256.72,3.33,0.94
2024-09-10T10:32:06Z,40.043160806191501,116.284961698403592,48.64,3.04,259.66,3.33,0.93
2024-09-10T10:32:07Z,40.043156293880756,116.284926113350451,48.58,3.03,259.62,3.33,0.92
2024-09-10T10:32:08Z,40.043151720382475,116.284890994417665,48.53,2.98,259.02,3.34,0.92
2024-09-10T10:32:09Z,40.043146898277925,116.284856925507484,48.49,2.85,257.67,3.32,0.92
2024-09-10T10:32:10Z,40.043142492073464,116.284822928199134,48.45,2.96,259.91,3.31,0.92
2024-09-10T10:32:11Z,40.043139349818333,116.284787458531710,48.42,3.06,263.27,3.29,0.92
2024-09-10T10:32:12Z,40.043137692012863,116.284751588523022,48.39,3.02,265.51,3.27,0.91
2024-09-10T10:32:13Z,40.043136988150756,116.284717489912481,48.36,2.79,265.77,3.26,0.91
2024-09-10T10:32:14Z,40.043136590023479,116.284684832596440,48.33,2.78,265.37,3.27,0.91
2024-09-10T10:32:15Z,40.043136131524925,116.284651479259679,48.31,2.97,265.49,3.29,0.91
2024-09-10T10:32:16Z,40.043136559369628,116.284615785388382,48.30,3.20,270.74,3.28,0.90
2024-09-10T10:32:17Z,40.043140179181840,116.284579053371900,48.30,3.19,278.77,3.24,0.90
2024-09-10T10:32:18Z,40.043147822263919,116.284544296361233,48.32,3.02,287.90,3.23,0.90
2024-09-10T10:32:19Z,40.043159684538807,116.284512726701507,48.35,2.97,297.78,3.23,0.90
2024-09-10T10:32:20Z,40.043175848459128,116.284483876790901,48.40,3.07,308.46,3.22,0.90
2024-09-10T10:32:21Z,40.043196713866571,116.284457289922656,48.43,3.28,317.85,3.22,0.89
2024-09-10T10:32:22Z,40.043221408535373,116.284433858154230,48.47,3.36,326.59,3.22,0.89
2024-09-10T10:32:23Z,40.043248913079928,116.284415353069306,48.52,3.38,335.75,3.21,0.88
2024-09-10T10:32:24Z,40.043278185101798,116.284401881015469,48.55,3.36,344.02,3.20,0.88
2024-09-10T10:32:25Z,40.043308059016574,116.284392669809307,48.59,3.27,348.84,3.19,0.87
2024-09-10T10:32:26Z,40.043338062848406,116.284386484000947,48.63,3.31,353.51,3.18,0.86
2024-09-10T10:32:27Z,40.043368493038102,116.284383194216673,48.66,3.32,358.28,3.18,0.85
2024-09-10T10:32:28Z,40.043398877654099,116.284382096262178,48.69,3.29,0.23,3.18,0.85
2024-09-10T10:32:29Z,40.043428730465351,116.284381290404809,48.70,3.19,359.46,3.19,0.84
2024-09-10T10:32:30Z,40.043457902538215,116.284378707279160,48.69,3.16,354.86,3.18,0.83
2024-09-10T10:32:31Z,40.043486253899239,116.284373632355653,48.68,3.04,352.43,3.16,0.82
2024-09-10T10:32:32Z,40.043513567262416,116.284366694788176,48.67,3.04,348.50,3.17,0.82
2024-09-10T10:32:33Z,40.043540002800583,116.284356367324108,48.65,2.97,341.26,3.19,0.81
2024-09-10T10:32:34Z,40.043565901796924,116.284343646121130,48.61,3.04,340.70,3.19,0.81
2024-09-10T10:32:35Z,40.043591946220012,116.284330296630856,48.56,3.02,338.91,3.20,0.81
2024-09-10T10:32:36Z,40.043618662569550,116.284316548428933,48.50,3.22,339.85,3.21,0.80
2024-09-10T10:32:37Z,40.043646570565372,116.284303534975422,48.43,3.25,342.04,3.21,0.80
2024-09-10T10:32:38Z,40.043674533028771,116.284291774172729,48.36,3.18,343.39,3.21,0.80
2024-09-10T10:32:39Z,40.043701895903652,116.284281024466679,48.27,3.08,344.31,3.22,0.81
2024-09-10T10:32:40Z,40.043728096870048,116.284270461206546,48.20,2.95,342.70,3.22,0.81
2024-09-10T10:32:41Z,40.043752014757686,116.284259553714151,48.12,2.65,340.28,3.23,0.81
2024-09-10T10:32:42Z,40.043774322836782,116.284248692964340,48.03,2.61,340.51,3.24,0.81
2024-09-10T10:32:43Z,40.043796762480639,116.284238994289566,47.93,2.61,344.62,3.25,0.81
2024-09-10T10:32:44Z,40.043820111324806,116.284232184110692,47.83,2.72,352.18,3.25,0.82
2024-09-10T10:32:45Z,40.043845319646579,116.284228168662366,47.73,2.93,355.81,3.24,0.82
2024-09-10T10:32:46Z,40.043872958720158,116.284225387000234,47.63,3.25,357.29,3.23,0.82
2024-09-10T10:32:47Z,40.043902467108715,116.284222853893382,47.52,3.35,357.01,3.22,0.83
2024-09-10T10:32:48Z,40.043932142711171,116.284220257003227,47.41,3.32,357.03,3.21,0.83
2024-09-10T10:32:49Z,40.043961276938091,116.284217320551420,47.28,3.29,356.72,3.22,0.83
2024-09-10T10:32:50Z,40.043989941140438,116.284214047758965,47.18,3.24,356.43,3.22,0.82
2024-09-10T10:32:51Z,40.044017842077061,116.284210235347530,47.07,3.12,355.93,3.20,0.82
2024-09-10T10:32:52Z,40.044045125931000,116.284205996467307,46.96,3.09,355.44,3.20,0.81
2024-09-10T10:32:53Z,40.044072066716431,116.284201150077791,46.86,3.03,354.02,3.20,0.80
2024-09-10T10:32:54Z,40.044098746933237,116.284196353040599,46.76,3.01,355.06,3.20,0.79
2024-09-10T10:32:55Z,40.044125747873416,116.284192558072618,46.67,3.09,357.41,3.19,0.79
2024-09-10T10:32:56Z,40.044154575159119,116.284190488167511,46.60,3.39,359.98,3.18,0.78
2024-09-10T10:32:57Z,40.044184859437607,116.284188287935521,46.53,3.43,357.20,3.18,0.77
2024-09-10T10:32:58Z,40.044213618964221,116.284182374213827,46.46,3.13,348.46,3.17,0.77
2024-09-10T10:32:59Z,40.044239382699821,116.284172655647609,46.40,2.87,343.99,3.15,0.77
2024-09-10T10:33:00Z,40.044263501810406,116.284161468383090,46.34,2.82,342.12,3.14,0.76
2024-09-10T10:33:01Z,40.044287551035460,116.284149360487078,46.29,2.87,340.65,3.11,0.76
2024-09-10T10:33:02Z,40.044311765075847,116.284136906332577,46.24,2.89,341.09,3.12,0.76
2024-09-10T10:33:03Z,40.044336244554636,116.284125278743630,46.18,2.88,344.48,3.14,0.76
2024-09-10T10:33:04Z,40.044360764941516,116.284115461077462,46.13,2.80,347.46,3.15,0.76
2024-09-10T10:33:05Z,40.044385121264490,116.284107716836388,46.08,2.74,352.62,3.16,0.76
2024-09-10T10:33:06Z,40.044408970642998,116.284101475558700,46.03,2.64,352.51,3.14,0.76
2024-09-10T10:33:07Z,40.044432131311915,116.284095324138164,45.99,2.58,352.13,3.13,0.76
2024-09-10T10:33:08Z,40.044454595950867,116.284089042929864,45.95,2.49,352.89,3.12,0.76
2024-09-10T10:33:09Z,40.044476418417005,116.284083815185056,45.91,2.40,356.10,3.12,0.76
2024-09-10T10:33:10Z,40.044497593808131,116.284080332938800,45.90,2.34,358.30,3.11,0.76
2024-09-10T10:33:11Z,40.044517359751069,116.284077353482473,45.88,2.07,357.36,3.10,0.76
2024-09-10T10:33:12Z,40.044535736263676,116.284073759023826,45.88,2.04,354.56,3.08,0.76
2024-09-10T10:33:13Z,40.044554038087000,116.284069518282024,45.88,2.02,354.72,3.09,0.76
2024-09-10T10:33:14Z,40.044572558106751,116.284064490377730,45.90,2.07,350.48,3.09,0.76
2024-09-10T10:33:15Z,40.044591785748587,116.284057366619876,45.92,2.20,345.32,3.09,0.77
2024-09-10T10:33:16Z,40.044612659028765,116.284047356422164,45.96,2.56,339.75,3.09,0.77
2024-09-10T10:33:17Z,40.044635162878038,116.284034650688014,46.01,2.67,337.32,3.08,0.78
2024-09-10T10:33:18Z,40.044658069572762,116.284021351504236,46.08,2.65,338.13,3.09,0.79
2024-09-10T10:33:19Z,40.044680432624681,116.284008497567314,46.14,2.49,338.41,3.09,0.79
2024-09-10T10:33:20Z,40.044701674859844,116.283996404835236,46.18,2.41,338.47,3.09,0.80
2024-09-10T10:33:21Z,40.044722008850250,116.283985069100382,46.22,2.26,339.71,3.10,0.81
2024-09-10T10:33:22Z,40.044742572046147,116.283974228040734,46.27,2.43,340.68,3.11,0.82
2024-09-10T10:33:23Z,40.044764205692225,116.283962755651331,46.34,2.50,339.82,3.12,0.82
2024-09-10T10:33:24Z,40.044786281134925,116.283950909472352,46.40,2.54,340.30,3.14,0.83
2024-09-10T10:33:25Z,40.044808874715415,116.283939361509297,46.45,2.61,341.79,3.14,0.83
2024-09-10T10:33:26Z,40.044832884642844,116.283928193719902,46.52,2.84,343.37,3.15,0.83
2024-09-10T10:33:27Z,40.044858443844277,116.283916952631444,46.61,2.92,342.87,3.18,0.83
2024-09-10T10:33:28Z,40.044884079056892,116.283905430698155,46.70,2.90,341.52,3.21,0.82
2024-09-10T10:33:29Z,40.044909144758819,116.283892326364793,46.79,2.90,336.44,3.22,0.82
2024-09-10T10:33:30Z,40.044933687762146,116.283876962096144,46.91,2.93,333.69,3.21,0.81
2024-09-10T10:33:31Z,40.044958511501036,116.283859868135877,47.03,3.12,331.56,3.22,0.80
2024-09-10T10:33:32Z,40.044983623876369,116.283840666776200,47.16,3.15,328.63,3.23,0.80
2024-09-10T10:33:33Z,40.045007807632814,116.283820140186450,47.31,3.02,326.37,3.27,0.79
2024-09-10T10:33:34Z,40.045031016415720,116.283799002815783,47.46,2.99,324.99,3.30,0.78
2024-09-10T10:33:35Z,40.045054145989369,116.283777702929783,47.60,3.01,326.22,3.33,0.78
2024-09-10T10:33:36Z,40.045078261954920,116.283757930462102,47.74,3.08,331.11,3.35,0.77
2024-09-10T10:33:37Z,40.045103750515516,116.283740242613291,47.87,3.12,334.93,3.35,0.77
2024-09-10T10:33:38Z,40.045129984204330,116.283724267336211,47.98,3.11,336.86,3.36,0.77
2024-09-10T10:33:39Z,40.045156312101916,116.283709077233311,48.08,3.07,336.87,3.38,0.76
2024-09-10T10:33:40Z,40.045182453508353,116.283694187503031,48.17,3.06,336.67,3.42,0.76
2024-09-10T10:33:41Z,40.045209140820567,116.283678843693707,48.24,3.19,335.87,3.43,0.76
2024-09-10T10:33:42Z,40.045235934384550,116.283662589360063,48.30,3.20,334.21,3.45,0.76
2024-09-10T10:33:43Z,40.045261984345643,116.283645869518239,48.33,3.12,333.85,3.46,0.76
2024-09-10T10:33:44Z,40.045287635465293,116.283629022439470,48.34,3.15,334.04,3.46,0.76
2024-09-10T10:33:45Z,40.045313394809227,116.283611838812590,48.33,3.21,334.91,3.46,0.76
2024-09-10T10:33:46Z,40.045339489782656,116.283594310812745,48.30,3.27,334.91,3.49,0.76
2024-09-10T10:33:47Z,40.045365544094224,116.283576837236780,48.25,3.29,334.90,3.51,0.76
2024-09-10T10:33:48Z,40.045391730499539,116.283558736257078,48.19,3.28,335.41,3.55,0.76
2024-09-10T10:33:49Z,40.045417943184525,116.283541349545828,48.11,3.26,336.56,3.58,0.76
2024-09-10T10:33:50Z,40.045443997927691,116.283524565596011,48.00,3.24,335.93,3.59,0.76
2024-09-10T10:33:51Z,40.045469045200477,116.283507389180429,47.88,3.10,332.73,3.59,0.76
2024-09-10T10:33:52Z,40.045492487610211,116.283488677380845,47.76,3.05,326.98,3.60,0.76
2024-09-10T10:33:53Z,40.045513868514810,116.283467653599644,47.64,2.96,319.80,3.62,0.76
2024-09-10T10:33:54Z,40.045532590494140,116.283444001318529,47.52,2.90,312.20,3.63,0.76
2024-09-10T10:33:55Z,40.045548592074290,116.283417426646977,47.42,2.93,304.08,3.60,0.76
2024-09-10T10:33:56Z,40.045562441457477,116.283387592487287,47.34,3.11,297.97,3.58,0.76
2024-09-10T10:33:57Z,40.045575538734852,116.283353247314992,47.27,3.56,294.18,3.58,0.76
2024-09-10T10:33:58Z,40.045588284927319,116.283316436708304,47.21,3.46,292.92,3.55,0.76
2024-09-10T10:33:59Z,40.045601136666043,116.283281103369831,47.16,3.34,295.55,3.53,0.76
2024-09-10T10:34:00Z,40.045615682570002,116.283249026173280,47.14,3.14,302.97,3.52,0.76
2024-09-10T10:34:01Z,40.045632586291021,116.283221059464239,47.12,3.00,310.41,3.52,0.76
2024-09-10T10:34:02Z,40.045650949499318,116.283196251869555,47.12,2.93,314.41,3.49,0.76
2024-09-10T10:34:03Z,40.045669528518992,116.283172862317954,47.12,2.84,314.95,3.47,0.76
2024-09-10T10:34:04Z,40.045687857635350,116.283150808243022,47.15,2.76,316.71,3.48,0.76
2024-09-10T10:34:05Z,40.045706079055172,116.283130575900216,47.20,2.60,320.09,3.48,0.76
2024-09-10T10:34:06Z,40.045724121514908,116.283112493867790,47.25,2.45,322.99,3.48,0.76
2024-09-10T10:34:07Z,40.045742016619243,116.283096360404272,47.30,2.41,326.29,3.47,0.76
2024-09-10T10:34:08Z,40.045760200467832,116.283080735285935,47.36,2.43,326.16,3.46,0.76
2024-09-10T10:34:09Z,40.045778520662253,116.283064183792618,47.43,2.55,325.12,3.45,0.76
2024-09-10T10:34:10Z,40.045797075823465,116.283045847261221,47.50,2.68,321.51,3.43,0.76
2024-09-10T10:34:11Z,40.045815074177227,116.283025245046673,47.59,2.72,318.39,3.43,0.76
2024-09-10T10:34:12Z,40.045832454157249,116.283002560834746,47.67,2.79,314.42,3.44,0.76
2024-09-10T10:34:13Z,40.045849123594834,116.282977838711801,47.74,2.79,311.94,3.44,0.76
2024-09-10T10:34:14Z,40.045865122797252,116.282952606913895,47.84,2.73,310.44,3.43,0.76
2024-09-10T10:34:15Z,40.045880288259156,116.282927843100225,47.97,2.54,310.37,3.42,0.76
2024-09-10T10:34:16Z,40.045894010135335,116.282905431474205,48.09,2.19,309.95,3.42,0.76
2024-09-10T10:34:17Z,40.045905985438999,116.282885609703456,48.21,1.97,309.53,3.44,0.76
2024-09-10T10:34:18Z,40.045916920533649,116.282867761891652,48.34,1.74,312.40,3.48,0.76
2024-09-10T10:34:19Z,40.045927464992126,116.282853348931155,48.47,1.57,319.75,3.50,0.76
2024-09-10T10:34:20Z,40.045937648503291,116.282840001012659,48.59,1.60,313.12,3.45,0.76
2024-09-10T10:34:21Z,40.045947427716186,116.282823590098673,48.69,1.93,306.62,3.40,0.76
2024-09-10T10:34:22Z,40.045957087940366,116.282802306796256,48.80,2.27,297.89,3.39,0.76
2024-09-10T10:34:23Z,40.045966958152640,116.282776506630526,48.89,2.61,297.58,3.39,0.76
2024-09-10T10:34:24Z,40.045978773049242,116.282746930973360,48.98,3.04,299.27,3.42,0.76
2024-09-10T10:34:25Z,40.045992638592637,116.282713952837369,49.06,3.34,300.14,3.45,0.76
2024-09-10T10:34:26Z,40.046007479040348,116.282678652673866,49.12,3.51,299.29,3.44,0.76
2024-09-10T10:34:27Z,40.046022136525579,116.282642801887278,49.17,3.45,298.76,3.44,0.76
2024-09-10T10:34:28Z,40.046035759683839,116.282608841072289,49.20,3.15,298.61,3.45,0.76
2024-09-10T10:34:29Z,40.046048091583742,116.282577277544775,49.21,3.00,298.02,3.44,0.76
2024-09-10T10:34:30Z,40.046059984055987,116.282546042325535,49.22,2.98,297.72,3.44,0.76
2024-09-10T10:34:31Z,40.046072386245335,116.282514534405834,49.23,3.04,299.49,3.45,0.76
2024-09-10T10:34:32Z,40.046085390478119,116.282483154623833,49.22,3.06,300.14,3.44,0.76
2024-09-10T10:34:33Z,40.046098612534912,116.282451067454417,49.22,3.07,300.08,3.42,0.76
2024-09-10T10:34:34Z,40.046112063331464,116.282419442088383,49.22,3.10,300.10,3.39,0.76
2024-09-10T10:34:35Z,40.046125939792660,116.282387436921823,49.21,3.16,300.60,3.37,0.76
2024-09-10T10:34:36Z,40.046140380321333,116.282355447721812,49.20,3.20,302.13,3.37,0.76
2024-09-10T10:34:37Z,40.046154971820577,116.282323824994222,49.19,3.10,302.39,3.36,0.76
2024-09-10T10:34:38Z,40.046168197512337,116.282294702156278,49.16,2.67,302.51,3.34,0.76
2024-09-10T10:34:39Z,40.046180018780078,116.282268610301983,49.13,2.49,302.37,3.33,0.76
2024-09-10T10:34:40Z,40.046191354013374,116.282243672492086,49.10,2.46,303.07,3.35,0.76
2024-09-10T10:34:41Z,40.046203178510567,116.282219194995875,49.04,2.48,305.64,3.39,0.76
2024-09-10T10:34:42Z,40.046217139330878,116.282194940616591,48.98,2.71,311.48,3.40,0.76
2024-09-10T10:34:43Z,40.046233922973087,116.282173427294964,48.90,2.57,322.97,3.41,0.76
2024-09-10T10:34:44Z,40.046252351881272,116.282153021950919,48.81,2.86,321.27,3.41,0.76
2024-09-10T10:34:45Z,40.046271425746433,116.282130938474864,48.70,2.85,318.49,3.40,0.76
2024-09-10T10:34:46Z,40.046290574804836,116.282105586435023,48.57,3.23,313.75,3.39,0.76
2024-09-10T10:34:47Z,40.046309368886781,116.282076282325946,48.43,3.31,308.54,3.37,0.76
2024-09-10T10:34:48Z,40.046326679788550,116.282045062757419,48.26,3.28,305.25,3.37,0.76
2024-09-10T10:34:49Z,40.046343111025081,116.282013329938692,48.09,3.25,304.74,3.39,0.76
2024-09-10T10:34:50Z,40.046359665380017,116.281982115859662,47.90,3.20,306.47,3.42,0.76
2024-09-10T10:34:51Z,40.046376704474994,116.281952255381313,47.72,3.11,308.79,3.44,0.76
2024-09-10T10:34:52Z,40.046394112813744,116.281924339785903,47.52,3.01,310.90,3.46,0.76
2024-09-10T10:34:53Z,40.046411842396196,116.281898437470247,47.35,2.86,314.40,3.49,0.76
2024-09-10T10:34:54Z,40.046430698728848,116.281876150073074,47.18,2.77,323.18,3.51,0.76
2024-09-10T10:34:55Z,40.046450105851626,116.281855700574397,47.03,2.74,320.38,3.51,0.76
2024-09-10T10:34:56Z,40.046468675274497,116.281835104689577,46.89,2.64,320.52,3.47,0.76
2024-09-10T10:34:57Z,40.046486911191018,116.281814653668917,46.77,2.67,319.47,3.44,0.76
2024-09-10T10:34:58Z,40.046505270554675,116.281793715019106,46.66,2.68,318.84,3.45,0.76
2024-09-10T10:34:59Z,40.046523785084496,116.281771863911473,46.56,2.77,316.67,3.47,0.76
2024-09-10T10:35:00Z,40.046542286910622,116.281748638217266,46.46,2.87,314.53,3.47,0.76
2024-09-10T10:35:01Z,40.046561193481736,116.281724351894937,46.37,2.91,313.86,3.48,0.76
2024-09-10T10:35:02Z,40.046580542468000,116.281699848646937,46.29,3.00,315.27,3.50,0.76
2024-09-10T10:35:03Z,40.046600433733992,116.281675684049375,46.21,2.97,315.41,3.52,0.76
2024-09-10T10:35:04Z,40.046619904115722,116.281651546853482,46.11,2.96,314.88,3.52,0.76
2024-09-10T10:35:05Z,40.046638796506912,116.281627340884611,45.99,2.93,313.84,3.51,0.76
2024-09-10T10:35:06Z,40.046657238691658,116.281603688861040,45.87,2.87,315.57,3.50,0.76
2024-09-10T10:35:07Z,40.046676323816605,116.281581248947646,45.74,2.89,319.18,3.48,0.76
2024-09-10T10:35:08Z,40.046696791982221,116.281560401704368,45.63,2.94,323.56,3.46,0.76
2024-09-10T10:35:09Z,40.046718839738439,116.281541153291897,45.51,3.02,327.33,3.44,0.76
2024-09-10T10:35:10Z,40.046742729094973,116.281523095574400,45.42,3.15,330.22,3.44,0.76
2024-09-10T10:35:11Z,40.046767270052669,116.281506724494477,45.34,2.97,332.91,3.41,0.76
2024-09-10T10:35:12Z,40.046791321474821,116.281492220770005,45.27,2.90,334.09,3.39,0.76
2024-09-10T10:35:13Z,40.046814786325292,116.281478578383755,45.22,2.78,334.10,3.39,0.76
2024-09-10T10:35:14Z,40.046837261199016,116.281465467866198,45.18,2.64,333.52,3.41,0.76
2024-09-10T10:35:15Z,40.046858816363731,116.281453468875554,45.15,2.53,336.27,3.37,0.76
2024-09-10T10:35:16Z,40.046881505356147,116.281442965767354,45.13,2.77,340.92,3.33,0.76
2024-09-10T10:35:17Z,40.046905887870942,116.281433917393144,45.13,2.81,344.38,3.30,0.76
2024-09-10T10:35:18Z,40.046930396602164,116.281426178966257,45.14,2.71,345.40,3.29,0.76
2024-09-10T10:35:19Z,40.046954108908665,116.281418713747698,45.17,2.66,344.46,3.30,0.76
2024-09-10T10:35:20Z,40.046977371530105,116.281410600474771,45.20,2.65,342.90,3.29,0.76
2024-09-10T10:35:21Z,40.047000544237179,116.281401946027103,45.24,2.67,342.74,3.27,0.76
2024-09-10T10:35:22Z,40.047023766919395,116.281392999715408,45.29,2.68,342.92,3.24,0.76
2024-09-10T10:35:23Z,40.047047060599432,116.281383841180173,45.33,2.69,342.54,3.23,0.76
2024-09-10T10:35:24Z,40.047070335439066,116.281374352786116,45.37,2.70,341.52,3.24,0.76
2024-09-10T10:35:25Z,40.047093321088909,116.281365004020529,45.43,2.65,342.67,3.24,0.76
2024-09-10T10:35:26Z,40.047115644956506,116.281356448074703,45.50,2.49,342.51,3.23,0.76
2024-09-10T10:35:27Z,40.047137814288789,116.281348022970334,45.56,2.60,342.62,3.22,0.76
2024-09-10T10:35:28Z,40.047160805877148,116.281339570801606,45.62,2.64,343.54,3.22,0.76
2024-09-10T10:35:30Z,40.047185597241494,116.281330625506669,45.70,2.65,344.03,3.23,0.76
2024-09-10T10:35:31Z,40.047208659398699,116.281322424566497,45.77,2.64,344.16,3.23,0.76
2024-09-10T10:35:32Z,40.047231840584516,116.281314268347600,45.86,2.63,344.68,3.23,0.76
2024-09-10T10:35:33Z,40.047255166891809,116.281307567926888,45.95,2.60,349.61,3.22,0.76
2024-09-10T10:35:34Z,40.047278524730160,116.281303782262825,46.05,2.54,355.38,3.20,0.76
2024-09-10T10:35:35Z,40.047301914485033,116.281302238950957,46.15,2.58,358.11,3.18,0.76
2024-09-10T10:35:36Z,40.047326787158127,116.281301854116705,46.25,2.79,359.73,3.18,0.76
2024-09-10T10:35:37Z,40.047352805903245,116.281301622006694,46.34,2.82,358.64,3.20,0.76
2024-09-10T10:35:38Z,40.047379449819161,116.281300382797639,46.43,2.91,355.85,3.21,0.76
2024-09-10T10:35:39Z,40.047406382335588,116.281296964396319,46.51,2.92,350.85,3.20,0.76
2024-09-10T10:35:40Z,40.047432719613980,116.281291829257995,46.58,2.89,349.44,3.19,0.76
2024-09-10T10:35:41Z,40.047458277805276,116.281286868873735,46.64,2.75,350.44,3.20,0.76
2024-09-10T10:35:42Z,40.047483527235663,116.281282891341874,46.70,2.76,352.50,3.20,0.76
2024-09-10T10:35:43Z,40.047509449606252,116.281279606573818,46.75,2.86,353.09,3.19,0.76
2024-09-10T10:35:44Z,40.047537005822754,116.281275763381572,46.79,3.02,351.71,3.19,0.76
2024-09-10T10:35:45Z,40.047563500464300,116.281271877780995,46.83,3.03,352.16,3.19,0.76
2024-09-10T10:35:46Z,40.047590548239469,116.281268509567468,46.82,2.89,353.06,3.20,0.76
2024-09-10T10:35:47Z,40.047616787922202,116.281266460355894,46.78,2.86,355.52,3.20,0.76
2024-09-10T10:35:48Z,40.047643843389956,116.281265791348090,46.73,2.90,357.69,3.18,0.76
2024-09-10T10:35:49Z,40.047669514931236,116.281266459270199,46.66,2.90,359.67,3.16,0.76
2024-09-10T10:35:50Z,40.047695794830176,116.281268046586320,46.58,2.86,0.09,3.14,0.76
2024-09-10T10:35:51Z,40.047721969037212,116.281269376454830,46.50,2.88,359.40,3.14,0.76
2024-09-10T10:35:52Z,40.047748977375328,116.281270608147523,46.41,3.03,359.39,3.13,0.76
2024-09-10T10:35:53Z,40.047777670210031,116.281272272169204,46.33,3.28,1.34,3.12,0.76
2024-09-10T10:35:54Z,40.047807970880697,116.281276022995868,46.25,3.37,5.52,3.11,0.76
2024-09-10T10:35:55Z,40.047846177184006,116.281283147949765,46.16,3.33,8.33,3.13,0.76
2024-09-10T10:35:56Z,40.047867891313338,116.281288404966077,46.11,3.25,9.40,3.12,0.76
2024-09-10T10:35:57Z,40.047896450361300,116.281295628798631,46.05,3.22,10.83,3.12,0.76
2024-09-10T10:35:58Z,40.047924232824236,116.281303869829628,46.00,3.04,13.39,3.10,0.76
2024-09-10T10:35:59Z,40.047950982758209,116.281313571185834,45.96,3.04,16.62,3.10,0.76
2024-09-10T10:36:00Z,40.047977401829094,116.281325137179195,45.93,3.07,19.47,3.11,0.76
2024-09-10T10:36:01Z,40.048003909974256,116.281338048814376,45.89,3.15,20.58,3.12,0.76
2024-09-10T10:36:02Z,40.048031127433987,116.281351519050872,45.88,3.26,20.00,3.13,0.76
2024-09-10T10:36:03Z,40.048059583898905,116.281364634145319,45.88,3.36,18.28,3.15,0.76
2024-09-10T10:36:04Z,40.048087726184356,116.281376486116940,45.90,3.20,17.03,3.15,0.76
2024-09-10T10:36:05Z,40.048114774831483,116.281387339658664,45.93,3.07,17.10,3.13,0.76
2024-09-10T10:36:06Z,40.048140688276575,116.281397710779842,45.97,2.97,17.42,3.13,0.76
2024-09-10T10:36:07Z,40.048166236405770,116.281408048643726,46.02,2.91,17.87,3.15,0.76
2024-09-10T10:36:08Z,40.048191186838146,116.281418433272009,46.07,2.86,18.68,3.17,0.76
2024-09-10T10:36:09Z,40.048215348995214,116.281429313917229,46.14,2.77,21.14,3.17,0.76
2024-09-10T10:36:10Z,40.048237855380385,116.281441206662691,46.21,2.59,24.77,3.16,0.76
2024-09-10T10:36:11Z,40.048259398533361,116.281454604170705,46.30,2.67,27.80,3.15,0.76
2024-09-10T10:36:12Z,40.048281664810581,116.281469084132794,46.37,2.81,26.43,3.14,0.76
2024-09-10T10:36:13Z,40.048305373763846,116.281483465061939,46.46,2.93,24.17,3.14,0.76
2024-09-10T10:36:14Z,40.048329630205629,116.281496860127689,46.55,2.88,22.43,3.13,0.76
2024-09-10T10:36:15Z,40.048354055517272,116.281509910979693,46.64,2.93,22.16,3.12,0.76
2024-09-10T10:36:16Z,40.048379366232844,116.281523069007875,46.71,3.06,21.38,3.11,0.76
2024-09-10T10:36:17Z,40.048405370928215,116.281535793233729,46.78,3.10,19.86,3.12,0.76
2024-09-10T10:36:18Z,40.048431463535827,116.281547932099571,46.85,3.08,19.46,3.13,0.76
2024-09-10T10:36:19Z,40.048457410713539,116.281560702787118,46.91,3.10,22.08,3.15,0.76
2024-09-10T10:36:20Z,40.048484031582944,116.281575836147738,46.96,3.18,25.30,3.15,0.76
2024-09-10T10:36:21Z,40.048509069626256,116.281591855425674,47.00,3.21,27.42,3.16,0.76
2024-09-10T10:36:22Z,40.048534217532186,116.281609868580617,47.04,3.21,30.60,3.17,0.76
2024-09-10T10:36:23Z,40.048558470039438,116.281629497186472,47.07,3.20,33.32,3.17,0.76
2024-09-10T10:36:24Z,40.048582008346905,116.281650122454636,47.09,3.21,34.77,3.17,0.76
2024-09-10T10:36:25Z,40.048606282955475,116.281671000733340,47.10,3.10,32.21,3.18,0.76
2024-09-10T10:36:26Z,40.048629261976188,116.281688675506132,47.11,3.06,28.82,3.18,0.76
2024-09-10T10:36:27Z,40.048653060619607,116.281705111193233,47.13,3.02,26.21,3.20,0.76
2024-09-10T10:36:28Z,40.048677018165037,116.281720260296595,47.14,3.00,24.36,3.20,0.76
2024-09-10T10:36:29Z,40.048700521690321,116.281734699911013,47.14,2.98,24.64,3.20,0.76
2024-09-10T10:36:30Z,40.048724344540346,116.281750002647414,47.15,2.98,25.56,3.23,0.76
2024-09-10T10:36:31Z,40.048747808216682,116.281765791418209,47.13,2.96,26.26,3.24,0.76
2024-09-10T10:36:32Z,40.048770593001223,116.281781531167681,47.12,2.91,26.55,3.25,0.76
2024-09-10T10:36:33Z,40.048792810809182,116.281797106791672,47.11,2.81,26.16,3.25,0.76
2024-09-10T10:36:34Z,40.048814731168569,116.281812606366216,47.11,2.84,26.98,3.26,0.76
2024-09-10T10:36:35Z,40.048836590036331,116.281828451870965,47.11,2.86,27.46,3.29,0.76
2024-09-10T10:36:36Z,40.048857957484095,116.281844975853318,47.10,2.83,29.21,3.32,0.76
2024-09-10T10:36:37Z,40.048879103575459,116.281863001645931,47.10,2.84,32.40,3.34,0.76
2024-09-10T10:36:38Z,40.048898707883538,116.281881849668110,47.08,2.92,35.03,3.37,0.76
2024-09-10T10:36:39Z,40.048919090403089,116.281904079242040,47.07,3.13,40.14,3.38,0.76
2024-09-10T10:36:40Z,40.048938628548797,116.281929649619499,47.06,3.12,46.14,3.37,0.76
2024-09-10T10:36:41Z,40.048955190391595,116.281956330141384,47.07,2.92,52.04,3.36,0.76
2024-09-10T10:36:42Z,40.048968973571277,116.281982506128458,47.09,2.67,55.68,3.38,0.76
2024-09-10T10:36:43Z,40.048980565008300,116.282008905726144,47.13,2.55,58.34,3.41,0.76
2024-09-10T10:36:44Z,40.048991002144120,116.282034970925068,47.18,2.49,62.69,3.41,0.76
2024-09-10T10:36:45Z,40.049000625164702,116.282062496129228,47.24,2.65,65.12,3.41,0.76
2024-09-10T10:36:46Z,40.049009895452620,116.282090420548982,47.32,2.54,65.64,3.39,0.76
2024-09-10T10:36:47Z,40.049019151795207,116.282117943471363,47.40,2.60,65.24,3.35,0.76
2024-09-10T10:36:48Z,40.049029050815314,116.282146567369111,47.49,2.71,65.22,3.34,0.76
2024-09-10T10:36:49Z,40.049039159935830,116.282176222414435,47.58,2.74,65.91,3.34,0.76
2024-09-10T10:36:50Z,40.049048930401177,116.282205666744218,47.68,2.72,66.26,3.34,0.76
2024-09-10T10:36:51Z,40.049058940532703,116.282234503512598,47.77,2.58,63.68,3.32,0.77
2024-09-10T10:36:52Z,40.049076543836478,116.282271536285990,47.90,2.44,50.68,3.35,0.77
2024-09-10T10:36:53Z,40.049083708221715,116.282283348480817,47.93,2.46,46.64,3.33,0.76
2024-09-10T10:36:54Z,40.049100188742266,116.282307212944957,48.00,2.50,46.68,3.31,0.76
2024-09-10T10:36:55Z,40.049113763737388,116.282327103950024,48.04,2.54,46.42,3.29,0.76
2024-09-10T10:36:56Z,40.049129087231883,116.282349617384412,48.07,2.60,47.11,3.31,0.76
2024-09-10T10:36:57Z,40.049144525654334,116.282373310133408,48.07,2.76,48.76,3.32,0.76
2024-09-10T10:36:58Z,40.049160357015111,116.282399355284795,48.05,2.82,50.78,3.33,0.76
2024-09-10T10:36:59Z,40.049175318964153,116.282426448351330,48.01,2.83,54.53,3.35,0.76
2024-09-10T10:37:00Z,40.049190869331682,116.282458731123029,47.95,2.82,59.09,3.39,0.76
2024-09-10T10:37:01Z,40.049201152577005,116.282483753251569,47.90,2.80,63.01,3.38,0.76
2024-09-10T10:37:02Z,40.049211747518932,116.282513555178596,47.84,2.80,67.04,3.36,0.76
2024-09-10T10:37:03Z,40.049220982627126,116.282544330118682,47.77,2.80,70.87,3.36,0.77
2024-09-10T10:37:04Z,40.049228774198902,116.282576273077112,47.71,2.81,74.86,3.37,0.77
2024-09-10T10:37:05Z,40.049234658262364,116.282608803730767,47.63,2.86,78.99,3.40,0.78
2024-09-10T10:37:06Z,40.049238912372772,116.282642449800619,47.56,2.91,82.67,3.44,0.79
2024-09-10T10:37:07Z,40.049241808937936,116.282677348515151,47.48,3.00,84.89,3.46,0.80
2024-09-10T10:37:08Z,40.049244567479136,116.282711882766520,47.42,2.88,83.26,3.48,0.81
2024-09-10T10:37:09Z,40.049248757488137,116.282745109985882,47.36,2.81,77.68,3.47,0.82
2024-09-10T10:37:10Z,40.049255238919990,116.282776041201188,47.32,2.62,70.49,3.47,0.82
2024-09-10T10:37:11Z,40.049264211196622,116.282804890195081,47.28,2.62,64.16,3.47,0.83
2024-09-10T10:37:12Z,40.049275525166514,116.282833067524521,47.24,2.65,59.91,3.44,0.83
2024-09-10T10:37:13Z,40.049287921472299,116.282860653573735,47.20,2.68,58.89,3.40,0.84
2024-09-10T10:37:14Z,40.049300435823881,116.282888603281393,47.17,2.69,60.39,3.39,0.84
2024-09-10T10:37:15Z,40.049312070074294,116.282917038977899,47.14,2.69,63.65,3.39,0.84
2024-09-10T10:37:16Z,40.049322598607326,116.282946760854131,47.14,2.69,67.49,3.39,0.83
2024-09-10T10:37:17Z,40.049331620037783,116.282977556465639,47.14,2.69,72.01,3.37,0.83
2024-09-10T10:37:18Z,40.049338622848893,116.283008160503414,47.12,2.58,76.98,3.37,0.82
2024-09-10T10:37:19Z,40.049343884874474,116.283039921331707,47.11,2.73,81.35,3.35,0.81
2024-09-10T10:37:20Z,40.049348150025928,116.283073064598440,47.12,2.81,82.59,3.31,0.80
2024-09-10T10:37:21Z,40.049352167009332,116.283106597837858,47.14,2.83,81.98,3.30,0.80
2024-09-10T10:37:22Z,40.049355890036104,116.283138101761836,47.16,2.62,82.55,3.30,0.79
2024-09-10T10:37:23Z,40.049359328407292,116.283169230529509,47.18,2.60,81.32,3.28,0.79
2024-09-10T10:37:24Z,40.049363000965670,116.283201015460733,47.21,2.64,80.90,3.26,0.78
2024-09-10T10:37:25Z,40.049367014406322,116.283233273537249,47.26,2.70,79.57,3.27,0.78
2024-09-10T10:37:26Z,40.049371849308272,116.283266590328964,47.29,2.77,77.88,3.30,0.77
2024-09-10T10:37:27Z,40.049377397177018,116.283299840690304,47.33,2.93,76.14,3.30,0.77
2024-09-10T10:37:28Z,40.049383743518050,116.283334575985521,47.36,2.93,75.56,3.30,0.77
2024-09-10T10:37:29Z,40.049389776286766,116.283368826846896,47.39,2.87,77.03,3.31,0.78
2024-09-10T10:37:30Z,40.049394675219645,116.283402262741205,47.41,2.81,80.64,3.28,0.78
2024-09-10T10:37:31Z,40.049397844795344,116.283435992947915,47.44,2.90,84.91,3.25,0.79
2024-09-10T10:37:32Z,40.049398428386212,116.283500968651509,47.47,2.83,93.96,3.38,0.79
2024-09-10T10:37:33Z,40.049398007925646,116.283507897566210,47.48,2.84,94.01,3.34,0.78
2024-09-10T10:37:34Z,40.049396501742237,116.283538577525619,47.51,2.96,93.16,3.32,0.77
2024-09-10T10:37:35Z,40.049395213261178,116.283573698681167,47.54,2.99,91.57,3.26,0.77
2024-09-10T10:37:36Z,40.049394500771754,116.283608838242912,47.57,2.99,91.18,3.21,0.76
2024-09-10T10:37:37Z,40.049393785455194,116.283643855720882,47.60,2.94,91.57,3.20,0.76
2024-09-10T10:37:38Z,40.049393003209467,116.283677939212438,47.62,2.83,91.46,3.22,0.76
2024-09-10T10:37:39Z,40.049392378712326,116.283711763496711,47.63,2.78,90.54,3.25,0.76
2024-09-10T10:37:40Z,40.049392000059697,116.283744458313265,47.64,2.86,89.81,3.22,0.76
2024-09-10T10:37:41Z,40.049392205926488,116.283782229287795,47.65,2.78,88.09,3.21,0.76
2024-09-10T10:37:42Z,40.049392179726745,116.283810369357028,47.66,2.80,90.95,3.20,0.76
2024-09-10T10:37:43Z,40.049391869565440,116.283843383537459,47.69,2.74,89.81,3.18,0.76
2024-09-10T10:37:44Z,40.049391131061306,116.283877061386747,47.72,2.85,93.19,3.16,0.76
2024-09-10T10:37:45Z,40.049390486020080,116.283910901957711,47.74,2.86,89.94,3.16,0.76
2024-09-10T10:37:46Z,40.049390036670076,116.283942839233916,47.76,2.79,92.24,3.15,0.76
2024-09-10T10:37:47Z,40.049388703809583,116.283975378659804,47.79,2.75,94.18,3.18,0.76
2024-09-10T10:37:48Z,40.049386297257904,116.284007602275182,47.81,2.78,97.34,3.19,0.76
2024-09-10T10:37:49Z,40.049382552337910,116.284040264345180,47.83,2.85,100.21,3.20,0.76
2024-09-10T10:37:50Z,40.049377931225592,116.284073456521241,47.84,2.87,101.09,3.23,0.76
2024-09-10T10:37:51Z,40.049373168308321,116.284106786331378,47.86,2.86,100.50,3.29,0.76
2024-09-10T10:37:52Z,40.049369117389368,116.284139636669764,47.89,2.83,98.36,3.37,0.76
2024-09-10T10:37:53Z,40.049366005924789,116.284172050382708,47.93,2.76,97.06,3.43,0.76
2024-09-10T10:37:54Z,40.049363508634734,116.284203902651953,47.96,2.74,94.95,3.46,0.76
2024-09-10T10:37:55Z,40.049361686708593,116.284235588929391,47.98,2.75,93.87,3.48,0.76
2024-09-10T10:37:56Z,40.049360512128487,116.284267806369172,48.02,2.80,91.97,3.49,0.76
2024-09-10T10:37:57Z,40.049359938369371,116.284300545098063,48.05,2.83,91.13,3.51,0.76
2024-09-10T10:37:58Z,40.049359777382236,116.284333867551027,48.07,2.88,90.35,3.53,0.76
2024-09-10T10:37:59Z,40.049360167135568,116.284367425618129,48.08,2.87,88.96,3.55,0.76
2024-09-10T10:38:00Z,40.049361049112171,116.284400700199399,48.09,2.83,88.01,3.58,0.76
2024-09-10T10:38:01Z,40.049362156007668,116.284433124708542,48.10,2.73,87.94,3.60,0.76
2024-09-10T10:38:02Z,40.049363184531806,116.284464342608217,48.11,2.63,87.99,3.64,0.76
2024-09-10T10:38:03Z,40.049363865248303,116.284494758382905,48.13,2.57,88.91,3.68,0.76
2024-09-10T10:38:04Z,40.049364245286263,116.284525257345294,48.16,2.62,89.36,3.66,0.77
2024-09-10T10:38:05Z,40.049364320471156,116.284555434272846,48.19,2.65,89.94,3.65,0.77
2024-09-10T10:38:06Z,40.049364556931529,116.284586209835396,48.22,2.69,88.13,3.66,0.78
2024-09-10T10:38:07Z,40.049365711407440,116.284617085321287,48.29,2.75,85.97,3.67,0.78
2024-09-10T10:38:08Z,40.049367648882189,116.284647947552884,48.36,2.54,84.67,3.67,0.79
2024-09-10T10:38:09Z,40.049369958407489,116.284677504840019,48.44,2.49,85.19,3.65,0.80
2024-09-10T10:38:10Z,40.049372121019317,116.284706999891611,48.53,2.49,86.12,3.65,0.81
2024-09-10T10:38:11Z,40.049374170329870,116.284736511081746,48.63,2.56,86.29,3.66,0.83
2024-09-10T10:38:12Z,40.049376219135226,116.284766678524889,48.72,2.59,87.49,3.68,0.84
2024-09-10T10:38:13Z,40.049377822186557,116.284797305884936,48.82,2.58,89.45,3.72,0.85
2024-09-10T10:38:14Z,40.049378638913929,116.284827699096837,48.91,2.52,92.62,3.76,0.87
2024-09-10T10:38:15Z,40.049378331465313,116.284856877407108,48.98,2.44,95.79,3.80,0.88
2024-09-10T10:38:16Z,40.049376734187661,116.284897106538963,49.08,2.65,96.11,3.82,0.89
2024-09-10T10:38:17Z,40.049376960732125,116.284917279856700,49.12,2.76,94.02,3.80,0.89
2024-09-10T10:38:18Z,40.049378016928024,116.284950304589501,49.17,2.91,88.45,3.79,0.90
2024-09-10T10:38:19Z,40.049381854435701,116.284983837598361,49.23,2.96,82.39,3.77,0.91
2024-09-10T10:38:20Z,40.049387855157370,116.285016978001764,49.28,2.92,78.11,3.75,0.91
2024-09-10T10:38:21Z,40.049395653637227,116.285048717131374,49.32,2.83,73.57,3.74,0.92
2024-09-10T10:38:22Z,40.049405646804658,116.285080405026974,49.35,2.94,68.51,3.72,0.92
2024-09-10T10:38:23Z,40.049418037816217,116.285112192935856,49.36,2.92,64.04,3.70,0.93
2024-09-10T10:38:24Z,40.049432272548728,116.285143264928266,49.38,2.93,60.06,3.70,0.93
2024-09-10T10:38:25Z,40.049447387615388,116.285172512582889,49.38,2.90,57.20,3.70,0.93
2024-09-10T10:38:26Z,40.049463646278426,116.285200705211565,49.36,2.83,53.37,3.69,0.94
2024-09-10T10:38:27Z,40.049480075089292,116.285226386353784,49.33,2.61,50.87,3.68,0.94
2024-09-10T10:38:28Z,40.049495799218342,116.285249754297482,49.29,2.47,49.70,3.67,0.94
2024-09-10T10:38:29Z,40.049511138892157,116.285272285419438,49.22,2.44,48.68,3.63,0.93
2024-09-10T10:38:30Z,40.049526337798191,116.285294319172394,49.15,2.40,48.05,3.59,0.93
2024-09-10T10:38:31Z,40.049542136603769,116.285317416076225,49.08,2.65,48.94,3.55,0.92
2024-09-10T10:38:32Z,40.049558675846271,116.285342495071760,49.01,2.83,50.10,3.53,0.91
2024-09-10T10:38:33Z,40.049576098381294,116.285370228681174,48.95,2.97,51.55,3.54,0.90
2024-09-10T10:38:34Z,40.049592459101980,116.285397419216764,48.89,2.94,52.83,3.56,0.89
2024-09-10T10:38:35Z,40.049608642816985,116.285425148625507,48.84,2.94,53.00,3.56,0.88
2024-09-10T10:38:36Z,40.049624594090645,116.285453252005780,48.78,2.91,54.00,3.55,0.87
2024-09-10T10:38:37Z,40.049639814337930,116.285481285680561,48.73,2.88,55.07,3.55,0.86
2024-09-10T10:38:38Z,40.049654252761677,116.285509338673833,48.68,2.86,56.32,3.51,0.84
2024-09-10T10:38:39Z,40.049668249649358,116.285537764461466,48.65,2.86,57.11,3.46,0.83
2024-09-10T10:38:40Z,40.049681854574288,116.285566920141989,48.62,2.90,58.68,3.41,0.82
2024-09-10T10:38:41Z,40.049694906321051,116.285596216342995,48.60,2.82,59.36,3.38,0.80
2024-09-10T10:38:42Z,40.049707438668889,116.285624582756000,48.61,2.73,59.15,3.37,0.79
2024-09-10T10:38:43Z,40.049719891457435,116.285651296215022,48.63,2.60,56.86,3.37,0.78
2024-09-10T10:38:44Z,40.049732409647440,116.285676856244365,48.68,2.61,56.49,3.35,0.78
2024-09-10T10:38:45Z,40.049745902898849,116.285703478122358,48.75,2.77,56.11,3.34,0.77
2024-09-10T10:38:46Z,40.049759498949911,116.285730129247980,48.84,2.70,56.31,3.31,0.77
2024-09-10T10:38:47Z,40.049773982858525,116.285757105821446,48.94,2.83,53.30,3.26,0.77
2024-09-10T10:38:48Z,40.049789427027093,116.285783249169427,49.06,2.87,51.45,3.24,0.76
2024-09-10T10:38:49Z,40.049805527809347,116.285809981068368,49.20,2.89,52.34,3.22,0.76
2024-09-10T10:38:50Z,40.049821263088518,116.285836900033019,49.34,2.90,52.70,3.22,0.76
2024-09-10T10:38:51Z,40.049837084655969,116.285864021718353,49.48,2.90,52.17,3.19,0.76
2024-09-10T10:38:52Z,40.049852793806451,116.285890761532826,49.64,2.79,52.15,3.18,0.76
2024-09-10T10:38:53Z,40.049867646123033,116.285916604617569,49.78,2.74,53.40,3.19,0.77
2024-09-10T10:38:54Z,40.049886171633766,116.285957648548717,49.97,2.67,64.77,3.24,0.76
2024-09-10T10:38:55Z,40.049890644953230,116.285972242587391,50.02,2.65,68.24,3.21,0.76
2024-09-10T10:38:56Z,40.049898650325815,116.285999597907463,50.10,2.38,68.26,3.18,0.76
2024-09-10T10:38:57Z,40.049907735040371,116.286025146281546,50.19,2.38,60.30,3.16,0.76
2024-09-10T10:38:58Z,40.049918921930669,116.286049283746152,50.25,2.40,57.28,3.16,0.76
2024-09-10T10:38:59Z,40.049931023477065,116.286073106547931,50.30,2.45,56.19,3.19,0.76
2024-09-10T10:39:00Z,40.049943855219695,116.286097433590342,50.32,2.55,55.55,3.21,0.76
2024-09-10T10:39:01Z,40.049956813227908,116.286121995842223,50.33,2.60,56.11,3.20,0.76
2024-09-10T10:39:02Z,40.049969910191500,116.286148161127869,50.32,2.66,57.95,3.21,0.76
2024-09-10T10:39:03Z,40.049982404809846,116.286177009956191,50.31,2.91,62.76,3.22,0.76
2024-09-10T10:39:04Z,40.049993792338277,116.286208033033660,50.32,2.94,65.78,3.23,0.76
2024-09-10T10:39:05Z,40.050004797631935,116.286239655715377,50.31,2.89,64.63,3.24,0.76
2024-09-10T10:39:06Z,40.050016535936898,116.286268515897945,50.30,2.65,57.98,3.26,0.76
2024-09-10T10:39:07Z,40.050029887621918,116.286293873129068,50.28,2.55,50.81,3.28,0.76
2024-09-10T10:39:08Z,40.050044414949014,116.286317125352795,50.27,2.54,48.38,3.28,0.76
2024-09-10T10:39:09Z,40.050059207928783,116.286339939779651,50.25,2.55,48.39,3.29,0.76
2024-09-10T10:39:10Z,40.050074450757769,116.286364572360753,50.24,2.68,51.24,3.31,0.76
2024-09-10T10:39:11Z,40.050088069404815,116.286390638481180,50.22,2.72,57.43,3.32,0.76
2024-09-10T10:39:12Z,40.050099571446189,116.286419403910529,50.20,2.71,64.15,3.33,0.76
2024-09-10T10:39:13Z,40.050108616958667,116.286449052645906,50.17,2.65,67.96,3.34,0.76
2024-09-10T10:39:14Z,40.050116354365251,116.286478917980176,50.14,2.66,70.06,3.36,0.76
2024-09-10T10:39:15Z,40.050123060801610,116.286509219127097,50.08,2.62,72.47,3.39,0.76
2024-09-10T10:39:16Z,40.050128239494327,116.286539994663457,50.01,2.68,76.87,3.40,0.76
2024-09-10T10:39:17Z,40.050132172224089,116.286571198504959,49.94,2.63,79.56,3.42,0.76
2024-09-10T10:39:18Z,40.050135705842976,116.286602253597138,49.85,2.63,79.83,3.40,0.76
2024-09-10T10:39:19Z,40.050139600868810,116.286633056700722,49.73,2.60,78.43,3.39,0.76
2024-09-10T10:39:20Z,40.050144075015872,116.286664541852815,49.62,2.68,78.12,3.38,0.76
2024-09-10T10:39:21Z,40.050148558905775,116.286696185657632,49.49,2.76,79.02,3.37,0.76
2024-09-10T10:39:22Z,40.050153109004064,116.286728451125995,49.36,2.66,79.12,3.38,0.76
2024-09-10T10:39:23Z,40.050157376040225,116.286759001605901,49.24,2.60,78.72,3.37,0.76
2024-09-10T10:39:24Z,40.050162041167248,116.286789286175662,49.10,2.54,76.57,3.36,0.76
2024-09-10T10:39:25Z,40.050167595376934,116.286819069875378,48.97,2.60,74.28,3.35,0.76
2024-09-10T10:39:26Z,40.050173811649948,116.286848771950289,48.84,2.62,73.17,3.35,0.76
2024-09-10T10:39:27Z,40.050180087337480,116.286878412352749,48.71,2.62,73.93,3.34,0.76
2024-09-10T10:39:28Z,40.050186518248310,116.286908455102903,48.59,2.62,73.62,3.33,0.76
2024-09-10T10:39:29Z,40.050193424783764,116.286937723744146,48.48,2.60,71.32,3.32,0.76
2024-09-10T10:39:30Z,40.050200820919486,116.286966521071804,48.37,2.67,70.27,3.32,0.76
2024-09-10T10:39:31Z,40.050206811852071,116.286995138952619,48.27,2.67,73.33,3.34,0.76
2024-09-10T10:39:32Z,40.050211658378366,116.287024919015579,48.18,2.66,79.76,3.37,0.77
2024-09-10T10:39:33Z,40.050214510082050,116.287055298228452,48.09,2.66,84.79,3.41,0.78
2024-09-10T10:39:34Z,40.050216173307660,116.287086139887663,48.00,2.63,86.24,3.45,0.80
2024-09-10T10:39:35Z,40.050218040512185,116.287116627244075,47.92,2.54,83.88,3.54,0.83
2024-09-10T10:39:36Z,40.050220795152583,116.287145357043016,47.84,2.34,81.35,3.64,0.87
2024-09-10T10:39:37Z,40.050223795305030,116.287169169642667,47.75,1.78,79.18,3.73,0.91
2024-09-10T10:39:38Z,40.050226309150759,116.287186064702084,47.66,1.08,78.15,3.85,0.97
2024-09-10T10:39:39Z,40.050228481995227,116.287196809212190,47.58,0.75,70.36,3.96,1.03
2024-09-10T10:39:40Z,40.050230923424373,116.287204786789829,47.47,0.38,63.01,4.00,1.11
2024-09-10T10:39:59Z,40.050219245711347,116.287243001985289,46.75,0.32,183.53,4.41,1.08
2024-09-10T10:40:00Z,40.050218167779086,116.287246024280066,46.76,0.16,154.40,4.36,1.02
2024-09-10T10:40:01Z,40.050217603483922,116.287250336800625,46.78,0.26,102.80,4.23,0.97
2024-09-10T10:40:02Z,40.050217407800048,116.287256920693011,46.80,0.58,85.41,4.08,0.91
2024-09-10T10:40:03Z,40.050218075903146,116.287267971399643,46.82,1.07,80.08,3.97,0.87
2024-09-10T10:40:04Z,40.050220444987360,116.287287795348107,46.86,2.05,77.64,3.91,0.84
2024-09-10T10:40:05Z,40.050225632795218,116.287317336024145,46.91,2.76,73.54,3.88,0.82
2024-09-10T10:40:06Z,40.050233189007450,116.287350396228561,46.96,3.02,70.28,3.83,0.80
2024-09-10T10:40:07Z,40.050242656569324,116.287385643449298,47.01,3.21,68.79,3.78,0.79
2024-09-10T10:40:08Z,40.050252829955831,116.287422747509737,47.05,3.36,69.95,3.76,0.78
2024-09-10T10:40:09Z,40.050262453127338,116.287461842933482,47.11,3.51,73.03,3.77,0.77
2024-09-10T10:40:10Z,40.050270199020034,116.287502297659984,47.16,3.54,77.40,3.81,0.77
2024-09-10T10:40:11Z,40.050275515240330,116.287543519383846,47.22,3.49,82.52,3.87,0.77
2024-09-10T10:40:12Z,40.050278348518397,116.287585215758156,47.27,3.62,87.21,3.93,0.77
2024-09-10T10:40:13Z,40.050279476596501,116.287628029941800,47.35,3.70,89.97,3.97,0.77
2024-09-10T10:40:14Z,40.050280396201970,116.287671964363412,47.45,3.80,89.53,4.00,0.77
2024-09-10T10:40:15Z,40.050282554900029,116.287716599121666,47.55,3.89,87.23,4.02,0.77
2024-09-10T10:40:16Z,40.050286321207253,116.287762324042092,47.65,3.81,84.71,4.03,0.78
2024-09-10T10:40:17Z,40.050291051287481,116.287804328628440,47.77,3.69,83.51,4.02,0.78
2024-09-10T10:40:18Z,40.050296215965098,116.287845193197072,47.87,3.46,82.70,4.01,0.79
2024-09-10T10:40:19Z,40.050301585770633,116.287883889340890,47.98,3.29,81.76,3.98,0.79
2024-09-10T10:40:20Z,40.050307419612857,116.287920572883579,48.07,3.17,79.19,3.93,0.79
2024-09-10T10:40:21Z,40.050314804108375,116.287955468362881,48.17,3.08,73.95,3.88,0.80
2024-09-10T10:40:22Z,40.050324849513444,116.287989230317407,48.27,3.12,67.50,3.82,0.80
2024-09-10T10:40:23Z,40.050337751502795,116.288021804140911,48.37,3.10,60.45,3.78,0.80
2024-09-10T10:40:24Z,40.050352757467039,116.288052740956957,48.46,3.09,56.71,3.75,0.80
2024-09-10T10:40:25Z,40.050368636693449,116.288083104814163,48.56,3.10,56.04,3.67,0.79
2024-09-10T10:40:26Z,40.050384457797037,116.288114175562441,48.64,3.20,57.49,3.59,0.79
2024-09-10T10:40:27Z,40.050399848388594,116.288146453660218,48.71,3.21,59.26,3.55,0.79
2024-09-10T10:40:28Z,40.050415234053325,116.288181992426829,48.80,3.23,61.82,3.55,0.78
2024-09-10T10:40:29Z,40.050427515714325,116.288213571288097,48.86,3.17,64.00,3.53,0.78
2024-09-10T10:40:30Z,40.050439431061946,116.288248032313248,48.93,3.25,66.12,3.50,0.78
2024-09-10T10:40:31Z,40.050450388302288,116.288283197071181,49.00,3.22,68.04,3.45,0.78
2024-09-10T10:40:32Z,40.050460782966304,116.288319972053699,49.06,3.26,69.73,3.44,0.78
2024-09-10T10:40:33Z,40.050470008187226,116.288355663434885,49.13,3.24,71.02,3.43,0.78
2024-09-10T10:40:34Z,40.050479113485146,116.288392624494278,49.19,3.35,71.88,3.43,0.78
2024-09-10T10:40:35Z,40.050487966744058,116.288430374157983,49.25,3.34,72.58,3.43,0.78
2024-09-10T10:40:36Z,40.050496163890962,116.288467288547537,49.31,3.22,73.64,3.46,0.79
2024-09-10T10:40:37Z,40.050503416834815,116.288503132172153,49.35,3.11,75.34,3.50,0.79
2024-09-10T10:40:38Z,40.050509275927723,116.288537888072682,49.37,2.99,78.30,3.53,0.79
2024-09-10T10:40:39Z,40.050513509151507,116.288572256673731,49.39,2.94,81.21,3.55,0.80
2024-09-10T10:40:40Z,40.050516520082191,116.288606563425716,49.42,2.99,83.55,3.55,0.80
2024-09-10T10:40:41Z,40.050519023631075,116.288642054102041,49.44,3.13,84.27,3.54,0.80
2024-09-10T10:40:42Z,40.050521421734643,116.288678261500451,49.44,3.17,84.22,3.54,0.80
2024-09-10T10:40:43Z,40.050524039214771,116.288714615233715,49.44,3.17,83.68,3.56,0.80
2024-09-10T10:40:44Z,40.050526858562357,116.288750829392669,49.43,3.14,83.14,3.58,0.79
2024-09-10T10:40:45Z,40.050529767639112,116.288786346942999,49.41,3.09,83.03,3.61,0.79
2024-09-10T10:40:46Z,40.050532246338733,116.288820603439859,49.37,2.84,84.47,3.59,0.78
2024-09-10T10:40:47Z,40.050533761692279,116.288852964935359,49.31,2.74,86.90,3.57,0.78
2024-09-10T10:40:48Z,40.050534443254207,116.288884759846965,49.26,2.72,88.43,3.56,0.78
2024-09-10T10:40:49Z,40.050534519437079,116.288915950976033,49.20,2.69,89.23,3.57,0.77
2024-09-10T10:40:50Z,40.050534539930922,116.288948318428567,49.14,2.72,89.20,3.55,0.77
2024-09-10T10:40:51Z,40.050534710958068,116.288979285115175,49.06,2.76,88.98,3.52,0.76
2024-09-10T10:40:52Z,40.050534951367922,116.289011438724742,48.99,2.76,89.08,3.49,0.76
2024-09-10T10:40:53Z,40.050535334191878,116.289043835089586,48.91,2.73,88.51,3.49,0.76
2024-09-10T10:40:54Z,40.050536207999883,116.289075705436119,48.83,2.77,86.54,3.50,0.76
2024-09-10T10:40:55Z,40.050537533965908,116.289109455788477,48.74,2.95,84.58,3.46,0.76
2024-09-10T10:40:56Z,40.050539457775685,116.289144232682531,48.67,2.96,84.00,3.43,0.76
2024-09-10T10:40:57Z,40.050540927925489,116.289178569550529,48.60,2.96,85.04,3.41,0.76
2024-09-10T10:40:58Z,40.050541913084942,116.289213421896108,48.53,2.93,85.73,3.40,0.76
2024-09-10T10:40:59Z,40.050543039813441,116.289247046806636,48.48,2.93,84.71,3.39,0.76
2024-09-10T10:41:00Z,40.050544746585238,116.289280779837426,48.44,2.97,83.67,3.36,0.76
2024-09-10T10:41:01Z,40.050546076042032,116.289314316796379,48.40,2.96,86.03,3.32,0.76
2024-09-10T10:41:02Z,40.050545315419370,116.289347728893830,48.37,2.93,92.37,3.30,0.76
2024-09-10T10:41:03Z,40.050540891516320,116.289380844142983,48.34,2.91,102.10,3.29,0.76
2024-09-10T10:41:04Z,40.050531848235607,116.289412148364590,48.33,2.87,114.64,3.29,0.76
2024-09-10T10:41:05Z,40.050517841814546,116.289439505394753,48.32,2.65,128.35,3.26,0.76
2024-09-10T10:41:06Z,40.050500424991682,116.289461578232448,48.32,2.76,139.02,3.24,0.76
2024-09-10T10:41:07Z,40.050479675219421,116.289481064001890,48.33,2.83,145.89,3.24,0.76
2024-09-10T10:41:08Z,40.050456882646145,116.289497777329160,48.35,2.88,152.75,3.24,0.76
2024-09-10T10:41:09Z,40.050431981466154,116.289511273820210,48.37,2.97,160.51,3.22,0.76
2024-09-10T10:41:10Z,40.050401188555497,116.289522451628798,48.40,3.18,167.51,3.23,0.76
2024-09-10T10:41:11Z,40.050376304854481,116.289529022835765,48.42,3.21,169.09,3.24,0.77
2024-09-10T10:41:12Z,40.050347242564449,116.289536077439706,48.45,3.15,169.51,3.26,0.77
2024-09-10T10:41:13Z,40.050319277149320,116.289543180251599,48.47,3.11,167.76,3.26,0.78
2024-09-10T10:41:14Z,40.050286629447839,116.289552018646447,48.51,3.24,168.21,3.25,0.79
2024-09-10T10:41:15Z,40.050261618489955,116.289558593483591,48.54,3.26,168.49,3.25,0.80
2024-09-10T10:41:16Z,40.050232305122293,116.289566154138640,48.58,3.21,168.55,3.28,0.81
2024-09-10T10:41:17Z,40.050203817781252,116.289573968002642,48.63,3.17,168.03,3.32,0.82
2024-09-10T10:41:18Z,40.050175455693726,116.289582286746978,48.68,3.14,167.08,3.37,0.83
2024-09-10T10:41:19Z,40.050146784603960,116.289591250082665,48.73,3.21,166.42,3.40,0.84
2024-09-10T10:41:20Z,40.050117628998748,116.289600747955362,48.78,3.32,166.06,3.44,0.86
2024-09-10T10:41:21Z,40.050087873460988,116.289610490146686,48.84,3.32,166.49,3.50,0.87
2024-09-10T10:41:22Z,40.050058223906930,116.289619485936200,48.91,3.31,167.84,3.52,0.88
2024-09-10T10:41:23Z,40.050028639088275,116.289627742265168,48.98,3.29,168.49,3.53,0.89
2024-09-10T10:41:24Z,40.049999201138952,116.289636512530720,49.07,3.30,166.27,3.56,0.89
2024-09-10T10:41:25Z,40.049970383426270,116.289647239345385,49.16,3.28,162.10,3.58,0.90
2024-09-10T10:41:26Z,40.049942460081120,116.289660451500808,49.25,3.31,157.72,3.61,0.91
2024-09-10T10:41:27Z,40.049914368871683,116.289675657773373,49.34,3.40,156.76,3.60,0.91
2024-09-10T10:41:28Z,40.049885881435237,116.289691301091523,49.42,3.48,156.78,3.60,0.91
2024-09-10T10:41:29Z,40.049857221896914,116.289706752339271,49.52,3.43,157.38,3.63,0.92
2024-09-10T10:41:30Z,40.049828888089422,116.289721406041267,49.63,3.39,158.13,3.67,0.92
2024-09-10T10:41:31Z,40.049801225507807,116.289734628621559,49.74,3.22,159.41,3.71,0.92
2024-09-10T10:41:32Z,40.049774682623934,116.289746333640494,49.84,3.09,160.59,3.73,0.93
2024-09-10T10:41:33Z,40.049749241528453,116.289756458212892,49.91,3.01,161.50,3.75,0.93
2024-09-10T10:41:34Z,40.049724144550837,116.289766197324084,49.98,2.94,161.08,3.77,0.93
2024-09-10T10:41:35Z,40.049699792630989,116.289775798735775,50.04,2.89,160.90,3.77,0.93
2024-09-10T10:41:36Z,40.049675893710734,116.289785102129173,50.09,2.88,161.10,3.76,0.94
2024-09-10T10:41:37Z,40.049651754727030,116.289794053586633,50.13,2.89,162.50,3.75,0.94
2024-09-10T10:41:38Z,40.049627038345740,116.289801983373025,50.15,2.89,164.28,3.74,0.94
2024-09-10T10:41:39Z,40.049602072935535,116.289808805198561,50.16,2.88,165.63,3.74,0.94
2024-09-10T10:41:40Z,40.049576887530307,116.289815083499562,50.16,2.92,166.84,3.75,0.94
2024-09-10T10:41:41Z,40.049551027852473,116.289820823102716,50.15,3.02,168.33,3.72,0.94
2024-09-10T10:41:42Z,40.049524445525222,116.289826024435257,50.13,3.01,169.56,3.68,0.94
2024-09-10T10:41:43Z,40.049498225308959,116.289830646735268,50.10,2.89,170.20,3.66,0.94
2024-09-10T10:41:44Z,40.049473444238025,116.289835214997197,50.06,2.69,169.31,3.65,0.94
2024-09-10T10:41:45Z,40.049450257229559,116.289839307709343,50.02,2.52,170.66,3.64,0.94
2024-09-10T10:41:46Z,40.049427800993271,116.289842303936510,49.97,2.47,171.86,3.65,0.94
2024-09-10T10:41:47Z,40.049405180392029,116.289844400112827,49.92,2.49,173.74,3.64,0.94
2024-09-10T10:41:48Z,40.049381971432368,116.289845261184340,49.86,2.59,177.82,3.63,0.94
2024-09-10T10:41:49Z,40.049357931975926,116.289844471567420,49.79,2.74,180.96,3.62,0.93
2024-09-10T10:41:50Z,40.049332824073637,116.289842698286733,49.75,2.78,182.42,3.62,0.92
2024-09-10T10:41:51Z,40.049307292993433,116.289841523195946,49.71,2.81,179.93,3.63,0.91
2024-09-10T10:41:52Z,40.049282237434269,116.289842256129518,49.67,2.81,175.74,3.64,0.91
2024-09-10T10:41:53Z,40.049256810514791,116.289844916506766,49.63,2.85,173.80,3.65,0.90
2024-09-10T10:41:54Z,40.049231105168275,116.289848383582026,49.60,2.89,173.57,3.65,0.89
2024-09-10T10:41:55Z,40.049205194515018,116.289851783306617,49.58,2.91,173.92,3.67,0.88
2024-09-10T10:41:56Z,40.049178998779411,116.289855156587237,49.57,2.91,172.95,3.69,0.88
2024-09-10T10:41:57Z,40.049153042997546,116.289859595944222,49.56,2.89,170.31,3.69,0.87
2024-09-10T10:41:58Z,40.049127168153817,116.289865376326730,49.56,2.91,167.61,3.67,0.86
2024-09-10T10:41:59Z,40.049101300186500,116.289872916477393,49.55,2.96,164.43,3.64,0.86
2024-09-10T10:42:00Z,40.049075481148975,116.289881743009815,49.55,2.97,162.81,3.63,0.86
2024-09-10T10:42:01Z,40.049049894730601,116.289890831961387,49.55,2.94,162.23,3.63,0.87
2024-09-10T10:42:02Z,40.049011785808403,116.289904963305048,49.54,2.96,163.24,3.65,0.88
2024-09-10T10:42:03Z,40.048998754664382,116.289909079722705,49.53,2.98,163.73,3.61,0.87
2024-09-10T10:42:04Z,40.048972860642678,116.289917920008591,49.51,3.00,165.65,3.60,0.88
2024-09-10T10:42:05Z,40.048946832098729,116.289925899414627,49.49,3.00,167.64,3.59,0.89
2024-09-10T10:42:06Z,40.048920542249355,116.289932532661410,49.46,2.97,170.80,3.60,0.90
2024-09-10T10:42:07Z,40.048894729482214,116.289937174936938,49.43,2.92,174.10,3.60,0.90
2024-09-10T10:42:08Z,40.048869644006004,116.289939550586510,49.40,2.75,178.08,3.57,0.91
2024-09-10T10:42:09Z,40.048845348615799,116.289939885123204,49.36,2.65,180.79,3.55,0.92
2024-09-10T10:42:10Z,40.048821899010306,116.289939147287726,49.32,2.58,181.74,3.54,0.92
2024-09-10T10:42:11Z,40.048799730602830,116.289938977727672,49.29,2.48,178.02,3.53,0.93
2024-09-10T10:42:12Z,40.048777351337677,116.289941366119038,49.24,2.64,170.42,3.51,0.93
2024-09-10T10:42:13Z,40.048754552677032,116.289947976432799,49.19,2.72,162.61,3.49,0.94
2024-09-10T10:42:14Z,40.048731948128889,116.289958180492107,49.14,2.77,157.21,3.50,0.94
2024-09-10T10:42:15Z,40.048709448324161,116.289971041178347,49.10,2.81,154.14,3.49,0.94
2024-09-10T10:42:16Z,40.048686851040479,116.289985248102667,49.05,2.89,153.36,3.47,0.94
2024-09-10T10:42:17Z,40.048664064932751,116.289999339906586,49.02,2.88,154.79,3.47,0.94
2024-09-10T10:42:18Z,40.048641017666760,116.290012479328567,48.99,2.82,157.14,3.47,0.94
2024-09-10T10:42:19Z,40.048618117141572,116.290023630543701,48.97,2.78,160.45,3.47,0.94
2024-09-10T10:42:20Z,40.048594862292596,116.290033225545415,48.96,2.75,162.99,3.48,0.94
2024-09-10T10:42:21Z,40.048572175179373,116.290041590085508,48.94,2.69,164.14,3.49,0.94
2024-09-10T10:42:22Z,40.048550522686412,116.290050347258259,48.94,2.49,160.37,3.50,0.94
2024-09-10T10:42:23Z,40.048529478022054,116.290059234635450,48.95,2.45,162.84,3.45,0.94
2024-09-10T10:42:24Z,40.048508355245289,116.290068030097856,48.96,2.52,160.93,3.41,0.94
2024-09-10T10:42:25Z,40.048486710887502,116.290077985988631,48.99,2.65,159.20,3.38,0.94
2024-09-10T10:42:26Z,40.048464422966731,116.290088684859896,49.02,2.67,158.65,3.38,0.94
2024-09-10T10:42:27Z,40.048442324204160,116.290099224374273,49.06,2.64,158.39,3.39,0.94
2024-09-10T10:42:28Z,40.048420339843837,116.290109179514801,49.11,2.57,159.45,3.40,0.94
2024-09-10T10:42:29Z,40.048398843056759,116.290118688568413,49.18,2.46,159.83,3.40,0.94
2024-09-10T10:42:30Z,40.048378578159415,116.290127318166924,49.23,2.31,160.84,3.39,0.94
2024-09-10T10:42:31Z,40.048358854700751,116.290135264347143,49.31,2.27,161.91,3.39,0.94
2024-09-10T10:42:32Z,40.048339046966177,116.290142475512766,49.38,2.31,164.15,3.38,0.94
2024-09-10T10:42:33Z,40.048318301001700,116.290148954154517,49.45,2.43,166.69,3.37,0.94
2024-09-10T10:42:34Z,40.048295713649310,116.290154691671503,49.53,2.69,169.46,3.38,0.94
2024-09-10T10:42:35Z,40.048271345668276,116.290159277253849,49.60,2.82,172.78,3.41,0.94
2024-09-10T10:42:36Z,40.048245923302709,116.290162473199004,49.67,2.80,175.93,3.43,0.94
2024-09-10T10:42:37Z,40.048221234506492,116.290164479159245,49.75,2.73,177.45,3.45,0.94
2024-09-10T10:42:38Z,40.048196630066684,116.290166872359094,49.84,2.70,175.82,3.47,0.94
2024-09-10T10:42:39Z,40.048172093193209,116.290170574778216,49.95,2.66,173.72,3.48,0.94
2024-09-10T10:42:40Z,40.048148126033880,116.290175159780105,50.05,2.65,172.45,3.50,0.94
2024-09-10T10:42:41Z,40.048124684566417,116.290180345859923,50.16,2.64,171.85,3.54,0.94
2024-09-10T10:42:42Z,40.048100860994552,116.290185531415617,50.26,2.64,172.68,3.57,0.94
2024-09-10T10:42:43Z,40.048076556343069,116.290190600314133,50.36,2.69,171.83,3.59,0.94
2024-09-10T10:42:44Z,40.048051655972337,116.290196376036960,50.47,2.79,169.67,3.61,0.94
2024-09-10T10:42:45Z,40.048026497792087,116.290204104736162,50.56,2.91,164.93,3.62,0.93
2024-09-10T10:42:46Z,40.048001029952410,116.290214786421330,50.66,2.94,160.28,3.63,0.92
2024-09-10T10:42:47Z,40.047975988296947,116.290227535217284,50.72,2.98,156.81,3.61,0.91
2024-09-10T10:42:48Z,40.047951788308616,116.290241305503372,50.80,2.92,154.74,3.59,0.91
2024-09-10T10:42:49Z,40.047928186890012,116.290255025787303,50.88,2.82,154.77,3.57,0.90
2024-09-10T10:42:50Z,40.047905246255581,116.290267343115929,50.96,2.74,155.88,3.55,0.89
2024-09-10T10:42:51Z,40.047882752020911,116.290278051493914,51.02,2.66,159.14,3.53,0.88
2024-09-10T10:42:52Z,40.047860324225944,116.290287390923794,51.09,2.63,160.78,3.51,0.87
2024-09-10T10:42:53Z,40.047838044579791,116.290296264002208,51.14,2.67,161.43,3.47,0.87
2024-09-10T10:42:54Z,40.047815031818516,116.290306230859443,51.19,2.76,159.07,3.43,0.86
2024-09-10T10:42:55Z,40.047791888622108,116.290318320709957,51.23,2.76,156.39,3.41,0.86
2024-09-10T10:42:56Z,40.047769267180826,116.290330640191925,51.27,2.66,158.64,3.40,0.86
2024-09-10T10:42:57Z,40.047746703149535,116.290339990193118,51.30,2.55,167.63,3.37,0.86
2024-09-10T10:42:58Z,40.047723801133110,116.290343821725813,51.32,2.56,179.04,3.35,0.87
2024-09-10T10:42:59Z,40.047700715204030,116.290341922442451,51.34,2.60,188.34,3.37,0.87
2024-09-10T10:43:00Z,40.047677677502662,116.290335876001691,51.35,2.62,193.95,3.40,0.88
2024-09-10T10:43:01Z,40.047654767142163,116.290328094882000,51.36,2.62,194.12,3.43,0.89
2024-09-10T10:43:02Z,40.047631520758081,116.290321803161603,51.34,2.59,188.46,3.43,0.90
2024-09-10T10:43:03Z,40.047607791561354,116.290319905865005,51.31,2.68,179.15,3.44,0.91
2024-09-10T10:43:04Z,40.047583409534894,116.290323289145221,51.29,2.75,169.80,3.47,0.91
2024-09-10T10:43:05Z,40.047559162196961,116.290331873442682,51.26,2.77,161.78,3.47,0.92
2024-09-10T10:43:06Z,40.047535614340418,116.290343593875818,51.24,2.77,158.46,3.47,0.93
2024-09-10T10:43:07Z,40.047511983564007,116.290355740061941,51.23,2.77,160.24,3.48,0.93
2024-09-10T10:43:08Z,40.047488412765354,116.290365774476655,51.23,2.63,164.91,3.48,0.93
2024-09-10T10:43:09Z,40.047464932117862,116.290373130649385,51.22,2.67,169.01,3.50,0.94
2024-09-10T10:43:10Z,40.047440773049203,116.290378772489774,51.21,2.69,171.18,3.51,0.94
2024-09-10T10:43:11Z,40.047416138478873,116.290384377673291,51.20,2.73,169.68,3.52,0.94
2024-09-10T10:43:12Z,40.047391513292993,116.290391630386864,51.18,2.75,165.20,3.54,0.94
2024-09-10T10:43:13Z,40.047367183916350,116.290401511473547,51.18,2.75,160.12,3.54,0.94
2024-09-10T10:43:14Z,40.047343447575209,116.290413647742227,51.15,2.82,157.11,3.52,0.94
2024-09-10T10:43:15Z,40.047319407754458,116.290426897428773,51.12,2.83,157.23,3.50,0.94
2024-09-10T10:43:16Z,40.047294777241717,116.290439745201112,51.10,2.82,159.95,3.49,0.94
2024-09-10T10:43:17Z,40.047269893977870,116.290451044847700,51.08,2.80,163.36,3.49,0.94
2024-09-10T10:43:18Z,40.047245167438184,116.290460706187361,51.08,2.80,165.44,3.49,0.94
2024-09-10T10:43:19Z,40.047220389019870,116.290469891225172,51.07,2.81,164.93,3.47,0.94
2024-09-10T10:43:20Z,40.047195340447253,116.290479682186259,51.06,2.85,163.46,3.46,0.94
2024-09-10T10:43:21Z,40.047170457641663,116.290489754765488,51.07,2.83,163.69,3.45,0.94
2024-09-10T10:43:22Z,40.047145296878547,116.290499545153565,51.10,2.85,164.78,3.45,0.94
2024-09-10T10:43:23Z,40.047119789635815,116.290509350135295,51.13,2.92,163.89,3.44,0.94
2024-09-10T10:43:24Z,40.047093935526860,116.290520430363998,51.16,3.02,161.03,3.45,0.94
2024-09-10T10:43:25Z,40.047067793661732,116.290533455488799,51.21,3.03,158.16,3.48,0.94
2024-09-10T10:43:26Z,40.047042160738499,116.290547703687864,51.28,2.96,156.67,3.53,0.94
2024-09-10T10:43:27Z,40.047017324982022,116.290561799976473,51.34,2.87,156.75,3.58,0.94
2024-09-10T10:43:28Z,40.046993332784993,116.290575301249234,51.42,2.83,157.17,3.58,0.94
2024-09-10T10:43:29Z,40.046969349812379,116.290588462140022,51.50,2.89,157.66,3.59,0.94
2024-09-10T10:43:30Z,40.046943986095165,116.290601815628818,51.58,3.00,158.65,3.62,0.94
2024-09-10T10:43:31Z,40.046917962489978,116.290614993950598,51.65,3.08,159.39,3.65,0.94
2024-09-10T10:43:32Z,40.046891329351880,116.290628027276540,51.72,3.15,160.33,3.70,0.94
2024-09-10T10:43:33Z,40.046864258262069,116.290640738498567,51.80,3.12,161.34,3.74,0.94
2024-09-10T10:43:34Z,40.046836843529022,116.290652790814946,51.88,3.12,163.09,3.77,0.94
2024-09-10T10:43:35Z,40.046809807912219,116.290663469869742,51.95,3.03,165.77,3.79,0.94
2024-09-10T10:43:36Z,40.046783240847539,116.290671468903042,52.03,2.94,170.78,3.80,0.94
2024-09-10T10:43:37Z,40.046756865206255,116.290675979355782,52.11,2.90,176.28,3.79,0.94
2024-09-10T10:43:38Z,40.046730493752563,116.290677258755011,52.19,2.85,181.17,3.79,0.94
2024-09-10T10:43:39Z,40.046705053211426,116.290675960423329,52.28,2.78,184.40,3.80,0.94
2024-09-10T10:43:40Z,40.046679928477424,116.290673629714291,52.35,2.78,184.94,3.78,0.94
2024-09-10T10:43:41Z,40.046654914942216,116.290671114476538,52.42,2.74,184.51,3.75,0.94
2024-09-10T10:43:42Z,40.046630253424958,116.290669206968431,52.49,2.65,183.33,3.74,0.94
2024-09-10T10:43:43Z,40.046606247921183,116.290667958935487,52.57,2.56,183.16,3.76,0.94
2024-09-10T10:43:44Z,40.046583418387897,116.290666474990587,52.65,2.41,185.38,3.80,0.94
2024-09-10T10:43:45Z,40.046560565519812,116.290663635454891,52.72,2.58,189.75,3.80,0.94
2024-09-10T10:43:46Z,40.046537399662924,116.290658875491204,52.81,2.62,194.01,3.78,0.94
2024-09-10T10:43:47Z,40.046513838713416,116.290652642845345,52.89,2.68,196.06,3.77,0.94
2024-09-10T10:43:48Z,40.046489847934417,116.290645205425236,52.96,2.72,197.80,3.78,0.94
2024-09-10T10:43:49Z,40.046465717097028,116.290637299576233,53.04,2.77,197.36,3.79,0.94
2024-09-10T10:43:50Z,40.046441083392253,116.290630262951325,53.10,2.81,194.65,3.79,0.94
2024-09-10T10:43:51Z,40.046416049746732,116.290625112641905,53.15,2.85,190.45,3.79,0.94
2024-09-10T10:43:52Z,40.046390235304401,116.290622991596251,53.20,2.89,183.97,3.78,0.94
2024-09-10T10:43:53Z,40.046363768273118,116.290624573946531,53.26,2.93,177.73,3.76,0.94
2024-09-10T10:43:54Z,40.046337226751838,116.290629559782374,53.31,2.96,171.36,3.73,0.94
2024-09-10T10:43:55Z,40.046310875887329,116.290637658211082,53.34,2.99,166.37,3.69,0.94
2024-09-10T10:43:56Z,40.046284907793002,116.290648231856906,53.37,3.01,162.13,3.65,0.94
2024-09-10T10:43:57Z,40.046259331115465,116.290660586192772,53.39,3.03,159.51,3.62,0.94
2024-09-10T10:43:58Z,40.046233475314828,116.290673896868824,53.40,3.09,159.35,3.61,0.94
2024-09-10T10:43:59Z,40.046207574650211,116.290687302904843,53.40,3.07,158.94,3.59,0.94
2024-09-10T10:44:00Z,40.046182283440608,116.290700279367115,53.37,2.96,159.86,3.56,0.94
2024-09-10T10:44:01Z,40.046157797511064,116.290712221958941,53.33,2.85,160.77,3.53,0.94
2024-09-10T10:44:02Z,40.046133735157198,116.290722861801058,53.25,2.80,163.47,3.52,0.94
2024-09-10T10:44:03Z,40.046110229154323,116.290731361269906,53.18,2.73,167.39,3.52,0.94
2024-09-10T10:44:04Z,40.046086829294239,116.290737682849226,53.08,2.70,170.35,3.51,0.94
2024-09-10T10:44:05Z,40.046064625524927,116.290742141217677,52.96,2.65,173.00,3.52,0.94
2024-09-10T10:44:06Z,40.046042362874800,116.290745788064626,52.82,2.64,173.71,3.54,0.94
2024-09-10T10:44:07Z,40.046020433085090,116.290750032451157,52.68,2.66,171.64,3.55,0.94
2024-09-10T10:44:08Z,40.045998904836281,116.290755730576336,52.52,2.63,169.10,3.57,0.94
2024-09-10T10:44:09Z,40.045977657065436,116.290762758671477,52.35,2.59,166.87,3.59,0.94
2024-09-10T10:44:10Z,40.045957661662506,116.290770628573412,52.17,2.50,165.27,3.61,0.94
2024-09-10T10:44:11Z,40.045938599197449,116.290779154836883,51.98,2.42,163.88,3.63,0.94
2024-09-10T10:44:12Z,40.045920093300872,116.290788167912652,51.81,2.41,162.76,3.63,0.93
2024-09-10T10:44:13Z,40.045902642187528,116.290798034576596,51.64,2.18,157.93,3.62,0.92
2024-09-10T10:44:14Z,40.045891645431347,116.290808264348911,51.46,1.12,138.83,3.62,0.91
2024-09-10T10:44:15Z,40.045889793524580,116.290820065395820,51.29,1.10,85.43,3.58,0.91
2024-09-10T10:44:16Z,40.045894678021071,116.290836189047866,51.14,1.62,65.60,3.53,0.90
2024-09-10T10:44:17Z,40.045903728571226,116.290856129425975,50.98,1.98,60.51,3.50,0.88
2024-09-10T10:44:18Z,40.045914974844486,116.290878391569436,50.82,2.18,59.39,3.50,0.87
2024-09-10T10:44:19Z,40.045927593068612,116.290902254193028,50.69,2.38,58.32,3.50,0.86
2024-09-10T10:44:20Z,40.045941579610201,116.290927545054302,50.57,2.50,57.67,3.52,0.84
2024-09-10T10:44:21Z,40.045955791895175,116.290953411923425,50.49,2.44,59.76,3.53,0.83
2024-09-10T10:44:22Z,40.045968555106882,116.290979431920036,50.42,2.44,63.77,3.51,0.82
2024-09-10T10:44:23Z,40.045980247351395,116.291007369496754,50.36,2.58,66.58,3.47,0.80
2024-09-10T10:44:24Z,40.045991231873934,116.291037263704624,50.31,2.75,67.92,3.44,0.79
2024-09-10T10:44:25Z,40.046002248255320,116.291068922443159,50.27,2.85,67.61,3.42,0.79
2024-09-10T10:44:26Z,40.046013561122670,116.291101138220057,50.24,2.91,66.83,3.42,0.78
2024-09-10T10:44:27Z,40.046025751556662,116.291133737283488,50.23,2.98,64.36,3.42,0.78
2024-09-10T10:44:28Z,40.046039684714188,116.291166228111564,50.22,3.12,59.42,3.42,0.78
2024-09-10T10:44:29Z,40.046056059918470,116.291198057575997,50.21,3.16,54.35,3.43,0.78
2024-09-10T10:44:30Z,40.046074103588232,116.291228772167500,50.21,3.13,51.66,3.46,0.79
2024-09-10T10:44:31Z,40.046091451708733,116.291257856454621,50.22,3.01,53.53,3.49,0.80
2024-09-10T10:44:32Z,40.046106345726074,116.291288329127710,50.24,2.93,61.93,3.50,0.81
2024-09-10T10:44:33Z,40.046118168917538,116.291319883873115,50.24,2.88,66.57,3.49,0.82
2024-09-10T10:44:34Z,40.046128350897774,116.291352257154585,50.25,2.94,69.39,3.47,0.83
2024-09-10T10:44:35Z,40.046138277747851,116.291385934444108,50.25,3.01,68.24,3.45,0.84
2024-09-10T10:44:36Z,40.046148178063532,116.291419452976442,50.25,3.01,67.80,3.46,0.86
2024-09-10T10:44:37Z,40.046157863246108,116.291452872162651,50.23,2.95,67.56,3.51,0.87
2024-09-10T10:44:38Z,40.046167054792498,116.291485555715411,50.23,2.91,67.29,3.54,0.88
2024-09-10T10:44:39Z,40.046176146522605,116.291518693787950,50.22,2.87,67.41,3.57,0.89
2024-09-10T10:44:40Z,40.046184069819532,116.291549837739979,50.21,2.84,68.42,3.59,0.89
2024-09-10T10:44:41Z,40.046195462870088,116.291598447038538,50.21,2.84,72.23,3.60,0.89
2024-09-10T10:44:42Z,40.046197765051737,116.291615481374549,50.22,2.82,73.46,3.57,0.88
2024-09-10T10:44:43Z,40.046202872557743,116.291648347009271,50.24,2.80,76.29,3.55,0.88
2024-09-10T10:44:44Z,40.046206921506311,116.291681175362328,50.24,2.74,77.95,3.54,0.87
2024-09-10T10:44:45Z,40.046210529070208,116.291713184384278,50.25,2.62,78.26,3.55,0.87
2024-09-10T10:44:46Z,40.046213732743560,116.291744002790665,50.26,2.57,78.95,3.54,0.87
2024-09-10T10:44:47Z,40.046216593912519,116.291775407247215,50.28,2.72,81.75,3.51,0.86
2024-09-10T10:44:48Z,40.046218356405461,116.291808698188106,50.30,2.82,85.29,3.46,0.86
2024-09-10T10:44:49Z,40.046218506649346,116.291843301705455,50.32,2.90,87.40,3.43,0.86
2024-09-10T10:44:50Z,40.046219447178686,116.291895443911244,50.35,2.92,86.01,3.49,0.86
2024-09-10T10:44:51Z,40.046219063080670,116.291913648161241,50.35,3.01,85.75,3.46,0.86
2024-09-10T10:44:52Z,40.046220377987893,116.291949959944873,50.37,3.09,83.51,3.46,0.86
2024-09-10T10:44:53Z,40.046223003148057,116.291985606914338,50.38,2.95,81.04,3.45,0.86
2024-09-10T10:44:54Z,40.046226910880755,116.292019487733413,50.39,2.86,77.72,3.45,0.87
2024-09-10T10:44:55Z,40.046232072790509,116.292052997850320,50.41,2.91,75.98,3.47,0.88
2024-09-10T10:44:56Z,40.046238031480016,116.292087862722767,50.42,3.14,76.21,3.47,0.89
2024-09-10T10:44:57Z,40.046243674853130,116.292124736151720,50.42,3.20,79.28,3.49,0.90
2024-09-10T10:44:58Z,40.046248088648163,116.292162135953944,50.41,3.14,82.29,3.53,0.91
2024-09-10T10:44:59Z,40.046251460105545,116.292197998820583,50.40,3.01,83.50,3.58,0.91
2024-09-10T10:45:00Z,40.046254596987552,116.292232423499982,50.39,2.80,83.75,3.59,0.92
2024-09-10T10:45:01Z,40.046257840288128,116.292264375950666,50.38,2.63,81.40,3.59,0.93
2024-09-10T10:45:02Z,40.046262180123115,116.292294451220258,50.34,2.56,76.84,3.59,0.92
2024-09-10T10:45:03Z,40.046268399891055,116.292323381228528,50.31,2.54,70.67,3.58,0.92
2024-09-10T10:45:04Z,40.046276772692956,116.292351854371688,50.29,2.60,65.14,3.56,0.92
2024-09-10T10:45:05Z,40.046286731309749,116.292379207602551,50.27,2.68,60.70,3.56,0.91
2024-09-10T10:45:06Z,40.046298318319685,116.292406857499827,50.23,2.74,57.57,3.55,0.90
2024-09-10T10:45:07Z,40.046310749575625,116.292434455396020,50.20,2.78,56.11,3.53,0.90
2024-09-10T10:45:08Z,40.046323595076139,116.292461332484962,50.15,2.70,55.16,3.52,0.89
2024-09-10T10:45:09Z,40.046335987211513,116.292487295868412,50.11,2.58,55.86,3.50,0.87
2024-09-10T10:45:10Z,40.046347068359033,116.292511184770305,50.07,2.24,56.07,3.48,0.86
2024-09-10T10:45:11Z,40.046357172221988,116.292534603953357,50.03,2.37,59.15,3.44,0.85
2024-09-10T10:45:12Z,40.046366261149267,116.292559569631877,50.01,2.38,64.19,3.41,0.84
2024-09-10T10:45:13Z,40.046373653136946,116.292587255727042,50.00,2.57,71.99,3.40,0.82
2024-09-10T10:45:14Z,40.046378826844141,116.292618245961805,50.00,2.83,80.00,3.40,0.81
2024-09-10T10:45:15Z,40.046382310725924,116.292652227927633,50.01,2.95,82.90,3.39,0.80
2024-09-10T10:45:16Z,40.046385318463244,116.292687125328868,50.02,2.94,81.98,3.36,0.80
2024-09-10T10:45:17Z,40.046388760906773,116.292721362352651,50.04,2.89,80.57,3.35,0.79
2024-09-10T10:45:18Z,40.046392497363854,116.292755064289310,50.06,2.89,80.20,3.35,0.78
2024-09-10T10:45:19Z,40.046396178609527,116.292788654099269,50.08,2.88,79.92,3.37,0.78
2024-09-10T10:45:20Z,40.046400017510258,116.292821659086627,50.10,2.87,78.53,3.39,0.77
2024-09-10T10:45:21Z,40.046404554804596,116.292854470875980,50.12,2.85,77.08,3.42,0.77
2024-09-10T10:45:22Z,40.046409700312417,116.292887773733881,50.12,2.96,75.84,3.44,0.77
2024-09-10T10:45:23Z,40.046415380543351,116.292921454772824,50.13,2.92,75.54,3.45,0.76
2024-09-10T10:45:24Z,40.046421349005655,116.292955848909784,50.14,3.02,75.46,3.46,0.76
2024-09-10T10:45:25Z,40.046427098483917,116.292990672985255,50.15,3.03,76.65,3.48,0.76
2024-09-10T10:45:26Z,40.046431795495366,116.293026120960434,50.16,3.00,80.32,3.53,0.76
2024-09-10T10:45:27Z,40.046434393394222,116.293060486680389,50.17,2.81,86.16,3.56,0.76
2024-09-10T10:45:28Z,40.046434791477701,116.293094128772523,50.19,2.80,90.90,3.57,0.76
2024-09-10T10:45:29Z,40.046434118216155,116.293127062317765,50.19,2.83,91.58,3.59,0.76
2024-09-10T10:45:30Z,40.046433414987590,116.293160924847641,50.20,2.89,91.15,3.61,0.76
2024-09-10T10:45:31Z,40.046432921763568,116.293195518425946,50.19,2.99,90.95,3.63,0.76
2024-09-10T10:45:32Z,40.046432252529456,116.293231094586105,50.19,3.05,90.85,3.64,0.77
2024-09-10T10:45:33Z,40.046432091367542,116.293266776283403,50.20,3.07,89.16,3.65,0.77
2024-09-10T10:45:34Z,40.046432640037210,116.293302270303073,50.22,3.06,86.30,3.65,0.77
2024-09-10T10:45:35Z,40.046434223828328,116.293338034506206,50.24,3.06,83.39,3.63,0.77
2024-09-10T10:45:36Z,40.046436787289174,116.293372841572037,50.25,2.97,81.22,3.60,0.78
2024-09-10T10:45:37Z,40.046440512964416,116.293406682190380,50.27,2.95,78.37,3.56,0.78
2024-09-10T10:45:38Z,40.046445322064471,116.293439200009814,50.28,2.82,74.48,3.52,0.78
2024-09-10T10:45:39Z,40.046451553358381,116.293469925165596,50.29,2.72,70.92,3.50,0.78
2024-09-10T10:45:40Z,40.046458346624227,116.293499165228255,50.31,2.68,69.81,3.48,0.78
2024-09-10T10:45:41Z,40.046464269852649,116.293528502761120,50.32,2.68,75.63,3.45,0.78
2024-09-10T10:45:42Z,40.046466351926384,116.293558630830518,50.32,2.62,87.67,3.39,0.78
2024-09-10T10:45:43Z,40.046462421306451,116.293587911182044,50.30,2.56,104.95,3.34,0.78
2024-09-10T10:45:44Z,40.046447036802206,116.293630051194285,50.27,2.71,120.58,3.30,0.78
2024-09-10T10:45:45Z,40.046438967697043,116.293643054895071,50.25,2.79,123.79,3.25,0.77
2024-09-10T10:45:46Z,40.046421785287933,116.293668291920739,50.23,2.87,133.30,3.21,0.76
2024-09-10T10:45:47Z,40.046402095522936,116.293690812899825,50.19,2.76,139.36,3.19,0.76
2024-09-10T10:45:48Z,40.046382760825082,116.293708796700429,50.15,2.34,144.36,3.18,0.76
2024-09-10T10:45:49Z,40.046364143228629,116.293723257105000,50.11,2.32,148.19,3.16,0.76
2024-09-10T10:45:50Z,40.046345093307387,116.293736143555307,50.05,2.31,151.24,3.15,0.76
2024-09-10T10:45:51Z,40.046324243543417,116.293749492304940,49.99,2.74,151.36,3.13,0.76
2024-09-10T10:45:52Z,40.046301121135684,116.293764153694397,49.92,2.88,152.53,3.12,0.76
2024-09-10T10:45:53Z,40.046277151260107,116.293778750363458,49.84,2.94,154.18,3.11,0.76
2024-09-10T10:45:54Z,40.046253006526058,116.293792035247563,49.77,2.80,156.77,3.10,0.76
2024-09-10T10:45:55Z,40.046229001615224,116.293803919810458,49.69,2.81,157.88,3.07,0.76
2024-09-10T10:45:56Z,40.046205143408322,116.293815767531214,49.62,2.78,157.01,3.09,0.76
2024-09-10T10:45:57Z,40.046181090617068,116.293827988202779,49.55,2.81,156.70,3.10,0.76
2024-09-10T10:45:58Z,40.046157529701446,116.293839303703109,49.48,2.68,159.43,3.09,0.76
2024-09-10T10:45:59Z,40.046134177604763,116.293848828556293,49.41,2.64,161.97,3.08,0.76
2024-09-10T10:46:00Z,40.046111204031916,116.293857606174711,49.35,2.59,161.54,3.10,0.77
2024-09-10T10:46:01Z,40.046088933264521,116.293866697409470,49.28,2.51,159.82,3.11,0.77
2024-09-10T10:46:02Z,40.046066903993690,116.293876669853702,49.23,2.65,157.98,3.11,0.77
2024-09-10T10:46:03Z,40.046043611177176,116.293887700997985,49.19,2.71,158.16,3.12,0.78
2024-09-10T10:46:04Z,40.046020281079358,116.293898981598772,49.16,2.72,157.58,3.15,0.78
2024-09-10T10:46:05Z,40.045994624119345,116.293912470448404,49.13,2.71,155.68,3.17,0.79
2024-09-10T10:46:06Z,40.045972394870056,116.293924451863319,49.12,2.82,156.97,3.16,0.79
2024-09-10T10:46:07Z,40.045949775067143,116.293936905719974,49.11,2.85,155.48,3.16,0.80
2024-09-10T10:46:08Z,40.045922046832800,116.293953170839558,49.12,2.87,154.93,3.14,0.81
2024-09-10T10:46:09Z,40.045901769231413,116.293965017828171,49.14,2.88,155.50,3.12,0.82
2024-09-10T10:46:10Z,40.045877377270017,116.293978750274704,49.17,2.91,156.71,3.14,0.83
2024-09-10T10:46:11Z,40.045852518962327,116.293991990681747,49.20,3.01,157.89,3.17,0.84
2024-09-10T10:46:12Z,40.045818077911754,116.294009882173015,49.25,3.24,158.39,3.19,0.86
2024-09-10T10:46:13Z,40.045798773647832,116.294019930371007,49.29,3.14,158.18,3.18,0.86
2024-09-10T10:46:14Z,40.045772336377198,116.294033918975032,49.35,3.10,157.83,3.17,0.86
2024-09-10T10:46:15Z,40.045746517396822,116.294048267151041,49.41,3.03,156.32,3.18,0.87
2024-09-10T10:46:16Z,40.045721221134627,116.294063151056577,49.47,3.04,155.60,3.17,0.87
2024-09-10T10:46:17Z,40.045695876908248,116.294077979714359,49.52,3.01,156.88,3.15,0.87
2024-09-10T10:46:18Z,40.045670755372470,116.294091450160906,49.54,2.92,158.49,3.14,0.87
2024-09-10T10:46:19Z,40.045647079623201,116.294103995575142,49.53,2.66,158.06,3.14,0.87
2024-09-10T10:46:20Z,40.045624090789751,116.294117145578880,49.52,2.82,155.20,3.14,0.86
2024-09-10T10:46:21Z,40.045600487553351,116.294132392446699,49.50,2.99,152.56,3.14,0.86
2024-09-10T10:46:22Z,40.045576277468442,116.294149120399425,49.48,3.07,151.76,3.14,0.85
2024-09-10T10:46:23Z,40.045551605094509,116.294166501118994,49.45,3.15,151.46,3.13,0.84
2024-09-10T10:46:24Z,40.045525487818274,116.294185041907269,49.41,3.35,151.08,3.13,0.82
2024-09-10T10:46:25Z,40.045498356195871,116.294204380722960,49.37,3.37,150.90,3.12,0.81
2024-09-10T10:46:26Z,40.045471971518701,116.294223498960704,49.31,3.27,150.20,3.11,0.81
2024-09-10T10:46:27Z,40.045446963798668,116.294241857580616,49.25,3.08,149.89,3.13,0.80
2024-09-10T10:46:28Z,40.045424160712123,116.294259690961297,49.19,2.82,146.59,3.16,0.80
2024-09-10T10:46:29Z,40.045402343825891,116.294276977881310,49.12,2.83,149.00,3.16,0.80
2024-09-10T10:46:30Z,40.045380614131979,116.294293122018360,49.07,2.72,149.18,3.17,0.80
2024-09-10T10:46:31Z,40.045359256175303,116.294308229175911,49.01,2.69,151.22,3.16,0.81
2024-09-10T10:46:32Z,40.045337540579766,116.294322429045792,48.96,2.72,152.90,3.16,0.82
2024-09-10T10:46:33Z,40.045314603256116,116.294336753579032,48.90,2.93,153.57,3.17,0.82
2024-09-10T10:46:34Z,40.045290481521086,116.294351526036664,48.86,3.00,154.30,3.16,0.83
2024-09-10T10:46:35Z,40.045266065069590,116.294365993161790,48.81,3.00,154.91,3.17,0.84
2024-09-10T10:46:36Z,40.045241572443665,116.294380430054773,48.76,2.97,154.57,3.20,0.86
2024-09-10T10:46:37Z,40.045217484253783,116.294394766868564,48.71,2.82,154.31,3.22,0.87
2024-09-10T10:46:38Z,40.045194496737409,116.294408468470479,48.66,2.73,154.14,3.22,0.88
2024-09-10T10:46:39Z,40.045171698402392,116.294421493605185,48.61,2.78,155.94,3.20,0.89
2024-09-10T10:46:40Z,40.045148856841138,116.294433847748294,48.57,2.71,156.25,3.19,0.89
2024-09-10T10:46:41Z,40.045126493902238,116.294446177293679,48.54,2.72,154.96,3.18,0.90
2024-09-10T10:46:42Z,40.045104000607878,116.294459418151021,48.50,2.59,153.49,3.18,0.91
2024-09-10T10:46:43Z,40.045081716523967,116.294473383274308,48.46,2.67,152.16,3.19,0.91
2024-09-10T10:46:44Z,40.045061701146878,116.294485841439069,48.42,2.60,153.30,3.18,0.91
2024-09-10T10:46:45Z,40.045040353873553,116.294498312319519,48.38,2.58,154.41,3.16,0.92
2024-09-10T10:46:46Z,40.045018856749316,116.294510557541528,48.36,2.56,154.60,3.17,0.92
2024-09-10T10:46:47Z,40.044996789658349,116.294523123603625,48.34,2.71,154.11,3.16,0.93
2024-09-10T10:46:48Z,40.044974058386522,116.294536327760270,48.34,2.71,154.43,3.15,0.93
2024-09-10T10:46:49Z,40.044951773010389,116.294548880172087,48.36,2.52,155.46,3.15,0.93
2024-09-10T10:46:50Z,40.044931096498061,116.294560451619972,48.38,2.28,155.04,3.17,0.93
2024-09-10T10:46:51Z,40.044911825075474,116.294572425473419,48.42,2.29,150.99,3.18,0.94
2024-09-10T10:46:52Z,40.044893128852003,116.294586241269286,48.46,2.28,147.69,3.18,0.94
2024-09-10T10:46:53Z,40.044874607433407,116.294600770920439,48.51,2.30,148.21,3.18,0.94
2024-09-10T10:46:54Z,40.044855375651586,116.294615132442928,48.56,2.37,150.69,3.19,0.94
2024-09-10T10:46:55Z,40.044834369734019,116.294628781101153,48.61,2.60,155.36,3.18,0.94
2024-09-10T10:46:56Z,40.044811174033015,116.294641627530993,48.66,2.79,157.92,3.17,0.94
2024-09-10T10:46:57Z,40.044786748497934,116.294653929312858,48.71,2.85,159.42,3.17,0.94
2024-09-10T10:46:58Z,40.044762203245114,116.294665676630274,48.77,2.82,159.88,3.18,0.94
2024-09-10T10:46:59Z,40.044737810016315,116.294677518397378,48.81,2.82,158.48,3.18,0.94
2024-09-10T10:47:00Z,40.044713653311703,116.294690439095490,48.85,2.89,156.05,3.17,0.94
2024-09-10T10:47:01Z,40.044689563478229,116.294704961210869,48.88,2.91,152.95,3.19,0.94
2024-09-10T10:47:02Z,40.044665852034250,116.294720487472929,48.90,2.89,152.14,3.17,0.94
2024-09-10T10:47:03Z,40.044642866902748,116.294735667079550,48.91,2.76,152.39,3.17,0.94
2024-09-10T10:47:04Z,40.044620689074989,116.294750393652080,48.92,2.68,151.60,3.17,0.94
2024-09-10T10:47:05Z,40.044598994916335,116.294764857760129,48.92,2.63,151.77,3.15,0.94
2024-09-10T10:47:06Z,40.044577192242642,116.294778920872773,48.93,2.61,153.01,3.14,0.94
2024-09-10T10:47:07Z,40.044555853442738,116.294791445302621,48.94,2.65,154.31,3.14,0.94
2024-09-10T10:47:08Z,40.044534373397759,116.294803878361392,48.94,2.51,154.98,3.16,0.94
2024-09-10T10:47:09Z,40.044513625436359,116.294815813243176,48.95,2.45,154.75,3.17,0.94
2024-09-10T10:47:10Z,40.044492521625550,116.294827694933943,48.96,2.51,156.74,3.16,0.94
2024-09-10T10:47:11Z,40.044470157289091,116.294839582817957,48.96,2.75,157.51,3.16,0.94
2024-09-10T10:47:12Z,40.044446257909577,116.294852102721123,48.97,2.80,158.00,3.16,0.94
2024-09-10T10:47:13Z,40.044422663454689,116.294864274269116,48.98,2.72,158.30,3.15,0.94
2024-09-10T10:47:14Z,40.044399558172749,116.294875814501282,49.00,2.58,159.04,3.14,0.94
2024-09-10T10:47:15Z,40.044378409857671,116.294885967210689,49.01,2.20,159.65,3.14,0.94
2024-09-10T10:47:16Z,40.044358947949931,116.294895549027288,49.02,2.25,157.41,3.14,0.94
2024-09-10T10:47:17Z,40.044340094100576,116.294907790215333,49.05,2.30,147.21,3.15,0.94
2024-09-10T10:47:18Z,40.044321101030597,116.294922693331415,49.09,2.47,147.73,3.14,0.94
2024-09-10T10:47:19Z,40.044301206348713,116.294939487163219,49.12,2.60,143.70,3.13,0.94
2024-09-10T10:47:20Z,40.044281692418650,116.294957616311223,49.14,2.55,142.41,3.12,0.94
2024-09-10T10:47:21Z,40.044262599011077,116.294975887527599,49.18,2.54,142.04,3.12,0.94
2024-09-10T10:47:22Z,40.044243201982262,116.294993724999955,49.21,2.55,144.54,3.12,0.94
2024-09-10T10:47:23Z,40.044222630047777,116.295010069050491,49.26,2.61,149.81,3.12,0.94
2024-09-10T10:47:24Z,40.044200255945753,116.295024437986541,49.30,2.73,155.08,3.11,0.94
2024-09-10T10:47:25Z,40.044176258256108,116.295037200643009,49.33,2.81,158.40,3.11,0.94
2024-09-10T10:47:26Z,40.044152095667926,116.295048562318939,49.36,2.76,160.24,3.13,0.94
2024-09-10T10:47:27Z,40.044128285413016,116.295059120757131,49.39,2.54,160.56,3.15,0.94
2024-09-10T10:47:28Z,40.044106006692346,116.295069302700753,49.40,2.45,159.78,3.16,0.93
2024-09-10T10:47:29Z,40.044083585203758,116.295079967147856,49.42,2.55,159.39,3.16,0.92
2024-09-10T10:47:30Z,40.044059603338063,116.295090998038589,49.43,2.82,161.40,3.15,0.92
2024-09-10T10:47:31Z,40.044033941668900,116.295101442914799,49.45,2.89,163.82,3.14,0.91
2024-09-10T10:47:32Z,40.044007904538951,116.295111293860330,49.46,2.87,164.03,3.14,0.90
2024-09-10T10:47:33Z,40.043982742472323,116.295121538584254,49.48,2.69,161.86,3.13,0.89
2024-09-10T10:47:34Z,40.043959824802023,116.295132150333473,49.50,2.51,159.85,3.13,0.88
2024-09-10T10:47:35Z,40.043937397368659,116.295143651792898,49.52,2.55,158.23,3.13,0.87
2024-09-10T10:47:36Z,40.043905009266759,116.295162357049449,49.55,2.72,154.74,3.16,0.84
2024-09-10T10:47:37Z,40.043891233989321,116.295171436753591,49.58,2.75,152.78,3.15,0.83
2024-09-10T10:47:38Z,40.043867378786715,116.295188807570483,49.61,2.97,149.85,3.16,0.82
2024-09-10T10:47:39Z,40.043843136019632,116.295207389413960,49.64,3.00,150.17,3.16,0.80
2024-09-10T10:47:40Z,40.043818488608359,116.295225185855955,49.66,3.01,153.01,3.14,0.79
2024-09-10T10:47:41Z,40.043793450894903,116.295242171168908,49.68,2.99,153.57,3.13,0.79
2024-09-10T10:47:42Z,40.043768979453830,116.295258940195794,49.70,2.89,152.48,3.14,0.78
2024-09-10T10:47:43Z,40.043745268480031,116.295276030335458,49.71,2.83,150.80,3.18,0.78
2024-09-10T10:47:44Z,40.043721801129315,116.295293173063101,49.72,2.88,151.78,3.20,0.78
2024-09-10T10:47:45Z,40.043697172184054,116.295310249593996,49.71,2.99,153.18,3.20,0.78
2024-09-10T10:47:46Z,40.043671628465724,116.295326996119712,49.69,3.07,154.34,3.21,0.78
2024-09-10T10:47:47Z,40.043645826355110,116.295343995202586,49.68,3.10,152.97,3.23,0.78
2024-09-10T10:47:48Z,40.043619720814647,116.295362314080435,49.67,3.27,151.13,3.23,0.78
2024-09-10T10:47:49Z,40.043592367221294,116.295382258089418,49.66,3.50,150.88,3.23,0.79
2024-09-10T10:47:50Z,40.043563465283185,116.295402780928853,49.65,3.55,152.27,3.24,0.79
2024-09-10T10:47:51Z,40.043534127293704,116.295422238226024,49.64,3.50,154.23,3.26,0.80
2024-09-10T10:47:52Z,40.043505283463958,116.295439637341531,49.63,3.40,156.38,3.29,0.80
2024-09-10T10:47:53Z,40.043477004142325,116.295455549375205,49.63,3.31,157.36,3.31,0.81
2024-09-10T10:47:54Z,40.043448902693953,116.295471077567314,49.63,3.33,157.21,3.29,0.82
2024-09-10T10:47:55Z,40.043420654944754,116.295486798126291,49.62,3.34,156.98,3.29,0.83
2024-09-10T10:47:56Z,40.043392843382655,116.295502507827095,49.61,3.30,156.61,3.30,0.84
2024-09-10T10:47:57Z,40.043365642062184,116.295517883427962,49.60,3.24,156.73,3.31,0.85
2024-09-10T10:47:58Z,40.043336535181439,116.295533796762371,49.58,3.07,157.43,3.33,0.86
2024-09-10T10:47:59Z,40.043312604391588,116.295545851109850,49.54,3.02,159.41,3.33,0.87
2024-09-10T10:48:00Z,40.043286539490154,116.295557451711488,49.52,2.95,161.60,3.34,0.88
2024-09-10T10:48:01Z,40.043261309683878,116.295567637678303,49.51,2.84,162.79,3.36,0.89
2024-09-10T10:48:02Z,40.043237049988285,116.295578326161717,49.52,2.76,159.13,3.35,0.89
2024-09-10T10:48:03Z,40.043213593818372,116.295591586611678,49.52,2.85,154.26,3.32,0.90
2024-09-10T10:48:04Z,40.043190615623367,116.295607188861084,49.51,2.90,151.26,3.30,0.91
2024-09-10T10:48:05Z,40.043167824961301,116.295623683988708,49.49,2.94,151.51,3.30,0.91
2024-09-10T10:48:06Z,40.043144424914786,116.295640003964607,49.46,3.00,153.20,3.31,0.91
2024-09-10T10:48:07Z,40.043120400537582,116.295655364088518,49.42,3.02,155.77,3.31,0.91
2024-09-10T10:48:08Z,40.043095593915844,116.295669843104733,49.38,3.05,157.58,3.27,0.90
2024-09-10T10:48:09Z,40.043070189778135,116.295684017746325,49.34,3.13,157.74,3.23,0.89
2024-09-10T10:48:10Z,40.043045352159453,116.295698694213314,49.30,3.08,155.33,3.22,0.89
2024-09-10T10:48:11Z,40.043021079431760,116.295715293360416,49.25,3.09,151.09,3.23,0.88
2024-09-10T10:48:12Z,40.042998095402503,116.295734713465706,49.21,3.10,144.59,3.24,0.87
2024-09-10T10:48:13Z,40.042976830787460,116.295757046650252,49.17,3.11,139.29,3.21,0.86
2024-09-10T10:48:14Z,40.042956528179175,116.295781491661060,49.13,3.09,136.75,3.20,0.84
2024-09-10T10:48:15Z,40.042937289150409,116.295805643632718,49.09,2.94,136.50,3.18,0.83
2024-09-10T10:48:16Z,40.042916093111089,116.295831697762296,49.05,2.74,137.64,3.18,0.82
2024-09-10T10:48:17Z,40.042901406893584,116.295849231486784,49.03,2.57,138.02,3.17,0.81
2024-09-10T10:48:18Z,40.042884542908830,116.295868481370547,49.00,2.54,139.54,3.14,0.80
2024-09-10T10:48:19Z,40.042866831808062,116.295887055028260,48.98,2.54,142.23,3.15,0.80
2024-09-10T10:48:20Z,40.042848313736194,116.295904113962109,48.95,2.58,145.68,3.17,0.80
2024-09-10T10:48:21Z,40.042828629795387,116.295919885837819,48.92,2.62,148.12,3.19,0.80
2024-09-10T10:48:22Z,40.042808944015327,116.295934713201419,48.89,2.50,148.56,3.20,0.81
2024-09-10T10:48:23Z,40.042789389562273,116.295948773549370,48.88,2.57,149.86,3.22,0.82
2024-09-10T10:48:24Z,40.042768856988538,116.295962054318352,48.87,2.60,152.20,3.24,0.83
2024-09-10T10:48:25Z,40.042747604301731,116.295973959841277,48.86,2.60,155.78,3.25,0.84
2024-09-10T10:48:26Z,40.042725535982278,116.295984559621843,48.85,2.63,158.77,3.29,0.85
2024-09-10T10:48:27Z,40.042702634909674,116.295994010401202,48.85,2.69,162.17,3.33,0.87
2024-09-10T10:48:28Z,40.042678910930334,116.296001945158821,48.86,2.74,165.90,3.37,0.88
2024-09-10T10:48:29Z,40.042654328770084,116.296008259644537,48.89,2.81,169.34,3.42,0.89
2024-09-10T10:48:30Z,40.042628697320772,116.296012596529110,48.92,2.93,173.22,3.46,0.90
2024-09-10T10:48:31Z,40.042602079822203,116.296014484526978,48.95,2.98,177.49,3.49,0.91
2024-09-10T10:48:32Z,40.042575099211994,116.296014344370192,49.00,2.96,179.39,3.50,0.92
2024-09-10T10:48:33Z,40.042548561304670,116.296014164747632,49.05,2.91,177.92,3.52,0.92
2024-09-10T10:48:34Z,40.042522630999358,116.296016346411278,49.12,2.82,171.11,3.56,0.93
2024-09-10T10:48:35Z,40.042497897523361,116.296023351120866,49.20,2.78,160.61,3.58,0.93
2024-09-10T10:48:36Z,40.042474904734874,116.296036372571407,49.29,2.80,149.05,3.57,0.94
2024-09-10T10:48:37Z,40.042453522497858,116.296054514798797,49.40,2.86,141.27,3.55,0.94
2024-09-10T10:48:38Z,40.042433270206317,116.296075623755826,49.50,2.89,137.81,3.52,0.94
2024-09-10T10:48:39Z,40.042413842467823,116.296098081175799,49.62,2.90,135.68,3.51,0.94
2024-09-10T10:48:40Z,40.042394278901241,116.296120781470933,49.73,2.94,137.30,3.50,0.94
2024-09-10T10:48:41Z,40.042373667968889,116.296143039297874,49.86,3.02,139.38,3.51,0.94
2024-09-10T10:48:42Z,40.042352067295518,116.296164855128524,49.99,3.06,141.23,3.54,0.94
2024-09-10T10:48:43Z,40.042330076610838,116.296186014647034,50.13,3.02,142.24,3.53,0.94
2024-09-10T10:48:44Z,40.042307715944837,116.296207193880363,50.26,2.95,142.37,3.53,0.94
2024-09-10T10:48:45Z,40.042286628612928,116.296227235135930,50.41,2.88,141.85,3.56,0.94
2024-09-10T10:48:46Z,40.042265967833934,116.296246607955069,50.55,2.72,143.04,3.58,0.94
2024-09-10T10:48:47Z,40.042245061081054,116.296265098354823,50.70,2.83,145.12,3.57,0.94
2024-09-10T10:48:48Z,40.042223007050126,116.296283255022658,50.85,2.89,146.82,3.54,0.94
2024-09-10T10:48:49Z,40.042200338908167,116.296300902317498,50.99,2.93,148.55,3.55,0.94
2024-09-10T10:48:50Z,40.042176872161278,116.296318235404243,51.13,2.99,150.13,3.58,0.94
2024-09-10T10:48:51Z,40.042152797569280,116.296334502863857,51.26,2.97,153.31,3.58,0.94
2024-09-10T10:48:52Z,40.042127901235361,116.296349612424009,51.39,3.05,155.54,3.58,0.94
2024-09-10T10:48:53Z,40.042102380075342,116.296364226834612,51.53,3.09,156.15,3.57,0.94
2024-09-10T10:48:54Z,40.042076531949178,116.296378727023040,51.65,3.09,156.69,3.57,0.94
2024-09-10T10:48:55Z,40.042050608609031,116.296392840345021,51.78,3.06,157.86,3.58,0.94
2024-09-10T10:48:56Z,40.042024872576867,116.296405663473905,51.89,3.06,159.63,3.59,0.94
2024-09-10T10:48:57Z,40.041999233674993,116.296417763416201,52.00,3.04,160.80,3.60,0.94
2024-09-10T10:48:58Z,40.041973764214518,116.296429894924159,52.07,3.04,159.52,3.59,0.94
2024-09-10T10:48:59Z,40.041948965285236,116.296442832353222,52.13,3.03,157.82,3.57,0.94
2024-09-10T10:49:00Z,40.041924288238775,116.296456861252381,52.18,3.04,156.37,3.55,0.94
2024-09-10T10:49:01Z,40.041900081146615,116.296471169075858,52.23,3.02,156.49,3.54,0.94
2024-09-10T10:49:02Z,40.041875842442444,116.296485217393425,52.26,2.98,157.38,3.50,0.94
2024-09-10T10:49:03Z,40.041851690388654,116.296498688418836,52.29,2.93,158.24,3.46,0.94
2024-09-10T10:49:04Z,40.041828021693156,116.296511784194010,52.31,2.85,158.04,3.43,0.94
2024-09-10T10:49:05Z,40.041805044371699,116.296525004895273,52.31,2.82,156.93,3.43,0.94
2024-09-10T10:49:06Z,40.041782779594257,116.296539030741229,52.31,2.73,154.19,3.43,0.94
2024-09-10T10:49:07Z,40.041761511525898,116.296553009037638,52.32,2.53,155.02,3.40,0.94
2024-09-10T10:49:08Z,40.041741777319700,116.296565950832729,52.32,2.43,154.50,3.36,0.94
2024-09-10T10:49:09Z,40.041722878322553,116.296578425904229,52.31,2.29,154.60,3.32,0.94
2024-09-10T10:49:10Z,40.041704429957882,116.296590448403833,52.29,2.30,155.27,3.30,0.94
2024-09-10T10:49:11Z,40.041685742279320,116.296601972275170,52.27,2.23,157.28,3.29,0.94
2024-09-10T10:49:12Z,40.041667051169924,116.296612681521168,52.23,2.26,158.36,3.28,0.94
2024-09-10T10:49:13Z,40.041648093210171,116.296623677260214,52.17,2.30,157.22,3.27,0.94
2024-09-10T10:49:14Z,40.041628824490822,116.296635301918371,52.12,2.39,155.52,3.26,0.94
2024-09-10T10:49:15Z,40.041609155831146,116.296647803851471,52.08,2.44,154.03,3.26,0.94
2024-09-10T10:49:16Z,40.041589104602977,116.296660567454538,52.06,2.47,154.48,3.26,0.93
2024-09-10T10:49:17Z,40.041569092570320,116.296673658019429,52.04,2.54,152.72,3.27,0.92
2024-09-10T10:49:18Z,40.041548062491863,116.296688447607394,52.01,2.84,150.59,3.26,0.92
2024-09-10T10:49:19Z,40.041525579209726,116.296705964085632,51.99,3.05,147.66,3.24,0.91
2024-09-10T10:49:20Z,40.041502277233860,116.296725583553211,51.97,3.20,146.01,3.23,0.90
2024-09-10T10:49:21Z,40.041478452075673,116.296746216708215,51.95,3.18,145.88,3.25,0.90
2024-09-10T10:49:22Z,40.041454818899929,116.296766096019198,51.92,3.11,147.11,3.28,0.89
2024-09-10T10:49:23Z,40.041431312469228,116.296784147029840,51.90,2.99,149.95,3.31,0.89
2024-09-10T10:49:24Z,40.041406893012294,116.296801382077149,51.88,3.01,151.30,3.30,0.88
2024-09-10T10:49:25Z,40.041383613659775,116.296816974536071,51.85,3.01,152.12,3.28,0.87
2024-09-10T10:49:26Z,40.041359847775162,116.296833736532136,51.82,2.99,149.26,3.26,0.87
2024-09-10T10:49:27Z,40.041337542948412,116.296850818496083,51.79,2.90,148.33,3.24,0.87
2024-09-10T10:49:28Z,40.041316212152793,116.296867625452791,51.74,2.71,148.00,3.24,0.86
2024-09-10T10:49:29Z,40.041293596259713,116.296883814701275,51.70,2.64,152.96,3.22,0.86
2024-09-10T10:49:30Z,40.041273910402133,116.296895374914357,51.66,2.60,156.25,3.20,0.87
2024-09-10T10:49:31Z,40.041252085309516,116.296906518706152,51.61,2.65,158.49,3.20,0.87
2024-09-10T10:49:32Z,40.041228760458168,116.296917400303840,51.56,2.81,159.39,3.21,0.87
2024-09-10T10:49:33Z,40.041203299144918,116.296929406177298,51.50,2.90,158.21,3.24,0.88
2024-09-10T10:49:34Z,40.041180134735029,116.296941376957363,51.44,2.95,156.13,3.24,0.88
2024-09-10T10:49:35Z,40.041155650103882,116.296956032814208,51.39,2.97,152.94,3.24,0.89
2024-09-10T10:49:36Z,40.041131527255665,116.296971506033785,51.32,2.96,153.33,3.22,0.90
2024-09-10T10:49:37Z,40.041099200385162,116.296990686754697,51.26,2.75,157.22,3.18,0.90
2024-09-10T10:49:38Z,40.041084629445045,116.296998072592572,51.22,2.74,158.19,3.15,0.90
2024-09-10T10:49:39Z,40.041061527415351,116.297009545767835,51.17,2.76,158.54,3.16,0.90
2024-09-10T10:49:40Z,40.041037281865940,116.297021224509621,51.12,2.90,159.11,3.14,0.90
2024-09-10T10:49:41Z,40.041011690946526,116.297033639958173,51.09,3.05,158.48,3.13,0.90
2024-09-10T10:49:42Z,40.040985123100555,116.297047544380760,51.07,3.31,156.45,3.11,0.90
2024-09-10T10:49:43Z,40.040958089436259,116.297063691051264,51.06,3.31,152.90,3.09,0.89
2024-09-10T10:49:44Z,40.040932710084356,116.297081475013357,51.06,3.06,149.40,3.08,0.89
2024-09-10T10:49:45Z,40.040909949938509,116.297099424227042,51.06,2.95,147.26,3.09,0.88
2024-09-10T10:49:46Z,40.040887672487884,116.297116918233783,51.05,2.88,147.00,3.09,0.87
2024-09-10T10:49:47Z,40.040866672582169,116.297133119821041,51.05,2.66,149.26,3.09,0.86
2024-09-10T10:49:48Z,40.040845280428528,116.297149372633626,51.06,2.85,150.14,3.11,0.86
2024-09-10T10:49:49Z,40.040822590359099,116.297165483217711,51.07,2.87,152.60,3.14,0.86
2024-09-10T10:49:50Z,40.040799742135057,116.297180173926989,51.08,2.80,154.83,3.20,0.86
2024-09-10T10:49:51Z,40.040777572730370,116.297194035406278,51.10,2.57,153.79,3.30,0.87
2024-09-10T10:49:52Z,40.040756862924269,116.297208453404636,51.11,2.73,150.03,3.41,0.89
2024-09-10T10:49:53Z,40.040736175356322,116.297225973367247,51.13,2.76,143.89,3.53,0.93
2024-09-10T10:49:54Z,40.040716988376396,116.297246113274653,51.15,2.73,138.28,3.64,0.99
2024-09-10T10:49:55Z,40.040696426980361,116.297276632399999,51.18,2.38,123.15,3.80,1.11
2024-09-10T10:49:56Z,40.040690256479152,116.297291532439374,51.19,2.25,113.20,3.87,1.19
2024-09-10T10:49:57Z,40.040684241787616,116.297310234777271,51.21,1.20,111.78,3.98,1.33
2024-09-10T10:50:25Z,40.040748261444506,116.297227251209435,47.43,0.00,44.15,4.37,1.38
2024-09-10T10:50:26Z,40.040749534768445,116.297229414439968,47.44,0.00,45.88,4.22,1.23
2024-09-10T10:50:27Z,40.040750914281972,116.297231566174545,47.47,0.00,48.21,4.09,1.12
2024-09-10T10:50:28Z,40.040752660945905,116.297233845797109,47.54,0.03,52.10,3.97,1.01
2024-09-10T10:50:29Z,40.040754392519077,116.297236026891667,47.63,0.05,62.26,3.88,0.92
2024-09-10T10:50:30Z,40.040757057706188,116.297240940158446,47.75,0.59,65.48,3.76,0.86
2024-09-10T10:50:31Z,40.040762258213945,116.297254227429960,47.87,1.65,67.03,3.65,0.83
2024-09-10T10:50:32Z,40.040769521970361,116.297276312627588,48.01,2.11,70.78,3.57,0.80
2024-09-10T10:50:33Z,40.040775887105788,116.297303819473598,48.16,2.45,79.74,3.51,0.79
2024-09-10T10:50:34Z,40.040781946344424,116.297334418436222,48.32,2.71,76.64,3.44,0.78
2024-09-10T10:50:35Z,40.040789728513808,116.297367689404979,48.49,2.84,74.24,3.38,0.78
2024-09-10T10:50:36Z,40.040799107637859,116.297401154861689,48.67,3.00,71.10,3.36,0.78
2024-09-10T10:50:37Z,40.040810552024382,116.297435788783162,48.85,3.14,67.31,3.35,0.78
2024-09-10T10:50:38Z,40.040824087511346,116.297470784745371,49.03,3.20,63.67,3.33,0.79
2024-09-10T10:50:39Z,40.040839031895835,116.297506060715136,49.22,3.24,61.58,3.32,0.80
2024-09-10T10:50:40Z,40.040853458439237,116.297539950474402,49.39,3.18,62.80,3.31,0.81
2024-09-10T10:50:41Z,40.040866752512756,116.297574530375954,49.55,3.15,65.65,3.31,0.82
2024-09-10T10:50:42Z,40.040878397467338,116.297606210506842,49.70,2.97,64.32,3.31,0.83
2024-09-10T10:50:43Z,40.040891634928961,116.297636969528270,49.86,2.84,57.69,3.31,0.84
2024-09-10T10:50:44Z,40.040907364002813,116.297664881456527,50.03,2.88,50.00,3.30,0.86
2024-09-10T10:50:45Z,40.040925745048078,116.297690923379847,50.19,2.97,44.48,3.31,0.87
2024-09-10T10:50:46Z,40.040946143337052,116.297716888095366,50.36,3.19,43.67,3.31,0.88
2024-09-10T10:50:47Z,40.040967556002002,116.297744322949072,50.53,3.27,44.97,3.30,0.89
2024-09-10T10:50:48Z,40.040987936175043,116.297772770790544,50.69,3.16,48.85,3.31,0.90
2024-09-10T10:50:49Z,40.041005833096364,116.297801815954941,50.83,3.02,53.75,3.32,0.91
2024-09-10T10:50:50Z,40.041020739411600,116.297830203446566,50.96,2.69,57.42,3.32,0.92
2024-09-10T10:50:51Z,40.041033799277919,116.297857173879137,51.10,2.58,57.18,3.32,0.92
2024-09-10T10:50:52Z,40.041047144123851,116.297883509044993,51.25,2.65,54.33,3.32,0.93
2024-09-10T10:50:53Z,40.041061505434577,116.297910997395149,51.40,2.87,55.15,3.31,0.93
2024-09-10T10:50:54Z,40.041075617426507,116.297939983011858,51.56,2.85,58.00,3.30,0.94
2024-09-10T10:50:55Z,40.041088038402769,116.297968196787096,51.72,2.55,60.50,3.30,0.94
2024-09-10T10:50:56Z,40.041099096010342,116.297994639578178,51.87,2.44,60.08,3.31,0.94
2024-09-10T10:50:57Z,40.041109897345812,116.298019948285585,52.02,2.35,59.14,3.31,0.94
2024-09-10T10:50:58Z,40.041120439095593,116.298044381763148,52.16,2.28,59.38,3.30,0.94
2024-09-10T10:50:59Z,40.041130210411353,116.298068555966466,52.29,2.22,62.46,3.29,0.94
2024-09-10T10:51:00Z,40.041138497250891,116.298092221438850,52.43,2.09,66.22,3.30,0.94
2024-09-10T10:51:01Z,40.041145255963201,116.298115326406815,52.57,1.99,69.66,3.33,0.94
2024-09-10T10:51:02Z,40.041151361027474,116.298138382123241,52.70,2.03,70.09,3.34,0.94
2024-09-10T10:51:03Z,40.041157592561710,116.298161931419429,52.83,2.07,69.61,3.34,0.94
2024-09-10T10:51:04Z,40.041164079541986,116.298186355122837,52.94,2.16,69.44,3.34,0.94
2024-09-10T10:51:05Z,40.041170739683160,116.298211750489884,53.05,2.25,70.09,3.36,0.94
2024-09-10T10:51:06Z,40.041177756473424,116.298239430486959,53.15,2.54,70.46,3.36,0.94
2024-09-10T10:51:07Z,40.041185652099799,116.298270197712611,53.25,2.80,70.50,3.37,0.94
2024-09-10T10:51:08Z,40.041194347118882,116.298303531837931,53.33,3.01,70.37,3.38,0.94
2024-09-10T10:51:09Z,40.041203320886844,116.298338401641402,53.42,3.07,71.10,3.39,0.94
2024-09-10T10:51:10Z,40.041212304768500,116.298373532705611,53.50,3.06,71.17,3.41,0.94
2024-09-10T10:51:11Z,40.041221309223076,116.298408355467117,53.57,3.02,70.97,3.42,0.94
2024-09-10T10:51:12Z,40.041230430800745,116.298442361888647,53.66,3.00,70.28,3.43,0.94
2024-09-10T10:51:13Z,40.041239820122691,116.298475834595124,53.73,3.00,69.42,3.46,0.94
2024-09-10T10:51:14Z,40.041249726555826,116.298508483513672,53.81,2.94,67.27,3.51,0.94
2024-09-10T10:51:15Z,40.041260336708604,116.298539996041328,53.88,2.90,65.22,3.53,0.94
2024-09-10T10:51:16Z,40.041271746160476,116.298570707263309,53.94,2.91,62.74,3.54,0.94
2024-09-10T10:51:17Z,40.041284267355749,116.298601237019241,53.99,2.96,60.85,3.53,0.94
2024-09-10T10:51:18Z,40.041298220370265,116.298631783344305,54.04,3.04,57.01,3.53,0.94
2024-09-10T10:51:19Z,40.041313735973780,116.298660848160921,54.08,2.96,51.14,3.55,0.94
2024-09-10T10:51:20Z,40.041330315189242,116.298685904783284,54.13,2.59,43.85,3.57,0.94
2024-09-10T10:51:21Z,40.041345740482534,116.298704048944245,54.17,1.96,34.39,3.58,0.94
2024-09-10T10:51:22Z,40.041359455430829,116.298716306096253,54.19,1.71,26.80,3.57,0.94
2024-09-10T10:51:23Z,40.041373310489320,116.298725675228923,54.21,1.79,18.36,3.54,0.94
2024-09-10T10:51:24Z,40.041388751199726,116.298732390475621,54.23,1.93,10.18,3.52,0.94
2024-09-10T10:51:25Z,40.041405098777375,116.298737731241289,54.23,1.98,8.64,3.50,0.94
2024-09-10T10:51:26Z,40.041421543308395,116.298744027596058,54.24,2.03,14.62,3.48,0.94
2024-09-10T10:51:27Z,40.041437766162673,116.298753727169910,54.26,2.15,24.58,3.45,0.93
2024-09-10T10:51:28Z,40.041454003314804,116.298767427531260,54.26,2.32,31.93,3.43,0.93
2024-09-10T10:51:29Z,40.041470443449342,116.298784321082991,54.27,2.48,36.42,3.45,0.93
2024-09-10T10:51:30Z,40.041486825622059,116.298802861907376,54.28,2.38,37.77,3.47,0.93
2024-09-10T10:51:31Z,40.041502279613660,116.298821057747389,54.27,2.25,39.30,3.47,0.93
2024-09-10T10:51:32Z,40.041516346524773,116.298839504697213,54.25,2.17,44.66,3.44,0.93
2024-09-10T10:51:33Z,40.041527799327064,116.298859532988047,54.21,2.04,56.11,3.41,0.92
2024-09-10T10:51:34Z,40.041535422132753,116.298881025499540,54.17,1.96,69.09,3.40,0.92
2024-09-10T10:51:35Z,40.041539690486225,116.298902429447992,54.13,1.73,78.02,3.40,0.92
2024-09-10T10:51:36Z,40.041541538509762,116.298922062631078,54.08,1.52,86.56,3.41,0.92
2024-09-10T10:51:37Z,40.041542384885972,116.298939721478618,54.03,1.38,86.86,3.41,0.93
2024-09-10T10:51:38Z,40.041544491549438,116.298957103014260,53.97,1.52,76.41,3.41,0.93
2024-09-10T10:51:39Z,40.041550175382696,116.298976007241606,53.90,1.84,62.91,3.42,0.93
2024-09-10T10:51:40Z,40.041559099658741,116.298995840833101,53.84,1.88,56.23,3.43,0.93
2024-09-10T10:51:41Z,40.041569424909675,116.299015194939386,53.78,1.92,52.88,3.46,0.93
2024-09-10T10:51:42Z,40.041579853383070,116.299033767970897,53.71,1.79,53.17,3.51,0.94
2024-09-10T10:51:43Z,40.041589261300423,116.299050327917271,53.65,1.53,53.73,3.54,0.94
2024-09-10T10:51:44Z,40.041598245297976,116.299065520588542,53.60,1.55,51.31,3.53,0.94
2024-09-10T10:51:45Z,40.041608620250329,116.299080742752210,53.55,1.71,46.06,3.53,0.94
2024-09-10T10:51:46Z,40.041621348178275,116.299096638120105,53.51,2.01,42.78,3.53,0.94
2024-09-10T10:51:47Z,40.041636690137651,116.299114764534181,53.46,2.40,43.15,3.57,0.94
2024-09-10T10:51:48Z,40.041654008949109,116.299136350023488,53.40,2.74,45.74,3.62,0.94
2024-09-10T10:51:49Z,40.041671666159573,116.299161314611183,53.35,2.89,51.02,3.66,0.94
2024-09-10T10:51:50Z,40.041687863013159,116.299188979492186,53.30,2.88,56.73,3.65,0.94
2024-09-10T10:51:51Z,40.041702269084283,116.299218263142023,53.24,2.88,60.96,3.63,0.94
2024-09-10T10:51:52Z,40.041715840328742,116.299248487434511,53.19,2.88,61.47,3.62,0.94
2024-09-10T10:51:53Z,40.041729402513731,116.299278934693788,53.13,2.92,60.44,3.62,0.94
2024-09-10T10:51:54Z,40.041744149238035,116.299309680300610,53.08,3.05,57.09,3.60,0.94
2024-09-10T10:51:55Z,40.041760035030315,116.299340569292553,53.02,3.05,56.04,3.59,0.94
2024-09-10T10:51:56Z,40.041775688957721,116.299370935015688,52.97,2.93,55.87,3.57,0.94
2024-09-10T10:51:57Z,40.041789936667541,116.299399480711969,52.91,2.54,55.68,3.55,0.94
2024-09-10T10:51:58Z,40.041802691419115,116.299425098804420,52.86,2.29,53.51,3.53,0.94
2024-09-10T10:51:59Z,40.041815521414343,116.299449494356850,52.81,2.41,51.24,3.51,0.94
2024-09-10T10:52:00Z,40.041829317000975,116.299474601120224,52.75,2.55,51.15,3.50,0.94
2024-09-10T10:52:01Z,40.041843575519522,116.299501509583919,52.68,2.69,52.04,3.53,0.94
2024-09-10T10:52:02Z,40.041858232381891,116.299529719003843,52.60,2.80,53.53,3.53,0.94
2024-09-10T10:52:03Z,40.041872925563680,116.299560029114787,52.53,2.97,56.45,3.51,0.94
2024-09-10T10:52:04Z,40.041887115621506,116.299592555225345,52.46,3.10,60.87,3.51,0.94
2024-09-10T10:52:05Z,40.041900240933423,116.299626400537875,52.40,3.11,64.22,3.52,0.94
2024-09-10T10:52:06Z,40.041912076863873,116.299661025892391,52.34,3.17,68.37,3.51,0.94
2024-09-10T10:52:07Z,40.041922880240818,116.299696278156262,52.28,3.23,71.08,3.50,0.94
2024-09-10T10:52:08Z,40.041931680128201,116.299732281298390,52.21,3.25,75.21,3.47,0.94
2024-09-10T10:52:09Z,40.041939858276365,116.299768718661838,52.14,3.35,75.87,3.45,0.94
2024-09-10T10:52:10Z,40.041948474705308,116.299805368412819,52.07,3.37,74.45,3.45,0.94
2024-09-10T10:52:11Z,40.041958261582344,116.299840789862046,52.01,3.30,71.40,3.47,0.94
2024-09-10T10:52:12Z,40.041969598903982,116.299874891683615,51.95,3.22,69.11,3.48,0.94
2024-09-10T10:52:13Z,40.041981708356651,116.299907046651953,51.89,3.08,67.24,3.48,0.93
2024-09-10T10:52:14Z,40.041994368263168,116.299936845508142,51.83,2.93,63.97,3.47,0.93
2024-09-10T10:52:15Z,40.042008738494090,116.299962337431609,51.77,2.66,55.49,3.43,0.93
2024-09-10T10:52:16Z,40.042025237153631,116.299982550714105,51.71,2.47,43.69,3.42,0.93
2024-09-10T10:52:17Z,40.042044386401223,116.299996082946322,51.67,2.36,26.18,3.43,0.93
2024-09-10T10:52:18Z,40.042066416064230,116.300001349899560,51.64,2.41,8.06,3.43,0.93
2024-09-10T10:52:19Z,40.042089789374131,116.299999438528488,51.60,2.45,354.33,3.40,0.92
2024-09-10T10:52:20Z,40.042112848968280,116.299993608774187,51.55,2.37,349.99,3.37,0.92
2024-09-10T10:52:21Z,40.042135196655330,116.299987079323031,51.47,2.28,350.40,3.37,0.92
2024-09-10T10:52:22Z,40.042157453155042,116.299979248697753,51.38,2.35,344.14,3.36,0.92
2024-09-10T10:52:23Z,40.042179913404055,116.299967862051091,51.28,2.58,336.00,3.34,0.91
2024-09-10T10:52:24Z,40.042202907329937,116.299952967936122,51.21,2.70,332.12,3.31,0.91
2024-09-10T10:52:25Z,40.042225975734702,116.299936165697630,51.13,2.77,329.69,3.29,0.90
2024-09-10T10:52:26Z,40.042249140728714,116.299918253807391,51.06,2.86,328.27,3.27,0.90
2024-09-10T10:52:27Z,40.042272990028764,116.299899465898108,50.98,3.05,328.33,3.26,0.90
2024-09-10T10:52:28Z,40.042297501130413,116.299881192629201,50.90,2.96,330.87,3.26,0.90
2024-09-10T10:52:29Z,40.042321726755688,116.299865266103183,50.83,2.91,335.20,3.27,0.89
2024-09-10T10:52:30Z,40.042346328715709,116.299851729824852,50.75,2.92,340.47,3.26,0.89
2024-09-10T10:52:31Z,40.042370899721249,116.299840417011353,50.67,2.89,344.38,3.28,0.89
2024-09-10T10:52:32Z,40.042395229155268,116.299829584274889,50.57,2.91,342.69,3.28,0.88
2024-09-10T10:52:33Z,40.042419651031409,116.299817025360525,50.49,3.08,339.87,3.27,0.88
2024-09-10T10:52:34Z,40.042444461848255,116.299803017018462,50.40,3.12,339.06,3.29,0.87
2024-09-10T10:52:35Z,40.042468676023560,116.299789606287817,50.34,3.00,342.01,3.32,0.87
2024-09-10T10:52:36Z,40.042491427398694,116.299778288864985,50.29,2.81,344.83,3.33,0.86
2024-09-10T10:52:37Z,40.042511354168496,116.299767607643943,50.24,2.41,339.50,3.33,0.86
2024-09-10T10:52:38Z,40.042526430352154,116.299754779351957,50.20,1.93,323.35,3.37,0.86
2024-09-10T10:52:39Z,40.042534296614051,116.299736660317464,50.17,1.87,291.30,3.39,0.86
2024-09-10T10:52:40Z,40.042534173169422,116.299712792663357,50.15,2.15,263.76,3.39,0.85
2024-09-10T10:52:41Z,40.042527078229597,116.299684217333265,50.12,2.70,250.34,3.39,0.85
2024-09-10T10:52:42Z,40.042514582684717,116.299650963236900,50.11,3.29,243.72,3.39,0.85
2024-09-10T10:52:43Z,40.042496536317493,116.299613418304958,50.11,3.82,238.62,3.42,0.85
2024-09-10T10:52:44Z,40.042474988742590,116.299573810175175,50.12,4.06,234.57,3.47,0.85
2024-09-10T10:52:45Z,40.042451110508729,116.299534355994894,50.15,4.08,232.24,3.53,0.86
2024-09-10T10:52:46Z,40.042427067998709,116.299495952780447,50.19,3.97,231.82,3.56,0.86
2024-09-10T10:52:47Z,40.042403772242750,116.299458485753860,50.23,3.90,232.32,3.56,0.87
2024-09-10T10:52:48Z,40.042381192339128,116.299420285052904,50.27,3.90,233.24,3.54,0.88
2024-09-10T10:52:49Z,40.042358848849190,116.299382381320711,50.33,3.85,234.00,3.52,0.89
2024-09-10T10:52:50Z,40.042337506857379,116.299344823840556,50.40,3.76,235.42,3.52,0.90
2024-09-10T10:52:51Z,40.042317365295283,116.299307939452063,50.48,3.55,237.91,3.51,0.91
2024-09-10T10:52:52Z,40.042300390279038,116.299272578591768,50.55,3.23,242.68,3.53,0.91
2024-09-10T10:52:53Z,40.042288543398598,116.299239489421751,50.65,2.71,253.55,3.53,0.92
2024-09-10T10:52:54Z,40.042280308071838,116.299208109178608,50.74,2.74,253.52,3.49,0.93
2024-09-10T10:52:55Z,40.042272983291468,116.299176377976494,50.83,2.68,257.35,3.46,0.93
2024-09-10T10:52:56Z,40.042265849912759,116.299144715896972,50.91,2.72,253.73,3.43,0.93
2024-09-10T10:52:57Z,40.042256661771631,116.299114253576519,51.00,2.69,246.51,3.41,0.94
2024-09-10T10:52:58Z,40.042243614219089,116.299087804714674,51.10,2.54,229.77,3.41,0.94
2024-09-10T10:52:59Z,40.042228201831271,116.299063277015804,51.17,2.73,229.83,3.38,0.93
2024-09-10T10:53:00Z,40.042211531691450,116.299038430109775,51.23,2.79,227.68,3.36,0.93
2024-09-10T10:53:01Z,40.042194635209228,116.299013349666652,51.28,2.82,229.89,3.35,0.92
2024-09-10T10:53:02Z,40.042178679498662,116.298987385307186,51.34,2.81,233.81,3.33,0.91
2024-09-10T10:53:03Z,40.042165098895303,116.298960423671744,51.40,2.69,241.16,3.32,0.91
2024-09-10T10:53:04Z,40.042153796473265,116.298931085156340,51.45,2.95,246.46,3.32,0.90
2024-09-10T10:53:05Z,40.042142780438617,116.298899587522072,51.49,3.03,247.24,3.28,0.88
2024-09-10T10:53:06Z,40.042131159755954,116.298868363470191,51.55,3.05,243.72,3.25,0.87
2024-09-10T10:53:07Z,40.042118416295736,116.298838580283700,51.58,2.94,240.86,3.26,0.86
2024-09-10T10:53:08Z,40.042105248082621,116.298813189631957,51.62,2.52,233.95,3.28,0.84
2024-09-10T10:53:09Z,40.042089996703787,116.298794369329272,51.65,2.39,216.58,3.32,0.83
2024-09-10T10:53:10Z,40.042072076370772,116.298780516417935,51.68,2.42,210.33,3.30,0.82
2024-09-10T10:53:11Z,40.042052284998491,116.298768589785652,51.71,2.55,203.48,3.27,0.82
2024-09-10T10:53:12Z,40.042030804285226,116.298759784700366,51.74,2.61,194.70,3.26,0.81
2024-09-10T10:53:13Z,40.042007819968596,116.298755506996145,51.77,2.68,185.31,3.29,0.81
2024-09-10T10:53:14Z,40.041983644825564,116.298756457420538,51.81,2.86,175.22,3.33,0.82
2024-09-10T10:53:15Z,40.041959862706172,116.298763565440098,51.85,2.75,164.58,3.38,0.82
2024-09-10T10:53:16Z,40.041938345533836,116.298776452479942,51.90,2.73,153.92,3.40,0.83
2024-09-10T10:53:17Z,40.041918701837204,116.298794051126208,51.95,2.73,145.69,3.42,0.84
2024-09-10T10:53:18Z,40.041900559123022,116.298814663058991,52.00,2.75,141.54,3.45,0.86
2024-09-10T10:53:19Z,40.041883165829283,116.298836047157010,52.07,2.67,140.34,3.50,0.87
2024-09-10T10:53:20Z,40.041867105647476,116.298856524187755,52.15,2.48,141.62,3.55,0.88
2024-09-10T10:53:21Z,40.041852859605349,116.298875098725659,52.24,2.15,140.35,3.55,0.89
2024-09-10T10:53:22Z,40.041842170183600,116.298891901048989,52.34,1.68,133.48,3.55,0.90
2024-09-10T10:53:23Z,40.041835804412692,116.298905456727866,52.42,1.12,103.16,3.60,0.92
2024-09-10T10:53:24Z,40.041837013245733,116.298918901425793,52.50,1.31,66.46,3.68,0.95
2024-09-10T10:53:25Z,40.041843849967670,116.298932521717802,52.58,1.50,48.46,3.76,0.98
2024-09-10T10:53:26Z,40.041853987919957,116.298945618779598,52.67,1.68,41.53,3.82,1.02
2024-09-10T10:53:27Z,40.041865696959931,116.298957709882927,52.76,1.65,35.28,3.90,1.08
2024-09-10T10:53:28Z,40.041877414824675,116.298967054583571,52.85,1.41,27.11,3.98,1.15
2024-09-10T10:53:29Z,40.041889098172277,116.298973393797709,52.94,1.41,18.14,4.11,1.23
2024-09-10T10:53:30Z,40.041900900541279,116.298977912494081,53.03,1.33,14.55,4.28,1.34
2024-09-10T10:53:31Z,40.041912537451921,116.298981987171587,53.12,1.35,15.56,4.45,1.47
2024-09-10T10:53:32Z,40.041924230012732,116.298986544825993,53.21,1.36,17.78,4.64,1.62
