Date,Distance Walking/Running,Steps,Distance Swimming,Strokes,Distance Cycling,Distance Wheelchair,Distance Downhill Snowsports
2017-12-11,8166.89,12603.00,0.00,0.00,0.00,0.00,0.00
2017-12-12,7892.87,12428.00,0.00,0.00,0.00,0.00,0.00
2017-12-13,7858.05,12497.00,0.00,0.00,0.00,0.00,0.00
2017-12-14,5776.04,8868.00,0.00,0.00,0.00,0.00,0.00
2017-12-15,9577.18,14862.00,0.00,0.00,0.00,0.00,0.00
2017-12-16,5530.55,8959.00,0.00,0.00,0.00,0.00,0.00
2017-12-17,8714.60,12993.00,0.00,0.00,0.00,0.00,0.00
2017-12-18,9733.16,15337.00,0.00,0.00,0.00,0.00,0.00
2017-12-19,7180.96,10898.00,0.00,0.00,0.00,0.00,0.00
2017-12-20,8883.04,13607.00,0.00,0.00,0.00,0.00,0.00
2017-12-21,5957.07,9454.00,0.00,0.00,0.00,0.00,0.00
2017-12-22,11536.99,18136.00,0.00,0.00,0.00,0.00,0.00
2017-12-23,6755.51,11128.00,0.00,0.00,0.00,0.00,0.00
2017-12-24,13537.11,19376.00,0.00,0.00,0.00,0.00,0.00
2017-12-25,11209.68,15854.00,0.00,0.00,0.00,0.00,0.00
2017-12-26,7816.07,12656.00,0.00,0.00,0.00,0.00,0.00
2017-12-27,6787.91,10893.00,0.00,0.00,0.00,0.00,0.00
2017-12-28,6534.82,10342.00,0.00,0.00,0.00,0.00,0.00
2017-12-29,6250.50,10020.00,0.00,0.00,0.00,0.00,0.00
2017-12-30,6.39,9.00,0.00,0.00,0.00,0.00,0.00
2017-12-31,14609.39,23631.00,0.00,0.00,0.00,0.00,0.00
2018-01-01,7181.67,11088.00,0.00,0.00,0.00,0.00,0.00
2018-01-02,11819.18,15971.00,0.00,0.00,0.00,0.00,0.00
2018-01-03,5081.62,7739.00,0.00,0.00,0.00,0.00,0.00
2018-01-04,12330.76,16531.00,0.00,0.00,0.00,0.00,0.00
2018-01-05,8992.33,13680.00,0.00,0.00,0.00,0.00,0.00
2018-01-06,13622.28,19391.00,0.00,0.00,0.00,0.00,0.00
2018-01-07,6634.38,10404.00,0.00,0.00,0.00,0.00,0.00
2018-01-08,6709.66,10744.00,0.00,0.00,0.00,0.00,0.00
2018-01-09,4917.12,7513.00,0.00,0.00,0.00,0.00,0.00
2018-01-10,7238.58,11358.00,0.00,0.00,0.00,0.00,0.00
2018-01-11,9055.85,14334.00,0.00,0.00,0.00,0.00,0.00
2018-01-12,6762.19,11155.00,0.00,0.00,0.00,0.00,0.00
2018-01-13,1911.54,3248.00,0.00,0.00,0.00,0.00,0.00
2018-01-14,5894.58,9743.00,0.00,0.00,0.00,0.00,0.00
2018-01-15,6477.93,10783.00,0.00,0.00,0.00,0.00,0.00
2018-01-16,5037.75,8106.00,0.00,0.00,0.00,0.00,0.00
2018-01-17,5523.99,8870.00,0.00,0.00,0.00,0.00,0.00
2018-01-18,6881.56,10763.00,0.00,0.00,0.00,0.00,0.00
2018-01-19,8014.09,13073.00,0.00,0.00,0.00,0.00,0.00
2018-01-20,3066.75,5141.00,0.00,0.00,0.00,0.00,0.00
2018-01-21,6045.39,9679.00,0.00,0.00,0.00,0.00,0.00
2018-01-22,6707.57,10516.00,0.00,0.00,0.00,0.00,0.00
2018-01-23,5503.72,8585.00,0.00,0.00,0.00,0.00,0.00
2018-01-24,6126.85,10059.00,0.00,0.00,0.00,0.00,0.00
2018-01-25,6052.97,10030.00,0.00,0.00,0.00,0.00,0.00
2018-01-26,2949.88,5281.00,0.00,0.00,0.00,0.00,0.00
2018-01-27,7025.60,11160.00,0.00,0.00,0.00,0.00,0.00
2018-01-28,6372.34,9975.00,0.00,0.00,0.00,0.00,0.00
2018-01-29,5745.43,9132.00,0.00,0.00,0.00,0.00,0.00
2018-01-30,7147.66,11681.00,0.00,0.00,0.00,0.00,0.00
2018-01-31,5526.26,8903.00,0.00,0.00,0.00,0.00,0.00
2018-02-01,5909.26,9912.00,0.00,0.00,0.00,0.00,0.00
2018-02-02,5209.61,8595.00,0.00,0.00,0.00,0.00,0.00
2018-02-03,1947.06,3351.00,0.00,0.00,0.00,0.00,0.00
2018-02-04,5552.86,9109.00,0.00,0.00,0.00,0.00,0.00
2018-02-05,6572.70,11194.00,0.00,0.00,0.00,0.00,0.00
2018-02-06,7492.31,11782.00,0.00,0.00,0.00,0.00,0.00
2018-02-07,7405.00,12069.00,0.00,0.00,0.00,0.00,0.00
2018-02-08,6265.55,10241.00,0.00,0.00,0.00,0.00,0.00
2018-02-09,9020.85,14763.00,0.00,0.00,0.00,0.00,0.00
2018-02-10,7678.01,11858.00,0.00,0.00,0.00,0.00,0.00
2018-02-11,4158.34,6572.00,0.00,0.00,0.00,0.00,0.00
2018-02-12,3775.01,6432.00,0.00,0.00,0.00,0.00,0.00
2018-02-13,1851.97,3322.00,0.00,0.00,0.00,0.00,0.00
2018-02-14,3144.42,5084.00,0.00,0.00,0.00,0.00,0.00
2018-02-15,2568.76,3946.00,0.00,0.00,0.00,0.00,0.00
2018-02-16,2755.50,4813.00,0.00,0.00,0.00,0.00,0.00
2018-02-17,1578.65,2842.00,0.00,0.00,0.00,0.00,0.00
2018-02-18,1459.59,2286.00,0.00,0.00,0.00,0.00,0.00
2018-02-19,2671.53,4795.00,0.00,0.00,0.00,0.00,0.00
2018-02-20,7026.15,13080.00,0.00,0.00,0.00,0.00,0.00
2018-02-21,4886.56,8350.00,0.00,0.00,0.00,0.00,0.00
2018-02-22,3477.97,6327.00,0.00,0.00,0.00,0.00,0.00
2018-02-23,15.34,21.00,0.00,0.00,0.00,0.00,0.00
2018-02-24,2648.87,4290.00,0.00,0.00,0.00,0.00,0.00
2018-02-25,4477.29,7630.00,0.00,0.00,0.00,0.00,0.00
2018-02-26,5271.48,8574.00,0.00,0.00,0.00,0.00,0.00
2018-02-27,5301.18,8832.00,0.00,0.00,0.00,0.00,0.00
2018-02-28,4890.67,8085.00,0.00,0.00,0.00,0.00,0.00
2018-03-01,5696.65,9544.00,0.00,0.00,0.00,0.00,0.00
2018-03-02,2953.32,5300.00,0.00,0.00,0.00,0.00,0.00
2018-03-03,3253.36,5653.00,0.00,0.00,0.00,0.00,0.00
2018-03-04,6174.43,9863.00,0.00,0.00,0.00,0.00,0.00
2018-03-05,8523.71,11578.19,0.00,0.00,0.00,0.00,0.00
2018-03-06,9879.77,14499.00,0.00,0.00,0.00,0.00,0.00
2018-03-07,8106.50,11553.00,0.00,0.00,0.00,0.00,0.00
2018-03-08,6984.77,11294.00,0.00,0.00,0.00,0.00,0.00
2018-03-09,6835.34,11502.00,0.00,0.00,0.00,0.00,0.00
2018-03-10,6558.76,11205.00,0.00,0.00,0.00,0.00,0.00
2018-03-11,8670.84,12057.60,0.00,0.00,0.00,0.00,0.00
2018-03-12,7456.16,10341.23,0.00,0.00,0.00,0.00,0.00
2018-03-13,6226.12,9916.00,0.00,0.00,0.00,0.00,0.00
2018-03-14,8867.24,13693.00,0.00,0.00,0.00,0.00,0.00
2018-03-15,7839.08,12382.00,0.00,0.00,0.00,0.00,0.00
2018-03-16,2677.15,4601.00,0.00,0.00,0.00,0.00,0.00
2018-03-17,8494.40,13838.80,0.00,0.00,0.00,0.00,0.00
2018-03-18,7418.07,10690.00,0.00,0.00,0.00,0.00,0.00
2018-03-19,10990.96,14703.06,0.00,0.00,0.00,0.00,0.00
2018-03-20,6130.26,8180.94,0.00,0.00,0.00,0.00,0.00
2018-03-21,7241.60,11476.00,0.00,0.00,0.00,0.00,0.00
2018-03-22,7135.65,12067.00,0.00,0.00,0.00,0.00,0.00
2018-03-23,6833.41,10767.00,0.00,0.00,0.00,0.00,0.00
2018-03-24,9685.49,13427.00,0.00,0.00,0.00,0.00,0.00
2018-03-25,5239.54,8240.00,0.00,0.00,0.00,0.00,0.00
2018-03-26,7157.48,11760.00,0.00,0.00,0.00,0.00,0.00
2018-03-27,5157.91,6585.15,0.00,0.00,0.00,0.00,0.00
2018-03-28,6006.86,9113.00,0.00,0.00,0.00,0.00,0.00
2018-03-29,7868.65,10332.82,0.00,0.00,0.00,0.00,0.00
2018-03-30,3726.37,5048.51,0.00,0.00,0.00,0.00,0.00
2018-03-31,3903.78,5006.00,0.00,0.00,0.00,0.00,0.00
2018-04-01,8619.93,10960.34,0.00,0.00,0.00,0.00,0.00
2018-04-02,6916.75,10782.66,0.00,0.00,0.00,0.00,0.00
2018-04-03,6235.21,10085.00,0.00,0.00,0.00,0.00,0.00
2018-04-04,896.64,1435.00,0.00,0.00,0.00,0.00,0.00
2018-04-05,2232.19,3449.00,0.00,0.00,0.00,0.00,0.00
2018-04-06,10473.08,17629.00,0.00,0.00,0.00,0.00,0.00
2018-04-07,4265.62,6974.00,0.00,0.00,0.00,0.00,0.00
2018-04-08,5188.75,7842.00,0.00,0.00,0.00,0.00,0.00
2018-04-09,6127.87,8498.00,0.00,0.00,0.00,0.00,0.00
2018-04-10,5705.41,8578.00,0.00,0.00,0.00,0.00,0.00
2018-04-11,5635.73,8939.00,0.00,0.00,0.00,0.00,0.00
2018-04-12,5397.21,8365.00,0.00,0.00,0.00,0.00,0.00
2018-04-13,6022.04,9246.00,0.00,0.00,0.00,0.00,0.00
2018-04-14,8922.82,13457.00,0.00,0.00,0.00,0.00,0.00
2018-04-15,5793.81,8945.00,0.00,0.00,0.00,0.00,0.00
2018-04-16,4558.59,6966.00,0.00,0.00,0.00,0.00,0.00
2018-04-17,4660.45,7132.00,0.00,0.00,0.00,0.00,0.00
2018-04-18,5129.45,7959.00,0.00,0.00,0.00,0.00,0.00
2018-04-19,5164.97,8032.00,0.00,0.00,0.00,0.00,0.00
2018-04-20,15366.16,22693.00,0.00,0.00,0.00,0.00,0.00
2018-04-21,7489.16,9912.00,0.00,0.00,0.00,0.00,0.00
2018-04-22,7281.71,9130.25,0.00,0.00,0.00,0.00,0.00
2018-04-23,6051.50,8134.00,0.00,0.00,0.00,0.00,0.00
2018-04-24,7391.62,9642.00,0.00,0.00,0.00,0.00,0.00
2018-04-25,6045.30,9090.00,0.00,0.00,0.00,0.00,0.00
2018-04-26,7789.63,12139.00,0.00,0.00,0.00,0.00,0.00
2018-04-27,2888.46,3693.00,0.00,0.00,0.00,0.00,0.00
2018-04-28,9101.20,11588.00,0.00,0.00,0.00,0.00,0.00
2018-04-29,7073.42,12401.18,0.00,0.00,0.00,0.00,0.00
2018-04-30,5974.72,8824.58,0.00,0.00,0.00,0.00,0.00
2018-05-01,4989.74,6791.73,0.00,0.00,0.00,0.00,0.00
2018-05-02,8068.12,13533.00,0.00,0.00,0.00,0.00,0.00
2018-05-03,9088.39,14798.00,0.00,0.00,0.00,0.00,0.00
2018-05-04,3660.57,4690.00,0.00,0.00,0.00,0.00,0.00
2018-05-05,7950.48,10705.90,0.00,0.00,0.00,0.00,0.00
2018-05-06,7803.70,11512.00,0.00,0.00,0.00,0.00,0.00
2018-05-07,11423.32,14473.00,0.00,0.00,0.00,0.00,0.00
2018-05-08,8078.17,11065.00,0.00,0.00,0.00,0.00,0.00
2018-05-09,7434.73,11387.21,0.00,0.00,0.00,0.00,0.00
2018-05-10,11856.29,15443.79,0.00,0.00,0.00,0.00,0.00
2018-05-11,13707.22,21584.00,0.00,0.00,0.00,0.00,0.00
2018-05-12,4450.09,7443.00,0.00,0.00,0.00,0.00,0.00
2018-05-13,9835.65,15644.00,0.00,0.00,0.00,0.00,0.00
2018-05-14,5608.44,8713.42,0.00,0.00,0.00,0.00,0.00
2018-05-15,7826.61,9903.58,0.00,0.00,0.00,0.00,0.00
2018-05-16,11231.18,15520.00,0.00,0.00,0.00,0.00,0.00
2018-05-17,7298.95,9027.00,0.00,0.00,0.00,0.00,0.00
2018-05-18,9754.97,16826.00,0.00,0.00,0.00,0.00,0.00
2018-05-19,5670.41,7473.13,0.00,0.00,0.00,0.00,0.00
2018-05-20,7637.42,10034.00,0.00,0.00,0.00,0.00,0.00
2018-05-21,4940.81,7623.00,0.00,0.00,0.00,0.00,0.00
2018-05-22,4920.59,7389.00,0.00,0.00,0.00,0.00,0.00
2018-05-23,4978.32,7727.00,0.00,0.00,0.00,0.00,0.00
2018-05-24,5664.96,9311.00,0.00,0.00,0.00,0.00,0.00
2018-05-25,10755.60,19250.00,0.00,0.00,0.00,0.00,0.00
2018-05-26,7765.91,10021.00,0.00,0.00,0.00,0.00,0.00
2018-05-27,7968.58,12001.00,0.00,0.00,0.00,0.00,0.00
2018-05-28,9700.78,13055.00,0.00,0.00,0.00,0.00,0.00
2018-05-29,5504.31,7380.00,0.00,0.00,0.00,0.00,0.00
2018-05-30,7396.73,9326.84,0.00,0.00,0.00,0.00,0.00
2018-05-31,5990.66,8997.16,0.00,0.00,0.00,0.00,0.00
2018-06-01,5753.16,9321.00,0.00,0.00,0.00,0.00,0.00
2018-06-02,5357.30,7988.00,0.00,0.00,0.00,0.00,0.00
2018-06-03,11250.50,14001.00,0.00,0.00,0.00,0.00,0.00
2018-06-04,7569.18,9512.00,0.00,0.00,0.00,0.00,0.00
2018-06-05,7711.39,9835.00,0.00,0.00,0.00,0.00,0.00
2018-06-06,8972.05,12314.00,0.00,0.00,0.00,0.00,0.00
2018-06-07,7978.60,12489.00,0.00,0.00,0.00,0.00,0.00
2018-06-08,10291.64,12918.00,0.00,0.00,0.00,0.00,0.00
2018-06-09,3079.98,4149.44,0.00,0.00,0.00,0.00,0.00
2018-06-10,0.00,0.00,0.00,0.00,0.00,0.00,0.00
2018-06-11,0.00,0.00,0.00,0.00,0.00,0.00,0.00
2018-06-12,0.00,0.00,0.00,0.00,0.00,0.00,0.00
2018-06-13,0.00,0.00,0.00,0.00,0.00,0.00,0.00
2018-06-14,0.00,0.00,0.00,0.00,0.00,0.00,0.00
2018-06-15,0.00,0.00,0.00,0.00,0.00,0.00,0.00
2018-06-16,0.00,0.00,0.00,0.00,0.00,0.00,0.00
2018-06-17,0.00,0.00,0.00,0.00,0.00,0.00,0.00
2018-06-18,0.00,0.00,0.00,0.00,0.00,0.00,0.00
2018-06-19,0.00,0.00,0.00,0.00,0.00,0.00,0.00
2018-06-20,0.00,0.00,0.00,0.00,0.00,0.00,0.00
2018-06-21,0.00,0.00,0.00,0.00,0.00,0.00,0.00
2018-06-22,0.00,0.00,0.00,0.00,0.00,0.00,0.00
2018-06-23,0.00,0.00,0.00,0.00,0.00,0.00,0.00
2018-06-24,0.00,0.00,0.00,0.00,0.00,0.00,0.00
2018-06-25,0.00,0.00,0.00,0.00,0.00,0.00,0.00
2018-06-26,0.00,0.00,0.00,0.00,0.00,0.00,0.00
2018-06-27,0.00,0.00,0.00,0.00,0.00,0.00,0.00
2018-06-28,0.00,0.00,0.00,0.00,0.00,0.00,0.00
2018-06-29,0.00,0.00,0.00,0.00,0.00,0.00,0.00
2018-06-30,0.00,0.00,0.00,0.00,0.00,0.00,0.00
2018-07-01,0.00,0.00,0.00,0.00,0.00,0.00,0.00
2018-07-02,0.00,0.00,0.00,0.00,0.00,0.00,0.00
2018-07-03,0.00,0.00,0.00,0.00,0.00,0.00,0.00
2018-07-04,2516.81,3545.00,0.00,0.00,0.00,0.00,0.00
2018-07-05,6980.51,10737.00,0.00,0.00,0.00,0.00,0.00
2018-07-06,2640.83,4109.00,0.00,0.00,0.00,0.00,0.00
2018-07-07,13200.04,16804.00,0.00,0.00,0.00,0.00,0.00
2018-07-08,14279.53,15803.00,0.00,0.00,0.00,0.00,0.00
2018-07-09,6760.34,8472.80,0.00,0.00,0.00,0.00,0.00
2018-07-10,5285.17,7929.20,0.00,0.00,0.00,0.00,0.00
2018-07-11,12457.82,18611.00,0.00,0.00,0.00,0.00,0.00
2018-07-12,8377.37,13244.00,0.00,0.00,0.00,0.00,0.00
2018-07-13,17717.50,21007.00,0.00,0.00,0.00,0.00,0.00
2018-07-14,16004.27,18788.65,0.00,0.00,0.00,0.00,0.00
2018-07-15,5668.23,9281.00,0.00,0.00,0.00,0.00,0.00
2018-07-16,6493.42,8430.00,0.00,0.00,0.00,0.00,0.00
2018-07-17,9569.31,11052.00,0.00,0.00,0.00,0.00,0.00
2018-07-18,9824.59,11291.00,0.00,0.00,0.00,0.00,0.00
2018-07-19,8609.55,11171.00,0.00,0.00,0.00,0.00,0.00
2018-07-20,12399.73,21299.00,0.00,0.00,0.00,0.00,0.00
2018-07-21,20819.77,30113.00,0.00,0.00,0.00,0.00,0.00
2018-07-22,5347.77,8324.00,0.00,0.00,0.00,0.00,0.00
2018-07-23,4359.03,6739.00,0.00,0.00,0.00,0.00,0.00
2018-07-24,6166.59,9516.00,0.00,0.00,0.00,0.00,0.00
2018-07-25,5680.98,7946.00,0.00,0.00,0.00,0.00,0.00
2018-07-26,4730.05,6158.85,0.00,0.00,0.00,0.00,0.00
2018-07-27,8095.90,10708.15,0.00,0.00,0.00,0.00,0.00
2018-07-28,12765.13,21237.62,0.00,0.00,0.00,0.00,0.00
2018-07-29,8755.53,12860.38,0.00,0.00,0.00,0.00,0.00
2018-07-30,6331.44,8048.00,0.00,0.00,0.00,0.00,0.00
2018-07-31,7341.76,9161.00,0.00,0.00,0.00,0.00,0.00
2018-08-01,4575.33,6616.00,0.00,0.00,0.00,0.00,0.00
2018-08-02,7020.88,8911.00,0.00,0.00,0.00,0.00,0.00
2018-08-03,8136.03,13231.33,0.00,0.00,0.00,0.00,0.00
2018-08-04,6070.70,10674.00,0.00,0.00,0.00,0.00,0.00
2018-08-05,6350.01,10456.00,0.00,0.00,0.00,0.00,0.00
2018-08-06,3423.14,5135.00,0.00,0.00,0.00,0.00,0.00
2018-08-07,2873.66,4754.00,0.00,0.00,0.00,0.00,0.00
2018-08-08,4664.11,7347.00,0.00,0.00,0.00,0.00,0.00
2018-08-09,4713.98,7436.00,0.00,0.00,0.00,0.00,0.00
2018-08-10,13856.45,23528.00,0.00,0.00,0.00,0.00,0.00
2018-08-11,10207.91,15785.00,0.00,0.00,0.00,0.00,0.00
2018-08-12,5408.48,7328.00,0.00,0.00,0.00,0.00,0.00
2018-08-13,7081.67,10498.00,0.00,0.00,0.00,0.00,0.00
2018-08-14,3595.23,4790.00,0.00,0.00,0.00,0.00,0.00
2018-08-15,6181.15,6869.00,0.00,0.00,0.00,0.00,0.00
2018-08-16,12039.64,11387.00,0.00,0.00,0.00,0.00,0.00
2018-08-17,4249.70,6835.00,0.00,0.00,0.00,0.00,0.00
2018-08-18,9856.98,12758.00,0.00,0.00,0.00,0.00,0.00
2018-08-19,13761.71,15114.00,0.00,0.00,0.00,0.00,0.00
2018-08-20,9484.29,10250.91,0.00,0.00,0.00,0.00,0.00
2018-08-21,5324.23,6582.51,0.00,0.00,0.00,0.00,0.00
2018-08-22,8533.19,7941.49,0.00,0.00,0.00,0.00,0.00
2018-08-23,6082.44,7900.00,0.00,0.00,0.00,0.00,0.00
2018-08-24,10991.17,12142.00,0.00,0.00,0.00,0.00,0.00
2018-08-25,11251.80,13386.00,0.00,0.00,0.00,0.00,0.00
2018-08-26,16056.27,18070.04,0.00,0.00,0.00,0.00,0.00
2018-08-27,14655.28,15780.87,0.00,0.00,0.00,0.00,0.00
2018-08-28,14315.82,17724.00,0.00,0.00,0.00,0.00,0.00
2018-08-29,7482.15,12734.20,0.00,0.00,0.00,0.00,0.00
2018-08-30,12509.56,12087.65,0.00,0.00,0.00,0.00,0.00
2018-08-31,12483.07,11458.00,0.00,0.00,0.00,0.00,0.00
2018-09-01,6432.11,12320.00,0.00,0.00,0.00,0.00,0.00
2018-09-02,23717.64,19349.00,0.00,0.00,0.00,0.00,0.00
2018-09-03,12381.05,10528.18,0.00,0.00,0.00,0.00,0.00
2018-09-04,14649.53,12584.90,0.00,0.00,0.00,0.00,0.00
2018-09-05,13488.93,12337.00,0.00,0.00,0.00,0.00,0.00
2018-09-06,10042.26,12179.00,0.00,0.00,0.00,0.00,0.00
2018-09-07,22058.16,19270.00,0.00,0.00,0.00,0.00,0.00
2018-09-08,12002.24,12221.00,0.00,0.00,0.00,0.00,0.00
2018-09-09,12212.53,12285.00,0.00,0.00,0.00,0.00,0.00
2018-09-10,12238.21,9684.00,0.00,0.00,0.00,0.00,0.00
2018-09-11,13197.81,12228.00,0.00,0.00,0.00,0.00,0.00
2018-09-12,12646.34,12360.44,0.00,0.00,0.00,0.00,0.00
2018-09-13,8879.10,12496.85,0.00,0.00,0.00,0.00,0.00
2018-09-14,17415.77,16319.00,0.00,0.00,0.00,0.00,0.00
2018-09-15,8792.59,16049.00,0.00,0.00,0.00,0.00,0.00
2018-09-16,8842.32,11808.00,0.00,0.00,0.00,0.00,0.00
2018-09-17,18180.20,16708.00,0.00,0.00,0.00,0.00,0.00
2018-09-18,16549.65,17771.00,0.00,0.00,0.00,0.00,0.00
2018-09-19,9084.01,9499.92,0.00,0.00,0.00,0.00,0.00
2018-09-20,6469.76,5002.00,0.00,0.00,0.00,0.00,0.00
2018-09-21,10655.52,9034.00,0.00,0.00,0.00,0.00,0.00
2018-09-22,8834.27,25097.00,0.00,0.00,0.00,0.00,0.00
2018-09-23,12022.84,14215.00,0.00,0.00,0.00,0.00,0.00
2018-09-24,8212.64,10378.00,0.00,0.00,0.00,0.00,0.00
2018-09-25,8335.95,8214.34,0.00,0.00,0.00,0.00,0.00
2018-09-26,5620.31,5838.00,0.00,0.00,0.00,0.00,0.00
2018-09-27,4360.02,5391.10,0.00,0.00,0.00,0.00,0.00
2018-09-28,3071.07,8851.00,0.00,0.00,0.00,0.00,0.00
2018-09-29,9420.79,10101.00,0.00,0.00,0.00,0.00,0.00
2018-09-30,2792.35,539.00,0.00,0.00,0.00,0.00,0.00
2018-10-01,3075.11,1513.00,0.00,0.00,0.00,0.00,0.00
2018-10-02,6252.35,11749.00,0.00,0.00,0.00,0.00,0.00
2018-10-03,16842.01,15137.00,0.00,0.00,0.00,0.00,0.00
2018-10-04,15569.22,13341.00,0.00,0.00,0.00,0.00,0.00
2018-10-05,19267.45,18022.00,0.00,0.00,0.00,0.00,0.00
2018-10-06,8475.88,7938.79,0.00,0.00,0.00,0.00,0.00
2018-10-07,9012.74,11299.00,0.00,0.00,0.00,0.00,0.00
2018-10-08,10946.82,9007.00,0.00,0.00,0.00,0.00,0.00
2018-10-09,6049.99,8731.00,0.00,0.00,0.00,0.00,0.00
2018-10-10,7860.76,7490.00,0.00,0.00,0.00,0.00,0.00
2018-10-11,11298.65,12866.43,0.00,0.00,0.00,0.00,0.00
2018-10-12,6060.13,7954.65,0.00,0.00,0.00,0.00,0.00
2018-10-13,7875.53,9877.00,0.00,0.00,0.00,0.00,0.00
2018-10-14,8107.11,6983.53,0.00,0.00,0.00,0.00,0.00
2018-10-15,10980.17,10532.47,0.00,0.00,0.00,0.00,0.00
2018-10-16,14559.23,13656.58,0.00,0.00,0.00,0.00,0.00
2018-10-17,19779.53,20416.46,0.00,0.00,0.00,0.00,0.00
2018-10-18,8478.53,10027.00,0.00,0.00,0.00,0.00,0.00
2018-10-19,12995.68,16131.00,0.00,0.00,0.00,0.00,0.00
2018-10-20,4390.01,2284.00,0.00,0.00,0.00,0.00,0.00
2018-10-21,20336.21,21268.12,0.00,0.00,0.00,0.00,0.00
2018-10-22,11775.04,8589.00,0.00,0.00,0.00,0.00,0.00
2018-10-23,12477.16,9890.40,0.00,0.00,0.00,0.00,0.00
2018-10-24,8868.94,10627.99,0.00,0.00,0.00,0.00,0.00
2018-10-25,6273.88,12280.00,0.00,0.00,0.00,0.00,0.00
2018-10-26,17836.47,16616.00,0.00,0.00,0.00,0.00,0.00
2018-10-27,13377.73,15397.00,0.00,0.00,0.00,0.00,0.00
2018-10-28,11054.47,9942.79,0.00,0.00,0.00,0.00,0.00
2018-10-29,8809.66,8646.00,0.00,0.00,0.00,0.00,0.00
2018-10-30,6687.30,8626.52,0.00,0.00,0.00,0.00,0.00
2018-10-31,4097.44,9106.00,0.00,0.00,0.00,0.00,0.00
2018-11-01,16856.13,17822.00,0.00,0.00,0.00,0.00,0.00
2018-11-02,7132.17,8820.00,0.00,0.00,0.00,0.00,0.00
2018-11-03,5241.82,12207.00,0.00,0.00,0.00,0.00,0.00
2018-11-04,6672.66,8290.00,0.00,0.00,0.00,0.00,0.00
2018-11-05,8582.99,11545.00,0.00,0.00,0.00,0.00,0.00
2018-11-06,5415.07,7811.00,0.00,0.00,0.00,0.00,0.00
2018-11-07,4942.36,7238.00,0.00,0.00,0.00,0.00,0.00
2018-11-08,16025.56,18363.00,0.00,0.00,0.00,0.00,0.00
2018-11-09,22780.29,26205.00,0.00,0.00,0.00,0.00,0.00
2018-11-10,6922.05,11303.00,0.00,0.00,0.00,0.00,0.00
2018-11-11,6515.72,8877.00,0.00,0.00,0.00,0.00,0.00
2018-11-12,10583.14,14577.00,0.00,0.00,0.00,0.00,0.00
2018-11-13,18521.83,21542.00,0.00,0.00,0.00,0.00,0.00
2018-11-14,6403.03,8987.00,0.00,0.00,0.00,0.00,0.00
2018-11-15,11600.94,15098.00,0.00,0.00,0.00,0.00,0.00
2018-11-16,17781.08,20943.00,0.00,0.00,0.00,0.00,0.00
2018-11-17,13202.00,18381.00,0.00,0.00,0.00,0.00,0.00
2018-11-18,7194.81,10307.00,0.00,0.00,0.00,0.00,0.00
2018-11-19,15285.74,17320.00,0.00,0.00,0.00,0.00,0.00
2018-11-20,7433.94,10380.00,0.00,0.00,0.00,0.00,0.00
2018-11-21,6423.58,8802.00,0.00,0.00,0.00,0.00,0.00
2018-11-22,6787.69,10215.00,0.00,0.00,0.00,0.00,0.00
2018-11-23,7184.97,10571.00,0.00,0.00,0.00,0.00,0.00
2018-11-24,12741.75,17335.00,0.00,0.00,0.00,0.00,0.00
2018-11-25,11601.84,17205.00,0.00,0.00,0.00,0.00,0.00
2018-11-26,6136.47,9029.00,0.00,0.00,0.00,0.00,0.00
2018-11-27,6128.24,8556.00,0.00,0.00,0.00,0.00,0.00
2018-11-28,11176.15,14232.00,0.00,0.00,0.00,0.00,0.00
2018-11-29,7178.67,10155.68,0.00,0.00,0.00,0.00,0.00
2018-11-30,5979.49,8183.45,0.00,0.00,0.00,0.00,0.00
2018-12-01,681.02,1110.00,0.00,0.00,0.00,0.00,0.00
2018-12-02,14100.70,16962.00,0.00,0.00,0.00,0.00,0.00
2018-12-03,11557.32,13190.54,0.00,0.00,0.00,0.00,0.00
2018-12-04,9060.47,12351.00,0.00,0.00,0.00,0.00,0.00
2018-12-05,9048.11,12277.00,0.00,0.00,0.00,0.00,0.00
2018-12-06,6436.60,9963.00,0.00,0.00,0.00,0.00,0.00
2018-12-07,11720.82,13080.00,0.00,0.00,0.00,0.00,0.00
2018-12-08,6904.26,9693.00,0.00,0.00,0.00,0.00,0.00
2018-12-09,5476.99,8291.00,0.00,0.00,0.00,0.00,0.00
2018-12-10,6997.52,9895.00,0.00,0.00,0.00,0.00,0.00
2018-12-11,6397.04,8744.00,0.00,0.00,0.00,0.00,0.00
2018-12-12,6086.60,9842.00,0.00,0.00,0.00,0.00,0.00
2018-12-13,5902.15,9012.00,0.00,0.00,0.00,0.00,0.00
2018-12-14,12790.90,18160.00,0.00,0.00,0.00,0.00,0.00
2018-12-15,4811.18,7188.00,0.00,0.00,0.00,0.00,0.00
2018-12-16,10072.43,15395.40,0.00,0.00,0.00,0.00,0.00
2018-12-17,13393.49,16046.71,0.00,0.00,0.00,0.00,0.00
2018-12-18,4414.09,7035.00,0.00,0.00,0.00,0.00,0.00
2018-12-19,14189.69,16064.97,0.00,0.00,0.00,0.00,0.00
2018-12-20,5850.80,8398.00,0.00,0.00,0.00,0.00,0.00
2018-12-21,2954.18,4148.00,0.00,0.00,0.00,0.00,0.00
2018-12-22,19789.12,24563.00,0.00,0.00,0.00,0.00,0.00
2018-12-23,15115.76,17489.00,0.00,0.00,0.00,0.00,0.00
2018-12-24,6564.29,9073.00,0.00,0.00,0.00,0.00,0.00
2018-12-25,9053.98,11157.89,0.00,0.00,0.00,0.00,0.00
2018-12-26,17007.64,19134.00,0.00,0.00,0.00,0.00,0.00
2018-12-27,6297.19,9052.00,0.00,0.00,0.00,0.00,0.00
2018-12-28,9777.71,13260.82,0.00,0.00,0.00,0.00,0.00
2018-12-29,3088.16,4254.91,0.00,0.00,0.00,0.00,0.00
2018-12-30,18402.58,26030.73,0.00,0.00,0.00,0.00,0.00
2018-12-31,7907.33,11324.00,0.00,0.00,0.00,0.00,0.00
2019-01-01,19402.23,22324.00,0.00,0.00,0.00,0.00,0.00
2019-01-02,17416.65,19929.48,0.00,0.00,0.00,0.00,0.00
2019-01-03,10129.16,12769.54,0.00,0.00,0.00,0.00,0.00
2019-01-04,11479.14,16801.41,0.00,0.00,0.00,0.00,0.00
2019-01-05,6986.38,9631.00,0.00,0.00,0.00,0.00,0.00
2019-01-06,13214.26,20533.57,0.00,0.00,0.00,0.00,0.00
2019-01-07,5866.98,9577.00,0.00,0.00,0.00,0.00,0.00
2019-01-08,7156.14,10168.00,0.00,0.00,0.00,0.00,0.00
2019-01-09,6906.80,9623.00,0.00,0.00,0.00,0.00,0.00
2019-01-10,13329.75,16795.23,0.00,0.00,0.00,0.00,0.00
2019-01-11,15222.21,17321.00,0.00,0.00,0.00,0.00,0.00
2019-01-12,16898.39,18912.13,0.00,0.00,0.00,0.00,0.00
2019-01-13,14898.15,17251.00,0.00,0.00,0.00,0.00,0.00
2019-01-14,14124.59,16793.74,0.00,0.00,0.00,0.00,0.00
2019-01-15,14660.37,17669.30,0.00,0.00,0.00,0.00,0.00
2019-01-16,6257.18,9251.00,0.00,0.00,0.00,0.00,0.00
2019-01-17,6820.04,9704.10,0.00,0.00,0.00,0.00,0.00
2019-01-18,6644.62,9482.90,0.00,0.00,0.00,0.00,0.00
2019-01-19,3737.16,5640.00,0.00,0.00,0.00,0.00,0.00
2019-01-20,5297.28,9158.00,0.00,0.00,0.00,0.00,0.00
2019-01-21,2327.53,3707.00,0.00,0.00,0.00,0.00,0.00
2019-01-22,6012.37,9944.00,0.00,0.00,0.00,0.00,0.00
2019-01-23,6353.48,10081.00,0.00,0.00,0.00,0.00,0.00
2019-01-24,5298.51,8516.00,0.00,0.00,0.00,0.00,0.00
2019-01-25,8892.10,12895.00,0.00,0.00,0.00,0.00,0.00
2019-01-26,8874.79,12204.44,0.00,0.00,0.00,0.00,0.00
2019-01-27,6931.46,9766.00,0.00,0.00,0.00,0.00,0.00
2019-01-28,5583.54,8559.20,0.00,0.00,0.00,0.00,0.00
2019-01-29,6305.11,9548.00,0.00,0.00,0.00,0.00,0.00
2019-01-30,1935.92,2993.00,0.00,0.00,0.00,0.00,0.00
2019-01-31,5401.13,7779.00,0.00,0.00,0.00,0.00,0.00
2019-02-01,2784.36,4056.00,0.00,0.00,0.00,0.00,0.00
2019-02-02,5675.21,7876.98,0.00,0.00,0.00,0.00,0.00
2019-02-03,6687.12,9479.47,0.00,0.00,0.00,0.00,0.00
2019-02-04,6232.20,9214.67,0.00,0.00,0.00,0.00,0.00
2019-02-05,5718.84,7856.58,0.00,0.00,0.00,0.00,0.00
2019-02-06,3762.48,6118.00,0.00,0.00,0.00,0.00,0.00
2019-02-07,4023.31,6386.00,0.00,0.00,0.00,0.00,0.00
2019-02-08,7371.60,10715.19,0.00,0.00,0.00,0.00,0.00
2019-02-09,4362.54,6870.00,0.00,0.00,0.00,0.00,0.00
2019-02-10,3998.85,6822.00,0.00,0.00,0.00,0.00,0.00
2019-02-11,5603.77,8928.00,0.00,0.00,0.00,0.00,0.00
2019-02-12,8415.91,12632.00,0.00,0.00,0.00,0.00,0.00
2019-02-13,8616.80,12864.00,0.00,0.00,0.00,0.00,0.00
2019-02-14,15461.71,19152.00,0.00,0.00,0.00,0.00,0.00
2019-02-15,18657.06,23852.00,0.00,0.00,0.00,0.00,0.00
2019-02-16,9743.60,10912.00,0.00,0.00,0.00,0.00,0.00
2019-02-17,13018.33,12485.00,0.00,0.00,0.00,0.00,0.00
2019-02-18,15150.66,18492.00,0.00,0.00,0.00,0.00,0.00
2019-02-19,13091.99,15658.00,0.00,0.00,0.00,0.00,0.00
2019-02-20,10971.06,12070.00,0.00,0.00,0.00,0.00,0.00
2019-02-21,8901.09,12425.00,0.00,0.00,0.00,0.00,0.00
2019-02-22,7783.62,10373.00,0.00,0.00,0.00,0.00,0.00
2019-02-23,19020.27,22862.78,0.00,0.00,0.00,0.00,0.00
2019-02-24,13751.50,16053.22,0.00,0.00,0.00,0.00,0.00
2019-02-25,4587.53,6680.00,0.00,0.00,0.00,0.00,0.00
2019-02-26,7232.27,10562.00,0.00,0.00,0.00,0.00,0.00
2019-02-27,7797.41,11678.00,0.00,0.00,0.00,0.00,0.00
2019-02-28,5898.10,7772.00,0.00,0.00,0.00,0.00,0.00
2019-03-01,18213.70,22001.21,0.00,0.00,0.00,0.00,0.00
2019-03-02,12288.28,16856.00,0.00,0.00,0.00,0.00,0.00
2019-03-03,14043.48,15946.59,0.00,0.00,0.00,0.00,0.00
2019-03-04,16420.29,20211.00,0.00,0.00,0.00,0.00,0.00
2019-03-05,16160.41,18125.80,0.00,0.00,0.00,0.00,0.00
2019-03-06,9886.39,11765.43,0.00,0.00,0.00,0.00,0.00
2019-03-07,7111.24,10104.44,0.00,0.00,0.00,0.00,0.00
2019-03-08,17274.22,20593.00,0.00,0.00,0.00,0.00,0.00
2019-03-09,10129.54,13957.62,0.00,0.00,0.00,0.00,0.00
2019-03-10,8667.53,11508.25,0.00,0.00,0.00,0.00,0.00
2019-03-11,12202.12,13364.00,0.00,0.00,0.00,0.00,0.00
2019-03-12,11108.99,13217.00,0.00,0.00,0.00,0.00,0.00
2019-03-13,11397.00,12620.00,0.00,0.00,0.00,0.00,0.00
2019-03-14,9295.02,10497.50,0.00,0.00,0.00,0.00,0.00
2019-03-15,2681.71,3450.00,0.00,0.00,0.00,0.00,0.00
2019-03-16,18070.66,20702.00,0.00,0.00,0.00,0.00,0.00
2019-03-17,12141.06,13559.10,0.00,0.00,0.00,0.00,0.00
2019-03-18,6653.98,8802.00,0.00,0.00,0.00,0.00,0.00
2019-03-19,15645.42,17943.49,0.00,0.00,0.00,0.00,0.00
2019-03-20,8567.56,12458.19,0.00,0.00,0.00,0.00,0.00
2019-03-21,7574.55,9957.00,0.00,0.00,0.00,0.00,0.00
2019-03-22,15466.71,18312.00,0.00,0.00,0.00,0.00,0.00
2019-03-23,11199.30,13028.00,0.00,0.00,0.00,0.00,0.00
2019-03-24,12891.37,14659.27,0.00,0.00,0.00,0.00,0.00
2019-03-25,6184.09,8875.07,0.00,0.00,0.00,0.00,0.00
2019-03-26,10881.69,12081.00,0.00,0.00,0.00,0.00,0.00
2019-03-27,12311.68,14445.00,0.00,0.00,0.00,0.00,0.00
2019-03-28,8542.32,12437.00,0.00,0.00,0.00,0.00,0.00
2019-03-29,18782.60,22989.83,0.00,0.00,0.00,0.00,0.00
2019-03-30,11578.13,12148.00,0.00,0.00,0.00,0.00,0.00
2019-03-31,9213.76,12622.00,0.00,0.00,0.00,0.00,0.00
2019-04-01,7392.21,10572.00,0.00,0.00,0.00,0.00,0.00
2019-04-02,10347.93,13286.00,0.00,0.00,0.00,0.00,0.00
2019-04-03,7200.83,10335.00,0.00,0.00,0.00,0.00,0.00
2019-04-04,7166.57,9867.56,0.00,0.00,0.00,0.00,0.00
2019-04-05,7201.47,10205.06,0.00,0.00,0.00,0.00,0.00
2019-04-06,13018.90,15780.00,0.00,0.00,0.00,0.00,0.00
2019-04-07,6873.27,10120.00,0.00,0.00,0.00,0.00,0.00
2019-04-08,11989.90,14175.00,0.00,0.00,0.00,0.00,0.00
2019-04-09,7306.36,9865.92,0.00,0.00,0.00,0.00,0.00
2019-04-10,6821.25,9430.08,0.00,0.00,0.00,0.00,0.00
2019-04-11,7325.31,10305.00,0.00,0.00,0.00,0.00,0.00
2019-04-12,10175.55,14570.00,0.00,0.00,0.00,0.00,0.00
2019-04-13,7657.81,12217.00,0.00,0.00,0.00,0.00,0.00
2019-04-14,13557.76,15618.00,0.00,0.00,0.00,0.00,0.00
2019-04-15,9760.00,12884.98,0.00,0.00,0.00,0.00,0.00
2019-04-16,6159.70,9438.00,0.00,0.00,0.00,0.00,0.00
2019-04-17,6523.58,10157.00,0.00,0.00,0.00,0.00,0.00
2019-04-18,11999.87,14511.00,0.00,0.00,0.00,0.00,0.00
2019-04-19,3449.74,5208.00,0.00,0.00,0.00,0.00,0.00
2019-04-20,5390.82,8455.00,0.00,0.00,0.00,0.00,0.00
2019-04-21,9471.24,13430.00,0.00,0.00,0.00,0.00,0.00
2019-04-22,6996.19,9779.00,0.00,0.00,0.00,0.00,0.00
2019-04-23,4658.67,7151.00,0.00,0.00,0.00,0.00,0.00
2019-04-24,6312.40,8807.00,0.00,0.00,0.00,0.00,0.00
2019-04-25,7530.83,10884.00,0.00,0.00,0.00,0.00,0.00
2019-04-26,48.76,72.00,0.00,0.00,0.00,0.00,0.00
2019-04-27,4871.47,7104.88,0.00,0.00,0.00,0.00,0.00
2019-04-28,11267.63,13867.86,0.00,0.00,0.00,0.00,0.00
2019-04-29,5051.42,6910.00,0.00,0.00,0.00,0.00,0.00
2019-04-30,8833.27,13207.14,0.00,0.00,0.00,0.00,0.00
2019-05-01,20402.20,32704.86,0.00,0.00,0.00,0.00,0.00
2019-05-02,6251.32,10568.00,0.00,0.00,0.00,0.00,0.00
2019-05-03,5577.64,8632.00,0.00,0.00,0.00,0.00,0.00
2019-05-04,5355.11,7830.21,0.00,0.00,0.00,0.00,0.00
2019-05-05,9301.65,12500.00,0.00,0.00,0.00,0.00,0.00
2019-05-06,12742.65,15399.52,0.00,0.00,0.00,0.00,0.00
2019-05-07,15422.57,18996.65,0.00,0.00,0.00,0.00,0.00
2019-05-08,9330.67,12636.00,0.00,0.00,0.00,0.00,0.00
2019-05-09,11717.49,14789.00,0.00,0.00,0.00,0.00,0.00
2019-05-10,5026.66,8096.00,0.00,0.00,0.00,0.00,0.00
2019-05-11,2953.52,4839.00,0.00,0.00,0.00,0.00,0.00
2019-05-12,6737.20,9791.00,0.00,0.00,0.00,0.00,0.00
2019-05-13,5079.96,7144.00,0.00,0.00,0.00,0.00,0.00
2019-05-14,7559.50,11086.00,0.00,0.00,0.00,0.00,0.00
2019-05-15,4471.06,6378.00,0.00,0.00,0.00,0.00,0.00
2019-05-16,4018.71,5935.62,0.00,0.00,0.00,0.00,0.00
2019-05-17,5745.25,7964.00,0.00,0.00,0.00,0.00,0.00
2019-05-18,1998.96,3228.00,0.00,0.00,0.00,0.00,0.00
2019-05-19,5228.58,7104.00,0.00,0.00,0.00,0.00,0.00
2019-05-20,4452.92,6219.00,0.00,0.00,0.00,0.00,0.00
2019-05-21,7284.71,11077.00,0.00,0.00,0.00,0.00,0.00
2019-05-22,5545.75,7844.00,0.00,0.00,0.00,0.00,0.00
2019-05-23,3104.74,4391.00,0.00,0.00,0.00,0.00,0.00
2019-05-24,3452.92,5791.00,0.00,0.00,0.00,0.00,0.00
2019-05-25,3123.92,5213.00,0.00,0.00,0.00,0.00,0.00
2019-05-26,4444.36,6167.00,0.00,0.00,0.00,0.00,0.00
2019-05-27,5337.11,8067.00,0.00,0.00,0.00,0.00,0.00
2019-05-28,6783.61,9767.00,0.00,0.00,0.00,0.00,0.00
2019-05-29,5470.93,7683.00,0.00,0.00,0.00,0.00,0.00
2019-05-30,6503.56,9814.00,0.00,0.00,0.00,0.00,0.00
2019-05-31,14196.19,22680.00,0.00,0.00,0.00,0.00,0.00
2019-06-01,8816.28,14433.00,0.00,0.00,0.00,0.00,0.00
2019-06-02,7423.03,10492.00,0.00,0.00,0.00,0.00,0.00
2019-06-03,5319.64,7833.00,0.00,0.00,0.00,0.00,0.00
2019-06-04,4882.82,6621.00,0.00,0.00,0.00,0.00,0.00
2019-06-05,4958.90,7584.00,0.00,0.00,0.00,0.00,0.00
2019-06-06,4421.37,7167.00,0.00,0.00,0.00,0.00,0.00
2019-06-07,5299.10,7415.00,0.00,0.00,0.00,0.00,0.00
2019-06-08,6167.64,8660.00,0.00,0.00,0.00,0.00,0.00
2019-06-09,5523.57,7820.00,0.00,0.00,0.00,0.00,0.00
2019-06-10,6089.67,8707.00,0.00,0.00,0.00,0.00,0.00
2019-06-11,12580.90,15247.00,0.00,0.00,0.00,0.00,0.00
2019-06-12,5168.05,7053.00,0.00,0.00,0.00,0.00,0.00
2019-06-13,5772.78,8045.00,0.00,0.00,0.00,0.00,0.00
2019-06-14,4713.17,7868.00,0.00,0.00,0.00,0.00,0.00
2019-06-15,5186.13,9020.00,0.00,0.00,0.00,0.00,0.00
2019-06-16,5229.44,7190.00,0.00,0.00,0.00,0.00,0.00
2019-06-17,13035.28,16917.13,0.00,0.00,0.00,0.00,0.00
2019-06-18,11707.05,14491.87,0.00,0.00,0.00,0.00,0.00
2019-06-19,6666.18,9172.00,0.00,0.00,0.00,0.00,0.00
2019-06-20,8151.00,11337.00,0.00,0.00,0.00,0.00,0.00
2019-06-21,13293.68,17939.45,0.00,0.00,0.00,0.00,0.00
2019-06-22,10761.35,15480.38,0.00,0.00,0.00,0.00,0.00
2019-06-23,6928.90,9797.00,0.00,0.00,0.00,0.00,0.00
2019-06-24,12489.06,15678.77,0.00,0.00,0.00,0.00,0.00
2019-06-25,5991.23,8197.23,0.00,0.00,0.00,0.00,0.00
2019-06-26,6291.05,8745.00,0.00,0.00,0.00,0.00,0.00
2019-06-27,4479.63,6193.00,0.00,0.00,0.00,0.00,0.00
2019-06-28,7816.43,11564.00,0.00,0.00,0.00,0.00,0.00
2019-06-29,3162.51,4617.00,0.00,0.00,0.00,0.00,0.00
2019-06-30,4579.38,6436.00,0.00,0.00,0.00,0.00,0.00
2019-07-01,4427.91,6206.00,0.00,0.00,0.00,0.00,0.00
2019-07-02,6937.65,9609.00,0.00,0.00,0.00,0.00,0.00
2019-07-03,6134.06,8563.00,0.00,0.00,0.00,0.00,0.00
2019-07-04,4811.28,6591.55,0.00,0.00,0.00,0.00,0.00
2019-07-05,10335.66,12233.50,0.00,0.00,0.00,0.00,0.00
2019-07-06,3682.03,5206.00,0.00,0.00,0.00,0.00,0.00
2019-07-07,6083.07,8495.00,0.00,0.00,0.00,0.00,0.00
2019-07-08,4927.46,6701.00,0.00,0.00,0.00,0.00,0.00
2019-07-09,5615.66,7817.00,0.00,0.00,0.00,0.00,0.00
2019-07-10,5721.20,8010.00,0.00,0.00,0.00,0.00,0.00
2019-07-11,5903.14,8010.00,0.00,0.00,0.00,0.00,0.00
2019-07-12,6816.49,9395.00,0.00,0.00,0.00,0.00,0.00
2019-07-13,9365.06,11700.00,0.00,0.00,0.00,0.00,0.00
2019-07-14,5250.56,7173.00,0.00,0.00,0.00,0.00,0.00
2019-07-15,11514.53,13365.00,0.00,0.00,0.00,0.00,0.00
2019-07-16,5603.89,7772.00,0.00,0.00,0.00,0.00,0.00
2019-07-17,6051.13,8224.00,0.00,0.00,0.00,0.00,0.00
2019-07-18,5547.09,7449.91,0.00,0.00,0.00,0.00,0.00
2019-07-19,6300.56,8814.58,0.00,0.00,0.00,0.00,0.00
2019-07-20,6871.53,9569.00,0.00,0.00,0.00,0.00,0.00
2019-07-21,6356.42,8776.00,0.00,0.00,0.00,0.00,0.00
2019-07-22,10963.34,12908.26,0.00,0.00,0.00,0.00,0.00
2019-07-23,6749.90,9378.77,0.00,0.00,0.00,0.00,0.00
2019-07-24,5200.12,6996.23,0.00,0.00,0.00,0.00,0.00
2019-07-25,7070.55,9842.00,0.00,0.00,0.00,0.00,0.00
2019-07-26,12570.36,16393.82,0.00,0.00,0.00,0.00,0.00
2019-07-27,8800.24,12482.18,0.00,0.00,0.00,0.00,0.00
2019-07-28,7666.41,10605.00,0.00,0.00,0.00,0.00,0.00
2019-07-29,6803.73,9588.00,0.00,0.00,0.00,0.00,0.00
2019-07-30,6005.27,8090.00,0.00,0.00,0.00,0.00,0.00
2019-07-31,5581.38,7652.00,0.00,0.00,0.00,0.00,0.00
2019-08-01,5463.15,7483.00,0.00,0.00,0.00,0.00,0.00
2019-08-02,14424.46,17291.00,0.00,0.00,0.00,0.00,0.00
2019-08-03,1277.36,1771.50,0.00,0.00,0.00,0.00,0.00
2019-08-04,6462.59,8905.50,0.00,0.00,0.00,0.00,0.00
2019-08-05,5447.23,7184.86,0.00,0.00,0.00,0.00,0.00
2019-08-06,7456.67,10247.70,0.00,0.00,0.00,0.00,0.00
2019-08-07,4497.14,6099.00,0.00,0.00,0.00,0.00,0.00
2019-08-08,6640.89,9033.02,0.00,0.00,0.00,0.00,0.00
2019-08-09,5821.81,8055.98,0.00,0.00,0.00,0.00,0.00
2019-08-10,9743.31,13719.00,0.00,0.00,0.00,0.00,0.00
2019-08-11,7283.31,10717.00,0.00,0.00,0.00,0.00,0.00
2019-08-12,6293.21,8677.00,0.00,0.00,0.00,0.00,0.00
2019-08-13,5054.17,7117.69,0.00,0.00,0.00,0.00,0.00
2019-08-14,11081.84,15163.80,0.00,0.00,0.00,0.00,0.00
2019-08-15,9164.08,12624.64,0.00,0.00,0.00,0.00,0.00
2019-08-16,10813.20,15185.87,0.00,0.00,0.00,0.00,0.00
2019-08-17,4944.88,7469.00,0.00,0.00,0.00,0.00,0.00
2019-08-18,5135.31,7494.00,0.00,0.00,0.00,0.00,0.00
2019-08-19,7048.48,11041.00,0.00,0.00,0.00,0.00,0.00
2019-08-20,6406.54,8813.00,0.00,0.00,0.00,0.00,0.00
2019-08-21,8305.23,11817.00,0.00,0.00,0.00,0.00,0.00
2019-08-22,4885.61,6887.00,0.00,0.00,0.00,0.00,0.00
2019-08-23,5305.59,7174.00,0.00,0.00,0.00,0.00,0.00
2019-08-24,6049.10,8539.00,0.00,0.00,0.00,0.00,0.00
2019-08-25,5447.13,7584.00,0.00,0.00,0.00,0.00,0.00
2019-08-26,5002.37,6815.00,0.00,0.00,0.00,0.00,0.00
2019-08-27,5651.59,7979.68,0.00,0.00,0.00,0.00,0.00
2019-08-28,9500.36,13521.81,0.00,0.00,0.00,0.00,0.00
2019-08-29,6072.30,8821.51,0.00,0.00,0.00,0.00,0.00
2019-08-30,13947.83,20061.15,0.00,0.00,0.00,0.00,0.00
2019-08-31,3375.80,4755.00,0.00,0.00,0.00,0.00,0.00
2019-09-01,6223.37,8546.00,0.00,0.00,0.00,0.00,0.00
2019-09-02,7640.42,10422.50,0.00,0.00,0.00,0.00,0.00
2019-09-03,6951.87,9576.76,0.00,0.00,0.00,0.00,0.00
2019-09-04,6117.38,8450.49,0.00,0.00,0.00,0.00,0.00
2019-09-05,6185.48,8544.25,0.00,0.00,0.00,0.00,0.00
2019-09-06,2799.35,3919.00,0.00,0.00,0.00,0.00,0.00
2019-09-07,3157.76,4451.00,0.00,0.00,0.00,0.00,0.00
2019-09-08,39.50,56.00,0.00,0.00,0.00,0.00,0.00
2019-09-09,5381.90,7372.51,0.00,0.00,0.00,0.00,0.00
2019-09-10,7722.21,10971.49,0.00,0.00,0.00,0.00,0.00
2019-09-11,5932.37,8204.00,0.00,0.00,0.00,0.00,0.00
2019-09-12,467.90,624.00,0.00,0.00,0.00,0.00,0.00
2019-09-13,8557.50,12364.00,0.00,0.00,0.00,0.00,0.00
2019-09-14,4377.08,6302.00,0.00,0.00,0.00,0.00,0.00
2019-09-15,7693.20,10797.00,0.00,0.00,0.00,0.00,0.00
2019-09-16,8806.15,12511.10,0.00,0.00,0.00,0.00,0.00
2019-09-17,5962.93,8655.90,0.00,0.00,0.00,0.00,0.00
2019-09-18,5608.87,7687.00,0.00,0.00,0.00,0.00,0.00
2019-09-19,7394.00,10402.85,0.00,0.00,0.00,0.00,0.00
2019-09-20,3584.25,5064.00,0.00,0.00,0.00,0.00,0.00
2019-09-21,6357.90,8977.00,0.00,0.00,0.00,0.00,0.00
2019-09-22,5985.58,8312.00,0.00,0.00,0.00,0.00,0.00
2019-09-23,6429.04,8601.00,0.00,0.00,0.00,0.00,0.00
2019-09-24,2321.65,3062.41,0.00,0.00,0.00,0.00,0.00
2019-09-25,6380.87,8456.30,0.00,0.00,0.00,0.00,0.00
2019-09-26,7315.97,9894.29,0.00,0.00,0.00,0.00,0.00
2019-09-27,8230.36,11643.00,0.00,0.00,0.00,0.00,0.00
2019-09-28,6986.25,9565.00,0.00,0.00,0.00,0.00,0.00
2019-09-29,7506.00,9956.00,0.00,0.00,0.00,0.00,0.00
2019-09-30,9299.61,13365.00,0.00,0.00,0.00,0.00,0.00
2019-10-01,7502.73,10444.00,0.00,0.00,0.00,0.00,0.00
2019-10-02,21315.74,30781.84,0.00,0.00,0.00,0.00,0.00
2019-10-03,12925.00,19568.16,0.00,0.00,0.00,0.00,0.00
2019-10-04,6661.52,9501.00,0.00,0.00,0.00,0.00,0.00
2019-10-05,7022.15,9736.00,0.00,0.00,0.00,0.00,0.00
2019-10-06,7084.49,9834.00,0.00,0.00,0.00,0.00,0.00
2019-10-07,6991.83,9976.00,0.00,0.00,0.00,0.00,0.00
2019-10-08,8179.50,11591.00,0.00,0.00,0.00,0.00,0.00
2019-10-09,7519.37,10134.00,0.00,0.00,0.00,0.00,0.00
2019-10-10,6734.58,9076.00,0.00,0.00,0.00,0.00,0.00
2019-10-11,5987.66,8158.00,0.00,0.00,0.00,0.00,0.00
2019-10-12,4434.34,6402.00,0.00,0.00,0.00,0.00,0.00
2019-10-13,7653.80,10122.57,0.00,0.00,0.00,0.00,0.00
2019-10-14,9214.69,12402.39,0.00,0.00,0.00,0.00,0.00
2019-10-15,10081.13,14194.00,0.00,0.00,0.00,0.00,0.00
2019-10-16,8940.19,12232.39,0.00,0.00,0.00,0.00,0.00
2019-10-17,8848.91,12318.61,0.00,0.00,0.00,0.00,0.00
2019-10-18,8000.32,11100.00,0.00,0.00,0.00,0.00,0.00
2019-10-19,8543.90,12525.00,0.00,0.00,0.00,0.00,0.00
2019-10-20,7894.56,10992.00,0.00,0.00,0.00,0.00,0.00
2019-10-21,8242.46,11051.79,0.00,0.00,0.00,0.00,0.00
2019-10-22,9136.78,12691.00,0.00,0.00,0.00,0.00,0.00
2019-10-23,7020.30,9428.02,0.00,0.00,0.00,0.00,0.00
2019-10-24,9026.48,12567.98,0.00,0.00,0.00,0.00,0.00
2019-10-25,16600.82,23173.00,0.00,0.00,0.00,0.00,0.00
2019-10-26,13679.32,18424.00,0.00,0.00,0.00,0.00,0.00
2019-10-27,7011.17,9466.64,0.00,0.00,0.00,0.00,0.00
2019-10-28,9154.99,12597.36,0.00,0.00,0.00,0.00,0.00
2019-10-29,9309.24,13504.45,0.00,0.00,0.00,0.00,0.00
2019-10-30,10854.81,14699.55,0.00,0.00,0.00,0.00,0.00
2019-10-31,18140.98,24903.00,0.00,0.00,0.00,0.00,0.00
2019-11-01,12474.55,18709.00,0.00,0.00,0.00,0.00,0.00
2019-11-02,9788.12,14235.00,0.00,0.00,0.00,0.00,0.00
2019-11-03,9786.35,13261.00,0.00,0.00,0.00,0.00,0.00
2019-11-04,6765.11,9202.00,0.00,0.00,0.00,0.00,0.00
2019-11-05,7877.48,10967.00,0.00,0.00,0.00,0.00,0.00
2019-11-06,8359.17,11670.00,0.00,0.00,0.00,0.00,0.00
2019-11-07,8506.60,11950.00,0.00,0.00,0.00,0.00,0.00
2019-11-08,7546.96,10539.00,0.00,0.00,0.00,0.00,0.00
2019-11-09,7631.36,10709.41,0.00,0.00,0.00,0.00,0.00
2019-11-10,10576.39,14720.59,0.00,0.00,0.00,0.00,0.00
2019-11-11,8352.85,11706.00,0.00,0.00,0.00,0.00,0.00
2019-11-12,8650.70,12019.37,0.00,0.00,0.00,0.00,0.00
2019-11-13,9500.32,13446.82,0.00,0.00,0.00,0.00,0.00
2019-11-14,9655.81,13457.81,0.00,0.00,0.00,0.00,0.00
2019-11-15,7240.55,9958.00,0.00,0.00,0.00,0.00,0.00
2019-11-16,5083.55,6777.00,0.00,0.00,0.00,0.00,0.00
2019-11-17,9000.05,12592.00,0.00,0.00,0.00,0.00,0.00
2019-11-18,9177.13,13015.00,0.00,0.00,0.00,0.00,0.00
2019-11-19,6893.37,9627.00,0.00,0.00,0.00,0.00,0.00
2019-11-20,6840.85,9323.00,0.00,0.00,0.00,0.00,0.00
2019-11-21,6685.75,9255.00,0.00,0.00,0.00,0.00,0.00
2019-11-22,6987.54,11057.00,0.00,0.00,0.00,0.00,0.00
2019-11-23,8700.11,13221.00,0.00,0.00,0.00,0.00,0.00
2019-11-24,9991.75,14360.80,0.00,0.00,0.00,0.00,0.00
2019-11-25,8719.15,12151.00,0.00,0.00,0.00,0.00,0.00
2019-11-26,8442.25,11924.93,0.00,0.00,0.00,0.00,0.00
2019-11-27,8415.83,11943.50,0.00,0.00,0.00,0.00,0.00
2019-11-28,7761.07,10900.82,0.00,0.00,0.00,0.00,0.00
2019-11-29,9221.02,13431.18,0.00,0.00,0.00,0.00,0.00
2019-11-30,1453.48,2181.00,0.00,0.00,0.00,0.00,0.00
2019-12-01,10972.38,14784.30,0.00,0.00,0.00,0.00,0.00
2019-12-02,8000.63,11190.70,0.00,0.00,0.00,0.00,0.00
2019-12-03,9210.59,13085.00,0.00,0.00,0.00,0.00,0.00
2019-12-04,8486.72,11699.00,0.00,0.00,0.00,0.00,0.00
2019-12-05,6608.85,10029.00,0.00,0.00,0.00,0.00,0.00
2019-12-06,9323.17,14533.00,0.00,0.00,0.00,0.00,0.00
2019-12-07,6033.45,10032.00,0.00,0.00,0.00,0.00,0.00
2019-12-08,8066.92,11607.00,0.00,0.00,0.00,0.00,0.00
2019-12-09,7286.37,10341.00,0.00,0.00,0.00,0.00,0.00
2019-12-10,10670.23,15485.00,0.00,0.00,0.00,0.00,0.00
2019-12-11,9111.52,13615.00,0.00,0.00,0.00,0.00,0.00
2019-12-12,8245.60,11440.00,0.00,0.00,0.00,0.00,0.00
2019-12-13,7005.55,10003.16,0.00,0.00,0.00,0.00,0.00
2019-12-14,7609.48,10710.98,0.00,0.00,0.00,0.00,0.00
2019-12-15,6793.40,10879.86,0.00,0.00,0.00,0.00,0.00
2019-12-16,9812.79,14103.00,0.00,0.00,0.00,0.00,0.00
2019-12-17,12006.11,17321.56,0.00,0.00,0.00,0.00,0.00
2019-12-18,9673.84,14839.44,0.00,0.00,0.00,0.00,0.00
2019-12-19,6042.56,9673.00,0.00,0.00,0.00,0.00,0.00
2019-12-20,4511.65,7353.00,0.00,0.00,0.00,0.00,0.00
2019-12-21,6727.49,9935.00,0.00,0.00,0.00,0.00,0.00
2019-12-22,7580.33,11795.00,0.00,0.00,0.00,0.00,0.00
2019-12-23,9414.74,13933.00,0.00,0.00,0.00,0.00,0.00
2019-12-24,11660.23,17061.00,0.00,0.00,0.00,0.00,0.00
2019-12-25,8576.62,12223.00,0.00,0.00,0.00,0.00,0.00
2019-12-26,14137.50,16364.00,0.00,0.00,0.00,0.00,0.00
2019-12-27,6510.32,10181.00,0.00,0.00,0.00,0.00,0.00
2019-12-28,9781.08,13336.00,0.00,0.00,0.00,0.00,0.00
2019-12-29,8829.33,12579.14,0.00,0.00,0.00,0.00,0.00
2019-12-30,11898.75,17441.86,0.00,0.00,0.00,0.00,0.00
2019-12-31,6830.53,11150.00,0.00,0.00,0.00,0.00,0.00
2020-01-01,12232.23,17502.89,0.00,0.00,0.00,0.00,0.00
2020-01-02,10457.36,15061.11,0.00,0.00,0.00,0.00,0.00
2020-01-03,8321.68,12169.00,0.00,0.00,0.00,0.00,0.00
2020-01-04,11609.12,16175.00,0.00,0.00,0.00,0.00,0.00
2020-01-05,13051.60,17873.00,0.00,0.00,0.00,0.00,0.00
2020-01-06,8580.21,12056.30,0.00,0.00,0.00,0.00,0.00
2020-01-07,9360.82,13380.00,0.00,0.00,0.00,0.00,0.00
2020-01-08,9601.53,13817.55,0.00,0.00,0.00,0.00,0.00
2020-01-09,10884.56,15391.00,0.00,0.00,0.00,0.00,0.00
2020-01-10,8481.42,12763.00,0.00,0.00,0.00,0.00,0.00
2020-01-11,8460.80,12360.36,0.00,0.00,0.00,0.00,0.00
2020-01-12,10479.57,14545.12,0.00,0.00,0.00,0.00,0.00
2020-01-13,10885.09,15811.88,0.00,0.00,0.00,0.00,0.00
2020-01-14,7987.76,11445.00,0.00,0.00,0.00,0.00,0.00
2020-01-15,6347.88,8975.02,0.00,0.00,0.00,0.00,0.00
2020-01-16,8255.56,11979.80,0.00,0.00,0.00,0.00,0.00
2020-01-17,8202.44,12995.18,0.00,0.00,0.00,0.00,0.00
2020-01-18,5660.07,9136.00,0.00,0.00,0.00,0.00,0.00
2020-01-19,6081.89,8933.00,0.00,0.00,0.00,0.00,0.00
2020-01-20,7321.03,10466.36,0.00,0.00,0.00,0.00,0.00
2020-01-21,7172.78,10134.86,0.00,0.00,0.00,0.00,0.00
2020-01-22,3173.71,4936.81,0.00,0.00,0.00,0.00,0.00
2020-01-23,1550.11,2728.00,0.00,0.00,0.00,0.00,0.00
2020-01-24,1084.21,1761.00,0.00,0.00,0.00,0.00,0.00
2020-01-25,357.88,596.00,0.00,0.00,0.00,0.00,0.00
2020-01-26,730.89,1368.00,0.00,0.00,0.00,0.00,0.00
2020-01-27,2732.76,4265.82,0.00,0.00,0.00,0.00,0.00
2020-01-28,4691.28,6555.18,0.00,0.00,0.00,0.00,0.00
2020-01-29,8100.74,11292.94,0.00,0.00,0.00,0.00,0.00
2020-01-30,6365.59,8836.06,0.00,0.00,0.00,0.00,0.00
2020-01-31,13196.82,17679.54,0.00,0.00,0.00,0.00,0.00
2020-02-01,956.72,1433.46,0.00,0.00,0.00,0.00,0.00
2020-02-02,2425.09,3419.00,0.00,0.00,0.00,0.00,0.00
2020-02-03,847.61,1068.00,0.00,0.00,0.00,0.00,0.00
2020-02-04,7502.70,10712.55,0.00,0.00,0.00,0.00,0.00
2020-02-05,663.77,903.45,0.00,0.00,0.00,0.00,0.00
2020-02-06,4375.51,6515.00,0.00,0.00,0.00,0.00,0.00
2020-02-07,708.57,967.00,0.00,0.00,0.00,0.00,0.00
2020-02-08,1534.78,2155.00,0.00,0.00,0.00,0.00,0.00
2020-02-09,2278.76,3181.00,0.00,0.00,0.00,0.00,0.00
2020-02-10,9454.17,13059.00,0.00,0.00,0.00,0.00,0.00
2020-02-11,1348.56,1870.00,0.00,0.00,0.00,0.00,0.00
2020-02-12,5864.06,8091.08,0.00,0.00,0.00,0.00,0.00
2020-02-13,924.78,1301.92,0.00,0.00,0.00,0.00,0.00
2020-02-14,2075.49,2810.00,0.00,0.00,0.00,0.00,0.00
2020-02-15,6615.05,9327.00,0.00,0.00,0.00,0.00,0.00
2020-02-16,1205.39,1808.00,0.00,0.00,0.00,0.00,0.00
2020-02-17,3154.81,4501.00,0.00,0.00,0.00,0.00,0.00
2020-02-18,730.45,1043.00,0.00,0.00,0.00,0.00,0.00
2020-02-19,2412.62,3366.00,0.00,0.00,0.00,0.00,0.00
2020-02-20,4806.79,6685.00,0.00,0.00,0.00,0.00,0.00
2020-02-21,6258.68,8602.00,0.00,0.00,0.00,0.00,0.00
2020-02-22,7353.38,10506.00,0.00,0.00,0.00,0.00,0.00
2020-02-23,4394.49,5945.00,0.00,0.00,0.00,0.00,0.00
2020-02-24,6186.33,8923.00,0.00,0.00,0.00,0.00,0.00
2020-02-25,7401.72,10937.00,0.00,0.00,0.00,0.00,0.00
2020-02-26,6983.64,9899.00,0.00,0.00,0.00,0.00,0.00
2020-02-27,9870.59,13751.00,0.00,0.00,0.00,0.00,0.00
2020-02-28,1493.55,2032.00,0.00,0.00,0.00,0.00,0.00
2020-02-29,2870.59,4039.00,0.00,0.00,0.00,0.00,0.00
2020-03-01,7855.34,11204.00,0.00,0.00,0.00,0.00,0.00
2020-03-02,9979.86,14281.00,0.00,0.00,0.00,0.00,0.00
2020-03-03,1327.30,1862.00,0.00,0.00,0.00,0.00,0.00
2020-03-04,8390.37,12162.00,0.00,0.00,0.00,0.00,0.00
2020-03-05,5535.79,8013.00,0.00,0.00,0.00,0.00,0.00
2020-03-06,5148.45,8107.00,0.00,0.00,0.00,0.00,0.00
2020-03-07,4101.61,5878.00,0.00,0.00,0.00,0.00,0.00
2020-03-08,13577.25,19920.00,0.00,0.00,0.00,0.00,0.00
2020-03-09,9871.98,14113.00,0.00,0.00,0.00,0.00,0.00
2020-03-10,8201.68,11847.00,0.00,0.00,0.00,0.00,0.00
2020-03-11,9189.83,13265.00,0.00,0.00,0.00,0.00,0.00
2020-03-12,8600.02,12220.00,0.00,0.00,0.00,0.00,0.00
2020-03-13,8562.90,12342.00,0.00,0.00,0.00,0.00,0.00
2020-03-14,8379.67,11783.06,0.00,0.00,0.00,0.00,0.00
2020-03-15,6227.15,8728.94,0.00,0.00,0.00,0.00,0.00
2020-03-16,9293.20,13451.56,0.00,0.00,0.00,0.00,0.00
2020-03-17,6519.70,9398.29,0.00,0.00,0.00,0.00,0.00
2020-03-18,5722.00,8156.00,0.00,0.00,0.00,0.00,0.00
2020-03-19,5833.82,9007.71,0.00,0.00,0.00,0.00,0.00
2020-03-20,27.27,48.00,0.00,0.00,0.00,0.00,0.00
2020-03-21,1906.56,2694.00,0.00,0.00,0.00,0.00,0.00
2020-03-22,5531.50,5566.00,0.00,0.00,0.00,0.00,0.00
2020-03-23,4047.55,5689.00,0.00,0.00,0.00,0.00,0.00
2020-03-24,5430.10,7874.00,0.00,0.00,0.00,0.00,0.00
2020-03-25,3518.78,4929.00,0.00,0.00,0.00,0.00,0.00
2020-03-26,4175.06,6207.00,0.00,0.00,0.00,0.00,0.00
2020-03-27,274.40,390.00,0.00,0.00,0.00,0.00,0.00
2020-03-28,1477.83,2236.00,0.00,0.00,0.00,0.00,0.00
2020-03-29,2781.42,4383.00,0.00,0.00,0.00,0.00,0.00
2020-03-30,5372.00,7973.00,0.00,0.00,0.00,0.00,0.00
2020-03-31,6005.13,9018.00,0.00,0.00,0.00,0.00,0.00
2020-04-01,4842.93,7745.00,0.00,0.00,0.00,0.00,0.00
2020-04-02,5795.38,8599.00,0.00,0.00,0.00,0.00,0.00
2020-04-03,9225.91,13717.00,0.00,0.00,0.00,0.00,0.00
2020-04-04,2009.99,2975.00,0.00,0.00,0.00,0.00,0.00
2020-04-05,2205.35,3225.00,0.00,0.00,0.00,0.00,0.00
2020-04-06,6385.36,9524.00,0.00,0.00,0.00,0.00,0.00
2020-04-07,5666.05,8374.00,0.00,0.00,0.00,0.00,0.00
2020-04-08,3176.14,5180.00,0.00,0.00,0.00,0.00,0.00
2020-04-09,7956.49,11801.00,0.00,0.00,0.00,0.00,0.00
2020-04-10,4012.28,5818.00,0.00,0.00,0.00,0.00,0.00
2020-04-11,8998.88,14287.11,0.00,0.00,0.00,0.00,0.00
2020-04-12,12049.62,17488.00,0.00,0.00,0.00,0.00,0.00
2020-04-13,14345.22,19830.00,0.00,0.00,0.00,0.00,0.00
2020-04-14,8303.80,12238.00,0.00,0.00,0.00,0.00,0.00
2020-04-15,6872.38,10120.00,0.00,0.00,0.00,0.00,0.00
2020-04-16,8088.26,11674.00,0.00,0.00,0.00,0.00,0.00
2020-04-17,6700.81,10846.00,0.00,0.00,0.00,0.00,0.00
2020-04-18,761.56,1242.00,0.00,0.00,0.00,0.00,0.00
2020-04-19,4742.79,6933.00,0.00,0.00,0.00,0.00,0.00
2020-04-20,6451.86,9603.00,0.00,0.00,0.00,0.00,0.00
2020-04-21,1190.81,1690.00,0.00,0.00,0.00,0.00,0.00
2020-04-22,9366.30,13824.00,0.00,0.00,0.00,0.00,0.00
2020-04-23,6772.01,10152.00,0.00,0.00,0.00,0.00,0.00
2020-04-24,6449.43,9673.00,0.00,0.00,0.00,0.00,0.00
2020-04-25,7510.31,10944.00,0.00,0.00,0.00,0.00,0.00
2020-04-26,7209.73,10597.00,0.00,0.00,0.00,0.00,0.00
2020-04-27,4741.29,7604.00,0.00,0.00,0.00,0.00,0.00
2020-04-28,13549.04,18306.00,0.00,0.00,0.00,0.00,0.00
2020-04-29,6922.26,9953.00,0.00,0.00,0.00,0.00,0.00
2020-04-30,4938.84,8063.00,0.00,0.00,0.00,0.00,0.00
2020-05-01,8751.51,12757.00,0.00,0.00,0.00,0.00,0.00
2020-05-02,7094.39,12408.00,0.00,0.00,0.00,0.00,0.00
2020-05-03,923.72,1553.00,0.00,0.00,0.00,0.00,0.00
2020-05-04,6096.49,9722.00,0.00,0.00,0.00,0.00,0.00
2020-05-05,6857.20,10854.00,0.00,0.00,0.00,0.00,0.00
2020-05-06,9213.09,13656.00,0.00,0.00,0.00,0.00,0.00
2020-05-07,7843.39,11517.00,0.00,0.00,0.00,0.00,0.00
2020-05-08,7561.86,11964.00,0.00,0.00,0.00,0.00,0.00
2020-05-09,3838.42,6461.21,0.00,0.00,0.00,0.00,0.00
2020-05-10,8874.39,12874.79,0.00,0.00,0.00,0.00,0.00
2020-05-11,9891.74,14692.00,0.00,0.00,0.00,0.00,0.00
2020-05-12,11634.15,16567.00,0.00,0.00,0.00,0.00,0.00
2020-05-13,8338.74,12392.00,0.00,0.00,0.00,0.00,0.00
2020-05-14,8878.01,13654.40,0.00,0.00,0.00,0.00,0.00
2020-05-15,5065.24,8898.00,0.00,0.00,0.00,0.00,0.00
2020-05-16,2114.37,3190.00,0.00,0.00,0.00,0.00,0.00
2020-05-17,8191.12,11465.00,0.00,0.00,0.00,0.00,0.00
2020-05-18,10740.81,15423.00,0.00,0.00,0.00,0.00,0.00
2020-05-19,14029.57,19893.00,0.00,0.00,0.00,0.00,0.00
2020-05-20,12073.69,18241.00,0.00,0.00,0.00,0.00,0.00
2020-05-21,10537.66,15152.00,0.00,0.00,0.00,0.00,0.00
2020-05-22,12121.17,19271.75,0.00,0.00,0.00,0.00,0.00
2020-05-23,6767.24,9857.00,0.00,0.00,0.00,0.00,0.00
2020-05-24,7535.95,11129.00,0.00,0.00,0.00,0.00,0.00
2020-05-25,10885.85,15655.00,0.00,0.00,0.00,0.00,0.00
2020-05-26,13705.09,18414.85,0.00,0.00,0.00,0.00,0.00
2020-05-27,14476.58,19081.00,0.00,0.00,0.00,0.00,0.00
2020-05-28,9359.90,13769.00,0.00,0.00,0.00,0.00,0.00
2020-05-29,4531.28,7602.00,0.00,0.00,0.00,0.00,0.00
2020-05-30,2899.01,4711.00,0.00,0.00,0.00,0.00,0.00
2020-05-31,13544.38,18402.00,0.00,0.00,0.00,0.00,0.00
2020-06-01,12315.78,16687.00,0.00,0.00,0.00,0.00,0.00
2020-06-02,12610.25,16653.63,0.00,0.00,0.00,0.00,0.00
2020-06-03,8189.31,11278.37,0.00,0.00,7813.52,0.00,0.00
2020-06-04,6335.44,10352.00,0.00,0.00,0.00,0.00,0.00
2020-06-05,6708.51,10194.00,0.00,0.00,0.00,0.00,0.00
2020-06-06,1600.49,2691.00,0.00,0.00,0.00,0.00,0.00
2020-06-07,11895.79,15851.26,0.00,0.00,0.00,0.00,0.00
2020-06-08,8738.86,13074.00,0.00,0.00,0.00,0.00,0.00
2020-06-09,12251.04,16125.00,0.00,0.00,0.00,0.00,0.00
2020-06-10,10768.94,14732.00,0.00,0.00,7854.11,0.00,0.00
2020-06-11,5585.81,8059.00,0.00,0.00,0.00,0.00,0.00
2020-06-12,3092.88,4809.00,0.00,0.00,0.00,0.00,0.00
2020-06-13,4822.72,6173.00,0.00,0.00,0.00,0.00,0.00
2020-06-14,7575.68,10842.00,0.00,0.00,8086.11,0.00,0.00
2020-06-15,10740.47,13566.00,0.00,0.00,7649.77,0.00,0.00
2020-06-16,11399.52,15164.00,0.00,0.00,8714.56,0.00,0.00
2020-06-17,10921.18,14181.33,0.00,0.00,7888.79,0.00,0.00
2020-06-18,12127.77,15897.67,0.00,0.00,0.00,0.00,0.00
2020-06-19,10324.45,13729.00,0.00,0.00,0.00,0.00,0.00
2020-06-20,11903.00,16093.00,0.00,0.00,0.00,0.00,0.00
2020-06-21,6444.26,9244.00,0.00,0.00,6276.19,0.00,0.00
2020-06-22,8340.35,11529.00,0.00,0.00,7430.78,0.00,0.00
2020-06-23,7694.59,11139.37,0.00,0.00,0.00,0.00,0.00
2020-06-24,2707.48,3931.33,0.00,0.00,0.00,0.00,0.00
2020-06-25,1338.69,2009.00,0.00,0.00,0.00,0.00,0.00
2020-06-26,1510.19,2394.92,0.00,0.00,0.00,0.00,0.00
2020-06-27,6371.38,9181.00,0.00,0.00,0.00,0.00,0.00
2020-06-28,7378.42,10740.00,0.00,0.00,0.00,0.00,0.00
2020-06-29,7353.27,10926.89,0.00,0.00,7030.76,0.00,0.00
2020-06-30,10895.78,14560.00,0.00,0.00,7933.36,0.00,0.00
2020-07-01,5327.16,7945.25,0.00,0.00,0.00,0.00,0.00
2020-07-02,8234.23,11452.00,0.00,0.00,0.00,0.00,0.00
2020-07-03,766.96,1052.00,0.00,0.00,0.00,0.00,0.00
2020-07-04,5931.90,8836.00,0.00,0.00,0.00,0.00,0.00
2020-07-05,11751.22,15096.17,0.00,0.00,0.00,0.00,0.00
2020-07-06,11983.55,16028.83,0.00,0.00,0.00,0.00,0.00
2020-07-07,12110.44,16095.00,0.00,0.00,0.00,0.00,0.00
2020-07-08,8597.00,12701.00,0.00,0.00,0.00,0.00,0.00
2020-07-09,11353.23,16519.00,0.00,0.00,0.00,0.00,0.00
2020-07-10,3738.00,5492.25,0.00,0.00,0.00,0.00,0.00
2020-07-11,10642.12,17378.00,0.00,0.00,0.00,0.00,0.00
2020-07-12,6516.53,9607.00,0.00,0.00,0.00,0.00,0.00
2020-07-13,4652.40,6689.00,0.00,0.00,0.00,0.00,0.00
2020-07-14,6149.84,8944.00,0.00,0.00,0.00,0.00,0.00
2020-07-15,7292.76,10589.62,0.00,0.00,0.00,0.00,0.00
2020-07-16,5681.62,8519.38,0.00,0.00,0.00,0.00,0.00
2020-07-17,12758.12,20945.97,0.00,0.00,0.00,0.00,0.00
2020-07-18,3056.29,5045.00,0.00,0.00,0.00,0.00,0.00
2020-07-19,8740.94,12971.00,0.00,0.00,7653.06,0.00,0.00
2020-07-20,5417.32,7979.00,0.00,0.00,0.00,0.00,0.00
2020-07-21,2003.88,2981.00,0.00,0.00,0.00,0.00,0.00
2020-07-22,5257.84,7847.59,0.00,0.00,0.00,0.00,0.00
2020-07-23,6420.29,9467.00,0.00,0.00,0.00,0.00,0.00
2020-07-24,7105.61,11133.00,0.00,0.00,0.00,0.00,0.00
2020-07-25,115.06,198.00,0.00,0.00,0.00,0.00,0.00
2020-07-26,5734.97,8819.78,0.00,0.00,0.00,0.00,0.00
2020-07-27,6798.25,9912.22,0.00,0.00,0.00,0.00,0.00
2020-07-28,6478.37,9644.00,0.00,0.00,0.00,0.00,0.00
2020-07-29,5203.56,8246.00,0.00,0.00,0.00,0.00,0.00
2020-07-30,6174.94,9114.00,0.00,0.00,0.00,0.00,0.00
2020-07-31,5853.08,8618.00,0.00,0.00,0.00,0.00,0.00
2020-08-01,121.74,237.00,0.00,0.00,0.00,0.00,0.00
2020-08-02,4911.32,7900.00,0.00,0.00,0.00,0.00,0.00
2020-08-03,3047.04,4302.00,0.00,0.00,0.00,0.00,0.00
2020-08-04,5767.46,8599.00,0.00,0.00,0.00,0.00,0.00
2020-08-05,4823.20,7731.00,0.00,0.00,0.00,0.00,0.00
2020-08-06,4934.43,7730.00,0.00,0.00,0.00,0.00,0.00
2020-08-07,820.56,1322.00,0.00,0.00,0.00,0.00,0.00
2020-08-08,5893.54,9142.00,0.00,0.00,0.00,0.00,0.00
2020-08-09,5992.87,8845.64,0.00,0.00,0.00,0.00,0.00
2020-08-10,4972.67,7443.36,0.00,0.00,0.00,0.00,0.00
2020-08-11,5896.31,10047.00,0.00,0.00,0.00,0.00,0.00
2020-08-12,3043.98,4807.00,0.00,0.00,0.00,0.00,0.00
2020-08-13,1847.29,3163.00,0.00,0.00,0.00,0.00,0.00
2020-08-14,3176.03,4635.00,0.00,0.00,0.00,0.00,0.00
2020-08-15,212.35,355.00,0.00,0.00,0.00,0.00,0.00
2020-08-16,69.24,122.00,0.00,0.00,0.00,0.00,0.00
2020-08-17,148.22,277.00,0.00,0.00,0.00,0.00,0.00
2020-08-18,2326.33,3278.00,0.00,0.00,0.00,0.00,0.00
2020-08-19,2740.73,4436.00,0.00,0.00,0.00,0.00,0.00
2020-08-20,7425.83,10872.00,0.00,0.00,0.00,0.00,0.00
2020-08-21,7250.29,12182.00,0.00,0.00,0.00,0.00,0.00
2020-08-22,3879.73,6305.00,0.00,0.00,0.00,0.00,0.00
2020-08-23,5383.68,8137.00,0.00,0.00,0.00,0.00,0.00
2020-08-24,3539.47,5293.00,0.00,0.00,0.00,0.00,0.00
2020-08-25,3397.71,5504.92,0.00,0.00,0.00,0.00,0.00
2020-08-26,2147.50,3161.00,0.00,0.00,0.00,0.00,0.00
2020-08-27,1271.03,1868.16,0.00,0.00,0.00,0.00,0.00
2020-08-28,6160.95,9169.84,0.00,0.00,0.00,0.00,0.00
2020-08-29,4917.74,7700.00,0.00,0.00,0.00,0.00,0.00
2020-08-30,409.53,597.00,0.00,0.00,0.00,0.00,0.00
2020-08-31,2963.91,4337.00,0.00,0.00,0.00,0.00,0.00
2020-09-01,5758.57,8614.00,0.00,0.00,0.00,0.00,0.00
2020-09-02,2532.12,4368.00,0.00,0.00,0.00,0.00,0.00
2020-09-03,8166.97,12756.00,0.00,0.00,0.00,0.00,0.00
2020-09-04,2319.90,3267.00,0.00,0.00,0.00,0.00,0.00
2020-09-05,5067.20,7613.00,0.00,0.00,0.00,0.00,0.00
2020-09-06,3583.15,5695.00,0.00,0.00,0.00,0.00,0.00
2020-09-07,5712.95,8455.00,0.00,0.00,0.00,0.00,0.00
2020-09-08,7302.53,9257.00,0.00,0.00,0.00,0.00,0.00
2020-09-09,4626.97,6104.00,0.00,0.00,0.00,0.00,0.00
2020-09-10,40.27,71.00,0.00,0.00,0.00,0.00,0.00
2020-09-11,3100.71,4788.00,0.00,0.00,0.00,0.00,0.00
2020-09-12,54.62,94.00,0.00,0.00,0.00,0.00,0.00
2020-09-13,1652.98,2502.00,0.00,0.00,0.00,0.00,0.00
2020-09-14,3536.38,5741.00,0.00,0.00,0.00,0.00,0.00
2020-09-15,1391.13,2376.00,0.00,0.00,0.00,0.00,0.00
2020-09-16,6388.39,10575.00,0.00,0.00,0.00,0.00,0.00
2020-09-17,11730.92,19289.00,0.00,0.00,0.00,0.00,0.00
2020-09-18,6212.86,7901.00,0.00,0.00,0.00,0.00,0.00
2020-09-19,5385.21,9189.00,0.00,0.00,0.00,0.00,0.00
2020-09-20,7823.25,10250.81,0.00,0.00,0.00,0.00,0.00
2020-09-21,2645.76,4241.00,0.00,0.00,0.00,0.00,0.00
2020-09-22,9100.58,14985.00,0.00,0.00,0.00,0.00,0.00
2020-09-23,7063.49,9980.00,0.00,0.00,0.00,0.00,0.00
2020-09-24,5019.74,6155.00,0.00,0.00,0.00,0.00,0.00
2020-09-25,1027.22,1815.00,0.00,0.00,0.00,0.00,0.00
2020-09-26,2334.53,3351.00,0.00,0.00,0.00,0.00,0.00
2020-09-27,3040.25,5107.00,0.00,0.00,0.00,0.00,0.00
2020-09-28,3343.57,5733.08,0.00,0.00,0.00,0.00,0.00
2020-09-29,943.72,1381.92,0.00,0.00,0.00,0.00,0.00
2020-09-30,8732.94,12933.00,0.00,0.00,0.00,0.00,0.00
2020-10-01,9271.52,12051.00,0.00,0.00,0.00,0.00,0.00
2020-10-02,8462.29,10727.00,0.00,0.00,0.00,0.00,0.00
2020-10-03,8216.03,12134.00,0.00,0.00,0.00,0.00,0.00
2020-10-04,9345.10,12275.00,0.00,0.00,0.00,0.00,0.00
2020-10-05,15631.80,21541.00,0.00,0.00,0.00,0.00,0.00
2020-10-06,14412.00,21019.00,0.00,0.00,0.00,0.00,0.00
2020-10-07,11992.49,18136.39,0.00,0.00,0.00,0.00,0.00
2020-10-08,8253.37,12117.61,0.00,0.00,0.00,0.00,0.00
2020-10-09,6608.16,9683.06,0.00,0.00,0.00,0.00,0.00
2020-10-10,10220.69,13667.94,0.00,0.00,0.00,0.00,0.00
2020-10-11,9764.02,12845.00,0.00,0.00,0.00,0.00,0.00
2020-10-12,11051.90,15059.00,0.00,0.00,0.00,0.00,0.00
2020-10-13,7103.53,10713.00,0.00,0.00,0.00,0.00,0.00
2020-10-14,8422.78,12628.37,0.00,0.00,0.00,0.00,0.00
2020-10-15,10064.18,13390.61,0.00,0.00,0.00,0.00,0.00
2020-10-16,10106.75,15431.46,0.00,0.00,0.00,0.00,0.00
2020-10-17,15173.85,22471.00,0.00,0.00,0.00,0.00,0.00
2020-10-18,7465.00,11158.00,0.00,0.00,0.00,0.00,0.00
2020-10-19,3317.51,5355.00,0.00,0.00,0.00,0.00,0.00
2020-10-20,11755.53,18423.00,0.00,0.00,0.00,0.00,0.00
2020-10-21,9397.98,14207.00,0.00,0.00,0.00,0.00,0.00
2020-10-22,11512.52,18872.00,0.00,0.00,0.00,0.00,0.00
2020-10-23,14608.00,22001.00,0.00,0.00,0.00,0.00,0.00
2020-10-24,8010.66,12181.00,0.00,0.00,0.00,0.00,0.00
2020-10-25,11395.77,17484.00,0.00,0.00,0.00,0.00,0.00
2020-10-26,6669.62,9905.00,0.00,0.00,8330.04,0.00,0.00
2020-10-27,5195.34,8998.00,0.00,0.00,0.00,0.00,0.00
2020-10-28,12023.35,18031.00,0.00,0.00,0.00,0.00,0.00
2020-10-29,16111.58,23937.00,0.00,0.00,0.00,0.00,0.00
2020-10-30,13680.30,19985.00,0.00,0.00,0.00,0.00,0.00
2020-10-31,21413.01,29729.00,0.00,0.00,0.00,0.00,0.00
2020-11-01,10686.94,15451.95,0.00,0.00,0.00,0.00,0.00
2020-11-02,12481.48,18618.00,0.00,0.00,0.00,0.00,0.00
2020-11-03,12404.48,18439.00,0.00,0.00,0.00,0.00,0.00
2020-11-04,12210.85,18269.16,0.00,0.00,0.00,0.00,0.00
2020-11-05,14146.56,21178.84,0.00,0.00,0.00,0.00,0.00
2020-11-06,10249.78,15307.00,0.00,0.00,0.00,0.00,0.00
2020-11-07,12277.75,19007.96,0.00,0.00,0.00,0.00,0.00
2020-11-08,11665.38,17663.88,0.00,0.00,0.00,0.00,0.00
2020-11-09,17534.09,25101.13,0.00,0.00,0.00,0.00,0.00
2020-11-10,16995.90,24969.83,0.00,0.00,0.00,0.00,0.00
2020-11-11,12079.68,18975.28,0.00,0.00,0.00,0.00,0.00
2020-11-12,15188.51,20311.32,0.00,0.00,0.00,0.00,0.00
2020-11-13,15774.47,21317.26,0.00,0.00,0.00,0.00,0.00
2020-11-14,16472.44,24570.00,0.00,0.00,0.00,0.00,0.00
2020-11-15,12735.10,19212.00,0.00,0.00,0.00,0.00,0.00
2020-11-16,10270.60,15740.00,0.00,0.00,0.00,0.00,0.00
2020-11-17,11400.39,17020.18,0.00,0.00,0.00,0.00,0.00
2020-11-18,13860.88,18742.82,0.00,0.00,0.00,0.00,0.00
2020-11-19,15483.65,20940.00,0.00,0.00,0.00,0.00,0.00
2020-11-20,14329.51,19490.00,0.00,0.00,0.00,0.00,0.00
2020-11-21,9740.26,12186.00,0.00,0.00,0.00,0.00,0.00
2020-11-22,16964.88,24013.00,0.00,0.00,0.00,0.00,0.00
2020-11-23,17433.93,25118.25,0.00,0.00,0.00,0.00,0.00
2020-11-24,11195.56,17602.93,0.00,0.00,0.00,0.00,0.00
2020-11-25,15888.12,21405.82,0.00,0.00,0.00,0.00,0.00
2020-11-26,14713.61,19893.00,0.00,0.00,0.00,0.00,0.00
2020-11-27,12536.96,16558.00,0.00,0.00,0.00,0.00,0.00
2020-11-28,12274.68,16715.00,0.00,0.00,0.00,0.00,0.00
2020-11-29,14846.62,20891.00,0.00,0.00,0.00,0.00,0.00
2020-11-30,8497.75,12523.05,0.00,0.00,0.00,0.00,0.00
2020-12-01,13606.82,18047.00,0.00,0.00,0.00,0.00,0.00
2020-12-02,15644.74,21093.00,0.00,0.00,0.00,0.00,0.00
2020-12-03,13460.62,18858.00,0.00,0.00,0.00,0.00,0.00
2020-12-04,12470.24,17127.23,0.00,0.00,0.00,0.00,0.00
2020-12-05,14682.88,17877.00,0.00,0.00,0.00,0.00,0.00
2020-12-06,10346.78,16255.72,0.00,0.00,0.00,0.00,0.00
2020-12-07,15068.63,21022.16,0.00,0.00,0.00,0.00,0.00
2020-12-08,16341.26,22603.00,0.00,0.00,0.00,0.00,0.00
2020-12-09,10120.18,14713.00,0.00,0.00,0.00,0.00,0.00
2020-12-10,13678.18,19130.00,0.00,0.00,0.00,0.00,0.00
2020-12-11,10719.59,16853.00,0.00,0.00,0.00,0.00,0.00
2020-12-12,154.70,253.00,0.00,0.00,0.00,0.00,0.00
2020-12-13,6687.31,9943.00,0.00,0.00,0.00,0.00,0.00
2020-12-14,7991.23,12259.00,0.00,0.00,0.00,0.00,0.00
2020-12-15,8170.08,12235.00,0.00,0.00,0.00,0.00,0.00
2020-12-16,9074.98,13382.00,0.00,0.00,0.00,0.00,0.00
2020-12-17,8687.24,12722.00,0.00,0.00,0.00,0.00,0.00
2020-12-18,600.45,888.00,0.00,0.00,0.00,0.00,0.00
2020-12-19,71.51,132.00,0.00,0.00,0.00,0.00,0.00
2020-12-20,9869.66,14791.00,0.00,0.00,0.00,0.00,0.00
2020-12-21,11608.07,17820.00,0.00,0.00,0.00,0.00,0.00
2020-12-22,14459.49,19823.00,0.00,0.00,0.00,0.00,0.00
2020-12-23,8272.60,12120.00,0.00,0.00,0.00,0.00,0.00
2020-12-24,11273.02,17146.96,0.00,0.00,0.00,0.00,0.00
2020-12-25,14036.95,18771.00,0.00,0.00,0.00,0.00,0.00
2020-12-26,10260.64,15245.00,0.00,0.00,0.00,0.00,0.00
2020-12-27,11116.79,17102.48,0.00,0.00,2798.91,0.00,0.00
2020-12-28,8112.62,12056.52,0.00,0.00,0.00,0.00,0.00
2020-12-29,11554.14,16798.46,0.00,0.00,0.00,0.00,0.00
2020-12-30,10181.19,15719.48,0.00,0.00,0.00,0.00,0.00
2020-12-31,14499.04,19602.00,0.00,0.00,0.00,0.00,0.00
2021-01-01,8194.64,9986.00,0.00,0.00,0.00,0.00,0.00
2021-01-02,11465.31,14970.00,0.00,0.00,0.00,0.00,0.00
2021-01-03,15403.52,21747.16,0.00,0.00,0.00,0.00,0.00
2021-01-04,15186.34,20722.00,0.00,0.00,0.00,0.00,0.00
2021-01-05,7928.80,11541.00,0.00,0.00,0.00,0.00,0.00
2021-01-06,9728.94,14292.00,0.00,0.00,0.00,0.00,0.00
2021-01-07,8857.62,13771.00,0.00,0.00,0.00,0.00,0.00
2021-01-08,8576.84,14566.00,0.00,0.00,0.00,0.00,0.00
2021-01-09,7801.77,11584.00,0.00,0.00,0.00,0.00,0.00
2021-01-10,10906.49,16233.00,0.00,0.00,0.00,0.00,0.00
2021-01-11,10257.50,15659.34,0.00,0.00,0.00,0.00,0.00
2021-01-12,10534.38,15633.00,0.00,0.00,0.00,0.00,0.00
2021-01-13,9608.69,14132.00,0.00,0.00,0.00,0.00,0.00
2021-01-14,12155.77,18049.00,0.00,0.00,0.00,0.00,0.00
2021-01-15,8397.79,10477.00,0.00,0.00,0.00,0.00,0.00
2021-01-16,8150.99,10415.00,0.00,0.00,0.00,0.00,0.00
2021-01-17,14840.90,19873.00,0.00,0.00,0.00,0.00,0.00
2021-01-18,13349.79,18700.00,0.00,0.00,0.00,0.00,0.00
2021-01-19,14184.90,19447.78,0.00,0.00,0.00,0.00,0.00
2021-01-20,8412.45,12767.22,0.00,0.00,0.00,0.00,0.00
2021-01-21,7356.16,11006.57,0.00,0.00,0.00,0.00,0.00
2021-01-22,7539.99,11224.43,0.00,0.00,0.00,0.00,0.00
2021-01-23,8459.99,13004.00,0.00,0.00,0.00,0.00,0.00
2021-01-24,10665.00,16862.00,0.00,0.00,0.00,0.00,0.00
2021-01-25,15152.53,20828.00,0.00,0.00,0.00,0.00,0.00
2021-01-26,12112.42,16121.00,0.00,0.00,0.00,0.00,0.00
2021-01-27,13368.68,18062.00,0.00,0.00,0.00,0.00,0.00
2021-01-28,13935.87,18779.00,0.00,0.00,0.00,0.00,0.00
2021-01-29,12582.01,16748.00,0.00,0.00,0.00,0.00,0.00
2021-01-30,4775.19,7266.00,0.00,0.00,0.00,0.00,0.00
2021-01-31,13839.59,20142.00,0.00,0.00,0.00,0.00,0.00
2021-02-01,12162.17,16391.56,0.00,0.00,0.00,0.00,0.00
2021-02-02,12867.06,17366.32,0.00,0.00,0.00,0.00,0.00
2021-02-03,14379.96,19895.68,0.00,0.00,0.00,0.00,0.00
2021-02-04,9496.80,14296.00,0.00,0.00,0.00,0.00,0.00
2021-02-05,6625.26,10222.00,0.00,0.00,0.00,0.00,0.00
2021-02-06,9067.47,13990.89,0.00,0.00,0.00,0.00,0.00
2021-02-07,10742.09,16178.20,0.00,0.00,0.00,0.00,0.00
2021-02-08,11948.63,16088.00,0.00,0.00,0.00,0.00,0.00
2021-02-09,11724.49,15128.03,0.00,0.00,0.00,0.00,0.00
2021-02-10,2668.08,4147.62,0.00,0.00,0.00,0.00,0.00
2021-02-11,7670.88,11615.38,0.00,0.00,0.00,0.00,0.00
2021-02-12,958.10,1474.00,0.00,0.00,0.00,0.00,0.00
2021-02-13,4431.05,6564.00,0.00,0.00,0.00,0.00,0.00
2021-02-14,9476.44,12427.00,0.00,0.00,0.00,0.00,0.00
2021-02-15,1382.88,2031.00,0.00,0.00,0.00,0.00,0.00
2021-02-16,7352.93,10972.00,0.00,0.00,0.00,0.00,0.00
2021-02-17,8603.30,12775.00,0.00,0.00,0.00,0.00,0.00
2021-02-18,6135.36,9128.00,0.00,0.00,0.00,0.00,0.00
2021-02-19,6081.45,9198.00,0.00,0.00,0.00,0.00,0.00
2021-02-20,10378.61,15564.00,0.00,0.00,0.00,0.00,0.00
2021-02-21,13421.66,18017.00,0.00,0.00,0.00,0.00,0.00
2021-02-22,6813.39,11229.00,0.00,0.00,0.00,0.00,0.00
2021-02-23,13411.87,17937.00,0.00,0.00,0.00,0.00,0.00
2021-02-24,8048.84,12001.04,0.00,0.00,0.00,0.00,0.00
2021-02-25,9769.32,14971.96,0.00,0.00,0.00,0.00,0.00
2021-02-26,6035.08,9134.00,0.00,0.00,0.00,0.00,0.00
2021-02-27,429.01,719.00,0.00,0.00,0.00,0.00,0.00
2021-02-28,15600.33,21226.00,0.00,0.00,0.00,0.00,0.00
2021-03-01,7390.79,11638.00,0.00,0.00,0.00,0.00,0.00
2021-03-02,5271.93,7767.00,0.00,0.00,0.00,0.00,0.00
2021-03-03,7195.18,10495.00,0.00,0.00,0.00,0.00,0.00
2021-03-04,7149.24,11259.00,0.00,0.00,0.00,0.00,0.00
2021-03-05,11115.09,14406.85,0.00,0.00,0.00,0.00,0.00
2021-03-06,10943.45,14314.00,0.00,0.00,0.00,0.00,0.00
2021-03-07,12760.67,18658.00,0.00,0.00,0.00,0.00,0.00
2021-03-08,7896.19,11928.68,0.00,0.00,0.00,0.00,0.00
2021-03-09,6984.50,10446.83,0.00,0.00,0.00,0.00,0.00
2021-03-10,6770.03,10498.34,0.00,0.00,0.00,0.00,0.00
2021-03-11,8864.09,13612.86,0.00,0.00,0.00,0.00,0.00
2021-03-12,4799.95,7269.24,0.00,0.00,0.00,0.00,0.00
2021-03-13,6275.92,9451.00,0.00,0.00,0.00,0.00,0.00
2021-03-14,5961.58,8941.94,0.00,0.00,0.00,0.00,0.00
2021-03-15,9261.27,14446.49,0.00,0.00,0.00,0.00,0.00
2021-03-16,6651.93,10539.46,0.00,0.00,0.00,0.00,0.00
2021-03-17,14868.78,21443.13,0.00,0.00,0.00,0.00,0.00
2021-03-18,7551.44,11741.08,0.00,0.00,0.00,0.00,0.00
2021-03-19,8475.83,12244.00,0.00,0.00,0.00,0.00,0.00
2021-03-20,9283.44,11833.00,0.00,0.00,0.00,0.00,0.00
2021-03-21,5934.11,8866.50,0.00,0.00,0.00,0.00,0.00
2021-03-22,7113.80,10725.29,0.00,0.00,0.00,0.00,0.00
2021-03-23,8249.44,12677.00,0.00,0.00,0.00,0.00,0.00
2021-03-24,8914.66,14234.29,0.00,0.00,0.00,0.00,0.00
2021-03-25,8898.28,13778.74,0.00,0.00,0.00,0.00,0.00
2021-03-26,7832.45,11899.06,0.00,0.00,0.00,0.00,0.00
2021-03-27,2076.07,3065.23,0.00,0.00,0.00,0.00,0.00
2021-03-28,10986.16,16828.87,0.00,0.00,0.00,0.00,0.00
2021-03-29,12071.33,18357.10,0.00,0.00,0.00,0.00,0.00
2021-03-30,11273.20,18424.74,0.00,0.00,0.00,0.00,0.00
2021-03-31,11377.38,18048.00,0.00,0.00,0.00,0.00,0.00
2021-04-01,8884.53,13443.00,0.00,0.00,0.00,0.00,0.00
2021-04-02,9954.76,12646.06,0.00,0.00,0.00,0.00,0.00
2021-04-03,10292.30,13373.94,0.00,0.00,0.00,0.00,0.00
2021-04-04,13569.94,17947.52,0.00,0.00,0.00,0.00,0.00
2021-04-05,14540.28,19112.00,0.00,0.00,0.00,0.00,0.00
2021-04-06,10811.85,13852.07,0.00,0.00,0.00,0.00,0.00
2021-04-07,11279.00,15225.38,0.00,0.00,0.00,0.00,0.00
2021-04-08,11819.43,17032.62,0.00,0.00,0.00,0.00,0.00
2021-04-09,8897.92,13362.00,0.00,0.00,0.00,0.00,0.00
2021-04-10,9766.77,16058.00,0.00,0.00,0.00,0.00,0.00
2021-04-11,19340.60,25566.00,0.00,0.00,0.00,0.00,0.00
2021-04-12,7506.32,11908.00,0.00,0.00,0.00,0.00,0.00
2021-04-13,13445.67,19331.00,0.00,0.00,0.00,0.00,0.00
2021-04-14,17380.98,28665.00,0.00,0.00,0.00,0.00,0.00
2021-04-15,13295.82,18147.97,0.00,0.00,0.00,0.00,0.00
2021-04-16,12434.44,16895.00,0.00,0.00,0.00,0.00,0.00
2021-04-17,849.43,1240.00,0.00,0.00,0.00,0.00,0.00
2021-04-18,13678.08,19208.00,0.00,0.00,0.00,0.00,0.00
2021-04-19,16098.63,22658.00,0.00,0.00,0.00,0.00,0.00
2021-04-20,7713.89,12573.12,0.00,0.00,0.00,0.00,0.00
2021-04-21,8364.57,13196.00,0.00,0.00,0.00,0.00,0.00
2021-04-22,9230.32,14779.00,0.00,0.00,0.00,0.00,0.00
2021-04-23,274.53,403.16,0.00,0.00,0.00,0.00,0.00
2021-04-24,10758.63,16005.98,0.00,0.00,0.00,0.00,0.00
2021-04-25,13006.00,17530.00,0.00,0.00,0.00,0.00,0.00
2021-04-26,13321.80,17965.00,0.00,0.00,0.00,0.00,0.00
2021-04-27,12378.36,16325.00,0.00,0.00,0.00,0.00,0.00
2021-04-28,11427.72,18512.00,0.00,0.00,0.00,0.00,0.00
2021-04-29,5903.11,8892.00,0.00,0.00,0.00,0.00,0.00
2021-04-30,13618.63,22264.59,0.00,0.00,0.00,0.00,0.00
2021-05-01,7066.03,11158.00,0.00,0.00,0.00,0.00,0.00
2021-05-02,12944.95,20394.16,0.00,0.00,0.00,0.00,0.00
2021-05-03,7133.70,11112.00,0.00,0.00,0.00,0.00,0.00
2021-05-04,6403.08,10232.10,0.00,0.00,0.00,0.00,0.00
2021-05-05,9335.42,14250.00,0.00,0.00,0.00,0.00,0.00
2021-05-06,9712.97,14474.00,0.00,0.00,0.00,0.00,0.00
2021-05-07,8851.48,14558.72,0.00,0.00,0.00,0.00,0.00
2021-05-08,4640.49,8183.28,0.00,0.00,0.00,0.00,0.00
2021-05-09,9540.69,15056.00,0.00,0.00,0.00,0.00,0.00
2021-05-10,9373.28,13997.11,0.00,0.00,0.00,0.00,0.00
2021-05-11,16043.20,21827.00,0.00,0.00,0.00,0.00,0.00
2021-05-12,7857.76,13449.00,0.00,0.00,0.00,0.00,0.00
2021-05-13,6932.59,10586.00,0.00,0.00,0.00,0.00,0.00
2021-05-14,6552.77,10126.00,0.00,0.00,0.00,0.00,0.00
2021-05-15,9388.99,11719.00,0.00,0.00,0.00,0.00,0.00
2021-05-16,12130.71,18771.77,0.00,0.00,0.00,0.00,0.00
2021-05-17,14619.19,20527.11,0.00,0.00,0.00,0.00,0.00
2021-05-18,15814.97,21995.00,0.00,0.00,0.00,0.00,0.00
2021-05-19,7129.62,11407.51,0.00,0.00,0.00,0.00,0.00
2021-05-20,8758.43,14942.49,0.00,0.00,0.00,0.00,0.00
2021-05-21,10707.22,16049.00,0.00,0.00,0.00,0.00,0.00
2021-05-22,3765.42,5485.00,0.00,0.00,0.00,0.00,0.00
2021-05-23,9696.15,14486.00,0.00,0.00,0.00,0.00,0.00
2021-05-24,8916.33,13218.81,0.00,0.00,0.00,0.00,0.00
2021-05-25,8324.47,13215.19,0.00,0.00,0.00,0.00,0.00
2021-05-26,8268.70,12318.69,0.00,0.00,0.00,0.00,0.00
2021-05-27,13977.61,18959.00,0.00,0.00,0.00,0.00,0.00
2021-05-28,11545.94,17100.00,0.00,0.00,0.00,0.00,0.00
2021-05-29,13562.68,18119.00,0.00,0.00,0.00,0.00,0.00
2021-05-30,9318.79,11764.00,0.00,0.00,0.00,0.00,0.00
2021-05-31,13838.48,19101.00,0.00,0.00,0.00,0.00,0.00
2021-06-01,17835.37,24383.00,0.00,0.00,0.00,0.00,0.00
2021-06-02,11334.58,15303.00,0.00,0.00,0.00,0.00,0.00
2021-06-03,10672.77,13965.00,0.00,0.00,0.00,0.00,0.00
2021-06-04,7762.10,9667.00,0.00,0.00,0.00,0.00,0.00
2021-06-05,9140.66,12132.00,0.00,0.00,0.00,0.00,0.00
2021-06-06,16286.79,21763.00,0.00,0.00,0.00,0.00,0.00
2021-06-07,5930.87,9039.00,0.00,0.00,0.00,0.00,0.00
2021-06-08,7545.28,11152.06,0.00,0.00,0.00,0.00,0.00
2021-06-09,12123.19,16295.26,0.00,0.00,0.00,0.00,0.00
2021-06-10,8852.07,13029.97,0.00,0.00,1536.03,0.00,0.00
2021-06-11,14540.00,19793.33,0.00,0.00,0.00,0.00,0.00
2021-06-12,14511.89,19455.00,0.00,0.00,0.00,0.00,0.00
2021-06-13,11903.74,15893.00,0.00,0.00,0.00,0.00,0.00
2021-06-14,13447.83,18373.00,0.00,0.00,0.00,0.00,0.00
2021-06-15,9194.61,14875.00,0.00,0.00,0.00,0.00,0.00
2021-06-16,9993.33,14849.00,0.00,0.00,0.00,0.00,0.00
2021-06-17,10230.13,15470.29,0.00,0.00,0.00,0.00,0.00
2021-06-18,9460.65,14154.71,0.00,0.00,0.00,0.00,0.00
2021-06-19,11060.43,16987.00,0.00,0.00,0.00,0.00,0.00
2021-06-20,14121.63,18746.00,0.00,0.00,0.00,0.00,0.00
2021-06-21,8000.15,11278.65,0.00,0.00,0.00,0.00,0.00
2021-06-22,11741.00,16694.00,0.00,0.00,8364.02,0.00,0.00
2021-06-23,13538.71,17838.00,0.00,0.00,0.00,0.00,0.00
2021-06-24,6431.12,9944.00,0.00,0.00,0.00,0.00,0.00
2021-06-25,11934.20,17426.00,0.00,0.00,0.00,0.00,0.00
2021-06-26,9222.19,11313.00,0.00,0.00,0.00,0.00,0.00
2021-06-27,15557.46,20933.00,0.00,0.00,0.00,0.00,0.00
2021-06-28,15627.42,21205.10,0.00,0.00,0.00,0.00,0.00
2021-06-29,10996.72,14487.00,0.00,0.00,0.00,0.00,0.00
2021-06-30,11649.37,15197.00,0.00,0.00,0.00,0.00,0.00
2021-07-01,13078.87,17428.00,0.00,0.00,0.00,0.00,0.00
2021-07-02,10267.62,12379.00,0.00,0.00,0.00,0.00,0.00
2021-07-03,4021.49,6098.60,0.00,0.00,0.00,0.00,0.00
2021-07-04,8806.42,13171.40,0.00,0.00,0.00,0.00,0.00
2021-07-05,9409.24,13336.00,0.00,0.00,0.00,0.00,0.00
2021-07-06,8252.77,11384.00,0.00,0.00,0.00,0.00,0.00
2021-07-07,12787.86,16180.84,0.00,0.00,0.00,0.00,0.00
2021-07-08,7187.80,10927.00,0.00,0.00,0.00,0.00,0.00
2021-07-09,15104.35,19501.00,0.00,0.00,0.00,0.00,0.00
2021-07-10,12089.91,15844.00,0.00,0.00,0.00,0.00,0.00
2021-07-11,10471.46,15027.00,0.00,0.00,0.00,0.00,0.00
2021-07-12,10886.98,15767.08,0.00,0.00,0.00,0.00,0.00
2021-07-13,12223.15,16183.00,0.00,0.00,0.00,0.00,0.00
2021-07-14,12871.79,18018.00,0.00,0.00,0.00,0.00,0.00
2021-07-15,11104.53,14911.00,0.00,0.00,0.00,0.00,0.00
2021-07-16,9134.59,12687.00,0.00,0.00,0.00,0.00,0.00
2021-07-17,11391.67,13485.99,0.00,0.00,0.00,0.00,0.00
2021-07-18,10770.04,15945.00,0.00,0.00,0.00,0.00,0.00
2021-07-19,13571.57,18263.67,0.00,0.00,0.00,0.00,0.00
2021-07-20,10060.81,15035.32,0.00,0.00,0.00,0.00,0.00
2021-07-21,11641.03,16063.01,0.00,0.00,0.00,0.00,0.00
2021-07-22,10258.25,13175.05,0.00,0.00,0.00,0.00,0.00
2021-07-23,11935.34,16279.95,0.00,0.00,0.00,0.00,0.00
2021-07-24,11035.77,13480.82,0.00,0.00,0.00,0.00,0.00
2021-07-25,12052.19,16565.00,0.00,0.00,0.00,0.00,0.00
2021-07-26,12434.86,16184.00,0.00,0.00,0.00,0.00,0.00
2021-07-27,11708.18,15294.03,0.00,0.00,0.00,0.00,0.00
2021-07-28,9942.32,14153.97,0.00,0.00,0.00,0.00,0.00
2021-07-29,11386.45,15128.00,0.00,0.00,8476.17,0.00,0.00
2021-07-30,8168.20,13763.00,0.00,0.00,0.00,0.00,0.00
2021-07-31,12926.49,16796.00,0.00,0.00,0.00,0.00,0.00
2021-08-01,11584.46,15207.00,0.00,0.00,0.00,0.00,0.00
2021-08-02,12177.92,15221.26,0.00,0.00,0.00,0.00,0.00
2021-08-03,10478.59,13885.80,0.00,0.00,0.00,0.00,0.00
2021-08-04,11113.08,15356.31,0.00,0.00,0.00,0.00,0.00
2021-08-05,6188.26,9187.00,0.00,0.00,0.00,0.00,0.00
2021-08-06,13890.31,17195.00,0.00,0.00,0.00,0.00,0.00
2021-08-07,12626.61,16196.65,0.00,0.00,0.00,0.00,0.00
2021-08-08,14752.73,16721.00,0.00,0.00,0.00,0.00,0.00
2021-08-09,11407.08,15321.00,0.00,0.00,0.00,0.00,0.00
2021-08-10,12028.30,15347.00,0.00,0.00,0.00,0.00,0.00
2021-08-11,10138.85,14374.09,0.00,0.00,0.00,0.00,0.00
2021-08-12,9874.57,12470.00,0.00,0.00,0.00,0.00,0.00
2021-08-13,11251.66,14969.37,0.00,0.00,0.00,0.00,0.00
2021-08-14,14436.86,16553.11,0.00,0.00,0.00,0.00,0.00
2021-08-15,10950.43,14905.16,0.00,0.00,0.00,0.00,0.00
2021-08-16,10326.55,13404.00,0.00,0.00,0.00,0.00,0.00
2021-08-17,10826.74,15059.00,0.00,0.00,7708.96,0.00,0.00
2021-08-18,10073.33,14649.00,0.00,0.00,9951.87,0.00,0.00
2021-08-19,12307.25,15852.00,0.00,0.00,0.00,0.00,0.00
2021-08-20,6767.87,9596.00,0.00,0.00,28129.33,0.00,0.00
2021-08-21,12137.86,15382.00,0.00,0.00,0.00,0.00,0.00
2021-08-22,10985.39,15349.84,0.00,0.00,0.00,0.00,0.00
2021-08-23,12244.41,15869.78,0.00,0.00,0.00,0.00,0.00
2021-08-24,12179.32,14501.00,0.00,0.00,7401.97,0.00,0.00
2021-08-25,10968.76,14271.00,0.00,0.00,7460.20,0.00,0.00
2021-08-26,9935.67,14641.00,0.00,0.00,7160.31,0.00,0.00
2021-08-27,9769.49,10492.46,0.00,0.00,0.00,0.00,0.00
2021-08-28,13688.82,18132.00,0.00,0.00,0.00,0.00,0.00
2021-08-29,12543.06,13262.00,0.00,0.00,0.00,0.00,0.00
2021-08-30,14877.63,14513.00,0.00,0.00,0.00,0.00,0.00
2021-08-31,11789.45,14489.00,0.00,0.00,19661.01,0.00,0.00
2021-09-01,13537.08,16583.00,0.00,0.00,19890.80,0.00,0.00
2021-09-02,10640.42,13387.00,0.00,0.00,10393.45,0.00,0.00
2021-09-03,16353.73,15399.00,0.00,0.00,0.00,0.00,0.00
2021-09-04,13373.60,15091.32,0.00,0.00,0.00,0.00,0.00
2021-09-05,17184.41,22195.65,0.00,0.00,7691.15,0.00,0.00
2021-09-06,11679.28,15867.94,0.00,0.00,6998.44,0.00,0.00
2021-09-07,12587.86,15901.00,0.00,0.00,9513.29,0.00,0.00
2021-09-08,11649.72,15554.00,0.00,0.00,0.00,0.00,0.00
2021-09-09,18798.30,21987.84,0.00,0.00,19611.30,0.00,0.00
2021-09-10,11759.30,15411.00,0.00,0.00,0.00,0.00,0.00
2021-09-11,15316.96,14209.64,0.00,0.00,0.00,0.00,0.00
2021-09-12,14927.62,20154.00,0.00,0.00,0.00,0.00,0.00
2021-09-13,13246.24,17671.00,0.00,0.00,0.00,0.00,0.00
2021-09-14,14531.90,19671.00,0.00,0.00,0.00,0.00,0.00
2021-09-15,12492.29,17027.00,0.00,0.00,0.00,0.00,0.00
2021-09-16,17140.76,23496.00,0.00,0.00,20008.91,0.00,0.00
2021-09-17,15731.97,19998.00,0.00,0.00,19461.76,0.00,0.00
2021-09-18,14766.30,14456.98,0.00,0.00,0.00,0.00,0.00
2021-09-19,15100.30,17928.00,0.00,0.00,0.00,0.00,0.00
2021-09-20,13514.34,18497.09,0.00,0.00,0.00,0.00,0.00
2021-09-21,17126.30,21781.08,0.00,0.00,0.00,0.00,0.00
2021-09-22,18539.00,23313.00,0.00,0.00,3227.33,0.00,0.00
2021-09-23,10283.92,15186.87,0.00,0.00,0.00,0.00,0.00
2021-09-24,9010.70,13103.89,0.00,0.00,0.00,0.00,0.00
2021-09-25,10253.88,14728.00,0.00,0.00,0.00,0.00,0.00
2021-09-26,8666.38,12670.00,0.00,0.00,0.00,0.00,0.00
2021-09-27,12121.85,17365.00,0.00,0.00,7920.13,0.00,0.00
2021-09-28,10412.77,14662.00,0.00,0.00,19297.32,0.00,0.00
2021-09-29,10332.19,14831.20,0.00,0.00,7867.03,0.00,0.00
2021-09-30,10628.55,16287.80,0.00,0.00,0.00,0.00,0.00
2021-10-01,11082.13,16397.00,0.00,0.00,0.00,0.00,0.00
2021-10-02,11779.47,16301.00,0.00,0.00,0.00,0.00,0.00
2021-10-03,7715.33,10429.55,0.00,0.00,0.00,0.00,0.00
2021-10-04,12997.78,16021.85,0.00,0.00,0.00,0.00,0.00
2021-10-05,13688.74,15002.74,0.00,0.00,0.00,0.00,0.00
2021-10-06,10952.41,14839.75,0.00,0.00,0.00,0.00,0.00
2021-10-07,14596.30,20367.00,0.00,0.00,0.00,0.00,0.00
2021-10-08,9956.87,15506.00,0.00,0.00,0.00,0.00,0.00
2021-10-09,14006.21,19899.04,0.00,0.00,0.00,0.00,0.00
2021-10-10,10922.63,16302.92,0.00,0.00,8800.44,0.00,0.00
2021-10-11,11063.22,16556.00,0.00,0.00,0.00,0.00,0.00
2021-10-12,11766.70,17551.00,0.00,0.00,0.00,0.00,0.00
2021-10-13,11748.54,17728.91,0.00,0.00,0.00,0.00,0.00
2021-10-14,11151.91,16724.09,0.00,0.00,0.00,0.00,0.00
2021-10-15,8034.66,12068.10,0.00,0.00,0.00,0.00,0.00
2021-10-16,11091.60,16696.59,0.00,0.00,0.00,0.00,0.00
2021-10-17,12728.70,19929.41,0.00,0.00,0.00,0.00,0.00
2021-10-18,9643.40,14465.03,0.00,0.00,0.00,0.00,0.00
2021-10-19,11486.64,16954.00,0.00,0.00,0.00,0.00,0.00
2021-10-20,12076.78,16943.00,0.00,0.00,8805.59,0.00,0.00
2021-10-21,8133.04,12009.00,0.00,0.00,0.00,0.00,0.00
2021-10-22,7681.50,10847.00,0.00,0.00,9449.36,0.00,0.00
2021-10-23,13342.02,18405.00,0.00,0.00,0.00,0.00,0.00
2021-10-24,8772.48,13304.00,0.00,0.00,0.00,0.00,0.00
2021-10-25,10812.65,16243.43,0.00,0.00,0.00,0.00,0.00
2021-10-26,10289.89,14525.91,0.00,0.00,0.00,0.00,0.00
2021-10-27,9300.70,13298.04,0.00,0.00,0.00,0.00,0.00
2021-10-28,9846.06,14679.08,0.00,0.00,0.00,0.00,0.00
2021-10-29,13299.02,15989.92,0.00,0.00,0.00,0.00,0.00
2021-10-30,15635.87,21243.66,0.00,0.00,0.00,0.00,0.00
2021-10-31,15490.76,21975.00,0.00,0.00,0.00,0.00,0.00
2021-11-01,13053.00,18394.24,0.00,0.00,0.00,0.00,0.00
2021-11-02,13881.86,19821.03,0.00,0.00,0.00,0.00,0.00
2021-11-03,12147.04,18076.00,0.00,0.00,0.00,0.00,0.00
2021-11-04,10442.18,15751.00,0.00,0.00,0.00,0.00,0.00
2021-11-05,3696.14,4857.00,0.00,0.00,0.00,0.00,0.00
2021-11-06,9899.39,17136.00,0.00,0.00,0.00,0.00,0.00
2021-11-07,13411.51,19208.22,0.00,0.00,0.00,0.00,0.00
2021-11-08,14601.94,20856.09,0.00,0.00,0.00,0.00,0.00
2021-11-09,8995.04,13750.72,0.00,0.00,0.00,0.00,0.00
2021-11-10,15007.59,21153.00,0.00,0.00,0.00,0.00,0.00
2021-11-11,15537.87,22095.35,0.00,0.00,0.00,0.00,0.00
2021-11-12,10439.12,15517.65,0.00,0.00,0.00,0.00,0.00
2021-11-13,12976.82,17320.47,0.00,0.00,0.00,0.00,0.00
2021-11-14,12119.66,18037.00,0.00,0.00,0.00,0.00,0.00
2021-11-15,15226.91,21401.00,0.00,0.00,0.00,0.00,0.00
2021-11-16,14796.99,21075.45,0.00,0.00,0.00,0.00,0.00
2021-11-17,14514.90,21545.55,0.00,0.00,0.00,0.00,0.00
2021-11-18,14977.81,22464.00,0.00,0.00,0.00,0.00,0.00
2021-11-19,12406.18,17273.00,0.00,0.00,0.00,0.00,0.00
2021-11-20,11554.98,17180.00,0.00,0.00,0.00,0.00,0.00
2021-11-21,11518.20,17112.00,0.00,0.00,0.00,0.00,0.00
2021-11-22,13566.34,20180.00,0.00,0.00,0.00,0.00,0.00
2021-11-23,12512.46,19298.00,0.00,0.00,8956.32,0.00,0.00
2021-11-24,9710.03,14371.00,0.00,0.00,0.00,0.00,0.00
2021-11-25,13173.05,18325.00,0.00,0.00,0.00,0.00,0.00
2021-11-26,8893.52,12167.34,0.00,0.00,0.00,0.00,0.00
2021-11-27,11265.54,16000.34,0.00,0.00,0.00,0.00,0.00
2021-11-28,13892.16,19409.18,0.00,0.00,0.00,0.00,0.00
2021-11-29,13877.66,19642.63,0.00,0.00,0.00,0.00,0.00
2021-11-30,12293.44,18459.00,0.00,0.00,0.00,0.00,0.00
2021-12-01,11047.25,15554.00,0.00,0.00,0.00,0.00,0.00
2021-12-02,10905.35,15364.00,0.00,0.00,0.00,0.00,0.00
2021-12-03,14307.53,19838.70,0.00,0.00,2766.39,0.00,0.00
2021-12-04,12453.98,16968.50,0.00,0.00,0.00,0.00,0.00
2021-12-05,14307.17,20286.50,0.00,0.00,0.00,0.00,0.00
2021-12-06,13542.82,19103.00,0.00,0.00,0.00,0.00,0.00
2021-12-07,15090.45,21505.00,0.00,0.00,0.00,0.00,0.00
2021-12-08,10498.75,15567.00,0.00,0.00,0.00,0.00,0.00
2021-12-09,13591.61,19066.00,0.00,0.00,8854.72,0.00,0.00
2021-12-10,7745.09,10020.00,0.00,0.00,0.00,0.00,0.00
2021-12-11,14514.41,16923.00,0.00,0.00,0.00,0.00,0.00
2021-12-12,13808.39,20717.00,0.00,0.00,0.00,0.00,0.00
2021-12-13,12649.94,18757.00,0.00,0.00,0.00,0.00,0.00
2021-12-14,16111.70,22483.00,0.00,0.00,0.00,0.00,0.00
2021-12-15,14700.13,20529.00,0.00,0.00,0.00,0.00,0.00
2021-12-16,16204.76,23213.00,0.00,0.00,0.00,0.00,0.00
2021-12-17,13275.19,16030.00,0.00,0.00,0.00,0.00,0.00
2021-12-18,11651.37,17905.73,0.00,0.00,0.00,0.00,0.00
2021-12-19,14245.24,20145.27,0.00,0.00,0.00,0.00,0.00
2021-12-20,14343.27,20117.00,0.00,0.00,0.00,0.00,0.00
2021-12-21,15294.92,21881.00,0.00,0.00,0.00,0.00,0.00
2021-12-22,12049.20,17838.89,0.00,0.00,0.00,0.00,0.00
2021-12-23,11568.08,16662.00,0.00,0.00,9063.33,0.00,0.00
2021-12-24,9157.40,14214.00,0.00,0.00,0.00,0.00,0.00
2021-12-25,9884.43,15787.61,0.00,0.00,0.00,0.00,0.00
2021-12-26,15665.80,21910.94,0.00,0.00,0.00,0.00,0.00
2021-12-27,13641.47,19234.27,0.00,0.00,0.00,0.00,0.00
2021-12-28,12834.02,18246.73,0.00,0.00,0.00,0.00,0.00
2021-12-29,13032.51,18407.00,0.00,0.00,0.00,0.00,0.00
2021-12-30,13272.13,20257.00,0.00,0.00,0.00,0.00,0.00
2021-12-31,11258.15,16193.00,0.00,0.00,0.00,0.00,0.00
2022-01-01,7115.05,10092.00,0.00,0.00,0.00,0.00,0.00
2022-01-02,12787.79,15972.00,0.00,0.00,0.00,0.00,0.00
2022-01-03,10198.66,15214.00,0.00,0.00,0.00,0.00,0.00
2022-01-04,11594.12,16457.00,0.00,0.00,0.00,0.00,0.00
2022-01-05,11150.48,16337.94,0.00,0.00,0.00,0.00,0.00
2022-01-06,13094.18,20380.72,0.00,0.00,0.00,0.00,0.00
2022-01-07,15930.10,20563.00,0.00,0.00,0.00,0.00,0.00
2022-01-08,12292.93,19747.00,0.00,0.00,0.00,0.00,0.00
2022-01-09,14399.90,20615.00,0.00,0.00,0.00,0.00,0.00
2022-01-10,12558.95,17137.00,0.00,0.00,0.00,0.00,0.00
2022-01-11,9417.84,15058.00,0.00,0.00,0.00,0.00,0.00
2022-01-12,15382.61,21497.00,0.00,0.00,0.00,0.00,0.00
2022-01-13,16288.51,24748.00,0.00,0.00,0.00,0.00,0.00
2022-01-14,12159.31,15034.00,0.00,0.00,0.00,0.00,0.00
2022-01-15,13317.07,20148.76,0.00,0.00,0.00,0.00,0.00
2022-01-16,14730.50,20508.00,0.00,0.00,0.00,0.00,0.00
2022-01-17,10761.16,14797.87,0.00,0.00,0.00,0.00,0.00
2022-01-18,14938.31,20376.04,0.00,0.00,0.00,0.00,0.00
2022-01-19,13590.39,20273.21,0.00,0.00,0.00,0.00,0.00
2022-01-20,10188.09,16377.18,0.00,0.00,0.00,0.00,0.00
2022-01-21,9941.78,14815.00,0.00,0.00,0.00,0.00,0.00
2022-01-22,11797.13,15171.86,0.00,0.00,0.00,0.00,0.00
2022-01-23,12036.06,18033.00,0.00,0.00,0.00,0.00,0.00
2022-01-24,10492.61,17321.00,0.00,0.00,0.00,0.00,0.00
2022-01-25,12303.71,15915.00,0.00,0.00,0.00,0.00,0.00
2022-01-26,13728.04,21392.15,0.00,0.00,0.00,0.00,0.00
2022-01-27,11519.54,18104.85,0.00,0.00,0.00,0.00,0.00
2022-01-28,8439.17,13941.00,0.00,0.00,0.00,0.00,0.00
2022-01-29,5174.07,8268.00,0.00,0.00,0.00,0.00,0.00
2022-01-30,8011.97,12618.00,0.00,0.00,0.00,0.00,0.00
2022-01-31,3726.45,6459.00,0.00,0.00,0.00,0.00,0.00
2022-02-01,3226.04,5273.00,0.00,0.00,0.00,0.00,0.00
2022-02-02,1049.77,1942.00,0.00,0.00,0.00,0.00,0.00
2022-02-03,1715.77,2901.00,0.00,0.00,0.00,0.00,0.00
2022-02-04,1478.89,2566.00,0.00,0.00,0.00,0.00,0.00
2022-02-05,653.23,1198.00,0.00,0.00,0.00,0.00,0.00
2022-02-06,12828.81,15299.00,0.00,0.00,0.00,0.00,0.00
2022-02-07,527.83,921.00,0.00,0.00,0.00,0.00,0.00
2022-02-08,8145.69,11788.00,0.00,0.00,0.00,0.00,0.00
2022-02-09,6207.53,10190.00,0.00,0.00,0.00,0.00,0.00
2022-02-10,3998.85,6112.40,0.00,0.00,0.00,0.00,0.00
2022-02-11,778.90,1356.60,0.00,0.00,0.00,0.00,0.00
2022-02-12,2076.18,3107.00,0.00,0.00,0.00,0.00,0.00
2022-02-13,8293.38,13674.00,0.00,0.00,0.00,0.00,0.00
2022-02-14,1917.75,2918.00,0.00,0.00,0.00,0.00,0.00
2022-02-15,7303.15,9239.00,0.00,0.00,0.00,0.00,0.00
2022-02-16,795.46,1304.00,0.00,0.00,0.00,0.00,0.00
2022-02-17,6585.39,7488.00,0.00,0.00,0.00,0.00,0.00
2022-02-18,6901.70,8294.00,0.00,0.00,0.00,0.00,0.00
2022-02-19,6464.82,7912.00,0.00,0.00,0.00,0.00,0.00
2022-02-20,3408.98,5289.00,0.00,0.00,0.00,0.00,0.00
2022-02-21,12002.68,15548.00,0.00,0.00,0.00,0.00,0.00
2022-02-22,10355.21,13957.00,0.00,0.00,0.00,0.00,0.00
2022-02-23,9948.62,14523.00,0.00,0.00,8688.54,0.00,0.00
2022-02-24,9206.24,14277.00,0.00,0.00,0.00,0.00,0.00
2022-02-25,13403.16,17578.00,0.00,0.00,0.00,0.00,0.00
2022-02-26,16536.55,19884.92,0.00,0.00,0.00,0.00,0.00
2022-02-27,10744.52,13982.00,0.00,0.00,0.00,0.00,0.00
2022-02-28,6875.10,9636.00,0.00,0.00,0.00,0.00,0.00
2022-03-01,5767.53,8533.00,0.00,0.00,0.00,0.00,0.00
2022-03-02,4839.55,7234.00,0.00,0.00,0.00,0.00,0.00
2022-03-03,11186.55,17722.00,0.00,0.00,0.00,0.00,0.00
2022-03-04,9932.27,14626.00,0.00,0.00,0.00,0.00,0.00
2022-03-05,12875.52,16671.38,0.00,0.00,0.00,0.00,0.00
2022-03-06,10636.32,15333.53,0.00,0.00,0.00,0.00,0.00
2022-03-07,8339.36,10549.00,0.00,0.00,0.00,0.00,0.00
2022-03-08,4122.62,6073.00,0.00,0.00,0.00,0.00,0.00
2022-03-09,6217.82,8515.00,0.00,0.00,0.00,0.00,0.00
2022-03-10,5216.91,7892.00,0.00,0.00,0.00,0.00,0.00
2022-03-11,9112.64,10563.00,0.00,0.00,0.00,0.00,0.00
2022-03-12,9837.67,13409.00,0.00,0.00,0.00,0.00,0.00
2022-03-13,9001.51,11736.62,0.00,0.00,0.00,0.00,0.00
2022-03-14,3476.83,5332.38,0.00,0.00,0.00,0.00,0.00
2022-03-15,6833.33,9276.00,0.00,0.00,0.00,0.00,0.00
2022-03-16,10595.56,15764.00,0.00,0.00,0.00,0.00,0.00
2022-03-17,5159.47,38290.36,0.00,0.00,0.00,0.00,0.00
2022-03-18,9027.73,10254.00,0.00,0.00,0.00,0.00,0.00
2022-03-19,4921.58,6665.00,0.00,0.00,0.00,0.00,0.00
2022-03-20,7634.09,9870.00,0.00,0.00,0.00,0.00,0.00
2022-03-21,4125.81,6110.00,0.00,0.00,0.00,0.00,0.00
2022-03-22,9958.48,13073.40,0.00,0.00,0.00,0.00,0.00
2022-03-23,3508.56,5228.45,0.00,0.00,0.00,0.00,0.00
2022-03-24,4255.23,6335.15,0.00,0.00,0.00,0.00,0.00
2022-03-25,15556.30,19184.00,0.00,0.00,0.00,0.00,0.00
2022-03-26,13765.78,16903.00,0.00,0.00,0.00,0.00,0.00
2022-03-27,11449.66,14127.00,0.00,0.00,0.00,0.00,0.00
2022-03-28,7802.51,10855.00,0.00,0.00,0.00,0.00,0.00
2022-03-29,12449.03,16001.61,0.00,0.00,0.00,0.00,0.00
2022-03-30,4198.22,6246.00,0.00,0.00,0.00,0.00,0.00
2022-03-31,11810.28,14507.00,0.00,0.00,0.00,0.00,0.00
2022-04-01,3498.25,5208.00,0.00,0.00,0.00,0.00,0.00
2022-04-02,8780.14,12808.84,0.00,0.00,0.00,0.00,0.00
2022-04-03,8115.59,11245.00,0.00,0.00,0.00,0.00,0.00
2022-04-04,5889.58,8851.00,0.00,0.00,0.00,0.00,0.00
2022-04-05,9892.01,12451.00,0.00,0.00,0.00,0.00,0.00
2022-04-06,4354.72,6391.90,0.00,0.00,0.00,0.00,0.00
2022-04-07,8702.96,10834.10,0.00,0.00,0.00,0.00,0.00
2022-04-08,2388.20,3580.18,0.00,0.00,0.00,0.00,0.00
2022-04-09,8111.30,11636.82,0.00,0.00,0.00,0.00,0.00
2022-04-10,4902.34,7224.00,0.00,0.00,0.00,0.00,0.00
2022-04-11,15495.79,20224.00,0.00,0.00,0.00,0.00,0.00
2022-04-12,3979.19,5941.00,0.00,0.00,0.00,0.00,0.00
2022-04-13,8098.80,9756.00,0.00,0.00,0.00,0.00,0.00
2022-04-14,2712.93,4400.00,0.00,0.00,0.00,0.00,0.00
2022-04-15,3476.31,4842.61,0.00,0.00,0.00,0.00,0.00
2022-04-16,4464.08,5138.00,0.00,0.00,0.00,0.00,0.00
2022-04-17,14157.23,16855.00,0.00,0.00,0.00,0.00,0.00
2022-04-18,4961.94,7205.00,0.00,0.00,0.00,0.00,0.00
2022-04-19,9781.06,12338.00,0.00,0.00,0.00,0.00,0.00
2022-04-20,4606.41,6851.00,0.00,0.00,0.00,0.00,0.00
2022-04-21,11416.39,13750.00,0.00,0.00,0.00,0.00,0.00
2022-04-22,3083.79,5090.00,0.00,0.00,0.00,0.00,0.00
2022-04-23,2915.54,4365.45,0.00,0.00,0.00,0.00,0.00
2022-04-24,9252.07,11234.00,0.00,0.00,0.00,0.00,0.00
2022-04-25,7631.86,11174.00,0.00,0.00,0.00,0.00,0.00
2022-04-26,9313.04,11568.08,0.00,0.00,0.00,0.00,0.00
2022-04-27,8323.21,12622.00,0.00,0.00,0.00,0.00,0.00
2022-04-28,9833.22,12697.00,0.00,0.00,0.00,0.00,0.00
2022-04-29,3064.30,4679.00,0.00,0.00,0.00,0.00,0.00
2022-04-30,12004.54,14629.00,0.00,0.00,0.00,0.00,0.00
2022-05-01,7469.76,9148.97,0.00,0.00,0.00,0.00,0.00
2022-05-02,7720.62,10618.03,0.00,0.00,0.00,0.00,0.00
2022-05-03,8222.65,10955.21,0.00,0.00,0.00,0.00,0.00
2022-05-04,5643.27,7004.74,0.00,0.00,0.00,0.00,0.00
2022-05-05,7801.68,9402.00,0.00,0.00,0.00,0.00,0.00
2022-05-06,3902.01,5703.00,0.00,0.00,0.00,0.00,0.00
2022-05-07,4997.89,6970.42,0.00,0.00,0.00,0.00,0.00
2022-05-08,9717.90,12005.90,0.00,0.00,0.00,0.00,0.00
2022-05-09,1959.71,2922.00,0.00,0.00,0.00,0.00,0.00
2022-05-10,8880.99,11070.00,0.00,0.00,0.00,0.00,0.00
2022-05-11,2140.01,3215.79,0.00,0.00,0.00,0.00,0.00
2022-05-12,12239.35,14093.00,0.00,0.00,0.00,0.00,0.00
2022-05-13,11134.45,15664.00,0.00,0.00,0.00,0.00,0.00
2022-05-14,9485.09,12270.00,0.00,0.00,0.00,0.00,0.00
2022-05-15,2116.82,3099.00,0.00,0.00,0.00,0.00,0.00
2022-05-16,10517.04,13661.00,0.00,0.00,0.00,0.00,0.00
2022-05-17,7137.77,8303.00,0.00,0.00,0.00,0.00,0.00
2022-05-18,2841.93,4317.00,0.00,0.00,0.00,0.00,0.00
2022-05-19,8093.74,9922.00,0.00,0.00,0.00,0.00,0.00
2022-05-20,8002.99,11932.00,0.00,0.00,0.00,0.00,0.00
2022-05-21,8426.59,12128.00,0.00,0.00,0.00,0.00,0.00
2022-05-22,3642.94,5565.00,0.00,0.00,0.00,0.00,0.00
2022-05-23,7780.35,10620.00,0.00,0.00,0.00,0.00,0.00
2022-05-24,1527.68,2662.00,0.00,0.00,0.00,0.00,0.00
2022-05-25,6259.47,9469.00,0.00,0.00,0.00,0.00,0.00
2022-05-26,5942.95,6860.00,0.00,0.00,0.00,0.00,0.00
2022-05-27,23.00,37.00,0.00,0.00,0.00,0.00,0.00
2022-05-28,7064.70,8848.00,0.00,0.00,0.00,0.00,0.00
2022-05-29,9193.29,11956.00,0.00,0.00,0.00,0.00,0.00
2022-05-30,9739.28,15601.00,0.00,0.00,0.00,0.00,0.00
2022-05-31,6034.90,8751.00,0.00,0.00,0.00,0.00,0.00
2022-06-01,2093.96,2982.00,0.00,0.00,0.00,0.00,0.00
2022-06-02,6643.14,8419.00,0.00,0.00,0.00,0.00,0.00
2022-06-03,5713.89,7709.00,0.00,0.00,0.00,0.00,0.00
2022-06-04,11366.75,14963.00,0.00,0.00,0.00,0.00,0.00
2022-06-05,9987.17,12757.00,0.00,0.00,0.00,0.00,0.00
2022-06-06,8605.49,10646.00,0.00,0.00,0.00,0.00,0.00
2022-06-07,2567.54,3744.69,0.00,0.00,0.00,0.00,0.00
2022-06-08,5392.62,6616.00,0.00,0.00,0.00,0.00,0.00
2022-06-09,4486.94,6683.00,0.00,0.00,0.00,0.00,0.00
2022-06-10,4809.38,7055.00,0.00,0.00,0.00,0.00,0.00
2022-06-11,4796.73,6636.00,0.00,0.00,0.00,0.00,0.00
2022-06-12,10506.17,12770.00,0.00,0.00,0.00,0.00,0.00
2022-06-13,6265.58,8341.00,0.00,0.00,0.00,0.00,0.00
2022-06-14,10863.65,13235.00,0.00,0.00,0.00,0.00,0.00
2022-06-15,5187.35,12927.25,0.00,0.00,0.00,0.00,0.00
2022-06-16,4180.19,6104.00,0.00,0.00,0.00,0.00,0.00
2022-06-17,6378.29,8521.00,0.00,0.00,0.00,0.00,0.00
2022-06-18,9067.35,10928.00,0.00,0.00,0.00,0.00,0.00
2022-06-19,9653.02,11706.00,0.00,0.00,0.00,0.00,0.00
2022-06-20,7363.97,10504.00,0.00,0.00,0.00,0.00,0.00
2022-06-21,6644.38,9143.67,0.00,0.00,0.00,0.00,0.00
2022-06-22,3642.71,5260.00,0.00,0.00,0.00,0.00,0.00
2022-06-23,9931.76,11859.00,0.00,0.00,0.00,0.00,0.00
2022-06-24,2281.48,3285.50,0.00,0.00,0.00,0.00,0.00
2022-06-25,5468.53,7899.43,0.00,0.00,0.00,0.00,0.00
2022-06-26,9519.60,11150.00,0.00,0.00,0.00,0.00,0.00
2022-06-27,4589.89,6577.00,0.00,0.00,0.00,0.00,0.00
2022-06-28,13548.46,16998.00,0.00,0.00,8852.12,0.00,0.00
2022-06-29,8733.31,10861.23,0.00,0.00,0.00,0.00,0.00
2022-06-30,10051.36,11869.00,0.00,0.00,0.00,0.00,0.00
2022-07-01,4544.99,6635.00,0.00,0.00,0.00,0.00,0.00
2022-07-02,4273.73,6260.00,0.00,0.00,0.00,0.00,0.00
2022-07-03,10148.00,12111.00,0.00,0.00,0.00,0.00,0.00
2022-07-04,6745.56,9833.00,0.00,0.00,0.00,0.00,0.00
2022-07-05,10837.64,13179.28,0.00,0.00,0.00,0.00,0.00
2022-07-06,4235.96,6148.00,0.00,0.00,0.00,0.00,0.00
2022-07-07,9343.47,10852.00,0.00,0.00,0.00,0.00,0.00
2022-07-08,9605.37,11624.86,0.00,0.00,0.00,0.00,0.00
2022-07-09,9852.46,12501.00,0.00,0.00,0.00,0.00,0.00
2022-07-10,9467.72,10981.00,0.00,0.00,0.00,0.00,0.00
2022-07-11,4861.69,7135.52,0.00,0.00,0.00,0.00,0.00
2022-07-12,10513.59,12403.00,0.00,0.00,0.00,0.00,0.00
2022-07-13,4557.86,6681.00,0.00,0.00,0.00,0.00,0.00
2022-07-14,8130.01,10750.67,0.00,0.00,0.00,0.00,0.00
2022-07-15,8627.87,11892.00,0.00,0.00,0.00,0.00,0.00
2022-07-16,9598.44,12262.00,0.00,0.00,0.00,0.00,0.00
2022-07-17,9886.89,11561.42,0.00,0.00,0.00,0.00,0.00
2022-07-18,3710.26,5230.00,0.00,0.00,0.00,0.00,0.00
2022-07-19,10792.50,12776.29,0.00,0.00,0.00,0.00,0.00
2022-07-20,3711.04,5365.42,0.00,0.00,0.00,0.00,0.00
2022-07-21,12541.53,14317.00,0.00,0.00,0.00,0.00,0.00
2022-07-22,2393.42,3433.00,0.00,0.00,0.00,0.00,0.00
2022-07-23,4005.19,5874.00,0.00,0.00,0.00,0.00,0.00
2022-07-24,9193.27,10030.00,0.00,0.00,0.00,0.00,0.00
2022-07-25,3833.61,5508.00,0.00,0.00,0.00,0.00,0.00
2022-07-26,5305.66,7654.00,0.00,0.00,0.00,0.00,0.00
2022-07-27,9460.55,10685.00,0.00,0.00,0.00,0.00,0.00
2022-07-28,10044.72,11473.00,0.00,0.00,0.00,0.00,0.00
2022-07-29,15438.48,18558.00,0.00,0.00,0.00,0.00,0.00
2022-07-30,5708.84,8302.00,0.00,0.00,0.00,0.00,0.00
2022-07-31,10338.93,12289.93,0.00,0.00,0.00,0.00,0.00
2022-08-01,10185.50,14182.30,0.00,0.00,0.00,0.00,0.00
2022-08-02,12428.57,16178.00,0.00,0.00,0.00,0.00,0.00
2022-08-03,6556.49,8442.27,0.00,0.00,0.00,0.00,0.00
2022-08-04,10791.30,12702.18,0.00,0.00,0.00,0.00,0.00
2022-08-05,8229.69,11155.17,0.00,0.00,0.00,0.00,0.00
2022-08-06,7786.77,10821.00,0.00,0.00,0.00,0.00,0.00
2022-08-07,5626.03,8599.14,0.00,0.00,0.00,0.00,0.00
2022-08-08,10822.75,12808.00,0.00,0.00,0.00,0.00,0.00
2022-08-09,10179.70,11757.00,0.00,0.00,0.00,0.00,0.00
2022-08-10,6619.00,8181.00,0.00,0.00,0.00,0.00,0.00
2022-08-11,11110.64,13285.00,0.00,0.00,0.00,0.00,0.00
2022-08-12,9747.96,13337.00,0.00,0.00,0.00,0.00,0.00
2022-08-13,6527.48,8894.00,0.00,0.00,0.00,0.00,0.00
2022-08-14,9640.42,13016.00,0.00,0.00,0.00,0.00,0.00
2022-08-15,5395.52,6758.00,0.00,0.00,0.00,0.00,0.00
2022-08-16,12849.92,15805.00,0.00,0.00,0.00,0.00,0.00
2022-08-17,3055.39,4868.00,0.00,0.00,0.00,0.00,0.00
2022-08-18,12244.96,15886.00,0.00,0.00,0.00,0.00,0.00
2022-08-19,16256.06,21322.00,0.00,0.00,0.00,0.00,0.00
2022-08-20,5845.82,8701.37,0.00,0.00,0.00,0.00,0.00
2022-08-21,9045.21,10641.00,0.00,0.00,0.00,0.00,0.00
2022-08-22,3621.98,5206.00,0.00,0.00,0.00,0.00,0.00
2022-08-23,12637.69,14816.82,0.00,0.00,0.00,0.00,0.00
2022-08-24,5147.22,7143.00,0.00,0.00,0.00,0.00,0.00
2022-08-25,5087.98,7347.00,0.00,0.00,0.00,0.00,0.00
2022-08-26,25572.32,32812.00,0.00,0.00,0.00,0.00,0.00
2022-08-27,5387.03,8090.00,0.00,0.00,0.00,0.00,0.00
2022-08-28,7127.53,10385.00,0.00,0.00,0.00,0.00,0.00
2022-08-29,5430.32,7854.00,0.00,0.00,0.00,0.00,0.00
2022-08-30,12400.98,14460.14,0.00,0.00,0.00,0.00,0.00
2022-08-31,7454.34,9676.00,0.00,0.00,0.00,0.00,0.00
2022-09-01,9914.86,12091.00,0.00,0.00,0.00,0.00,0.00
2022-09-02,8186.22,10473.00,0.00,0.00,0.00,0.00,0.00
2022-09-03,5898.17,8678.00,0.00,0.00,0.00,0.00,0.00
2022-09-04,16460.41,20186.00,0.00,0.00,0.00,0.00,0.00
2022-09-05,2837.52,4189.00,0.00,0.00,0.00,0.00,0.00
2022-09-06,12887.22,16431.72,0.00,0.00,0.00,0.00,0.00
2022-09-07,4601.25,6790.00,0.00,0.00,0.00,0.00,0.00
2022-09-08,9843.51,11989.18,0.00,0.00,0.00,0.00,0.00
2022-09-09,13541.67,17232.37,0.00,0.00,0.00,0.00,0.00
2022-09-10,7954.56,11146.00,0.00,0.00,0.00,0.00,0.00
2022-09-11,10645.08,13650.00,0.00,0.00,0.00,0.00,0.00
2022-09-12,6323.54,9047.00,0.00,0.00,0.00,0.00,0.00
2022-09-13,9391.99,14385.88,0.00,0.00,0.00,0.00,0.00
2022-09-14,14645.58,19995.00,0.00,0.00,0.00,0.00,0.00
2022-09-15,4140.68,6045.00,0.00,0.00,0.00,0.00,0.00
2022-09-16,7827.68,10546.00,0.00,0.00,0.00,0.00,0.00
2022-09-17,12336.28,16111.00,0.00,0.00,0.00,0.00,0.00
2022-09-18,10371.57,12366.00,0.00,0.00,0.00,0.00,0.00
2022-09-19,6211.88,9005.00,0.00,0.00,0.00,0.00,0.00
2022-09-20,14171.12,16570.00,0.00,0.00,0.00,0.00,0.00
2022-09-21,4031.82,6032.30,0.00,0.00,0.00,0.00,0.00
2022-09-22,11079.17,13403.24,0.00,0.00,0.00,0.00,0.00
2022-09-23,8287.92,11289.00,0.00,0.00,0.00,0.00,0.00
2022-09-24,11282.00,14904.00,0.00,0.00,0.00,0.00,0.00
2022-09-25,8987.79,12755.00,0.00,0.00,0.00,0.00,0.00
2022-09-26,3806.06,8039.00,0.00,0.00,0.00,0.00,0.00
2022-09-27,7636.93,10348.67,0.00,0.00,0.00,0.00,0.00
2022-09-28,5158.94,7622.00,0.00,0.00,0.00,0.00,0.00
2022-09-29,4703.80,6864.62,0.00,0.00,0.00,0.00,0.00
2022-09-30,9299.43,12157.00,0.00,0.00,0.00,0.00,0.00
2022-10-01,5581.93,8229.00,0.00,0.00,0.00,0.00,0.00
2022-10-02,4282.08,6226.59,0.00,0.00,0.00,0.00,0.00
2022-10-03,10785.79,14242.00,0.00,0.00,0.00,0.00,0.00
2022-10-04,13542.09,18123.00,0.00,0.00,0.00,0.00,0.00
2022-10-05,7052.97,10235.00,0.00,0.00,0.00,0.00,0.00
2022-10-06,10525.97,13455.00,0.00,0.00,0.00,0.00,0.00
2022-10-07,9401.96,12238.00,0.00,0.00,0.00,0.00,0.00
2022-10-08,3904.28,5658.00,0.00,0.00,0.00,0.00,0.00
2022-10-09,10335.05,12524.00,0.00,0.00,0.00,0.00,0.00
2022-10-10,4560.03,6731.00,0.00,0.00,0.00,0.00,0.00
2022-10-11,10399.43,12603.00,0.00,0.00,0.00,0.00,0.00
2022-10-12,4974.37,7326.00,0.00,0.00,0.00,0.00,0.00
2022-10-13,3365.64,4872.00,0.00,0.00,0.00,0.00,0.00
2022-10-14,4679.80,6801.00,0.00,0.00,0.00,0.00,0.00
2022-10-15,11778.08,15034.00,0.00,0.00,0.00,0.00,0.00
2022-10-16,10642.71,12951.00,0.00,0.00,0.00,0.00,0.00
2022-10-17,11071.09,13730.00,0.00,0.00,0.00,0.00,0.00
2022-10-18,10262.93,13043.00,0.00,0.00,0.00,0.00,0.00
2022-10-19,4514.51,6676.00,0.00,0.00,0.00,0.00,0.00
2022-10-20,10627.84,13334.00,0.00,0.00,0.00,0.00,0.00
2022-10-21,11834.04,15205.00,0.00,0.00,0.00,0.00,0.00
2022-10-22,10819.50,14098.00,0.00,0.00,0.00,0.00,0.00
2022-10-23,10900.75,13768.00,0.00,0.00,0.00,0.00,0.00
2022-10-24,4514.94,6651.00,0.00,0.00,0.00,0.00,0.00
2022-10-25,10271.46,12887.00,0.00,0.00,0.00,0.00,0.00
2022-10-26,10470.05,12812.25,0.00,0.00,0.00,0.00,0.00
2022-10-27,10398.86,13167.00,0.00,0.00,0.00,0.00,0.00
2022-10-28,1847.38,2665.00,0.00,0.00,0.00,0.00,0.00
2022-10-29,6202.05,9283.00,0.00,0.00,0.00,0.00,0.00
2022-10-30,9161.06,12010.00,0.00,0.00,0.00,0.00,0.00
2022-10-31,5078.15,7424.00,0.00,0.00,0.00,0.00,0.00
2022-11-01,9950.46,12148.00,0.00,0.00,0.00,0.00,0.00
2022-11-02,6854.71,9421.00,0.00,0.00,0.00,0.00,0.00
2022-11-03,10021.09,12154.00,0.00,0.00,0.00,0.00,0.00
2022-11-04,11622.13,15204.00,0.00,0.00,0.00,0.00,0.00
2022-11-05,6558.58,9728.00,0.00,0.00,0.00,0.00,0.00
2022-11-06,10627.70,13220.00,0.00,0.00,0.00,0.00,0.00
2022-11-07,5725.57,8332.00,0.00,0.00,0.00,0.00,0.00
2022-11-08,6125.18,8937.00,0.00,0.00,0.00,0.00,0.00
2022-11-09,8560.56,9952.00,0.00,0.00,0.00,0.00,0.00
2022-11-10,1505.27,2454.00,0.00,0.00,0.00,0.00,0.00
2022-11-11,10623.62,14522.00,0.00,0.00,0.00,0.00,0.00
2022-11-12,11379.19,15247.00,0.00,0.00,0.00,0.00,0.00
2022-11-13,658.22,1091.70,0.00,0.00,0.00,0.00,0.00
2022-11-14,5011.42,7414.30,0.00,0.00,0.00,0.00,0.00
2022-11-15,15433.31,18477.00,0.00,0.00,0.00,0.00,0.00
2022-11-16,4448.72,6428.00,0.00,0.00,0.00,0.00,0.00
2022-11-17,9821.51,12257.00,0.00,0.00,0.00,0.00,0.00
2022-11-18,1199.58,1656.00,0.00,0.00,0.00,0.00,0.00
2022-11-19,2738.56,3921.00,0.00,0.00,0.00,0.00,0.00
2022-11-20,1794.95,2483.00,0.00,0.00,0.00,0.00,0.00
2022-11-21,3546.30,5208.00,0.00,0.00,0.00,0.00,0.00
2022-11-22,3032.92,4170.00,0.00,0.00,0.00,0.00,0.00
2022-11-23,1874.16,2592.00,0.00,0.00,0.00,0.00,0.00
2022-11-24,3070.67,4418.00,0.00,0.00,0.00,0.00,0.00
2022-11-25,8633.67,11983.00,0.00,0.00,0.00,0.00,0.00
2022-11-26,5048.38,7240.00,0.00,0.00,0.00,0.00,0.00
2022-11-27,3082.10,4371.00,0.00,0.00,0.00,0.00,0.00
2022-11-28,6039.41,8414.00,0.00,0.00,0.00,0.00,0.00
2022-11-29,1932.81,2721.00,0.00,0.00,0.00,0.00,0.00
2022-11-30,9047.13,12472.00,0.00,0.00,0.00,0.00,0.00
2022-12-01,6779.36,9581.00,0.00,0.00,0.00,0.00,0.00
2022-12-02,13971.26,19611.00,0.00,0.00,5048.52,0.00,0.00
2022-12-03,8455.83,11297.00,0.00,0.00,0.00,0.00,0.00
2022-12-04,6381.48,9386.26,0.00,0.00,0.00,0.00,0.00
2022-12-05,118.72,197.00,0.00,0.00,0.00,0.00,0.00
2022-12-06,10329.62,14020.00,0.00,0.00,0.00,0.00,0.00
2022-12-07,285.86,409.00,0.00,0.00,0.00,0.00,0.00
2022-12-08,8417.08,10206.00,0.00,0.00,0.00,0.00,0.00
2022-12-09,10674.46,14296.00,0.00,0.00,0.00,0.00,0.00
2022-12-10,7002.00,9884.00,0.00,0.00,0.00,0.00,0.00
2022-12-11,617.52,1056.00,0.00,0.00,0.00,0.00,0.00
2022-12-12,4090.44,5533.00,0.00,0.00,0.00,0.00,0.00
2022-12-13,7529.26,10416.00,0.00,0.00,0.00,0.00,0.00
2022-12-14,457.25,659.00,0.00,0.00,0.00,0.00,0.00
2022-12-15,795.00,1117.00,0.00,0.00,0.00,0.00,0.00
2022-12-16,1701.33,2566.00,0.00,0.00,0.00,0.00,0.00
2022-12-17,2165.45,3153.00,0.00,0.00,0.00,0.00,0.00
2022-12-18,1903.15,2774.00,0.00,0.00,0.00,0.00,0.00
2022-12-19,116.30,167.00,0.00,0.00,0.00,0.00,0.00
2022-12-20,2699.76,3998.00,0.00,0.00,0.00,0.00,0.00
2022-12-21,614.80,934.00,0.00,0.00,0.00,0.00,0.00
2022-12-22,59.20,87.00,0.00,0.00,0.00,0.00,0.00
2022-12-23,2890.98,4223.00,0.00,0.00,0.00,0.00,0.00
2022-12-24,4166.79,6287.00,0.00,0.00,0.00,0.00,0.00
2022-12-25,3765.46,5216.00,0.00,0.00,0.00,0.00,0.00
2022-12-26,4079.18,5649.00,0.00,0.00,0.00,0.00,0.00
2022-12-27,1521.96,2273.00,0.00,0.00,0.00,0.00,0.00
2022-12-28,3927.58,5813.00,0.00,0.00,0.00,0.00,0.00
2022-12-29,4072.79,6065.00,0.00,0.00,0.00,0.00,0.00
2022-12-30,9803.10,13950.00,0.00,0.00,0.00,0.00,0.00
2022-12-31,9778.56,13402.00,0.00,0.00,0.00,0.00,0.00
2023-01-01,10816.15,14795.73,0.00,0.00,0.00,0.00,0.00
2023-01-02,4258.46,6299.00,0.00,0.00,0.00,0.00,0.00
2023-01-03,10345.21,14140.96,0.00,0.00,0.00,0.00,0.00
2023-01-04,3838.01,5757.00,0.00,0.00,0.00,0.00,0.00
2023-01-05,629.96,1149.00,0.00,0.00,0.00,0.00,0.00
2023-01-06,12241.17,16657.00,0.00,0.00,0.00,0.00,0.00
2023-01-07,3747.37,6252.00,0.00,0.00,0.00,0.00,0.00
2023-01-08,1907.74,2825.00,0.00,0.00,0.00,0.00,0.00
2023-01-09,4335.49,6343.00,0.00,0.00,0.00,0.00,0.00
2023-01-10,8507.95,11420.56,0.00,0.00,0.00,0.00,0.00
2023-01-11,3912.14,5767.00,0.00,0.00,0.00,0.00,0.00
2023-01-12,67.76,99.00,0.00,0.00,0.00,0.00,0.00
2023-01-13,283.26,465.00,0.00,0.00,0.00,0.00,0.00
2023-01-14,709.22,1167.00,0.00,0.00,0.00,0.00,0.00
2023-01-15,7995.28,10455.00,0.00,0.00,0.00,0.00,0.00
2023-01-16,3516.73,5192.00,0.00,0.00,0.00,0.00,0.00
2023-01-17,4223.03,6419.00,0.00,0.00,0.00,0.00,0.00
2023-01-18,4143.43,6159.75,0.00,0.00,0.00,0.00,0.00
2023-01-19,5044.27,6087.00,0.00,0.00,0.00,0.00,0.00
2023-01-20,6385.59,9486.00,0.00,0.00,0.00,0.00,0.00
2023-01-21,1791.44,2655.00,0.00,0.00,0.00,0.00,0.00
2023-01-22,8229.98,10088.00,0.00,0.00,0.00,0.00,0.00
2023-01-23,2764.33,4021.48,0.00,0.00,0.00,0.00,0.00
2023-01-24,8071.25,10525.39,0.00,0.00,0.00,0.00,0.00
2023-01-25,3232.94,4875.00,0.00,0.00,0.00,0.00,0.00
2023-01-26,6179.03,9244.00,0.00,0.00,0.00,0.00,0.00
2023-01-27,6416.26,7851.00,0.00,0.00,0.00,0.00,0.00
2023-01-28,8330.69,10856.00,0.00,0.00,0.00,0.00,0.00
2023-01-29,558.19,965.00,0.00,0.00,0.00,0.00,0.00
2023-01-30,2059.90,3074.00,0.00,0.00,0.00,0.00,0.00
2023-01-31,9432.26,12887.00,0.00,0.00,0.00,0.00,0.00
2023-02-01,3370.06,4853.00,0.00,0.00,0.00,0.00,0.00
2023-02-02,9040.64,12218.00,0.00,0.00,0.00,0.00,0.00
2023-02-03,15185.26,19981.00,0.00,0.00,0.00,0.00,0.00
2023-02-04,9759.36,13365.00,0.00,0.00,0.00,0.00,0.00
2023-02-05,8084.01,10344.00,0.00,0.00,0.00,0.00,0.00
2023-02-06,3528.28,5183.00,0.00,0.00,0.00,0.00,0.00
2023-02-07,12123.20,14883.98,0.00,0.00,0.00,0.00,0.00
2023-02-08,3271.56,4767.00,0.00,0.00,0.00,0.00,0.00
2023-02-09,285.16,490.00,0.00,0.00,0.00,0.00,0.00
2023-02-10,4125.24,6144.00,0.00,0.00,0.00,0.00,0.00
2023-02-11,0.00,0.00,0.00,0.00,0.00,0.00,0.00
2023-02-12,7897.76,9548.00,0.00,0.00,0.00,0.00,0.00
2023-02-13,4664.09,6990.00,0.00,0.00,0.00,0.00,0.00
2023-02-14,8162.91,9864.00,0.00,0.00,0.00,0.00,0.00
2023-02-15,2432.24,3584.00,0.00,0.00,0.00,0.00,0.00
2023-02-16,6378.38,8728.00,0.00,0.00,0.00,0.00,0.00
2023-02-17,11999.44,15393.00,0.00,0.00,2.45,0.00,0.00
2023-02-18,5486.16,7301.00,0.00,0.00,0.00,0.00,0.00
2023-02-19,8655.72,10533.53,0.00,0.00,0.00,0.00,0.00
2023-02-20,3016.02,4711.74,0.00,0.00,0.00,0.00,0.00
2023-02-21,14008.40,6386.00,0.00,0.00,0.00,0.00,0.00
2023-02-22,6274.50,8278.00,0.00,0.00,0.00,0.00,0.00
2023-02-23,8891.42,10721.00,0.00,0.00,0.00,0.00,0.00
2023-02-24,10174.54,13735.00,0.00,0.00,0.00,0.00,0.00
2023-02-25,13639.06,18903.00,0.00,0.00,0.00,0.00,0.00
2023-02-26,8523.70,10445.00,0.00,0.00,0.00,0.00,0.00
2023-02-27,3487.72,5061.00,0.00,0.00,0.00,0.00,0.00
2023-02-28,11039.20,13350.62,0.00,0.00,0.00,0.00,0.00
2023-03-01,5770.68,7520.00,0.00,0.00,0.00,0.00,0.00
2023-03-02,14513.10,21184.00,0.00,0.00,0.00,0.00,0.00
2023-03-03,6864.21,9270.00,0.00,0.00,0.00,0.00,0.00
2023-03-04,7739.99,10935.93,0.00,0.00,0.00,0.00,0.00
2023-03-05,8224.54,9764.07,0.00,0.00,0.00,0.00,0.00
2023-03-06,2995.18,4348.00,0.00,0.00,0.00,0.00,0.00
2023-03-07,8524.83,10540.00,0.00,0.00,0.00,0.00,0.00
2023-03-08,4389.67,6605.15,0.00,0.00,0.00,0.00,0.00
2023-03-09,2242.60,3339.00,0.00,0.00,0.00,0.00,0.00
2023-03-10,11303.87,16130.00,0.00,0.00,0.00,0.00,0.00
2023-03-11,8795.15,12216.00,0.00,0.00,0.00,0.00,0.00
2023-03-12,8354.29,10037.00,0.00,0.00,0.00,0.00,0.00
2023-03-13,2825.20,4098.00,0.00,0.00,0.00,0.00,0.00
2023-03-14,9159.63,11080.00,0.00,0.00,0.00,0.00,0.00
2023-03-15,11006.99,12813.00,0.00,0.00,8169.94,0.00,0.00
2023-03-16,8393.88,10367.00,0.00,0.00,0.00,0.00,0.00
2023-03-17,7288.99,10702.00,0.00,0.00,0.00,0.00,0.00
2023-03-18,5955.75,8667.00,0.00,0.00,0.00,0.00,0.00
2023-03-19,6250.11,8726.00,0.00,0.00,0.00,0.00,0.00
2023-03-20,4849.18,6731.00,0.00,0.00,0.00,0.00,0.00
2023-03-21,3644.92,5716.00,0.00,0.00,0.00,0.00,0.00
2023-03-22,12701.04,15339.00,0.00,0.00,0.00,0.00,0.00
2023-03-23,9209.24,11219.00,0.00,0.00,0.00,0.00,0.00
2023-03-24,14565.58,20640.00,0.00,0.00,70.09,0.00,0.00
2023-03-25,8984.39,11664.00,0.00,0.00,0.00,0.00,0.00
2023-03-26,8765.01,10395.00,0.00,0.00,0.00,0.00,0.00
2023-03-27,2834.27,4231.00,0.00,0.00,0.00,0.00,0.00
2023-03-28,8086.46,9474.00,0.00,0.00,0.00,0.00,0.00
2023-03-29,5114.00,7674.48,0.00,0.00,0.00,0.00,0.00
2023-03-30,8092.06,9628.00,0.00,0.00,0.00,0.00,0.00
2023-03-31,8018.17,14742.00,0.00,0.00,0.00,0.00,0.00
2023-04-01,12535.36,16363.44,0.00,0.00,0.00,0.00,0.00
2023-04-02,7278.20,8573.00,0.00,0.00,0.00,0.00,0.00
2023-04-03,3576.80,5114.00,0.00,0.00,0.00,0.00,0.00
2023-04-04,10562.29,14223.43,0.00,0.00,0.00,0.00,0.00
2023-04-05,6687.45,3073.00,0.00,0.00,0.00,0.00,0.00
2023-04-06,8164.55,9905.00,0.00,0.00,0.00,0.00,0.00
2023-04-07,10796.27,16261.64,0.00,0.00,0.00,0.00,0.00
2023-04-08,10183.66,14308.00,0.00,0.00,0.00,0.00,0.00
2023-04-09,2923.12,4323.00,0.00,0.00,0.00,0.00,0.00
2023-04-10,2872.21,4204.00,0.00,0.00,0.00,0.00,0.00
2023-04-11,2512.88,3630.02,0.00,0.00,0.00,0.00,0.00
2023-04-12,3351.75,5107.00,0.00,0.00,0.00,0.00,0.00
2023-04-13,2967.20,4484.17,0.00,0.00,0.00,0.00,0.00
2023-04-14,7800.45,14679.72,0.00,0.00,0.00,0.00,0.00
2023-04-15,18863.99,24759.00,0.00,0.00,0.00,0.00,0.00
2023-04-16,8665.58,10622.00,0.00,0.00,0.00,0.00,0.00
2023-04-17,3468.57,4965.00,0.00,0.00,0.00,0.00,0.00
2023-04-18,10456.96,13538.30,0.00,0.00,0.00,0.00,0.00
2023-04-19,7869.23,9067.48,0.00,0.00,0.00,0.00,0.00
2023-04-20,9258.80,10893.78,0.00,0.00,0.00,0.00,0.00
2023-04-21,11453.79,14469.00,0.00,0.00,0.00,0.00,0.00
2023-04-22,7266.64,8298.00,0.00,0.00,0.00,0.00,0.00
2023-04-23,2769.31,4173.73,0.00,0.00,0.00,0.00,0.00
2023-04-24,14869.65,10747.74,0.00,0.00,0.00,0.00,0.00
2023-04-25,6318.33,9798.92,0.00,0.00,0.00,0.00,0.00
2023-04-26,6391.48,9949.00,0.00,0.00,0.00,0.00,0.00
2023-04-27,2621.79,4971.00,0.00,0.00,0.00,0.00,0.00
2023-04-28,3175.79,5669.00,0.00,0.00,0.00,0.00,0.00
2023-04-29,2532.88,4584.00,0.00,0.00,0.00,0.00,0.00
2023-04-30,14013.38,22571.60,0.00,0.00,0.00,0.00,0.00
2023-05-01,7137.80,12028.00,0.00,0.00,0.00,0.00,0.00
2023-05-02,2186.56,3887.00,0.00,0.00,0.00,0.00,0.00
2023-05-03,12896.48,14816.00,0.00,0.00,0.00,0.00,0.00
2023-05-04,3672.84,5935.00,0.00,0.00,0.00,0.00,0.00
2023-05-05,10320.97,11129.47,0.00,0.00,0.00,0.00,0.00
2023-05-06,8275.39,12452.00,0.00,0.00,0.00,0.00,0.00
2023-05-07,12543.94,15076.00,0.00,0.00,0.00,0.00,0.00
2023-05-08,2144.06,3173.00,0.00,0.00,0.00,0.00,0.00
2023-05-09,11009.30,12649.00,0.00,0.00,0.00,0.00,0.00
2023-05-10,1082.45,2052.00,0.00,0.00,0.00,0.00,0.00
2023-05-11,11090.29,12893.00,0.00,0.00,0.00,0.00,0.00
2023-05-12,4246.85,7180.00,0.00,0.00,0.00,0.00,0.00
2023-05-13,10814.92,15972.00,0.00,0.00,0.00,0.00,0.00
2023-05-14,12354.17,14932.00,0.00,0.00,0.00,0.00,0.00
2023-05-15,2837.34,4007.00,0.00,0.00,0.00,0.00,0.00
2023-05-16,11403.29,13314.00,0.00,0.00,0.00,0.00,0.00
2023-05-17,4064.34,6041.00,0.00,0.00,0.00,0.00,0.00
2023-05-18,11903.78,14025.00,0.00,0.00,0.00,0.00,0.00
2023-05-19,4680.58,6871.00,0.00,0.00,0.00,0.00,0.00
2023-05-20,9344.96,14243.00,0.00,0.00,0.00,0.00,0.00
2023-05-21,11758.52,13904.00,0.00,0.00,0.00,0.00,0.00
2023-05-22,2545.82,3843.06,0.00,0.00,0.00,0.00,0.00
2023-05-23,11074.10,12619.00,0.00,0.00,0.00,0.00,0.00
2023-05-24,3794.42,5659.73,0.00,0.00,0.00,0.00,0.00
2023-05-25,6602.14,9014.66,0.00,0.00,0.00,0.00,0.00
2023-05-26,10730.36,17126.68,0.00,0.00,0.00,0.00,0.00
2023-05-27,9826.41,13143.53,0.00,0.00,0.00,0.00,0.00
2023-05-28,10242.46,11658.00,0.00,0.00,0.00,0.00,0.00
2023-05-29,3617.22,5526.17,0.00,0.00,0.00,0.00,0.00
2023-05-30,7927.13,9540.00,0.00,0.00,0.00,0.00,0.00
2023-05-31,6757.16,10524.42,0.00,0.00,0.00,0.00,0.00
2023-06-01,14402.99,17701.00,0.00,0.00,0.00,0.00,0.00
2023-06-02,6341.28,9497.00,0.00,0.00,0.00,0.00,0.00
2023-06-03,7064.74,10390.00,0.00,0.00,0.00,0.00,0.00
2023-06-04,8225.52,11760.00,0.00,0.00,0.00,0.00,0.00
2023-06-05,17266.52,14973.00,0.00,0.00,0.00,0.00,0.00
2023-06-06,11722.75,5502.00,0.00,0.00,0.00,0.00,0.00
2023-06-07,3271.01,4790.00,0.00,0.00,0.00,0.00,0.00
2023-06-08,11200.82,14185.00,0.00,0.00,0.00,0.00,0.00
2023-06-09,4540.97,6972.00,0.00,0.00,0.00,0.00,0.00
2023-06-10,17243.97,22302.00,0.00,0.00,0.00,0.00,0.00
2023-06-11,12820.49,15182.00,0.00,0.00,0.00,0.00,0.00
2023-06-12,5392.19,8121.96,0.00,0.00,0.00,0.00,0.00
2023-06-13,12462.48,14626.00,0.00,0.00,0.00,0.00,0.00
2023-06-14,3259.34,4731.00,0.00,0.00,0.00,0.00,0.00
2023-06-15,10429.49,11808.99,0.00,0.00,0.00,0.00,0.00
2023-06-16,4561.79,6941.30,0.00,0.00,0.00,0.00,0.00
2023-06-17,4424.04,7112.29,0.00,0.00,0.00,0.00,0.00
2023-06-18,10935.84,12559.00,0.00,0.00,0.00,0.00,0.00
2023-06-19,2553.72,3941.87,0.00,0.00,0.00,0.00,0.00
2023-06-20,11342.47,13344.00,0.00,0.00,0.00,0.00,0.00
2023-06-21,4296.01,6497.00,0.00,0.00,0.00,0.00,0.00
2023-06-22,5365.51,8047.00,0.00,0.00,0.00,0.00,0.00
2023-06-23,4055.93,6033.39,0.00,0.00,0.00,0.00,0.00
2023-06-24,3411.76,5185.00,0.00,0.00,0.00,0.00,0.00
2023-06-25,6327.87,8530.00,0.00,0.00,0.00,0.00,0.00
2023-06-26,7155.86,3113.00,0.00,0.00,0.00,0.00,0.00
2023-06-27,13115.71,15039.03,0.00,0.00,0.00,0.00,0.00
2023-06-28,2642.43,3933.00,0.00,0.00,0.00,0.00,0.00
2023-06-29,10898.60,12451.84,0.00,0.00,0.00,0.00,0.00
2023-06-30,3859.41,5949.00,0.00,0.00,0.00,0.00,0.00
2023-07-01,9213.21,13292.90,0.00,0.00,0.00,0.00,0.00
2023-07-02,9562.96,10845.00,0.00,0.00,0.00,0.00,0.00
2023-07-03,4553.04,6791.00,0.00,0.00,0.00,0.00,0.00
2023-07-04,11946.58,14470.00,0.00,0.00,0.00,0.00,0.00
2023-07-05,4382.63,6083.92,0.00,0.00,0.00,0.00,0.00
2023-07-06,3366.96,4981.08,0.00,0.00,0.00,0.00,0.00
2023-07-07,10641.29,11521.00,0.00,0.00,0.00,0.00,0.00
2023-07-08,2399.26,3493.00,0.00,0.00,0.00,0.00,0.00
2023-07-09,11639.28,13193.00,0.00,0.00,0.00,0.00,0.00
2023-07-10,3679.50,5408.00,0.00,0.00,0.00,0.00,0.00
2023-07-11,20256.95,25603.02,0.00,0.00,0.00,0.00,0.00
2023-07-12,5981.17,8912.00,0.00,0.00,0.00,0.00,0.00
2023-07-13,12716.88,15242.00,0.00,0.00,0.00,0.00,0.00
2023-07-14,4173.51,6418.00,0.00,0.00,0.00,0.00,0.00
2023-07-15,7697.92,10300.00,0.00,0.00,0.00,0.00,0.00
2023-07-16,11210.19,13299.00,0.00,0.00,0.00,0.00,0.00
2023-07-17,3116.09,4678.00,0.00,0.00,0.00,0.00,0.00
2023-07-18,11408.66,13574.00,0.00,0.00,0.00,0.00,0.00
2023-07-19,3572.00,5520.98,0.00,0.00,0.00,0.00,0.00
2023-07-20,12105.71,14068.00,0.00,0.00,0.00,0.00,0.00
2023-07-21,4229.28,6572.00,0.00,0.00,0.00,0.00,0.00
2023-07-22,5741.22,8431.00,0.00,0.00,0.00,0.00,0.00
2023-07-23,12949.61,15432.00,0.00,0.00,0.00,0.00,0.00
2023-07-24,2501.47,3789.00,0.00,0.00,0.00,0.00,0.00
2023-07-25,12597.03,14861.55,0.00,0.00,0.00,0.00,0.00
2023-07-26,2420.37,3581.27,0.00,0.00,0.00,0.00,0.00
2023-07-27,13557.03,16867.00,0.00,0.00,0.00,0.00,0.00
2023-07-28,6945.60,10625.00,0.00,0.00,0.00,0.00,0.00
2023-07-29,2960.47,4403.00,0.00,0.00,0.00,0.00,0.00
2023-07-30,3415.38,5042.00,0.00,0.00,0.00,0.00,0.00
2023-07-31,4134.84,6209.00,0.00,0.00,0.00,0.00,0.00
2023-08-01,8439.88,10480.00,0.00,0.00,0.00,0.00,0.00
2023-08-02,3400.79,5031.00,0.00,0.00,0.00,0.00,0.00
2023-08-03,15033.11,23431.42,0.00,0.00,0.00,0.00,0.00
2023-08-04,12647.68,22374.00,0.00,0.00,0.00,0.00,0.00
2023-08-05,4329.27,6498.00,0.00,0.00,0.00,0.00,0.00
2023-08-06,7584.27,13720.51,0.00,0.00,0.00,0.00,0.00
2023-08-07,2607.81,3926.00,0.00,0.00,0.00,0.00,0.00
2023-08-08,11593.21,17556.00,0.00,0.00,0.00,0.00,0.00
2023-08-09,1619.12,2596.00,0.00,0.00,0.00,0.00,0.00
2023-08-10,10701.95,12384.00,0.00,0.00,0.00,0.00,0.00
2023-08-11,1938.35,2934.00,0.00,0.00,0.00,0.00,0.00
2023-08-12,2120.93,3084.00,0.00,0.00,0.00,0.00,0.00
2023-08-13,11743.68,13973.00,0.00,0.00,0.00,0.00,0.00
2023-08-14,5749.24,7340.00,0.00,0.00,0.00,0.00,0.00
2023-08-15,11274.09,12922.00,0.00,0.00,16.93,0.00,0.00
2023-08-16,3539.26,5152.00,0.00,0.00,0.00,0.00,0.00
2023-08-17,10421.69,11747.00,0.00,0.00,0.00,0.00,0.00
2023-08-18,3432.91,5150.49,0.00,0.00,0.00,0.00,0.00
2023-08-19,8702.94,11241.00,0.00,0.00,0.00,0.00,0.00
2023-08-20,11770.05,13793.00,0.00,0.00,0.00,0.00,0.00
2023-08-21,1712.86,2471.00,0.00,0.00,0.00,0.00,0.00
2023-08-22,11172.55,13014.00,0.00,0.00,0.00,0.00,0.00
2023-08-23,692.71,1212.00,0.00,0.00,0.00,0.00,0.00
2023-08-24,11158.81,12908.00,0.00,0.00,0.00,0.00,0.00
2023-08-25,13849.21,21116.00,0.00,0.00,0.00,0.00,0.00
2023-08-26,13573.72,10282.00,0.00,0.00,0.00,0.00,0.00
2023-08-27,10668.55,12207.13,0.00,0.00,0.00,0.00,0.00
2023-08-28,1931.53,2891.00,0.00,0.00,0.00,0.00,0.00
2023-08-29,12286.13,14807.08,0.00,0.00,0.00,0.00,0.00
2023-08-30,2155.31,3280.00,0.00,0.00,0.00,0.00,0.00
2023-08-31,10840.90,12640.00,0.00,0.00,0.00,0.00,0.00
2023-09-01,7697.43,11491.00,0.00,0.00,0.00,0.00,0.00
2023-09-02,12669.59,15568.00,0.00,0.00,0.00,0.00,0.00
2023-09-03,11632.42,13794.00,0.00,0.00,0.00,0.00,0.00
2023-09-04,2724.29,4104.20,0.00,0.00,0.00,0.00,0.00
2023-09-05,11193.43,13164.00,0.00,0.00,0.00,0.00,0.00
2023-09-06,2614.86,3811.00,0.00,0.00,0.00,0.00,0.00
2023-09-07,3515.93,5134.00,0.00,0.00,0.00,0.00,0.00
2023-09-08,2444.13,3647.00,0.00,0.00,0.00,0.00,0.00
2023-09-09,13511.64,16423.00,0.00,0.00,0.00,0.00,0.00
2023-09-10,4734.54,6123.01,0.00,0.00,0.00,0.00,0.00
2023-09-11,2381.84,3677.00,0.00,0.00,0.00,0.00,0.00
2023-09-12,11689.66,13716.00,0.00,0.00,0.00,0.00,0.00
2023-09-13,2448.04,3766.27,0.00,0.00,0.00,0.00,0.00
2023-09-14,9675.23,11313.00,0.00,0.00,16.09,0.00,0.00
2023-09-15,21218.88,28431.00,0.00,0.00,0.00,0.00,0.00
2023-09-16,13667.15,17142.00,0.00,0.00,0.00,0.00,0.00
2023-09-17,2282.11,3399.11,0.00,0.00,0.00,0.00,0.00
2023-09-18,1894.16,2791.00,0.00,0.00,0.00,0.00,0.00
2023-09-19,11036.49,12361.00,0.00,0.00,0.00,0.00,0.00
2023-09-20,2892.97,4287.00,0.00,0.00,0.00,0.00,0.00
2023-09-21,12830.72,15067.00,0.00,0.00,0.00,0.00,0.00
2023-09-22,9641.02,13621.29,0.00,0.00,0.00,0.00,0.00
2023-09-23,3105.78,4700.15,0.00,0.00,0.00,0.00,0.00
2023-09-24,11257.23,12911.00,0.00,0.00,0.00,0.00,0.00
2023-09-25,2611.32,3850.00,0.00,0.00,0.00,0.00,0.00
2023-09-26,11467.14,13345.00,0.00,0.00,0.00,0.00,0.00
2023-09-27,9199.80,11789.38,0.00,0.00,0.00,0.00,0.00
2023-09-28,9071.97,13584.00,0.00,0.00,0.00,0.00,0.00
2023-09-29,6293.97,9357.00,0.00,0.00,0.00,0.00,0.00
2023-09-30,10791.52,16003.47,0.00,0.00,0.00,0.00,0.00
2023-10-01,6481.30,9722.00,0.00,0.00,0.00,0.00,0.00
2023-10-02,8475.50,12770.38,0.00,0.00,0.00,0.00,0.00
2023-10-03,5424.25,8254.54,0.00,0.00,0.00,0.00,0.00
2023-10-04,9259.18,13929.00,0.00,0.00,0.00,0.00,0.00
2023-10-05,6096.70,9170.97,0.00,0.00,0.00,0.00,0.00
2023-10-06,7123.40,10958.69,0.00,0.00,0.00,0.00,0.00
2023-10-07,2695.45,3954.00,0.00,0.00,0.00,0.00,0.00
2023-10-08,11447.20,13485.00,0.00,0.00,0.00,0.00,0.00
2023-10-09,3529.38,5156.00,0.00,0.00,0.00,0.00,0.00
2023-10-10,10577.58,12048.00,0.00,0.00,0.00,0.00,0.00
2023-10-11,2755.80,4017.00,0.00,0.00,0.00,0.00,0.00
2023-10-12,10780.55,12140.00,0.00,0.00,0.00,0.00,0.00
2023-10-13,2181.23,3227.00,0.00,0.00,0.00,0.00,0.00
2023-10-14,10827.51,16342.00,0.00,0.00,0.00,0.00,0.00
2023-10-15,11711.31,13342.00,0.00,0.00,0.00,0.00,0.00
2023-10-16,2389.36,3456.65,0.00,0.00,0.00,0.00,0.00
2023-10-17,11379.72,12797.00,0.00,0.00,0.00,0.00,0.00
2023-10-18,2568.63,3745.17,0.00,0.00,0.00,0.00,0.00
2023-10-19,10961.35,12060.00,0.00,0.00,0.00,0.00,0.00
2023-10-20,2099.54,3096.00,0.00,0.00,0.00,0.00,0.00
2023-10-21,15398.31,22919.00,0.00,0.00,0.00,0.00,0.00
2023-10-22,10886.52,12073.00,0.00,0.00,0.00,0.00,0.00
2023-10-23,2262.22,3269.00,0.00,0.00,0.00,0.00,0.00
2023-10-24,12412.38,14561.00,0.00,0.00,0.00,0.00,0.00
2023-10-25,10264.29,15639.00,0.00,0.00,0.00,0.00,0.00
2023-10-26,11474.00,13071.00,0.00,0.00,0.00,0.00,0.00
2023-10-27,14184.39,16312.00,0.00,0.00,0.00,0.00,0.00
2023-10-28,5368.64,7785.00,0.00,0.00,0.00,0.00,0.00
2023-10-29,15610.48,24013.00,0.00,0.00,0.00,0.00,0.00
2023-10-30,3279.94,4909.00,0.00,0.00,0.00,0.00,0.00
2023-10-31,12761.88,15151.00,0.00,0.00,0.00,0.00,0.00
2023-11-01,3219.59,4763.00,0.00,0.00,0.00,0.00,0.00
2023-11-02,11584.83,13544.00,0.00,0.00,0.00,0.00,0.00
2023-11-03,6403.58,9383.00,0.00,0.00,0.00,0.00,0.00
2023-11-04,14889.68,17223.00,0.00,0.00,0.00,0.00,0.00
2023-11-05,10958.61,12091.24,0.00,0.00,0.00,0.00,0.00
2023-11-06,2457.72,3687.00,0.00,0.00,0.00,0.00,0.00
2023-11-07,11154.00,12770.38,0.00,0.00,0.00,0.00,0.00
2023-11-08,4092.84,5255.00,0.00,0.00,0.00,0.00,0.00
2023-11-09,11463.51,13086.00,0.00,0.00,0.00,0.00,0.00
2023-11-10,15.41,21.00,0.00,0.00,0.00,0.00,0.00
2023-11-11,5080.14,6877.00,0.00,0.00,0.00,0.00,0.00
2023-11-12,11687.39,12679.00,0.00,0.00,0.00,0.00,0.00
2023-11-13,2819.26,4159.00,0.00,0.00,0.00,0.00,0.00
2023-11-14,9941.06,10765.00,0.00,0.00,0.00,0.00,0.00
2023-11-15,1799.77,2707.00,0.00,0.00,0.00,0.00,0.00
2023-11-16,10230.98,11607.00,0.00,0.00,0.00,0.00,0.00
2023-11-17,7767.29,11352.00,0.00,0.00,0.00,0.00,0.00
2023-11-18,3819.76,5787.00,0.00,0.00,0.00,0.00,0.00
2023-11-19,11034.53,12548.00,0.00,0.00,0.00,0.00,0.00
2023-11-20,2290.72,3363.00,0.00,0.00,0.00,0.00,0.00
2023-11-21,10270.15,11578.44,0.00,0.00,0.00,0.00,0.00
2023-11-22,2388.53,3469.00,0.00,0.00,0.00,0.00,0.00
2023-11-23,10997.62,11914.00,0.00,0.00,0.00,0.00,0.00
2023-11-24,5084.54,7517.00,0.00,0.00,0.00,0.00,0.00
2023-11-25,2505.70,180.00,0.00,0.00,0.00,0.00,0.00
2023-11-26,10940.04,12358.04,0.00,0.00,0.00,0.00,0.00
2023-11-27,4302.89,6389.43,0.00,0.00,0.00,0.00,0.00
2023-11-28,11508.88,12782.00,0.00,0.00,0.00,0.00,0.00
2023-11-29,2463.20,3659.00,0.00,0.00,0.00,0.00,0.00
2023-11-30,11464.35,13632.00,0.00,0.00,0.00,0.00,0.00
2023-12-01,6862.31,10187.00,0.00,0.00,0.00,0.00,0.00
2023-12-02,13868.88,15318.00,0.00,0.00,0.00,0.00,0.00
2023-12-03,2599.79,3732.00,0.00,0.00,0.00,0.00,0.00
2023-12-04,466.92,682.00,0.00,0.00,0.00,0.00,0.00
2023-12-05,372.81,556.00,0.00,0.00,0.00,0.00,0.00
2023-12-06,2535.70,3859.00,0.00,0.00,0.00,0.00,0.00
2023-12-07,4269.20,6396.00,0.00,0.00,0.00,0.00,0.00
2023-12-08,3101.80,4684.00,0.00,0.00,0.00,0.00,0.00
2023-12-09,10.20,24.00,0.00,0.00,0.00,0.00,0.00
2023-12-10,7775.39,11843.00,0.00,0.00,0.00,0.00,0.00
2023-12-11,7856.30,11797.00,0.00,0.00,0.00,0.00,0.00
2023-12-12,7403.85,11394.00,0.00,0.00,0.00,0.00,0.00
2023-12-13,13986.44,19472.00,0.00,0.00,0.00,0.00,0.00
2023-12-14,6407.65,9546.00,0.00,0.00,0.00,0.00,0.00
2023-12-15,4898.22,7281.00,0.00,0.00,0.00,0.00,0.00
2023-12-16,7666.01,11287.00,0.00,0.00,0.00,0.00,0.00
2023-12-17,12287.64,14756.34,0.00,0.00,0.00,0.00,0.00
2023-12-18,2330.10,3466.11,0.00,0.00,0.00,0.00,0.00
2023-12-19,11566.14,13523.00,0.00,0.00,0.00,0.00,0.00
2023-12-20,2222.78,3308.00,0.00,0.00,0.00,0.00,0.00
2023-12-21,11023.71,12683.00,0.00,0.00,0.00,0.00,0.00
2023-12-22,14683.08,18070.00,0.00,0.00,0.00,0.00,0.00
2023-12-23,11703.54,15499.46,0.00,0.00,0.00,0.00,0.00
2023-12-24,11113.19,12672.00,0.00,0.00,0.00,0.00,0.00
2023-12-25,2177.80,3207.00,0.00,0.00,0.00,0.00,0.00
2023-12-26,11422.94,13290.00,0.00,0.00,0.00,0.00,0.00
2023-12-27,2644.00,3895.00,0.00,0.00,0.00,0.00,0.00
2023-12-28,10795.01,12432.00,0.00,0.00,0.00,0.00,0.00
2023-12-29,3643.73,5280.00,0.00,0.00,0.00,0.00,0.00
2023-12-30,18641.36,23817.00,0.00,0.00,0.00,0.00,0.00
2023-12-31,10504.62,11414.00,0.00,0.00,0.00,0.00,0.00
2024-01-01,2499.50,3865.00,0.00,0.00,0.00,0.00,0.00
2024-01-02,10705.99,12075.00,0.00,0.00,0.00,0.00,0.00
2024-01-03,2643.85,3972.00,0.00,0.00,0.00,0.00,0.00
2024-01-04,10868.56,12642.00,0.00,0.00,0.00,0.00,0.00
2024-01-05,16663.32,19953.00,0.00,0.00,0.00,0.00,0.00
2024-01-06,1300.96,1933.00,0.00,0.00,0.00,0.00,0.00
2024-01-07,10914.86,12669.48,0.00,0.00,0.00,0.00,0.00
2024-01-08,2924.68,4511.00,0.00,0.00,0.00,0.00,0.00
2024-01-09,11885.66,13658.00,0.00,0.00,0.00,0.00,0.00
2024-01-10,2861.38,4270.00,0.00,0.00,0.00,0.00,0.00
2024-01-11,2605.45,3828.02,0.00,0.00,0.00,0.00,0.00
2024-01-12,10298.43,15370.00,0.00,0.00,0.00,0.00,0.00
2024-01-13,11143.94,12727.00,0.00,0.00,0.00,0.00,0.00
2024-01-14,10920.82,12520.00,0.00,0.00,0.00,0.00,0.00
2024-01-15,2335.40,3485.00,0.00,0.00,0.00,0.00,0.00
2024-01-16,3323.63,4981.00,0.00,0.00,0.00,0.00,0.00
2024-01-17,2805.97,4185.00,0.00,0.00,0.00,0.00,0.00
2024-01-18,13159.52,16402.00,0.00,0.00,0.00,0.00,0.00
2024-01-19,1824.16,2678.00,0.00,0.00,0.00,0.00,0.00
2024-01-20,9667.74,10404.00,0.00,0.00,0.00,0.00,0.00
2024-01-21,11012.33,12406.00,0.00,0.00,0.00,0.00,0.00
2024-01-22,3000.96,4442.00,0.00,0.00,0.00,0.00,0.00
2024-01-23,2135.87,3246.00,0.00,0.00,0.00,0.00,0.00
2024-01-24,9777.52,14960.00,0.00,0.00,0.00,0.00,0.00
2024-01-25,11535.40,17574.00,0.00,0.00,0.00,0.00,0.00
2024-01-26,701.64,1040.00,0.00,0.00,0.00,0.00,0.00
2024-01-27,12088.27,15316.00,0.00,0.00,0.00,0.00,0.00
2024-01-28,5884.65,8043.00,0.00,0.00,0.00,0.00,0.00
2024-01-29,3287.51,4847.00,0.00,0.00,0.00,0.00,0.00
2024-01-30,14704.84,17624.00,0.00,0.00,0.00,0.00,0.00
2024-01-31,1986.34,2987.00,0.00,0.00,0.00,0.00,0.00
2024-02-01,11369.07,12784.00,0.00,0.00,0.00,0.00,0.00
2024-02-02,5008.67,7523.00,0.00,0.00,0.00,0.00,0.00
2024-02-03,2914.53,4227.00,0.00,0.00,0.00,0.00,0.00
2024-02-04,11454.25,12800.00,0.00,0.00,0.00,0.00,0.00
2024-02-05,2125.44,3296.00,0.00,0.00,0.00,0.00,0.00
2024-02-06,11755.01,13285.00,0.00,0.00,0.00,0.00,0.00
2024-02-07,3632.41,5403.00,0.00,0.00,0.00,0.00,0.00
2024-02-08,6042.88,10107.72,0.00,0.00,0.00,0.00,0.00
2024-02-09,2053.95,2980.00,0.00,0.00,0.00,0.00,0.00
2024-02-10,11648.50,17742.00,0.00,0.00,0.00,0.00,0.00
2024-02-11,2739.82,4000.00,0.00,0.00,0.00,0.00,0.00
2024-02-12,3990.16,6044.00,0.00,0.00,0.00,0.00,0.00
2024-02-13,25564.10,27935.00,0.00,0.00,0.00,0.00,0.00
2024-02-14,3631.76,5464.00,0.00,0.00,0.00,0.00,0.00
2024-02-15,3405.63,5046.00,0.00,0.00,0.00,0.00,0.00
2024-02-16,1326.81,1947.00,0.00,0.00,0.00,0.00,0.00
2024-02-17,2241.63,3367.00,0.00,0.00,0.00,0.00,0.00
2024-02-18,10869.69,12349.00,0.00,0.00,0.00,0.00,0.00
2024-02-19,2705.99,3974.00,0.00,0.00,0.00,0.00,0.00
2024-02-20,8939.83,13559.00,0.00,0.00,0.00,0.00,0.00
2024-02-21,14880.90,17904.00,0.00,0.00,0.00,0.00,0.00
2024-02-22,10864.81,12339.00,0.00,0.00,0.00,0.00,0.00
2024-02-23,3434.17,5284.00,0.00,0.00,0.00,0.00,0.00
2024-02-24,6277.17,8870.00,0.00,0.00,0.00,0.00,0.00
2024-02-25,11108.64,12455.00,0.00,0.00,0.00,0.00,0.00
2024-02-26,2670.58,3977.00,0.00,0.00,0.00,0.00,0.00
2024-02-27,11047.70,12699.00,0.00,0.00,0.00,0.00,0.00
2024-02-28,2815.42,4138.00,0.00,0.00,0.00,0.00,0.00
2024-02-29,10899.30,12425.43,0.00,0.00,0.00,0.00,0.00
2024-03-01,2712.21,3955.00,0.00,0.00,0.00,0.00,0.00
2024-03-02,17320.59,22426.00,0.00,0.00,0.00,0.00,0.00
2024-03-03,11017.13,12254.98,0.00,0.00,0.00,0.00,0.00
2024-03-04,2378.75,3587.00,0.00,0.00,0.00,0.00,0.00
2024-03-05,2925.35,4372.00,0.00,0.00,0.00,0.00,0.00
2024-03-06,4968.41,6580.00,0.00,0.00,0.00,0.00,0.00
2024-03-07,11057.24,12762.00,0.00,0.00,0.00,0.00,0.00
2024-03-08,5069.02,7609.00,0.00,0.00,0.00,0.00,0.00
2024-03-09,16479.52,20286.00,0.00,0.00,0.00,0.00,0.00
2024-03-10,11536.69,13284.00,0.00,0.00,0.00,0.00,0.00
2024-03-11,7776.72,9386.00,0.00,0.00,0.00,0.00,0.00
2024-03-12,11751.09,13308.00,0.00,0.00,0.00,0.00,0.00
2024-03-13,2325.24,3660.53,0.00,0.00,0.00,0.00,0.00
2024-03-14,2406.79,3572.00,0.00,0.00,0.00,0.00,0.00
2024-03-15,12445.46,17753.00,0.00,0.00,0.00,0.00,0.00
2024-03-16,14081.34,22040.00,0.00,0.00,0.00,0.00,0.00
2024-03-17,11627.86,13316.00,0.00,0.00,0.00,0.00,0.00
2024-03-18,7797.24,9301.00,0.00,0.00,0.00,0.00,0.00
2024-03-19,11597.85,13312.00,0.00,0.00,0.00,0.00,0.00
2024-03-20,2753.57,4142.00,0.00,0.00,0.00,0.00,0.00
2024-03-21,11090.42,12438.00,0.00,0.00,0.00,0.00,0.00
2024-03-22,8283.53,12516.00,0.00,0.00,0.00,0.00,0.00
2024-03-23,4110.11,5939.00,0.00,0.00,0.00,0.00,0.00
2024-03-24,11372.24,13071.00,0.00,0.00,0.00,0.00,0.00
2024-03-25,2716.87,4028.00,0.00,0.00,0.00,0.00,0.00
2024-03-26,2942.98,4370.00,0.00,0.00,0.00,0.00,0.00
2024-03-27,7510.24,9197.00,0.00,0.00,0.00,0.00,0.00
2024-03-28,10762.33,12433.00,0.00,0.00,0.00,0.00,0.00
2024-03-29,13470.38,20283.00,0.00,0.00,0.00,0.00,0.00
2024-03-30,8974.66,14279.00,0.00,0.00,0.00,0.00,0.00
2024-03-31,11706.44,13800.00,0.00,0.00,0.00,0.00,0.00
2024-04-01,2430.92,3624.00,0.00,0.00,0.00,0.00,0.00
2024-04-02,2025.35,3023.00,0.00,0.00,0.00,0.00,0.00
2024-04-03,19772.14,26222.00,0.00,0.00,0.00,0.00,0.00
2024-04-04,12976.54,19737.20,0.00,0.00,0.00,0.00,0.00
2024-04-05,7874.91,10346.00,0.00,0.00,0.00,0.00,0.00
2024-04-06,11064.13,12746.50,0.00,0.00,0.00,0.00,0.00
2024-04-07,2750.44,4073.00,0.00,0.00,0.00,0.00,0.00
2024-04-08,10637.58,11830.00,0.00,0.00,0.00,0.00,0.00
2024-04-09,2873.49,4302.00,0.00,0.00,0.00,0.00,0.00
2024-04-10,11602.03,13022.18,0.00,0.00,0.00,0.00,0.00
2024-04-11,5095.30,7461.00,0.00,0.00,0.00,0.00,0.00
2024-04-12,9542.76,14103.00,0.00,0.00,0.00,0.00,0.00
2024-04-13,9455.53,11742.00,0.00,0.00,0.00,0.00,0.00
2024-04-14,11238.75,12353.00,0.00,0.00,0.00,0.00,0.00
2024-04-15,2452.62,3627.66,0.00,0.00,0.00,0.00,0.00
2024-04-16,10884.47,12053.00,0.00,0.00,0.00,0.00,0.00
2024-04-17,2510.00,3724.00,0.00,0.00,0.00,0.00,0.00
2024-04-18,3220.97,4782.00,0.00,0.00,0.00,0.00,0.00
2024-04-19,2740.61,4016.00,0.00,0.00,0.00,0.00,0.00
2024-04-20,10996.57,11802.00,0.00,0.00,0.00,0.00,0.00
2024-04-21,2791.57,4159.00,0.00,0.00,0.00,0.00,0.00
2024-04-22,10993.08,12274.00,0.00,0.00,0.00,0.00,0.00
2024-04-23,2834.21,4384.00,0.00,0.00,0.00,0.00,0.00
2024-04-24,3805.66,5569.00,0.00,0.00,0.00,0.00,0.00
2024-04-25,1736.43,2780.94,0.00,0.00,0.00,0.00,0.00
2024-04-26,10361.96,15492.00,0.00,0.00,0.00,0.00,0.00
2024-04-27,10208.77,11307.00,0.00,0.00,0.00,0.00,0.00
2024-04-28,10504.94,11410.00,0.00,0.00,0.00,0.00,0.00
2024-04-29,3167.92,4736.00,0.00,0.00,0.00,0.00,0.00
2024-04-30,20354.35,25806.00,0.00,0.00,0.00,0.00,0.00
2024-05-01,7794.23,11764.12,0.00,0.00,0.00,0.00,0.00
2024-05-02,12561.39,17979.00,0.00,0.00,0.00,0.00,0.00
2024-05-03,7781.26,11654.00,0.00,0.00,0.00,0.00,0.00
2024-05-04,5933.29,8813.00,0.00,0.00,0.00,0.00,0.00
2024-05-05,11463.83,12955.00,0.00,0.00,0.00,0.00,0.00
2024-05-06,7301.32,8140.00,0.00,0.00,0.00,0.00,0.00
2024-05-07,11326.83,13036.00,0.00,0.00,0.00,0.00,0.00
2024-05-08,2913.36,4384.00,0.00,0.00,0.00,0.00,0.00
2024-05-09,2453.58,3645.00,0.00,0.00,0.00,0.00,0.00
2024-05-10,11516.65,13096.00,0.00,0.00,0.00,0.00,0.00
2024-05-11,14723.72,19498.00,0.00,0.00,0.00,0.00,0.00
2024-05-12,10827.01,12000.19,0.00,0.00,0.00,0.00,0.00
2024-05-13,2582.86,3785.00,0.00,0.00,0.00,0.00,0.00
2024-05-14,5379.32,7959.00,0.00,0.00,0.00,0.00,0.00
2024-05-15,7345.15,8785.00,0.00,0.00,0.00,0.00,0.00
2024-05-16,10924.51,12464.00,0.00,0.00,0.00,0.00,0.00
2024-05-17,9678.12,14750.00,0.00,0.00,0.00,0.00,0.00
2024-05-18,13653.44,18209.00,0.00,0.00,0.00,0.00,0.00
2024-05-19,14844.74,17632.00,0.00,0.00,0.00,0.00,0.00
2024-05-20,1643.15,2433.00,0.00,0.00,0.00,0.00,0.00
2024-05-21,4229.50,6205.00,0.00,0.00,0.00,0.00,0.00
2024-05-22,2740.64,6099.00,0.00,0.00,0.00,0.00,0.00
2024-05-23,4058.70,5837.00,0.00,0.00,0.00,0.00,0.00
2024-05-24,5562.45,9357.07,0.00,0.00,0.00,0.00,0.00
2024-05-25,15272.10,20893.00,0.00,0.00,0.00,0.00,0.00
2024-05-26,11760.74,13590.00,0.00,0.00,0.00,0.00,0.00
2024-05-27,2709.38,4392.73,0.00,0.00,0.00,0.00,0.00
2024-05-28,1785.89,2611.00,0.00,0.00,0.00,0.00,0.00
2024-05-29,10009.79,11064.45,0.00,0.00,0.00,0.00,0.00
2024-05-30,11559.67,13472.00,0.00,0.00,0.00,0.00,0.00
2024-05-31,8910.85,13448.51,0.00,0.00,0.00,0.00,0.00
2024-06-01,13778.01,16715.00,0.00,0.00,0.00,0.00,0.00
2024-06-02,12700.72,15008.00,0.00,0.00,0.00,0.00,0.00
2024-06-03,6058.68,9148.00,0.00,0.00,0.00,0.00,0.00
2024-06-04,10894.60,12183.00,0.00,0.00,0.00,0.00,0.00
2024-06-05,2469.18,3689.00,0.00,0.00,0.00,0.00,0.00
2024-06-06,11246.21,12728.85,0.00,0.00,0.00,0.00,0.00
2024-06-07,16475.33,20841.00,0.00,0.00,0.00,0.00,0.00
2024-06-08,9502.00,14056.00,0.00,0.00,0.00,0.00,0.00
2024-06-09,13554.32,17140.00,0.00,0.00,0.00,0.00,0.00
2024-06-10,3720.89,5662.00,0.00,0.00,0.00,0.00,0.00
2024-06-11,10951.46,12448.00,0.00,0.00,0.00,0.00,0.00
2024-06-12,2485.38,3846.00,0.00,0.00,0.00,0.00,0.00
2024-06-13,11273.44,12888.22,0.00,0.00,0.00,0.00,0.00
2024-06-14,3012.12,4419.00,0.00,0.00,0.00,0.00,0.00
2024-06-15,5466.51,8074.00,0.00,0.00,0.00,0.00,0.00
2024-06-16,11702.72,13327.00,0.00,0.00,0.00,0.00,0.00
2024-06-17,8124.43,9545.00,0.00,0.00,0.00,0.00,0.00
2024-06-18,10485.92,11812.00,0.00,0.00,0.00,0.00,0.00
2024-06-19,8172.22,9768.12,0.00,0.00,0.00,0.00,0.00
2024-06-20,11407.02,13410.00,0.00,0.00,0.00,0.00,0.00
2024-06-21,12156.34,15913.00,0.00,0.00,0.00,0.00,0.00
2024-06-22,12079.83,16461.00,0.00,0.00,0.00,0.00,0.00
2024-06-23,10801.88,12491.00,0.00,0.00,0.00,0.00,0.00
2024-06-24,7816.33,9028.00,0.00,0.00,0.00,0.00,0.00
2024-06-25,7428.35,8757.00,0.00,0.00,0.00,0.00,0.00
2024-06-26,7942.13,9644.00,0.00,0.00,0.00,0.00,0.00
2024-06-27,8607.15,10635.00,0.00,0.00,0.00,0.00,0.00
2024-06-28,20836.96,27564.00,0.00,0.00,0.00,0.00,0.00
2024-06-29,14752.34,18841.00,0.00,0.00,0.00,0.00,0.00
2024-06-30,7491.70,9009.27,0.00,0.00,0.00,0.00,0.00
2024-07-01,8083.35,9900.70,0.00,0.00,0.00,0.00,0.00
2024-07-02,7705.22,9450.00,0.00,0.00,0.00,0.00,0.00
2024-07-03,7705.21,9257.00,0.00,0.00,0.00,0.00,0.00
2024-07-04,11912.68,16226.75,0.00,0.00,0.00,0.00,0.00
2024-07-05,18339.95,22877.62,0.00,0.00,0.00,0.00,0.00
2024-07-06,16294.79,19475.22,0.00,0.00,5378.49,0.00,0.00
2024-07-07,8756.46,10950.00,0.00,0.00,0.00,0.00,0.00
2024-07-08,5623.66,8258.00,0.00,0.00,0.00,0.00,0.00
2024-07-09,2839.00,4181.00,0.00,0.00,0.00,0.00,0.00
2024-07-10,5467.66,7054.00,0.00,0.00,0.00,0.00,0.00
2024-07-11,3227.24,4868.00,0.00,0.00,0.00,0.00,0.00
2024-07-12,10026.51,15058.89,0.00,0.00,0.00,0.00,0.00
2024-07-13,8899.76,12586.44,0.00,0.00,0.00,0.00,0.00
2024-07-14,5194.93,6952.00,0.00,0.00,0.00,0.00,0.00
2024-07-15,3234.84,4656.00,0.00,0.00,0.00,0.00,0.00
2024-07-16,1910.12,3028.00,0.00,0.00,0.00,0.00,0.00
2024-07-17,4843.85,6226.00,0.00,0.00,0.00,0.00,0.00
2024-07-18,3830.27,5751.02,0.00,0.00,0.00,0.00,0.00
2024-07-19,7206.85,10575.00,0.00,0.00,0.00,0.00,0.00
2024-07-20,9160.58,11325.00,0.00,0.00,0.00,0.00,0.00
2024-07-21,11446.82,14215.00,0.00,0.00,0.00,0.00,0.00
2024-07-22,7525.35,8937.00,0.00,0.00,0.00,0.00,0.00
2024-07-23,2504.28,3818.00,0.00,0.00,0.00,0.00,0.00
2024-07-24,2194.29,3858.00,0.00,0.00,0.00,0.00,0.00
2024-07-25,8102.46,9769.00,0.00,0.00,0.00,0.00,0.00
2024-07-26,16841.35,20081.52,0.00,0.00,7117.54,0.00,0.00
2024-07-27,3563.68,5049.00,0.00,0.00,0.00,0.00,0.00
2024-07-28,9629.87,11832.00,0.00,0.00,8776.82,0.00,0.00
2024-07-29,2812.84,4147.00,0.00,0.00,0.00,0.00,0.00
2024-07-30,1937.08,2942.46,0.00,0.00,0.00,0.00,0.00
2024-07-31,11179.02,14795.00,0.00,0.00,0.00,0.00,0.00
2024-08-01,3216.01,4816.28,0.00,0.00,0.00,0.00,0.00
2024-08-02,19074.30,23437.82,0.00,0.00,0.00,0.00,0.00
2024-08-03,18128.69,22889.00,0.00,0.00,0.00,0.00,0.00
2024-08-04,8612.72,10058.00,0.00,0.00,0.00,0.00,0.00
2024-08-05,7162.51,7866.00,0.00,0.00,0.00,0.00,0.00
2024-08-06,8324.73,9682.00,0.00,0.00,0.00,0.00,0.00
2024-08-07,8338.35,9590.00,0.00,0.00,0.00,0.00,0.00
2024-08-08,3062.15,4435.00,0.00,0.00,0.00,0.00,0.00
2024-08-09,5466.34,8327.00,0.00,0.00,0.00,0.00,0.00
2024-08-10,14335.60,17396.00,0.00,0.00,0.00,0.00,0.00
2024-08-11,8339.30,9394.00,0.00,0.00,0.00,0.00,0.00
2024-08-12,8244.58,9641.00,0.00,0.00,0.00,0.00,0.00
2024-08-13,15494.64,19152.38,0.00,0.00,0.00,0.00,0.00
2024-08-14,8456.31,9952.00,0.00,0.00,0.00,0.00,0.00
2024-08-15,3956.30,5847.00,0.00,0.00,0.00,0.00,0.00
2024-08-16,2665.26,4260.00,0.00,0.00,0.00,0.00,0.00
2024-08-17,13195.51,17122.00,0.00,0.00,0.00,0.00,0.00
2024-08-18,8271.63,9640.00,0.00,0.00,0.00,0.00,0.00
2024-08-19,9026.23,10703.00,0.00,0.00,0.00,0.00,0.00
2024-08-20,9756.88,11258.25,0.00,0.00,0.00,0.00,0.00
2024-08-21,2410.89,3600.00,0.00,0.00,0.00,0.00,0.00
2024-08-22,3868.35,5672.00,0.00,0.00,0.00,0.00,0.00
2024-08-23,13980.66,17223.00,0.00,0.00,0.00,0.00,0.00
2024-08-24,5238.24,8265.00,0.00,0.00,0.00,0.00,0.00
2024-08-25,3088.35,4551.00,0.00,0.00,0.00,0.00,0.00
2024-08-26,8740.11,10226.00,0.00,0.00,0.00,0.00,0.00
2024-08-27,2720.53,4040.00,0.00,0.00,0.00,0.00,0.00
2024-08-28,8193.00,9290.00,0.00,0.00,0.00,0.00,0.00
2024-08-29,25255.17,24366.00,0.00,0.00,0.00,0.00,0.00
2024-08-30,2539.09,3962.00,0.00,0.00,0.00,0.00,0.00
2024-08-31,685.62,973.00,0.00,0.00,0.00,0.00,0.00
2024-09-01,7809.35,9056.00,0.00,0.00,0.00,0.00,0.00
2024-09-02,8564.81,10342.00,0.00,0.00,0.00,0.00,0.00
2024-09-03,3842.62,5787.00,0.00,0.00,0.00,0.00,0.00
2024-09-04,12911.54,14712.00,0.00,0.00,0.00,0.00,0.00
2024-09-05,2661.21,3893.00,0.00,0.00,0.00,0.00,0.00
2024-09-06,4923.23,7693.00,0.00,0.00,0.00,0.00,0.00
2024-09-07,14541.48,18461.00,0.00,0.00,0.00,0.00,0.00
2024-09-08,7086.83,10470.00,0.00,0.00,0.00,0.00,0.00
2024-09-09,11034.36,12066.91,0.00,0.00,0.00,0.00,0.00
2024-09-10,3040.42,4438.51,0.00,0.00,0.00,0.00,0.00
2024-09-11,3375.55,4989.00,0.00,0.00,0.00,0.00,0.00
2024-09-12,12770.86,13919.00,0.00,0.00,0.00,0.00,0.00
2024-09-13,2698.12,3973.00,0.00,0.00,0.00,0.00,0.00
2024-09-14,13270.48,18975.00,0.00,0.00,0.00,0.00,0.00
2024-09-15,10341.11,15360.00,0.00,0.00,0.00,0.00,0.00
2024-09-16,7276.20,11090.00,0.00,0.00,0.00,0.00,0.00
2024-09-17,9455.77,12791.34,0.00,0.00,0.00,0.00,0.00
2024-09-18,7513.14,11831.85,0.00,0.00,0.00,0.00,0.00
2024-09-19,6865.30,10455.15,0.00,0.00,0.00,0.00,0.00
2024-09-20,7650.63,8634.00,0.00,0.00,0.00,0.00,0.00
2024-09-21,7551.05,11200.00,0.00,0.00,0.00,0.00,0.00
2024-09-22,7760.32,11344.00,0.00,0.00,0.00,0.00,0.00
2024-09-23,1016.28,1533.00,0.00,0.00,0.00,0.00,0.00
2024-09-24,3049.77,3673.00,0.00,0.00,0.00,0.00,0.00
2024-09-25,12465.71,11536.00,0.00,0.00,0.00,0.00,0.00
2024-09-26,11931.07,13879.00,0.00,0.00,0.00,0.00,0.00
2024-09-27,6137.82,9083.00,0.00,0.00,0.00,0.00,0.00
2024-09-28,2221.80,3287.02,0.00,0.00,0.00,0.00,0.00
2024-09-29,17068.30,20658.01,0.00,0.00,0.00,0.00,0.00
2024-09-30,11142.01,16911.00,0.00,0.00,0.00,0.00,0.00
2024-10-01,12878.37,17269.52,0.00,0.00,0.00,0.00,0.00
2024-10-02,4506.26,6984.00,0.00,0.00,0.00,0.00,0.00
2024-10-03,11638.15,19776.00,0.00,0.00,0.00,0.00,0.00
2024-10-04,5869.43,9051.00,0.00,0.00,0.00,0.00,0.00
2024-10-05,6630.77,10759.00,0.00,0.00,0.00,0.00,0.00
2024-10-06,6082.04,9952.00,0.00,0.00,0.00,0.00,0.00
2024-10-07,12211.09,14794.00,0.00,0.00,0.00,0.00,0.00
2024-10-08,4309.99,6350.00,0.00,0.00,0.00,0.00,0.00
2024-10-09,15848.44,18350.00,0.00,0.00,0.00,0.00,0.00
2024-10-10,12545.61,14468.00,0.00,0.00,0.00,0.00,0.00
2024-10-11,2227.58,3513.00,0.00,0.00,0.00,0.00,0.00
2024-10-12,6571.75,10270.00,0.00,0.00,0.00,0.00,0.00
2024-10-13,2758.69,4349.00,0.00,0.00,0.00,0.00,0.00
2024-10-14,12423.23,15316.00,0.00,0.00,0.00,0.00,0.00
2024-10-15,12924.41,13872.00,0.00,0.00,0.00,0.00,0.00
2024-10-16,2467.35,4091.93,0.00,0.00,0.00,0.00,0.00
2024-10-17,3173.10,5047.00,0.00,0.00,0.00,0.00,0.00
2024-10-18,6244.77,10176.00,0.00,0.00,0.00,0.00,0.00
2024-10-19,17041.97,21434.00,0.00,0.00,0.00,0.00,0.00
2024-10-20,12706.01,13946.00,0.00,0.00,0.00,0.00,0.00
2024-10-21,13028.69,14267.00,0.00,0.00,0.00,0.00,0.00
2024-10-22,477.04,877.00,0.00,0.00,0.00,0.00,0.00
2024-10-23,10694.08,12142.00,0.00,0.00,0.00,0.00,0.00
2024-10-24,1979.64,3152.89,0.00,0.00,0.00,0.00,0.00
2024-10-25,3473.66,5525.00,0.00,0.00,0.00,0.00,0.00
2024-10-26,12339.06,13809.00,0.00,0.00,0.00,0.00,0.00
2024-10-27,13212.46,14673.87,0.00,0.00,0.00,0.00,0.00
2024-10-28,1871.84,2880.00,0.00,0.00,0.00,0.00,0.00
2024-10-29,2088.49,3249.00,0.00,0.00,0.00,0.00,0.00
2024-10-30,2814.39,4454.00,0.00,0.00,0.00,0.00,0.00
2024-10-31,2545.50,4038.00,0.00,0.00,0.00,0.00,0.00
2024-11-01,3554.01,5491.00,0.00,0.00,0.00,0.00,0.00
2024-11-02,1977.79,3093.00,0.00,0.00,0.00,0.00,0.00
2024-11-03,3073.09,4275.00,0.00,0.00,0.00,0.00,0.00
2024-11-04,0.00,0.00,0.00,0.00,0.00,0.00,0.00
2024-11-05,0.00,0.00,0.00,0.00,0.00,0.00,0.00
2024-11-06,4926.96,7870.00,0.00,0.00,0.00,0.00,0.00
2024-11-07,2212.96,3527.00,0.00,0.00,0.00,0.00,0.00
2024-11-08,5935.31,9970.00,0.00,0.00,0.00,0.00,0.00
2024-11-09,178.56,283.00,0.00,0.00,0.00,0.00,0.00
2024-11-10,8074.75,12961.00,0.00,0.00,0.00,0.00,0.00
2024-11-11,1662.62,2546.00,0.00,0.00,0.00,0.00,0.00
2024-11-12,2487.97,4019.00,0.00,0.00,0.00,0.00,0.00
2024-11-13,2219.75,3259.00,0.00,0.00,0.00,0.00,0.00
2024-11-14,5189.85,8653.00,0.00,0.00,0.00,0.00,0.00
2024-11-15,2593.86,4277.00,0.00,0.00,0.00,0.00,0.00
2024-11-16,7350.45,11021.00,0.00,0.00,0.00,0.00,0.00
2024-11-17,9394.40,12474.00,0.00,0.00,0.00,0.00,0.00
2024-11-18,2660.77,4100.00,0.00,0.00,0.00,0.00,0.00
2024-11-19,931.38,1446.00,0.00,0.00,0.00,0.00,0.00
2024-11-20,4493.34,6076.21,0.00,0.00,0.00,0.00,0.00
2024-11-21,2819.25,4634.00,0.00,0.00,0.00,0.00,0.00
2024-11-22,8840.99,12745.00,0.00,0.00,43.85,0.00,0.00
2024-11-23,0.00,0.00,0.00,0.00,0.00,0.00,0.00
2024-11-24,3169.20,4652.00,0.00,0.00,0.00,0.00,0.00
2024-11-25,9318.04,10956.00,0.00,0.00,0.00,0.00,0.00
2024-11-26,12077.51,15503.00,0.00,0.00,0.00,0.00,0.00
2024-11-27,2176.36,3460.00,0.00,0.00,0.00,0.00,0.00
2024-11-28,10808.26,12922.00,0.00,0.00,0.00,0.00,0.00
2024-11-29,18240.16,24194.00,0.00,0.00,0.00,0.00,0.00
2024-11-30,13834.67,20201.00,0.00,0.00,0.00,0.00,0.00
2024-12-01,9093.25,11628.10,0.00,0.00,0.00,0.00,0.00
2024-12-02,5009.36,7934.00,0.00,0.00,0.00,0.00,0.00
2024-12-03,10868.92,12986.00,0.00,0.00,0.00,0.00,0.00
2024-12-04,7511.20,9065.00,0.00,0.00,0.00,0.00,0.00
2024-12-05,5548.61,8939.00,0.00,0.00,0.00,0.00,0.00
2024-12-06,0.00,0.00,0.00,0.00,0.00,0.00,0.00
2024-12-07,4554.75,7334.00,0.00,0.00,0.00,0.00,0.00
2024-12-08,6271.69,9734.00,0.00,0.00,0.00,0.00,0.00
2024-12-09,10723.69,12947.00,0.00,0.00,0.00,0.00,0.00
2024-12-10,5535.78,8378.00,0.00,0.00,16053.54,0.00,0.00
2024-12-11,7808.22,9857.60,0.00,0.00,0.00,0.00,0.00
2024-12-12,14203.05,18192.00,0.00,0.00,0.00,0.00,0.00
2024-12-13,10272.47,17091.00,0.00,0.00,0.00,0.00,0.00
2024-12-14,7766.47,12648.85,0.00,0.00,0.00,0.00,0.00
2024-12-15,7663.96,9507.00,0.00,0.00,9433.70,0.00,0.00
2024-12-16,4174.37,6589.00,0.00,0.00,0.00,0.00,0.00
2024-12-17,10099.93,13021.00,0.00,0.00,9559.20,0.00,0.00
2024-12-18,2118.92,3268.00,0.00,0.00,9380.60,0.00,0.00
2024-12-19,2548.97,3942.00,0.00,0.00,0.00,0.00,0.00
2024-12-20,5927.92,9847.00,0.00,0.00,0.00,0.00,0.00
2024-12-21,11247.29,17319.85,0.00,0.00,0.00,0.00,0.00
2024-12-22,9383.08,14826.00,0.00,0.00,0.00,0.00,0.00
2024-12-23,12097.49,14811.00,0.00,0.00,0.00,0.00,0.00
2024-12-24,2642.83,4138.66,0.00,0.00,9431.60,0.00,0.00
2024-12-25,9174.91,11432.00,0.00,0.00,9561.90,0.00,0.00
2024-12-26,1597.95,2557.00,0.00,0.00,0.00,0.00,0.00
2024-12-27,0.00,0.00,0.00,0.00,0.00,0.00,0.00
2024-12-28,0.00,0.00,0.00,0.00,0.00,0.00,0.00
2024-12-29,0.00,0.00,0.00,0.00,0.00,0.00,0.00
2024-12-30,0.00,0.00,0.00,0.00,0.00,0.00,0.00
2024-12-31,2402.90,0.00,0.00,0.00,0.00,0.00,0.00
2025-01-01,0.00,0.00,0.00,0.00,9317.40,0.00,0.00
2025-01-02,0.00,0.00,0.00,0.00,0.00,0.00,0.00
2025-01-03,0.00,0.00,0.00,0.00,0.00,0.00,0.00
2025-01-04,0.00,0.00,0.00,0.00,0.00,0.00,0.00
2025-01-05,0.00,0.00,0.00,0.00,0.00,0.00,0.00
2025-01-06,0.00,0.00,0.00,0.00,0.00,0.00,0.00
2025-01-07,1347.76,1783.00,0.00,0.00,0.00,0.00,0.00
2025-01-08,9985.38,11137.41,0.00,0.00,0.00,0.00,0.00
2025-01-09,12021.22,13449.05,0.00,0.00,0.00,0.00,0.00
2025-01-10,422.36,761.00,0.00,0.00,0.00,0.00,0.00
2025-01-11,17231.65,20945.00,0.00,0.00,0.00,0.00,0.00
2025-01-12,8115.80,9540.00,0.00,0.00,0.00,0.00,0.00
2025-01-13,12043.87,13468.00,0.00,0.00,0.00,0.00,0.00
2025-01-14,11497.59,13280.63,0.00,0.00,0.00,0.00,0.00
2025-01-15,12261.31,14139.00,0.00,0.00,0.00,0.00,0.00
2025-01-16,3265.85,4472.00,0.00,0.00,0.00,0.00,0.00
2025-01-17,5241.63,7348.00,0.00,0.00,0.00,0.00,0.00
2025-01-18,5158.43,7223.00,0.00,0.00,0.00,0.00,0.00
2025-01-19,3272.54,4418.00,0.00,0.00,0.00,0.00,0.00
2025-01-20,4982.30,6823.00,0.00,0.00,0.00,0.00,0.00
2025-01-21,3801.47,5092.26,0.00,0.00,0.00,0.00,0.00
2025-01-22,4221.98,5692.29,0.00,0.00,0.00,0.00,0.00
2025-01-23,2563.24,3459.00,0.00,0.00,0.00,0.00,0.00
2025-01-24,15232.44,17476.00,0.00,0.00,0.00,0.00,0.00
2025-01-25,8802.04,11889.00,0.00,0.00,0.00,0.00,0.00
2025-01-26,10942.84,12577.00,0.00,0.00,0.00,0.00,0.00
2025-01-27,9570.38,10607.00,0.00,0.00,0.00,0.00,0.00
2025-01-28,13044.11,18595.58,0.00,0.00,0.00,0.00,0.00
2025-01-29,16621.14,23918.00,0.00,0.00,0.00,0.00,0.00
2025-01-30,16246.92,8804.00,0.00,0.00,0.00,0.00,0.00
2025-01-31,8090.15,11953.00,0.00,0.00,0.00,0.00,0.00
2025-02-01,4119.81,5527.00,0.00,0.00,0.00,0.00,0.00
2025-02-02,7024.54,9865.00,0.00,0.00,0.00,0.00,0.00
2025-02-03,13506.76,15960.81,0.00,0.00,0.00,0.00,0.00
2025-02-04,10338.76,11581.46,0.00,0.00,0.00,0.00,0.00
2025-02-05,7487.55,9984.00,0.00,0.00,0.00,0.00,0.00
2025-02-06,4668.84,5807.00,0.00,0.00,0.00,0.00,0.00
2025-02-07,9196.01,13078.00,0.00,0.00,0.00,0.00,0.00
2025-02-08,9030.01,11981.00,0.00,0.00,0.00,0.00,0.00
2025-02-09,10111.74,10963.00,0.00,0.00,0.00,0.00,0.00
2025-02-10,4047.71,5529.00,0.00,0.00,0.00,0.00,0.00
2025-02-11,4141.04,5494.00,0.00,0.00,0.00,0.00,0.00
2025-02-12,13009.59,14678.00,0.00,0.00,0.00,0.00,0.00
2025-02-13,2431.24,3251.00,0.00,0.00,0.00,0.00,0.00
2025-02-14,16429.13,19031.00,0.00,0.00,0.00,0.00,0.00
2025-02-15,4.90,10.00,0.00,0.00,0.00,0.00,0.00
2025-02-16,11327.89,12518.91,0.00,0.00,0.00,0.00,0.00
2025-02-17,2443.26,3324.00,0.00,0.00,0.00,0.00,0.00
2025-02-18,2847.63,3806.00,0.00,0.00,0.00,0.00,0.00
2025-02-19,10863.73,12409.83,0.00,0.00,0.00,0.00,0.00
2025-02-20,7065.46,9864.00,0.00,0.00,0.00,0.00,0.00
2025-02-21,12061.60,17686.00,0.00,0.00,0.00,0.00,0.00
2025-02-22,2611.27,3871.00,0.00,0.00,0.00,0.00,0.00
2025-02-23,9047.74,10094.00,0.00,0.00,0.00,0.00,0.00
2025-02-24,10020.43,10724.00,0.00,0.00,0.00,0.00,0.00
2025-02-25,10624.13,11788.00,0.00,0.00,0.00,0.00,0.00
2025-02-26,5963.56,7014.00,0.00,0.00,0.00,0.00,0.00
2025-02-27,12657.85,13264.00,0.00,0.00,0.00,0.00,0.00
2025-02-28,13163.89,15447.00,0.00,0.00,0.00,0.00,0.00
2025-03-01,5935.37,7938.00,0.00,0.00,0.00,0.00,0.00
2025-03-02,11256.02,11577.04,0.00,0.00,0.00,0.00,0.00
2025-03-03,12652.14,12410.80,0.00,0.00,0.00,0.00,0.00
2025-03-04,10216.08,11389.52,0.00,0.00,0.00,0.00,0.00
2025-03-05,7770.16,9000.00,0.00,0.00,0.00,0.00,0.00
2025-03-06,3887.44,5164.00,0.00,0.00,0.00,0.00,0.00
2025-03-07,21094.91,25334.00,0.00,0.00,0.00,0.00,0.00
2025-03-08,4829.94,6611.00,0.00,0.00,0.00,0.00,0.00
2025-03-09,6954.85,9600.54,0.00,0.00,0.00,0.00,0.00
2025-03-10,9908.89,10235.00,0.00,0.00,0.00,0.00,0.00
2025-03-11,11232.84,12516.00,0.00,0.00,0.00,0.00,0.00
2025-03-12,3621.17,4881.00,0.00,0.00,0.00,0.00,0.00
2025-03-13,21.65,40.00,0.00,0.00,0.00,0.00,0.00
2025-03-14,5342.99,6193.00,0.00,0.00,0.00,0.00,0.00
2025-03-15,13351.86,11563.00,0.00,0.00,0.00,0.00,0.00
2025-03-16,3216.14,4253.00,0.00,0.00,0.00,0.00,0.00
2025-03-17,4570.27,6155.00,0.00,0.00,0.00,0.00,0.00
2025-03-18,3690.95,4849.56,0.00,0.00,0.00,0.00,0.00
2025-03-19,11346.23,12583.00,0.00,0.00,0.00,0.00,0.00
2025-03-20,12990.65,14717.00,0.00,0.00,0.00,0.00,0.00
2025-03-21,6714.42,9742.00,0.00,0.00,0.00,0.00,0.00
2025-03-22,13058.30,15212.00,0.00,0.00,0.00,0.00,0.00
2025-03-23,10593.18,11683.00,0.00,0.00,0.00,0.00,0.00
2025-03-24,3851.41,5117.00,0.00,0.00,0.00,0.00,0.00
2025-03-25,9457.17,10755.00,0.00,0.00,0.00,0.00,0.00
2025-03-26,2532.51,4390.00,0.00,0.00,0.00,0.00,0.00
2025-03-27,1903.24,2762.00,0.00,0.00,0.00,0.00,0.00
2025-03-28,7249.64,9720.10,0.00,0.00,0.00,0.00,0.00
2025-03-29,12809.02,15155.64,0.00,0.00,0.00,0.00,0.00
2025-03-30,11315.86,10917.00,0.00,0.00,0.00,0.00,0.00
2025-03-31,11270.14,12616.00,0.00,0.00,0.00,0.00,0.00
2025-04-01,4249.18,5486.00,0.00,0.00,0.00,0.00,0.00
2025-04-02,11346.32,12316.00,0.00,0.00,0.00,0.00,0.00
2025-04-03,9910.00,13230.47,0.00,0.00,0.00,0.00,0.00
2025-04-04,16424.56,19188.00,0.00,0.00,0.00,0.00,0.00
2025-04-05,17060.70,25636.19,0.00,0.00,0.00,0.00,0.00
2025-04-06,6709.90,10804.10,0.00,0.00,0.00,0.00,0.00
2025-04-07,9292.61,11249.00,0.00,0.00,0.00,0.00,0.00
2025-04-08,12384.13,15928.00,0.00,0.00,0.00,0.00,0.00
2025-04-09,16113.86,20606.24,0.00,0.00,0.00,0.00,0.00
2025-04-10,10060.98,12641.76,0.00,0.00,0.00,0.00,0.00
2025-04-11,15806.13,21128.00,0.00,0.00,0.00,0.00,0.00
2025-04-12,2890.48,4363.00,0.00,0.00,0.00,0.00,0.00
2025-04-13,10624.94,12583.27,0.00,0.00,0.00,0.00,0.00
2025-04-14,10212.15,12620.93,0.00,0.00,0.00,0.00,0.00
2025-04-15,10867.90,13540.16,0.00,0.00,0.00,0.00,0.00
2025-04-16,12206.46,15521.00,0.00,0.00,0.00,0.00,0.00
2025-04-17,6470.21,8513.89,0.00,0.00,0.00,0.00,0.00
2025-04-18,15892.14,24218.00,0.00,0.00,0.00,0.00,0.00
2025-04-19,1793.65,3038.00,0.00,0.00,0.00,0.00,0.00
2025-04-20,16365.98,21768.69,0.00,0.00,0.00,0.00,0.00
2025-04-21,10354.78,12476.00,0.00,0.00,0.00,0.00,0.00
2025-04-22,12009.30,14897.00,0.00,0.00,0.00,0.00,0.00
2025-04-23,7115.82,11164.62,0.00,0.00,0.00,0.00,0.00
2025-04-24,9848.13,11790.00,0.00,0.00,0.00,0.00,0.00
2025-04-25,3412.76,5106.00,0.00,0.00,0.00,0.00,0.00
2025-04-26,12152.14,15358.18,0.00,0.00,0.00,0.00,0.00
2025-04-27,12521.80,15514.00,0.00,0.00,0.00,0.00,0.00
2025-04-28,9697.11,11353.00,0.00,0.00,0.00,0.00,0.00
2025-04-29,3260.29,5151.00,0.00,0.00,0.00,0.00,0.00
2025-04-30,10242.49,16659.90,0.00,0.00,0.00,0.00,0.00
2025-05-01,13048.56,21365.00,0.00,0.00,0.00,0.00,0.00
2025-05-02,13070.57,20651.00,0.00,0.00,0.00,0.00,0.00
2025-05-03,7120.26,11622.00,0.00,0.00,0.00,0.00,0.00
2025-05-04,9894.77,15808.00,0.00,0.00,0.00,0.00,0.00
2025-05-05,8708.73,9998.42,0.00,0.00,0.00,0.00,0.00
2025-05-06,9815.41,11459.00,0.00,0.00,0.00,0.00,0.00
2025-05-07,8491.82,13613.00,0.00,0.00,0.00,0.00,0.00
2025-05-08,8467.33,10648.00,0.00,0.00,0.00,0.00,0.00
2025-05-09,3154.45,4978.00,0.00,0.00,0.00,0.00,0.00
2025-05-10,7149.27,11511.40,0.00,0.00,0.00,0.00,0.00
2025-05-11,8714.54,12641.00,0.00,0.00,0.00,0.00,0.00
2025-05-12,3315.53,5186.00,0.00,0.00,0.00,0.00,0.00
2025-05-13,11573.24,13063.00,0.00,0.00,0.00,0.00,0.00
2025-05-14,9017.46,10207.00,0.00,0.00,0.00,0.00,0.00
2025-05-15,4800.77,7971.00,0.00,0.00,0.00,0.00,0.00
2025-05-16,8131.24,9210.00,0.00,0.00,0.00,0.00,0.00
2025-05-17,4726.68,7553.00,0.00,0.00,0.00,0.00,0.00
2025-05-18,4639.87,7140.00,0.00,0.00,0.00,0.00,0.00
2025-05-19,10587.91,12567.00,0.00,0.00,0.00,0.00,0.00
2025-05-20,10463.83,12710.00,0.00,0.00,0.00,0.00,0.00
2025-05-21,2269.52,3607.00,0.00,0.00,0.00,0.00,0.00
2025-05-22,10209.60,11798.00,0.00,0.00,0.00,0.00,0.00
2025-05-23,8931.67,14434.00,0.00,0.00,0.00,0.00,0.00
2025-05-24,19821.90,28860.00,0.00,0.00,0.00,0.00,0.00
2025-05-25,8700.71,14145.00,0.00,0.00,0.00,0.00,0.00
2025-05-26,10157.18,13233.00,0.00,0.00,0.00,0.00,0.00
2025-05-27,10948.28,14172.00,0.00,0.00,0.00,0.00,0.00
2025-05-28,9338.38,12002.00,0.00,0.00,0.00,0.00,0.00
2025-05-29,12360.99,14925.00,0.00,0.00,0.00,0.00,0.00
2025-05-30,590.54,892.00,0.00,0.00,0.00,0.00,0.00
2025-05-31,5929.17,9698.00,0.00,0.00,0.00,0.00,0.00
2025-06-01,15068.22,24685.10,0.00,0.00,0.00,0.00,0.00
2025-06-02,8557.55,14046.84,0.00,0.00,0.00,0.00,0.00
2025-06-03,7137.09,11532.00,0.00,0.00,9171.57,0.00,0.00
2025-06-04,8965.66,13617.00,0.00,0.00,0.00,0.00,0.00
2025-06-05,9404.01,14184.45,0.00,0.00,0.00,0.00,0.00
2025-06-06,20461.36,26903.00,0.00,0.00,0.00,0.00,0.00
2025-06-07,22461.26,30297.00,0.00,0.00,1375.49,0.00,0.00
2025-06-08,14611.06,20868.00,0.00,0.00,0.00,0.00,0.00
2025-06-09,4037.96,6445.73,0.00,0.00,0.00,0.00,0.00
2025-06-10,13331.04,17673.76,0.00,0.00,0.00,0.00,0.00
2025-06-11,5174.36,8280.00,0.00,0.00,0.00,0.00,0.00
2025-06-12,16049.06,22972.67,0.00,0.00,0.00,0.00,0.00
2025-06-13,1545.28,2632.00,0.00,0.00,0.00,0.00,0.00
2025-06-14,9016.89,14778.00,0.00,0.00,0.00,0.00,0.00
2025-06-15,4806.51,7923.00,0.00,0.00,0.00,0.00,0.00
2025-06-16,9928.06,12007.00,0.00,0.00,0.00,0.00,0.00
2025-06-17,1839.23,2955.00,0.00,0.00,0.00,0.00,0.00
2025-06-18,10055.99,13227.00,0.00,0.00,0.00,0.00,0.00
2025-06-19,15929.17,17912.03,0.00,0.00,0.00,0.00,0.00
2025-06-20,7839.92,12771.27,0.00,0.00,0.00,0.00,0.00
2025-06-21,2738.02,4421.00,0.00,0.00,0.00,0.00,0.00
2025-06-22,2984.18,4791.97,0.00,0.00,0.00,0.00,0.00
2025-06-23,5371.29,8628.00,0.00,0.00,0.00,0.00,0.00
2025-06-24,9706.56,12683.00,0.00,0.00,0.00,0.00,0.00
2025-06-25,10214.70,13546.00,0.00,0.00,0.00,0.00,0.00
2025-06-26,4334.51,6986.25,0.00,0.00,0.00,0.00,0.00
2025-06-27,8251.23,13568.92,0.00,0.00,0.00,0.00,0.00
2025-06-28,6443.92,10437.49,0.00,0.00,0.00,0.00,0.00
2025-06-29,3303.41,5241.51,0.00,0.00,0.00,0.00,0.00
2025-06-30,10307.37,13749.99,0.00,0.00,0.00,0.00,0.00
2025-07-01,13381.99,19634.01,0.00,0.00,0.00,0.00,0.00
2025-07-02,9818.20,12944.94,0.00,0.00,0.00,0.00,0.00
2025-07-03,11332.12,15398.11,0.00,0.00,0.00,0.00,0.00
2025-07-04,4937.21,7794.00,0.00,0.00,0.00,0.00,0.00
2025-07-05,3451.44,5771.22,0.00,0.00,0.00,0.00,0.00
2025-07-06,8014.63,11838.44,0.00,0.00,0.00,0.00,0.00
2025-07-07,8984.45,11673.00,0.00,0.00,0.00,0.00,0.00
2025-07-08,13928.79,17685.00,0.00,0.00,18123.76,0.00,0.00
2025-07-09,2700.10,4339.00,0.00,0.00,0.00,0.00,0.00
2025-07-10,3371.21,5480.20,0.00,0.00,0.00,0.00,0.00
2025-07-11,7639.42,12294.80,0.00,0.00,3194.76,0.00,0.00
2025-07-12,6173.69,10037.00,0.00,0.00,0.00,0.00,0.00
2025-07-13,4484.37,7336.47,0.00,0.00,0.00,0.00,0.00
2025-07-14,2886.01,4666.13,0.00,0.00,0.00,0.00,0.00
2025-07-15,8528.18,12666.00,0.00,0.00,7551.47,0.00,0.00
2025-07-16,6117.18,7342.00,0.00,0.00,0.00,0.00,0.00
2025-07-17,8865.71,14608.66,0.00,0.00,0.00,0.00,0.00
2025-07-18,6335.84,10392.34,0.00,0.00,0.00,0.00,0.00
2025-07-19,12045.40,16441.00,0.00,0.00,0.00,0.00,0.00
2025-07-20,13600.01,17228.41,0.00,0.00,0.00,0.00,0.00
2025-07-21,9717.45,12801.00,0.00,0.00,0.00,0.00,0.00
2025-07-22,5689.32,8457.00,0.00,0.00,0.00,0.00,0.00
2025-07-23,8814.20,13330.00,0.00,0.00,5598.74,0.00,0.00
2025-07-24,4582.61,7443.00,0.00,0.00,0.00,0.00,0.00
2025-07-25,12554.58,15238.00,0.00,0.00,0.00,0.00,0.00
2025-07-26,5396.13,8844.00,0.00,0.00,0.00,0.00,0.00
2025-07-27,11323.85,15477.00,0.00,0.00,0.00,0.00,0.00
2025-07-28,8563.78,14330.64,0.00,0.00,0.00,0.00,0.00
2025-07-29,11737.93,15428.34,0.00,0.00,0.00,0.00,0.00
2025-07-30,16308.51,20498.66,0.00,0.00,0.00,0.00,0.00
2025-07-31,10896.00,14226.00,0.00,0.00,0.00,0.00,0.00
2025-08-01,2758.83,4388.00,0.00,0.00,0.00,0.00,0.00
2025-08-02,4901.25,7278.00,0.00,0.00,0.00,0.00,0.00
2025-08-03,11482.72,15310.00,0.00,0.00,0.00,0.00,0.00
2025-08-04,8477.43,12799.00,0.00,0.00,0.00,0.00,0.00
2025-08-05,12649.87,15825.00,0.00,0.00,0.00,0.00,0.00
2025-08-06,11655.02,16066.00,0.00,0.00,0.00,0.00,0.00
2025-08-07,11063.36,13259.00,0.00,0.00,0.00,0.00,0.00
2025-08-08,1847.22,3211.00,0.00,0.00,0.00,0.00,0.00
2025-08-09,7826.74,8763.00,0.00,0.00,0.00,0.00,0.00
2025-08-10,3869.60,6299.00,0.00,0.00,0.00,0.00,0.00
2025-08-11,12803.61,17476.00,0.00,0.00,0.00,0.00,0.00
2025-08-12,19661.37,10615.00,0.00,0.00,0.00,0.00,0.00
2025-08-13,4685.38,7568.38,0.00,0.00,0.00,0.00,0.00
2025-08-14,11521.08,15807.00,0.00,0.00,0.00,0.00,0.00
2025-08-15,4301.77,5551.00,0.00,0.00,0.00,0.00,0.00
2025-08-16,3600.98,5831.00,0.00,0.00,0.00,0.00,0.00
2025-08-17,3001.63,4751.00,0.00,0.00,0.00,0.00,0.00
2025-08-18,9389.85,12113.00,0.00,0.00,0.00,0.00,0.00
2025-08-19,12418.24,15789.00,0.00,0.00,0.00,0.00,0.00
2025-08-20,7880.49,11300.45,0.00,0.00,0.00,0.00,0.00
2025-08-21,4579.06,7452.43,0.00,0.00,0.00,0.00,0.00
2025-08-22,4214.69,3811.53,0.00,0.00,0.00,0.00,0.00
2025-08-23,4095.30,6695.00,0.00,0.00,0.00,0.00,0.00
2025-08-24,10231.80,13801.00,0.00,0.00,0.00,0.00,0.00
2025-08-25,13442.34,17097.00,0.00,0.00,0.00,0.00,0.00
2025-08-26,3607.78,5818.00,0.00,0.00,0.00,0.00,0.00
2025-08-27,4799.31,7361.00,0.00,0.00,0.00,0.00,0.00
2025-08-28,2975.16,4783.00,0.00,0.00,0.00,0.00,0.00
2025-08-29,4769.54,4395.00,0.00,0.00,0.00,0.00,0.00
2025-08-30,10418.41,13326.00,0.00,0.00,0.00,0.00,0.00
2025-08-31,10407.43,13632.93,0.00,0.00,0.00,0.00,0.00
2025-09-01,4212.78,6749.00,0.00,0.00,0.00,0.00,0.00
2025-09-02,12591.73,16025.00,0.00,0.00,0.00,0.00,0.00
2025-09-03,138.61,230.99,0.00,0.00,0.00,0.00,0.00
2025-09-04,11611.18,14254.00,0.00,0.00,0.00,0.00,0.00
2025-09-05,5762.71,9211.00,0.00,0.00,0.00,0.00,0.00
2025-09-06,6392.57,10178.36,0.00,0.00,0.00,0.00,0.00
2025-09-07,5514.64,8888.00,0.00,0.00,0.00,0.00,0.00
2025-09-08,0.00,0.00,0.00,0.00,0.00,0.00,0.00
2025-09-09,3044.32,5324.00,0.00,0.00,0.00,0.00,0.00
2025-09-10,10836.64,13109.35,0.00,0.00,0.00,0.00,0.00
2025-09-11,12377.70,14746.00,0.00,0.00,0.00,0.00,0.00
2025-09-12,1742.46,2774.00,0.00,0.00,0.00,0.00,0.00
2025-09-13,13064.10,16123.00,0.00,0.00,0.00,0.00,0.00
2025-09-14,3241.39,5124.00,0.00,0.00,0.00,0.00,0.00
2025-09-15,11071.20,14528.00,0.00,0.00,0.00,0.00,0.00
2025-09-16,10546.32,13759.00,0.00,0.00,0.00,0.00,0.00
2025-09-17,12024.72,6610.33,0.00,0.00,0.00,0.00,0.00
2025-09-18,4181.76,6606.00,0.00,0.00,0.00,0.00,0.00
2025-09-19,13561.49,18981.80,0.00,0.00,0.00,0.00,0.00
2025-09-20,5199.12,8401.00,0.00,0.00,0.00,0.00,0.00
2025-09-21,10978.17,14743.80,0.00,0.00,0.00,0.00,0.00
2025-09-22,2992.54,4908.67,0.00,0.00,0.00,0.00,0.00
2025-09-23,3795.79,6090.00,0.00,0.00,0.00,0.00,0.00
2025-09-24,14433.71,9753.00,0.00,0.00,0.00,0.00,0.00
2025-09-25,1907.96,2797.00,0.00,0.00,0.00,0.00,0.00
2025-09-26,3030.51,4822.00,0.00,0.00,0.00,0.00,0.00
2025-09-27,7443.06,2709.96,0.00,0.00,0.00,0.00,0.00
2025-09-28,2143.49,3447.73,0.00,0.00,0.00,0.00,0.00
2025-09-29,5671.29,9177.00,0.00,0.00,0.00,0.00,0.00
2025-09-30,2264.44,3766.00,0.00,0.00,0.00,0.00,0.00
2025-10-01,12696.61,19452.00,0.00,0.00,0.00,0.00,0.00
2025-10-02,9221.66,15505.35,0.00,0.00,0.00,0.00,0.00
2025-10-03,3997.22,6349.83,0.00,0.00,0.00,0.00,0.00
2025-10-04,0.00,0.00,0.00,0.00,0.00,0.00,0.00
2025-10-05,7794.01,9560.00,0.00,0.00,0.00,0.00,0.00
2025-10-06,2343.72,3636.00,0.00,0.00,0.00,0.00,0.00
2025-10-07,443.44,772.22,0.00,0.00,0.00,0.00,0.00
2025-10-08,2690.35,4378.00,0.00,0.00,0.00,0.00,0.00
2025-10-09,3672.03,5886.00,0.00,0.00,0.00,0.00,0.00
2025-10-10,2842.83,4505.00,0.00,0.00,0.00,0.00,0.00
2025-10-11,4107.44,6127.00,0.00,0.00,0.00,0.00,0.00
2025-10-12,3284.31,5208.00,0.00,0.00,0.00,0.00,0.00
2025-10-13,11014.72,14572.00,0.00,0.00,0.00,0.00,0.00
2025-10-14,11046.91,14235.00,0.00,0.00,0.00,0.00,0.00
2025-10-15,9862.96,13227.58,0.00,0.00,0.00,0.00,0.00
2025-10-16,2633.58,4500.00,0.00,0.00,0.00,0.00,0.00
2025-10-17,5517.18,9010.00,0.00,0.00,0.00,0.00,0.00
2025-10-18,2825.48,4816.61,0.00,0.00,0.00,0.00,0.00
2025-10-19,4061.82,6610.29,0.00,0.00,0.00,0.00,0.00
2025-10-20,8772.32,11091.13,0.00,0.00,0.00,0.00,0.00
2025-10-21,4409.15,7303.94,0.00,0.00,0.00,0.00,0.00
2025-10-22,4228.70,6941.00,0.00,0.00,0.00,0.00,0.00
2025-10-23,3130.10,4881.00,0.00,0.00,0.00,0.00,0.00
2025-10-24,7545.78,11869.00,0.00,0.00,0.00,0.00,0.00
2025-10-25,9552.12,12260.00,0.00,0.00,0.00,0.00,0.00
2025-10-26,10632.82,13526.00,0.00,0.00,0.00,0.00,0.00
2025-10-27,10561.46,14443.00,0.00,0.00,0.00,0.00,0.00
2025-10-28,14209.25,6733.00,0.00,0.00,0.00,0.00,0.00
2025-10-29,17186.17,6719.00,0.00,0.00,0.00,0.00,0.00
2025-10-30,4448.64,7017.00,0.00,0.00,0.00,0.00,0.00
2025-10-31,10731.05,17266.00,0.00,0.00,0.00,0.00,0.00
2025-11-01,15621.82,22650.00,0.00,0.00,0.00,0.00,0.00
2025-11-02,4371.20,8109.00,0.00,0.00,0.00,0.00,0.00
2025-11-03,14041.76,18603.00,0.00,0.00,0.00,0.00,0.00
2025-11-04,10655.65,14189.00,0.00,0.00,0.00,0.00,0.00
2025-11-05,3880.78,6099.00,0.00,0.00,0.00,0.00,0.00
2025-11-06,9930.98,13684.46,0.00,0.00,0.00,0.00,0.00
2025-11-07,5018.26,8080.00,0.00,0.00,0.00,0.00,0.00
2025-11-08,791.40,1188.00,0.00,0.00,0.00,0.00,0.00
2025-11-09,3250.93,4717.00,0.00,0.00,0.00,0.00,0.00
2025-11-10,13896.28,18010.00,0.00,0.00,0.00,0.00,0.00
2025-11-11,10163.03,13635.00,0.00,0.00,0.00,0.00,0.00
2025-11-12,2807.36,4767.00,0.00,0.00,0.00,0.00,0.00
2025-11-13,13093.10,16986.13,0.00,0.00,0.00,0.00,0.00
2025-11-14,5871.05,9393.39,0.00,0.00,0.00,0.00,0.00
2025-11-15,10585.03,14089.00,0.00,0.00,0.00,0.00,0.00
2025-11-16,4200.10,6812.00,0.00,0.00,0.00,0.00,0.00
2025-11-17,12966.98,16530.00,0.00,0.00,0.00,0.00,0.00
2025-11-18,4574.84,7474.00,0.00,0.00,0.00,0.00,0.00
2025-11-19,9208.89,12125.00,0.00,0.00,0.00,0.00,0.00
2025-11-20,5273.82,7786.00,0.00,0.00,0.00,0.00,0.00
2025-11-21,13502.13,17961.00,0.00,0.00,0.00,0.00,0.00
2025-11-22,1651.09,2593.00,0.00,0.00,0.00,0.00,0.00
2025-11-23,2033.34,3240.00,0.00,0.00,0.00,0.00,0.00
2025-11-24,10802.01,14115.00,0.00,0.00,0.00,0.00,0.00
2025-11-25,12580.42,16222.00,0.00,0.00,0.00,0.00,0.00
2025-11-26,3089.63,4940.00,0.00,0.00,0.00,0.00,0.00
2025-11-27,4279.72,7007.00,0.00,0.00,0.00,0.00,0.00
2025-11-28,5562.19,10640.66,0.00,0.00,0.00,0.00,0.00
2025-11-29,11006.14,14923.00,0.00,0.00,0.00,0.00,0.00
2025-11-30,9029.68,11878.00,0.00,0.00,0.00,0.00,0.00
2025-12-01,9867.76,13225.00,0.00,0.00,0.00,0.00,0.00
2025-12-02,8863.85,11804.00,0.00,0.00,0.00,0.00,0.00
2025-12-03,10070.58,13375.00,0.00,0.00,0.00,0.00,0.00
2025-12-04,9030.80,12002.00,0.00,0.00,0.00,0.00,0.00
2025-12-05,206.53,327.00,0.00,0.00,0.00,0.00,0.00
2025-12-06,10666.46,14073.00,0.00,0.00,0.00,0.00,0.00
2025-12-07,8804.53,11501.00,0.00,0.00,0.00,0.00,0.00
2025-12-08,10035.83,13294.00,0.00,0.00,0.00,0.00,0.00
2025-12-09,12907.65,16675.04,0.00,0.00,0.00,0.00,0.00
2025-12-10,10443.49,13899.00,0.00,0.00,0.00,0.00,0.00
2025-12-11,11722.26,16063.00,0.00,0.00,0.00,0.00,0.00
2025-12-12,4275.05,6361.00,0.00,0.00,0.00,0.00,0.00
2025-12-13,12574.72,15948.83,0.00,0.00,0.00,0.00,0.00
2025-12-14,4227.32,6195.19,0.00,0.00,0.00,0.00,0.00
2025-12-15,9411.38,12134.00,0.00,0.00,0.00,0.00,0.00
2025-12-16,11622.94,15914.00,0.00,0.00,0.00,0.00,0.00
2025-12-17,9826.40,12917.00,0.00,0.00,0.00,0.00,0.00
2025-12-18,10094.65,13594.63,0.00,0.00,0.00,0.00,0.00
2025-12-19,3726.81,5901.00,0.00,0.00,0.00,0.00,0.00
2025-12-20,9788.28,2809.00,0.00,0.00,0.00,0.00,0.00
2025-12-21,12898.66,14830.00,0.00,0.00,0.00,0.00,0.00
2025-12-22,9076.21,11912.00,0.00,0.00,0.00,0.00,0.00
2025-12-23,12974.15,16513.00,0.00,0.00,0.00,0.00,0.00
2025-12-24,10120.97,13278.57,0.00,0.00,0.00,0.00,0.00
2025-12-25,2996.33,4761.00,0.00,0.00,0.00,0.00,0.00
2025-12-26,3598.21,5879.00,0.00,0.00,0.00,0.00,0.00
2025-12-27,7839.07,9631.00,0.00,0.00,0.00,0.00,0.00
2025-12-28,4528.85,7253.14,0.00,0.00,0.00,0.00,0.00
2025-12-29,9809.45,13070.00,0.00,0.00,0.00,0.00,0.00
2025-12-30,7349.66,11979.00,0.00,0.00,0.00,0.00,0.00
2025-12-31,9866.23,13156.00,0.00,0.00,0.00,0.00,0.00
2025-12-31,9866.23,13156.00,0.00,0.00,0.00,0.00,0.00
2026-01-01,15098.83,18282.37,0.00,0.00,0.00,0.00,0.00
2026-01-01,15098.83,18282.37,0.00,0.00,0.00,0.00,0.00
2026-01-02,9675.68,12648.00,0.00,0.00,0.00,0.00,0.00
2026-01-02,9675.68,12648.00,0.00,0.00,0.00,0.00,0.00
2026-01-03,2753.14,4401.00,0.00,0.00,0.00,0.00,0.00
2026-01-03,2753.14,4401.00,0.00,0.00,0.00,0.00,0.00
2026-01-04,11620.16,15985.01,0.00,0.00,0.00,0.00,0.00
2026-01-04,11620.16,15985.01,0.00,0.00,0.00,0.00,0.00
2026-01-05,8584.74,10971.00,0.00,0.00,0.00,0.00,0.00
2026-01-05,8584.74,10971.00,0.00,0.00,0.00,0.00,0.00
2026-01-06,9441.54,12496.00,0.00,0.00,0.00,0.00,0.00
2026-01-06,9441.54,12496.00,0.00,0.00,0.00,0.00,0.00
2026-01-07,4868.26,6564.00,0.00,0.00,0.00,0.00,0.00
2026-01-07,4868.26,6564.00,0.00,0.00,0.00,0.00,0.00
2026-01-08,7388.15,12050.00,0.00,0.00,0.00,0.00,0.00
2026-01-08,7388.15,12050.00,0.00,0.00,0.00,0.00,0.00
2026-01-09,1765.44,2752.00,0.00,0.00,0.00,0.00,0.00
2026-01-09,1765.44,2752.00,0.00,0.00,0.00,0.00,0.00
2026-01-10,2602.45,4126.00,0.00,0.00,0.00,0.00,0.00
2026-01-10,2602.45,4126.00,0.00,0.00,0.00,0.00,0.00
2026-01-11,8464.92,11074.00,0.00,0.00,0.00,0.00,0.00
2026-01-11,8464.92,11074.00,0.00,0.00,0.00,0.00,0.00
2026-01-12,3378.40,5442.00,0.00,0.00,0.00,0.00,0.00
2026-01-12,3378.40,5442.00,0.00,0.00,0.00,0.00,0.00
2026-01-13,9915.59,13072.00,0.00,0.00,0.00,0.00,0.00
2026-01-13,9915.59,13072.00,0.00,0.00,0.00,0.00,0.00
2026-01-14,10820.78,14313.00,0.00,0.00,0.00,0.00,0.00
2026-01-14,10820.78,14313.00,0.00,0.00,0.00,0.00,0.00
2026-01-15,10509.02,14103.00,0.00,0.00,0.00,0.00,0.00
2026-01-15,10509.02,14103.00,0.00,0.00,0.00,0.00,0.00
2026-01-16,2107.93,3238.00,0.00,0.00,0.00,0.00,0.00
2026-01-16,2107.93,3238.00,0.00,0.00,0.00,0.00,0.00
2026-01-17,11008.69,14205.00,0.00,0.00,0.00,0.00,0.00
2026-01-17,11008.69,14205.00,0.00,0.00,0.00,0.00,0.00
2026-01-18,9836.24,12328.00,0.00,0.00,0.00,0.00,0.00
2026-01-18,9836.24,12328.00,0.00,0.00,0.00,0.00,0.00
2026-01-19,12054.65,16056.00,0.00,0.00,0.00,0.00,0.00
2026-01-19,12054.65,16056.00,0.00,0.00,0.00,0.00,0.00
2026-01-20,10409.41,13533.53,0.00,0.00,0.00,0.00,0.00
2026-01-20,10409.41,13533.53,0.00,0.00,0.00,0.00,0.00
2026-01-21,11130.94,14762.87,0.00,0.00,0.00,0.00,0.00
2026-01-21,11130.94,14762.87,0.00,0.00,0.00,0.00,0.00
2026-01-22,4089.68,6527.00,0.00,0.00,0.00,0.00,0.00
2026-01-22,4089.68,6527.00,0.00,0.00,0.00,0.00,0.00
2026-01-23,9683.11,15414.00,0.00,0.00,0.00,0.00,0.00
2026-01-23,9683.11,15414.00,0.00,0.00,0.00,0.00,0.00
2026-01-24,7164.91,8780.00,0.00,0.00,0.00,0.00,0.00
2026-01-24,7164.91,8780.00,0.00,0.00,0.00,0.00,0.00
2026-01-25,10386.98,13536.00,0.00,0.00,0.00,0.00,0.00
2026-01-25,10386.98,13536.00,0.00,0.00,0.00,0.00,0.00
2026-01-26,7540.03,9934.04,0.00,0.00,0.00,0.00,0.00
2026-01-26,7540.03,9934.04,0.00,0.00,0.00,0.00,0.00
2026-01-27,8573.44,10630.00,0.00,0.00,0.00,0.00,0.00
2026-01-27,8573.44,10630.00,0.00,0.00,0.00,0.00,0.00
2026-01-28,7938.87,10282.00,0.00,0.00,0.00,0.00,0.00
2026-01-28,7938.87,10282.00,0.00,0.00,0.00,0.00,0.00
2026-01-29,3584.16,5694.00,0.00,0.00,0.00,0.00,0.00
2026-01-29,3584.16,5694.00,0.00,0.00,0.00,0.00,0.00
2026-01-30,4050.70,6336.00,0.00,0.00,0.00,0.00,0.00
2026-01-30,4050.70,6336.00,0.00,0.00,0.00,0.00,0.00
2026-01-31,2193.62,3415.00,0.00,0.00,0.00,0.00,0.00
2026-01-31,2193.62,3415.00,0.00,0.00,0.00,0.00,0.00
2026-02-01,4143.00,6631.00,0.00,0.00,0.00,0.00,0.00
2026-02-01,4143.00,6631.00,0.00,0.00,0.00,0.00,0.00
2026-02-02,3093.78,5058.00,0.00,0.00,0.00,0.00,0.00
2026-02-02,3093.78,5058.00,0.00,0.00,0.00,0.00,0.00
2026-02-03,4102.45,6478.00,0.00,0.00,0.00,0.00,0.00
2026-02-03,4102.45,6478.00,0.00,0.00,0.00,0.00,0.00
2026-02-04,3395.40,5149.00,0.00,0.00,0.00,0.00,0.00
2026-02-04,3395.40,5149.00,0.00,0.00,0.00,0.00,0.00
2026-02-05,3021.05,4477.00,0.00,0.00,0.00,0.00,0.00
2026-02-05,3021.05,4477.00,0.00,0.00,0.00,0.00,0.00
2026-02-06,2982.17,4727.00,0.00,0.00,0.00,0.00,0.00
2026-02-06,2982.17,4727.00,0.00,0.00,0.00,0.00,0.00
2026-02-07,7644.06,9298.00,0.00,0.00,0.00,0.00,0.00
2026-02-07,7644.06,9298.00,0.00,0.00,0.00,0.00,0.00
2026-02-08,7381.66,9916.00,0.00,0.00,0.00,0.00,0.00
2026-02-08,7381.66,9916.00,0.00,0.00,0.00,0.00,0.00
2026-02-09,3029.49,5199.00,0.00,0.00,0.00,0.00,0.00
2026-02-09,3029.49,5199.00,0.00,0.00,0.00,0.00,0.00
2026-02-10,10548.97,14722.00,0.00,0.00,0.00,0.00,0.00
2026-02-10,10548.97,14722.00,0.00,0.00,0.00,0.00,0.00
2026-02-11,8675.38,11575.08,0.00,0.00,0.00,0.00,0.00
2026-02-11,8675.38,11575.08,0.00,0.00,0.00,0.00,0.00
2026-02-12,5943.72,9504.15,0.00,0.00,0.00,0.00,0.00
2026-02-12,5943.72,9504.15,0.00,0.00,0.00,0.00,0.00
2026-02-13,7001.09,10391.85,0.00,0.00,0.00,0.00,0.00
2026-02-13,7001.09,10391.85,0.00,0.00,0.00,0.00,0.00
2026-02-14,5374.03,8841.00,0.00,0.00,0.00,0.00,0.00
2026-02-14,5374.03,8841.00,0.00,0.00,0.00,0.00,0.00
2026-02-15,6123.53,9985.00,0.00,0.00,0.00,0.00,0.00
2026-02-15,6123.53,9985.00,0.00,0.00,0.00,0.00,0.00
2026-02-16,7382.27,12092.78,0.00,0.00,0.00,0.00,0.00
2026-02-16,7382.27,12092.78,0.00,0.00,0.00,0.00,0.00
2026-02-17,4762.94,7794.00,0.00,0.00,0.00,0.00,0.00
2026-02-17,4762.94,7794.00,0.00,0.00,0.00,0.00,0.00
2026-02-18,4352.43,7110.00,0.00,0.00,0.00,0.00,0.00
2026-02-18,4352.43,7110.00,0.00,0.00,0.00,0.00,0.00
2026-02-19,5272.53,8635.00,0.00,0.00,0.00,0.00,0.00
2026-02-19,5272.53,8635.00,0.00,0.00,0.00,0.00,0.00
2026-02-20,3245.40,5207.46,0.00,0.00,0.00,0.00,0.00
2026-02-20,3245.40,5207.46,0.00,0.00,0.00,0.00,0.00
2026-02-21,5118.68,8420.67,0.00,0.00,0.00,0.00,0.00
2026-02-21,5118.68,8420.67,0.00,0.00,0.00,0.00,0.00
2026-02-22,1158.32,1606.42,0.00,0.00,0.00,0.00,0.00
2026-02-22,1158.32,1606.42,0.00,0.00,0.00,0.00,0.00
2026-02-23,2901.07,4703.00,0.00,0.00,0.00,0.00,0.00
2026-02-23,2901.07,4703.00,0.00,0.00,0.00,0.00,0.00
2026-02-24,2517.97,4059.77,0.00,0.00,0.00,0.00,0.00
2026-02-24,2517.97,4059.77,0.00,0.00,0.00,0.00,0.00
2026-02-25,3533.79,5623.23,0.00,0.00,0.00,0.00,0.00
2026-02-25,3533.79,5623.23,0.00,0.00,0.00,0.00,0.00
2026-02-26,3354.07,5369.51,0.00,0.00,0.00,0.00,0.00
2026-02-26,3354.07,5369.51,0.00,0.00,0.00,0.00,0.00
2026-02-27,2851.20,4521.00,0.00,0.00,0.00,0.00,0.00
2026-02-27,2851.20,4521.00,0.00,0.00,0.00,0.00,0.00
2026-02-28,6188.35,9795.00,0.00,0.00,0.00,0.00,0.00
2026-02-28,6188.35,9795.00,0.00,0.00,0.00,0.00,0.00
2026-03-01,9787.77,13169.00,0.00,0.00,0.00,0.00,0.00
2026-03-01,9787.77,13169.00,0.00,0.00,0.00,0.00,0.00
2026-03-02,9537.32,12852.75,0.00,0.00,0.00,0.00,0.00
2026-03-02,9537.32,12852.75,0.00,0.00,0.00,0.00,0.00
2026-03-03,17750.81,26479.00,0.00,0.00,0.00,0.00,0.00
2026-03-03,17750.81,26479.00,0.00,0.00,0.00,0.00,0.00
2026-03-04,11272.90,13677.00,0.00,0.00,0.00,0.00,0.00
2026-03-04,11272.90,13677.00,0.00,0.00,0.00,0.00,0.00
2026-03-05,12714.20,17364.00,0.00,0.00,0.00,0.00,0.00
2026-03-05,12714.20,17364.00,0.00,0.00,0.00,0.00,0.00
2026-03-06,6396.87,10224.00,0.00,0.00,0.00,0.00,0.00
2026-03-06,6396.87,10224.00,0.00,0.00,0.00,0.00,0.00
2026-03-07,12800.31,17550.00,0.00,0.00,0.00,0.00,0.00
2026-03-07,12800.31,17550.00,0.00,0.00,0.00,0.00,0.00
2026-03-08,10134.05,14426.82,0.00,0.00,0.00,0.00,0.00
2026-03-08,10134.05,14426.82,0.00,0.00,0.00,0.00,0.00
2026-03-09,4166.31,6663.00,0.00,0.00,0.00,0.00,0.00
2026-03-09,4166.31,6663.00,0.00,0.00,0.00,0.00,0.00
2026-03-10,9641.51,13955.00,0.00,0.00,0.00,0.00,0.00
2026-03-10,9641.51,13955.00,0.00,0.00,0.00,0.00,0.00
2026-03-11,5356.76,8512.00,0.00,0.00,0.00,0.00,0.00
2026-03-11,5356.76,8512.00,0.00,0.00,0.00,0.00,0.00
2026-03-12,4699.86,7335.00,0.00,0.00,0.00,0.00,0.00
2026-03-12,4699.86,7335.00,0.00,0.00,0.00,0.00,0.00
2026-03-13,4092.11,6668.00,0.00,0.00,0.00,0.00,0.00
2026-03-13,4092.11,6668.00,0.00,0.00,0.00,0.00,0.00
2026-03-14,5347.17,7986.00,0.00,0.00,0.00,0.00,0.00
2026-03-14,5347.17,7986.00,0.00,0.00,0.00,0.00,0.00
2026-03-15,2185.98,3380.00,0.00,0.00,0.00,0.00,0.00
2026-03-15,2185.98,3380.00,0.00,0.00,0.00,0.00,0.00
2026-03-16,10460.25,13555.00,0.00,0.00,0.00,0.00,0.00
2026-03-16,10460.25,13555.00,0.00,0.00,0.00,0.00,0.00
2026-03-17,10460.37,15344.00,0.00,0.00,0.00,0.00,0.00
2026-03-17,10460.37,15344.00,0.00,0.00,0.00,0.00,0.00
2026-03-18,12415.77,16388.00,0.00,0.00,0.00,0.00,0.00
2026-03-18,12415.77,16388.00,0.00,0.00,0.00,0.00,0.00
2026-03-19,8862.29,12579.17,0.00,0.00,0.00,0.00,0.00
2026-03-19,8862.29,12579.17,0.00,0.00,0.00,0.00,0.00
2026-03-20,1533.00,2762.00,0.00,0.00,0.00,0.00,0.00
2026-03-20,1533.00,2762.00,0.00,0.00,0.00,0.00,0.00
2026-03-21,5370.93,8517.84,0.00,0.00,0.00,0.00,0.00
2026-03-21,5370.93,8517.84,0.00,0.00,0.00,0.00,0.00
2026-03-22,11121.40,16538.17,0.00,0.00,0.00,0.00,0.00
2026-03-22,11121.40,16538.17,0.00,0.00,0.00,0.00,0.00
2026-03-23,9807.73,14192.00,0.00,0.00,0.00,0.00,0.00
2026-03-23,9807.73,14192.00,0.00,0.00,0.00,0.00,0.00
2026-03-24,4884.78,7850.00,0.00,0.00,0.00,0.00,0.00
2026-03-24,4884.78,7850.00,0.00,0.00,0.00,0.00,0.00
2026-03-25,11112.04,15791.00,0.00,0.00,0.00,0.00,0.00
2026-03-25,11112.04,15791.00,0.00,0.00,0.00,0.00,0.00
2026-03-26,11036.74,16092.00,0.00,0.00,0.00,0.00,0.00
2026-03-26,11036.74,16092.00,0.00,0.00,0.00,0.00,0.00
2026-03-27,756.06,1209.00,0.00,0.00,0.00,0.00,0.00
2026-03-27,756.06,1209.00,0.00,0.00,0.00,0.00,0.00
2026-03-28,13927.81,20802.00,0.00,0.00,0.00,0.00,0.00
2026-03-28,13927.81,20802.00,0.00,0.00,0.00,0.00,0.00
2026-03-29,2931.18,4556.00,0.00,0.00,0.00,0.00,0.00
2026-03-29,2931.18,4556.00,0.00,0.00,0.00,0.00,0.00
2026-03-30,12774.28,18831.00,0.00,0.00,0.00,0.00,0.00
2026-03-30,12774.28,18831.00,0.00,0.00,0.00,0.00,0.00
2026-03-31,9011.46,12652.00,0.00,0.00,0.00,0.00,0.00
2026-03-31,9011.46,12652.00,0.00,0.00,0.00,0.00,0.00
2026-04-01,13907.82,20844.00,0.00,0.00,0.00,0.00,0.00
2026-04-01,13907.82,20844.00,0.00,0.00,0.00,0.00,0.00
2026-04-02,3301.43,4902.14,0.00,0.00,0.00,0.00,0.00
2026-04-02,3301.43,4902.14,0.00,0.00,0.00,0.00,0.00
2026-04-03,5823.31,9114.00,0.00,0.00,0.00,0.00,0.00
2026-04-03,5823.31,9114.00,0.00,0.00,0.00,0.00,0.00
2026-04-04,6691.25,10507.73,0.00,0.00,0.00,0.00,0.00
2026-04-04,6691.25,10507.73,0.00,0.00,0.00,0.00,0.00
2026-04-05,7732.29,12606.00,0.00,0.00,0.00,0.00,0.00
2026-04-05,7732.29,12606.00,0.00,0.00,0.00,0.00,0.00
2026-04-06,2322.29,3686.79,0.00,0.00,0.00,0.00,0.00
2026-04-06,2322.29,3686.79,0.00,0.00,0.00,0.00,0.00
2026-04-07,3886.71,6253.76,0.00,0.00,717.90,0.00,0.00
2026-04-07,3886.71,6253.76,0.00,0.00,717.90,0.00,0.00
2026-04-08,8344.54,11637.00,0.00,0.00,0.00,0.00,0.00
2026-04-08,8344.54,11637.00,0.00,0.00,0.00,0.00,0.00
2026-04-09,5904.68,9364.00,0.00,0.00,0.00,0.00,0.00
2026-04-09,5904.68,9364.00,0.00,0.00,0.00,0.00,0.00
2026-04-10,12082.09,18016.25,0.00,0.00,0.00,0.00,0.00
2026-04-10,12082.09,18016.25,0.00,0.00,0.00,0.00,0.00
2026-04-11,12260.81,18266.00,0.00,0.00,0.00,0.00,0.00
2026-04-11,12260.81,18266.00,0.00,0.00,0.00,0.00,0.00
2026-04-12,4931.58,7874.00,0.00,0.00,0.00,0.00,0.00
2026-04-12,4931.58,7874.00,0.00,0.00,0.00,0.00,0.00
2026-04-13,3054.59,4878.00,0.00,0.00,0.00,0.00,0.00
2026-04-13,3054.59,4878.00,0.00,0.00,0.00,0.00,0.00
2026-04-14,12398.40,19588.33,0.00,0.00,0.00,0.00,0.00
2026-04-14,12398.40,19588.33,0.00,0.00,0.00,0.00,0.00
2026-04-15,3354.69,5317.00,0.00,0.00,0.00,0.00,0.00
2026-04-15,3354.69,5317.00,0.00,0.00,0.00,0.00,0.00
2026-04-16,3149.65,4559.54,0.00,0.00,0.00,0.00,0.00
2026-04-16,3149.65,4559.54,0.00,0.00,0.00,0.00,0.00
2026-04-17,15907.06,23885.00,0.00,0.00,0.00,0.00,0.00
2026-04-17,15907.06,23885.00,0.00,0.00,0.00,0.00,0.00
2026-04-18,9634.06,13327.00,0.00,0.00,4009.74,0.00,0.00
2026-04-18,9634.06,13327.00,0.00,0.00,4009.74,0.00,0.00
2026-04-19,1310.17,2046.72,0.00,0.00,0.00,0.00,0.00
2026-04-19,1310.17,2046.72,0.00,0.00,0.00,0.00,0.00
2026-04-20,9026.43,12881.28,0.00,0.00,0.00,0.00,0.00
2026-04-20,9026.43,12881.28,0.00,0.00,0.00,0.00,0.00
2026-04-21,10510.56,15264.00,0.00,0.00,0.00,0.00,0.00
2026-04-21,10510.56,15264.00,0.00,0.00,0.00,0.00,0.00
2026-04-22,2822.99,4486.00,0.00,0.00,0.00,0.00,0.00
2026-04-22,2822.99,4486.00,0.00,0.00,0.00,0.00,0.00
2026-04-23,9042.44,12663.00,0.00,0.00,0.00,0.00,0.00
2026-04-23,9042.44,12663.00,0.00,0.00,0.00,0.00,0.00
2026-04-24,9391.95,14549.00,0.00,0.00,0.00,0.00,0.00
2026-04-24,9391.95,14549.00,0.00,0.00,0.00,0.00,0.00
2026-04-25,7527.35,11852.00,0.00,0.00,0.00,0.00,0.00
2026-04-25,7527.35,11852.00,0.00,0.00,0.00,0.00,0.00
2026-04-26,9175.84,12955.99,0.00,0.00,0.00,0.00,0.00
2026-04-26,9175.84,12955.99,0.00,0.00,0.00,0.00,0.00
2026-04-27,7920.38,13217.00,0.00,0.00,0.00,0.00,0.00
2026-04-27,7920.38,13217.00,0.00,0.00,0.00,0.00,0.00
2026-04-28,3419.58,5467.00,0.00,0.00,0.00,0.00,0.00
2026-04-28,3419.58,5467.00,0.00,0.00,0.00,0.00,0.00
2026-04-29,7867.76,12118.00,0.00,0.00,0.00,0.00,0.00
2026-04-29,7867.76,12118.00,0.00,0.00,0.00,0.00,0.00
2026-04-30,10934.81,15903.71,0.00,0.00,0.00,0.00,0.00
2026-04-30,10934.81,15903.71,0.00,0.00,0.00,0.00,0.00
2026-05-01,11191.58,18425.20,0.00,0.00,0.00,0.00,0.00
2026-05-01,11191.58,18425.20,0.00,0.00,0.00,0.00,0.00
2026-05-02,4218.60,7141.04,0.00,0.00,0.00,0.00,0.00
2026-05-02,4218.60,7141.04,0.00,0.00,0.00,0.00,0.00
2026-05-03,9603.39,15125.00,0.00,0.00,0.00,0.00,0.00
2026-05-03,9603.39,15125.00,0.00,0.00,0.00,0.00,0.00
2026-05-04,5064.97,8246.00,0.00,0.00,0.00,0.00,0.00
2026-05-04,5064.97,8246.00,0.00,0.00,0.00,0.00,0.00
2026-05-05,2743.15,4332.00,0.00,0.00,0.00,0.00,0.00
2026-05-05,2743.15,4332.00,0.00,0.00,0.00,0.00,0.00
2026-05-06,8366.42,12029.00,0.00,0.00,0.00,0.00,0.00
2026-05-06,8366.42,12029.00,0.00,0.00,0.00,0.00,0.00
2026-05-07,8023.57,11870.00,0.00,0.00,0.00,0.00,0.00
2026-05-07,8023.57,11870.00,0.00,0.00,0.00,0.00,0.00
2026-05-08,4698.50,7543.00,0.00,0.00,0.00,0.00,0.00
2026-05-08,4698.50,7543.00,0.00,0.00,0.00,0.00,0.00
2026-05-09,10285.77,14990.00,0.00,0.00,1002.86,0.00,0.00
2026-05-09,10285.77,14990.00,0.00,0.00,1002.86,0.00,0.00
2026-05-10,3123.65,4904.00,0.00,0.00,0.00,0.00,0.00
2026-05-10,3123.65,4904.00,0.00,0.00,0.00,0.00,0.00
2026-05-11,10045.98,14556.78,0.00,0.00,1581.65,0.00,0.00
2026-05-11,10045.98,14556.78,0.00,0.00,1581.65,0.00,0.00
2026-05-12,8411.87,11351.00,0.00,0.00,0.00,0.00,0.00
2026-05-12,8411.87,11351.00,0.00,0.00,0.00,0.00,0.00
2026-05-13,2749.94,4140.00,0.00,0.00,0.00,0.00,0.00
2026-05-13,2749.94,4140.00,0.00,0.00,0.00,0.00,0.00
2026-05-14,10073.64,14421.00,0.00,0.00,0.00,0.00,0.00
2026-05-14,10073.64,14421.00,0.00,0.00,0.00,0.00,0.00
2026-05-15,8439.64,13757.00,0.00,0.00,0.00,0.00,0.00
2026-05-15,8439.64,13757.00,0.00,0.00,0.00,0.00,0.00
2026-05-16,1727.11,2794.00,0.00,0.00,0.00,0.00,0.00
2026-05-16,1727.11,2794.00,0.00,0.00,0.00,0.00,0.00
2026-05-17,7371.82,11051.00,0.00,0.00,0.00,0.00,0.00
2026-05-17,7371.82,11051.00,0.00,0.00,0.00,0.00,0.00
2026-05-18,3568.72,5703.92,0.00,0.00,0.00,0.00,0.00
2026-05-18,3568.72,5703.92,0.00,0.00,0.00,0.00,0.00
2026-05-19,7872.56,10891.78,0.00,0.00,0.00,0.00,0.00
2026-05-19,7872.56,10891.78,0.00,0.00,0.00,0.00,0.00
2026-05-20,9480.31,13709.00,0.00,0.00,0.00,0.00,0.00
2026-05-20,9480.31,13709.00,0.00,0.00,0.00,0.00,0.00
2026-05-21,7890.29,12267.53,0.00,0.00,768.95,0.00,0.00
2026-05-21,7890.29,12267.53,0.00,0.00,768.95,0.00,0.00
2026-05-22,7864.93,13110.00,0.00,0.00,0.00,0.00,0.00
2026-05-22,7864.93,13110.00,0.00,0.00,0.00,0.00,0.00
2026-05-23,4485.18,6888.00,0.00,0.00,0.00,0.00,0.00
2026-05-23,4485.18,6888.00,0.00,0.00,0.00,0.00,0.00
2026-05-24,3442.62,5540.00,0.00,0.00,0.00,0.00,0.00
2026-05-24,3442.62,5540.00,0.00,0.00,0.00,0.00,0.00
2026-05-25,8584.41,12262.00,0.00,0.00,0.00,0.00,0.00
2026-05-25,8584.41,12262.00,0.00,0.00,0.00,0.00,0.00
2026-05-26,2805.54,4495.00,0.00,0.00,0.00,0.00,0.00
2026-05-26,2805.54,4495.00,0.00,0.00,0.00,0.00,0.00
2026-05-27,8968.99,12291.58,0.00,0.00,1102.99,0.00,0.00
2026-05-27,8968.99,12291.58,0.00,0.00,1102.99,0.00,0.00
2026-05-28,3225.69,5191.00,0.00,0.00,0.00,0.00,0.00
2026-05-28,3225.69,5191.00,0.00,0.00,0.00,0.00,0.00
2026-05-29,5875.32,9439.37,0.00,0.00,0.00,0.00,0.00
2026-05-29,5875.32,9439.37,0.00,0.00,0.00,0.00,0.00
2026-05-30,7010.85,11604.78,0.00,0.00,1477.65,0.00,0.00
2026-05-30,7010.85,11604.78,0.00,0.00,1477.65,0.00,0.00
2026-05-31,6443.55,10734.09,0.00,0.00,1220.52,0.00,0.00
2026-05-31,6443.55,10734.09,0.00,0.00,1220.52,0.00,0.00
2026-06-01,4481.06,7221.52,0.00,0.00,0.00,0.00,0.00
2026-06-01,4481.06,7221.52,0.00,0.00,0.00,0.00,0.00
2026-06-02,5714.82,8036.00,0.00,0.00,0.00,0.00,0.00
2026-06-02,5714.82,8036.00,0.00,0.00,0.00,0.00,0.00
2026-06-03,8411.75,12455.00,0.00,0.00,0.00,0.00,0.00
2026-06-03,8411.75,12455.00,0.00,0.00,0.00,0.00,0.00
2026-06-04,4227.81,6588.00,0.00,0.00,0.00,0.00,0.00
2026-06-04,4227.81,6588.00,0.00,0.00,0.00,0.00,0.00
2026-06-05,4722.33,7195.89,0.00,0.00,0.00,0.00,0.00
2026-06-05,4722.33,7195.89,0.00,0.00,0.00,0.00,0.00
2026-06-06,13165.83,20462.00,0.00,0.00,0.00,0.00,0.00
2026-06-06,13165.83,20462.00,0.00,0.00,0.00,0.00,0.00
2026-06-07,3640.62,5848.00,0.00,0.00,925.06,0.00,0.00
2026-06-07,3640.62,5848.00,0.00,0.00,925.06,0.00,0.00
2026-06-08,7703.65,11913.32,0.00,0.00,0.00,0.00,0.00
2026-06-08,7703.65,11913.32,0.00,0.00,0.00,0.00,0.00
2026-06-09,8205.38,12315.00,0.00,0.00,0.00,0.00,0.00
2026-06-09,8205.38,12315.00,0.00,0.00,0.00,0.00,0.00
2026-06-10,9228.87,13437.35,0.00,0.00,0.00,0.00,0.00
2026-06-10,9228.87,13437.35,0.00,0.00,0.00,0.00,0.00
2026-06-11,3979.70,6328.20,0.00,0.00,0.00,0.00,0.00
2026-06-11,3979.70,6328.20,0.00,0.00,0.00,0.00,0.00
2026-06-12,9092.14,14738.00,0.00,0.00,0.00,0.00,0.00
2026-06-12,9092.14,14738.00,0.00,0.00,0.00,0.00,0.00
2026-06-13,5573.32,8914.00,0.00,0.00,0.00,0.00,0.00
2026-06-13,5573.32,8914.00,0.00,0.00,0.00,0.00,0.00
2026-06-14,2420.35,3930.00,0.00,0.00,0.00,0.00,0.00
2026-06-14,2420.35,3930.00,0.00,0.00,0.00,0.00,0.00
2026-06-15,8893.99,12627.00,0.00,0.00,0.00,0.00,0.00
2026-06-15,8893.99,12627.00,0.00,0.00,0.00,0.00,0.00
2026-06-16,8119.06,13276.00,0.00,0.00,1149.57,0.00,0.00
2026-06-16,8119.06,13276.00,0.00,0.00,1149.57,0.00,0.00
2026-06-17,1378.98,2114.00,0.00,0.00,0.00,0.00,0.00
2026-06-17,1378.98,2114.00,0.00,0.00,0.00,0.00,0.00
2026-06-18,4998.73,8092.00,0.00,0.00,0.00,0.00,0.00
2026-06-18,4998.73,8092.00,0.00,0.00,0.00,0.00,0.00
2026-06-19,7503.30,11549.00,0.00,0.00,0.00,0.00,0.00
2026-06-19,7503.30,11549.00,0.00,0.00,0.00,0.00,0.00
2026-06-20,7559.88,12451.00,0.00,0.00,0.00,0.00,0.00
2026-06-20,7559.88,12451.00,0.00,0.00,0.00,0.00,0.00
2026-06-21,3462.86,5626.00,0.00,0.00,761.76,0.00,0.00
2026-06-21,3462.86,5626.00,0.00,0.00,761.76,0.00,0.00
2026-06-22,7439.77,11294.00,0.00,0.00,0.00,0.00,0.00
2026-06-22,7439.77,11294.00,0.00,0.00,0.00,0.00,0.00
2026-06-23,8274.11,12420.06,0.00,0.00,0.00,0.00,0.00
2026-06-23,8274.11,12420.06,0.00,0.00,0.00,0.00,0.00
2026-06-24,4207.63,6818.00,0.00,0.00,1208.73,0.00,0.00
2026-06-24,4207.63,6818.00,0.00,0.00,1208.73,0.00,0.00
2026-06-25,9058.94,13342.34,0.00,0.00,0.00,0.00,0.00
2026-06-25,9058.94,13342.34,0.00,0.00,0.00,0.00,0.00
2026-06-26,10655.08,17582.30,0.00,0.00,0.00,0.00,0.00
2026-06-26,10655.08,17582.30,0.00,0.00,0.00,0.00,0.00
2026-06-27,15925.61,23741.00,0.00,0.00,0.00,0.00,0.00
2026-06-27,15925.61,23741.00,0.00,0.00,0.00,0.00,0.00
2026-06-28,7958.98,12779.00,0.00,0.00,0.00,0.00,0.00
2026-06-28,7958.98,12779.00,0.00,0.00,0.00,0.00,0.00
2026-06-29,3044.76,4771.00,0.00,0.00,0.00,0.00,0.00
2026-06-29,3044.76,4771.00,0.00,0.00,0.00,0.00,0.00
2026-06-30,8085.68,11767.00,0.00,0.00,0.00,0.00,0.00
2026-06-30,8085.68,11767.00,0.00,0.00,0.00,0.00,0.00
2026-07-01,10663.47,15851.18,0.00,0.00,5007.19,0.00,0.00
2026-07-01,10663.47,15851.18,0.00,0.00,5007.19,0.00,0.00
2026-07-02,2712.82,4260.75,0.00,0.00,0.00,0.00,0.00
2026-07-02,2712.82,4260.75,0.00,0.00,0.00,0.00,0.00
2026-07-03,11460.44,16441.96,0.00,0.00,0.00,0.00,0.00
2026-07-03,11460.44,16441.96,0.00,0.00,0.00,0.00,0.00
2026-07-04,3214.94,5385.21,0.00,0.00,0.00,0.00,0.00
2026-07-04,3214.94,5385.21,0.00,0.00,0.00,0.00,0.00
2026-07-05,8648.38,11761.79,0.00,0.00,0.00,0.00,0.00
2026-07-05,8648.38,11761.79,0.00,0.00,0.00,0.00,0.00
2026-07-06,9539.10,13630.00,0.00,0.00,0.00,0.00,0.00
2026-07-06,9539.10,13630.00,0.00,0.00,0.00,0.00,0.00
2026-07-07,8007.09,11636.00,0.00,0.00,693.01,0.00,0.00
2026-07-07,8007.09,11636.00,0.00,0.00,693.01,0.00,0.00
2026-07-08,2956.77,4505.00,0.00,0.00,0.00,0.00,0.00
2026-07-08,2956.77,4505.00,0.00,0.00,0.00,0.00,0.00
2026-07-09,3905.63,6418.00,0.00,0.00,0.00,0.00,0.00
2026-07-09,3905.63,6418.00,0.00,0.00,0.00,0.00,0.00
2026-07-10,5987.28,9770.00,0.00,0.00,0.00,0.00,0.00
2026-07-10,5987.28,9770.00,0.00,0.00,0.00,0.00,0.00
2026-07-11,12687.50,19346.00,0.00,0.00,0.00,0.00,0.00
2026-07-11,12687.50,19346.00,0.00,0.00,0.00,0.00,0.00
2026-07-12,9681.05,14003.17,0.00,0.00,0.00,0.00,0.00
2026-07-12,9681.05,14003.17,0.00,0.00,0.00,0.00,0.00
2026-07-13,10568.56,15887.57,0.00,0.00,0.00,0.00,0.00
2026-07-13,10568.56,15887.57,0.00,0.00,0.00,0.00,0.00
2026-07-14,10249.52,14856.03,0.00,0.00,0.00,0.00,0.00
2026-07-14,10249.52,14856.03,0.00,0.00,0.00,0.00,0.00
2026-07-15,4139.38,6429.18,0.00,0.00,0.00,0.00,0.00
2026-07-15,4139.38,6429.18,0.00,0.00,0.00,0.00,0.00
2026-07-16,2181.09,3474.00,0.00,0.00,0.00,0.00,0.00
2026-07-16,2181.09,3474.00,0.00,0.00,0.00,0.00,0.00
2026-07-17,13476.67,20705.00,0.00,0.00,0.00,0.00,0.00
2026-07-17,13476.67,20705.00,0.00,0.00,0.00,0.00,0.00
2026-07-18,15663.67,22702.87,0.00,0.00,2411.58,0.00,0.00
2026-07-18,15663.67,22702.87,0.00,0.00,2411.58,0.00,0.00
2026-07-19,2867.81,4674.00,0.00,0.00,0.00,0.00,0.00
2026-07-19,2867.81,4674.00,0.00,0.00,0.00,0.00,0.00
2026-07-20,10698.83,15585.00,0.00,0.00,3013.40,0.00,0.00
2026-07-20,10698.83,15585.00,0.00,0.00,3013.40,0.00,0.00
2026-07-21,2609.86,4231.70,0.00,0.00,0.00,0.00,0.00
2026-07-21,2609.86,4231.70,0.00,0.00,0.00,0.00,0.00
2026-07-22,9862.32,13974.00,0.00,0.00,0.00,0.00,0.00
2026-07-22,9862.32,13974.00,0.00,0.00,0.00,0.00,0.00
2026-07-23,8990.05,12582.00,0.00,0.00,0.00,0.00,0.00
2026-07-23,8990.05,12582.00,0.00,0.00,0.00,0.00,0.00
2026-07-24,10800.66,16161.00,0.00,0.00,1238.67,0.00,0.00
2026-07-24,10800.66,16161.00,0.00,0.00,1238.67,0.00,0.00
2026-07-25,9537.82,14507.00,0.00,0.00,0.00,0.00,0.00
2026-07-25,9537.82,14507.00,0.00,0.00,0.00,0.00,0.00
2026-07-26,14718.03,22405.00,0.00,0.00,0.00,0.00,0.00
2026-07-26,14718.03,22405.00,0.00,0.00,0.00,0.00,0.00
2026-07-27,8379.09,13374.00,0.00,0.00,0.00,0.00,0.00
2026-07-27,8379.09,13374.00,0.00,0.00,0.00,0.00,0.00
2026-07-28,2866.23,4634.00,0.00,0.00,0.00,0.00,0.00
2026-07-28,2866.23,4634.00,0.00,0.00,0.00,0.00,0.00
2026-07-29,3506.74,5869.31,0.00,0.00,0.00,0.00,0.00
2026-07-29,3506.74,5869.31,0.00,0.00,0.00,0.00,0.00
2026-07-30,5263.91,8472.00,0.00,0.00,0.00,0.00,0.00
2026-07-30,5263.91,8472.00,0.00,0.00,0.00,0.00,0.00
2026-07-31,9545.42,13738.09,0.00,0.00,0.00,0.00,0.00
2026-07-31,9545.42,13738.09,0.00,0.00,0.00,0.00,0.00
2026-08-01,2020.89,3264.63,0.00,0.00,0.00,0.00,0.00
2026-08-01,2020.89,3264.63,0.00,0.00,0.00,0.00,0.00
2026-08-02,3257.60,5247.37,0.00,0.00,0.00,0.00,0.00
2026-08-02,3257.60,5247.37,0.00,0.00,0.00,0.00,0.00
2026-08-03,10023.20,14461.00,0.00,0.00,0.00,0.00,0.00
2026-08-03,10023.20,14461.00,0.00,0.00,0.00,0.00,0.00
2026-08-04,8685.32,12210.00,0.00,0.00,0.00,0.00,0.00
2026-08-04,8685.32,12210.00,0.00,0.00,0.00,0.00,0.00
2026-08-05,3786.38,6161.00,0.00,0.00,0.00,0.00,0.00
2026-08-05,3786.38,6161.00,0.00,0.00,0.00,0.00,0.00
2026-08-06,5844.53,8978.18,0.00,0.00,0.00,0.00,0.00
2026-08-06,5844.53,8978.18,0.00,0.00,0.00,0.00,0.00
2026-08-07,13378.70,18409.82,0.00,0.00,0.00,0.00,0.00
2026-08-07,13378.70,18409.82,0.00,0.00,0.00,0.00,0.00
2026-08-08,10121.30,14994.00,0.00,0.00,0.00,0.00,0.00
2026-08-08,10121.30,14994.00,0.00,0.00,0.00,0.00,0.00
